{
  "1": {
    "lif3": {
      "capacity": 0.19697644454079258,
      "radius": 3.545759106524051,
      "dimension": 5.058380232560474,
      "correlation": 0.48166186014811196
    }
  },
  "2": {
    "lif3": {
      "capacity": 0.1969252892198609,
      "radius": 6.644318433959052,
      "dimension": 5.592006034807111,
      "correlation": 0.5105959150526259
    }
  },
  "3": {
    "lif3": {
      "capacity": 0.22902676437877797,
      "radius": 1.637439505195482,
      "dimension": 5.526305108420221,
      "correlation": 0.4231204138861762
    }
  },
  "4": {
    "lif3": {
      "capacity": 0.21767457410789728,
      "radius": 4.7822411488127265,
      "dimension": 5.740714041195754,
      "correlation": 0.43576571146647136
    }
  },
  "5": {
    "lif3": {
      "capacity": 0.23013334813067501,
      "radius": 1.8613227043317724,
      "dimension": 5.372519756946177,
      "correlation": 0.43885646396213107
    }
  },
  "6": {
    "lif3": {
      "capacity": 0.22114175851876308,
      "radius": 5.3142525951113,
      "dimension": 5.6141620143605255,
      "correlation": 0.4411249796549479
    }
  },
  "7": {
    "lif3": {
      "capacity": 0.23017006648815105,
      "radius": 1.8339746439563385,
      "dimension": 5.270508642904123,
      "correlation": 0.43872477213541666
    }
  },
  "8": {
    "lif3": {
      "capacity": 0.2224288171354164,
      "radius": 5.019073495426548,
      "dimension": 5.588989054826387,
      "correlation": 0.43686091105143227
    }
  },
  "9": {
    "lif3": {
      "capacity": 0.22950678095321841,
      "radius": 1.7049230170472303,
      "dimension": 5.547317095814439,
      "correlation": 0.4355324215359158
    }
  },
  "10": {
    "lif3": {
      "capacity": 0.2229476018347091,
      "radius": 5.279933929831662,
      "dimension": 5.5740397797481185,
      "correlation": 0.4310069190131293
    }
  }
}