sample_idx,label,word,language,digit,speaker,trial,original_filename,speaker_gender,speaker_age,speaker_height
0,11,eins,german,1,2,0,lang-german_speaker-02_trial-0_digit-1.flac,female,23,158
1,13,drei,german,3,11,0,lang-german_speaker-11_trial-0_digit-3.flac,female,31,163
2,5,five,english,5,0,0,lang-english_speaker-00_trial-0_digit-5.flac,male,24,180
3,10,null,german,0,11,0,lang-german_speaker-11_trial-0_digit-0.flac,female,31,163
4,1,one,english,1,9,0,lang-english_speaker-09_trial-0_digit-1.flac,male,32,183
5,13,drei,german,3,3,0,lang-german_speaker-03_trial-0_digit-3.flac,female,23,174
6,4,four,english,4,8,0,lang-english_speaker-08_trial-0_digit-4.flac,male,21,182
7,14,vier,german,4,6,0,lang-german_speaker-06_trial-0_digit-4.flac,female,35,163
8,6,six,english,6,11,0,lang-english_speaker-11_trial-0_digit-6.flac,female,31,163
9,0,zero,english,0,3,0,lang-english_speaker-03_trial-0_digit-0.flac,female,23,174
10,11,eins,german,1,3,0,lang-german_speaker-03_trial-0_digit-1.flac,female,23,174
11,17,sieben,german,7,10,0,lang-german_speaker-10_trial-0_digit-7.flac,female,25,160
12,5,five,english,5,3,0,lang-english_speaker-03_trial-0_digit-5.flac,female,23,174
13,9,nine,english,9,9,0,lang-english_speaker-09_trial-0_digit-9.flac,male,32,183
14,12,zwei,german,2,10,0,lang-german_speaker-10_trial-0_digit-2.flac,female,25,160
15,12,zwei,german,2,11,0,lang-german_speaker-11_trial-0_digit-2.flac,female,31,163
16,5,five,english,5,3,0,lang-english_speaker-03_trial-0_digit-5.flac,female,23,174
17,0,zero,english,0,7,0,lang-english_speaker-07_trial-0_digit-0.flac,male,56,175
18,14,vier,german,4,3,0,lang-german_speaker-03_trial-0_digit-4.flac,female,23,174
19,5,five,english,5,2,0,lang-english_speaker-02_trial-0_digit-5.flac,female,23,158
20,9,nine,english,9,11,0,lang-english_speaker-11_trial-0_digit-9.flac,female,31,163
21,5,five,english,5,3,0,lang-english_speaker-03_trial-0_digit-5.flac,female,23,174
22,15,fuenf,german,5,3,0,lang-german_speaker-03_trial-0_digit-5.flac,female,23,174
23,15,fuenf,german,5,2,0,lang-german_speaker-02_trial-0_digit-5.flac,female,23,158
24,19,neun,german,9,2,0,lang-german_speaker-02_trial-0_digit-9.flac,female,23,158
25,12,zwei,german,2,9,0,lang-german_speaker-09_trial-0_digit-2.flac,male,32,183
26,0,zero,english,0,7,0,lang-english_speaker-07_trial-0_digit-0.flac,male,56,175
27,14,vier,german,4,3,0,lang-german_speaker-03_trial-0_digit-4.flac,female,23,174
28,19,neun,german,9,1,0,lang-german_speaker-01_trial-0_digit-9.flac,male,22,195
29,9,nine,english,9,8,0,lang-english_speaker-08_trial-0_digit-9.flac,male,21,182
30,1,one,english,1,11,1,lang-english_speaker-11_trial-1_digit-1.flac,female,31,163
31,11,eins,german,1,8,0,lang-german_speaker-08_trial-0_digit-1.flac,male,21,182
32,12,zwei,german,2,11,0,lang-german_speaker-11_trial-0_digit-2.flac,female,31,163
33,16,sechs,german,6,3,0,lang-german_speaker-03_trial-0_digit-6.flac,female,23,174
34,0,zero,english,0,6,0,lang-english_speaker-06_trial-0_digit-0.flac,female,35,163
35,16,sechs,german,6,7,0,lang-german_speaker-07_trial-0_digit-6.flac,male,56,175
36,11,eins,german,1,11,0,lang-german_speaker-11_trial-0_digit-1.flac,female,31,163
37,15,fuenf,german,5,10,0,lang-german_speaker-10_trial-0_digit-5.flac,female,25,160
38,13,drei,german,3,0,0,lang-german_speaker-00_trial-0_digit-3.flac,male,24,180
39,12,zwei,german,2,0,0,lang-german_speaker-00_trial-0_digit-2.flac,male,24,180
40,2,two,english,2,0,0,lang-english_speaker-00_trial-0_digit-2.flac,male,24,180
41,14,vier,german,4,11,0,lang-german_speaker-11_trial-0_digit-4.flac,female,31,163
42,6,six,english,6,0,0,lang-english_speaker-00_trial-0_digit-6.flac,male,24,180
43,17,sieben,german,7,0,0,lang-german_speaker-00_trial-0_digit-7.flac,male,24,180
44,9,nine,english,9,9,0,lang-english_speaker-09_trial-0_digit-9.flac,male,32,183
45,3,three,english,3,2,0,lang-english_speaker-02_trial-0_digit-3.flac,female,23,158
46,4,four,english,4,11,1,lang-english_speaker-11_trial-1_digit-4.flac,female,31,163
47,4,four,english,4,2,0,lang-english_speaker-02_trial-0_digit-4.flac,female,23,158
48,3,three,english,3,11,1,lang-english_speaker-11_trial-1_digit-3.flac,female,31,163
49,11,eins,german,1,1,1,lang-german_speaker-01_trial-1_digit-1.flac,male,22,195
50,15,fuenf,german,5,0,0,lang-german_speaker-00_trial-0_digit-5.flac,male,24,180
51,1,one,english,1,11,1,lang-english_speaker-11_trial-1_digit-1.flac,female,31,163
52,3,three,english,3,8,0,lang-english_speaker-08_trial-0_digit-3.flac,male,21,182
53,12,zwei,german,2,1,1,lang-german_speaker-01_trial-1_digit-2.flac,male,22,195
54,1,one,english,1,10,0,lang-english_speaker-10_trial-0_digit-1.flac,female,25,160
55,5,five,english,5,9,0,lang-english_speaker-09_trial-0_digit-5.flac,male,32,183
56,9,nine,english,9,10,0,lang-english_speaker-10_trial-0_digit-9.flac,female,25,160
57,1,one,english,1,7,0,lang-english_speaker-07_trial-0_digit-1.flac,male,56,175
58,6,six,english,6,8,0,lang-english_speaker-08_trial-0_digit-6.flac,male,21,182
59,11,eins,german,1,11,0,lang-german_speaker-11_trial-0_digit-1.flac,female,31,163
60,19,neun,german,9,9,0,lang-german_speaker-09_trial-0_digit-9.flac,male,32,183
61,1,one,english,1,10,1,lang-english_speaker-10_trial-1_digit-1.flac,female,25,160
62,7,seven,english,7,9,0,lang-english_speaker-09_trial-0_digit-7.flac,male,32,183
63,6,six,english,6,6,0,lang-english_speaker-06_trial-0_digit-6.flac,female,35,163
64,14,vier,german,4,8,0,lang-german_speaker-08_trial-0_digit-4.flac,male,21,182
65,1,one,english,1,7,0,lang-english_speaker-07_trial-0_digit-1.flac,male,56,175
66,0,zero,english,0,1,0,lang-english_speaker-01_trial-0_digit-0.flac,male,22,195
67,6,six,english,6,9,0,lang-english_speaker-09_trial-0_digit-6.flac,male,32,183
68,10,null,german,0,11,0,lang-german_speaker-11_trial-0_digit-0.flac,female,31,163
69,17,sieben,german,7,1,1,lang-german_speaker-01_trial-1_digit-7.flac,male,22,195
70,11,eins,german,1,3,0,lang-german_speaker-03_trial-0_digit-1.flac,female,23,174
71,1,one,english,1,10,1,lang-english_speaker-10_trial-1_digit-1.flac,female,25,160
72,13,drei,german,3,11,0,lang-german_speaker-11_trial-0_digit-3.flac,female,31,163
73,8,eight,english,8,11,1,lang-english_speaker-11_trial-1_digit-8.flac,female,31,163
74,13,drei,german,3,3,0,lang-german_speaker-03_trial-0_digit-3.flac,female,23,174
75,2,two,english,2,10,1,lang-english_speaker-10_trial-1_digit-2.flac,female,25,160
76,19,neun,german,9,0,0,lang-german_speaker-00_trial-0_digit-9.flac,male,24,180
77,6,six,english,6,10,1,lang-english_speaker-10_trial-1_digit-6.flac,female,25,160
78,19,neun,german,9,3,0,lang-german_speaker-03_trial-0_digit-9.flac,female,23,174
79,9,nine,english,9,0,0,lang-english_speaker-00_trial-0_digit-9.flac,male,24,180
80,8,eight,english,8,9,0,lang-english_speaker-09_trial-0_digit-8.flac,male,32,183
81,2,two,english,2,9,0,lang-english_speaker-09_trial-0_digit-2.flac,male,32,183
82,18,acht,german,8,9,0,lang-german_speaker-09_trial-0_digit-8.flac,male,32,183
83,7,seven,english,7,8,0,lang-english_speaker-08_trial-0_digit-7.flac,male,21,182
84,4,four,english,4,7,0,lang-english_speaker-07_trial-0_digit-4.flac,male,56,175
85,7,seven,english,7,0,0,lang-english_speaker-00_trial-0_digit-7.flac,male,24,180
86,2,two,english,2,7,0,lang-english_speaker-07_trial-0_digit-2.flac,male,56,175
87,3,three,english,3,7,0,lang-english_speaker-07_trial-0_digit-3.flac,male,56,175
88,13,drei,german,3,3,0,lang-german_speaker-03_trial-0_digit-3.flac,female,23,174
89,9,nine,english,9,8,0,lang-english_speaker-08_trial-0_digit-9.flac,male,21,182
90,14,vier,german,4,6,0,lang-german_speaker-06_trial-0_digit-4.flac,female,35,163
91,18,acht,german,8,11,0,lang-german_speaker-11_trial-0_digit-8.flac,female,31,163
92,2,two,english,2,0,0,lang-english_speaker-00_trial-0_digit-2.flac,male,24,180
93,1,one,english,1,10,1,lang-english_speaker-10_trial-1_digit-1.flac,female,25,160
94,14,vier,german,4,11,0,lang-german_speaker-11_trial-0_digit-4.flac,female,31,163
95,0,zero,english,0,9,1,lang-english_speaker-09_trial-1_digit-0.flac,male,32,183
96,19,neun,german,9,7,0,lang-german_speaker-07_trial-0_digit-9.flac,male,56,175
97,9,nine,english,9,10,1,lang-english_speaker-10_trial-1_digit-9.flac,female,25,160
98,15,fuenf,german,5,8,0,lang-german_speaker-08_trial-0_digit-5.flac,male,21,182
99,6,six,english,6,0,0,lang-english_speaker-00_trial-0_digit-6.flac,male,24,180
100,13,drei,german,3,8,0,lang-german_speaker-08_trial-0_digit-3.flac,male,21,182
101,19,neun,german,9,10,0,lang-german_speaker-10_trial-0_digit-9.flac,female,25,160
102,12,zwei,german,2,6,0,lang-german_speaker-06_trial-0_digit-2.flac,female,35,163
103,0,zero,english,0,6,0,lang-english_speaker-06_trial-0_digit-0.flac,female,35,163
104,19,neun,german,9,9,0,lang-german_speaker-09_trial-0_digit-9.flac,male,32,183
105,5,five,english,5,6,0,lang-english_speaker-06_trial-0_digit-5.flac,female,35,163
106,11,eins,german,1,11,0,lang-german_speaker-11_trial-0_digit-1.flac,female,31,163
107,14,vier,german,4,3,0,lang-german_speaker-03_trial-0_digit-4.flac,female,23,174
108,3,three,english,3,2,0,lang-english_speaker-02_trial-0_digit-3.flac,female,23,158
109,16,sechs,german,6,6,0,lang-german_speaker-06_trial-0_digit-6.flac,female,35,163
110,18,acht,german,8,11,0,lang-german_speaker-11_trial-0_digit-8.flac,female,31,163
111,17,sieben,german,7,0,0,lang-german_speaker-00_trial-0_digit-7.flac,male,24,180
112,14,vier,german,4,11,0,lang-german_speaker-11_trial-0_digit-4.flac,female,31,163
113,14,vier,german,4,2,0,lang-german_speaker-02_trial-0_digit-4.flac,female,23,158
114,19,neun,german,9,11,0,lang-german_speaker-11_trial-0_digit-9.flac,female,31,163
115,3,three,english,3,11,1,lang-english_speaker-11_trial-1_digit-3.flac,female,31,163
116,11,eins,german,1,1,1,lang-german_speaker-01_trial-1_digit-1.flac,male,22,195
117,9,nine,english,9,10,1,lang-english_speaker-10_trial-1_digit-9.flac,female,25,160
118,17,sieben,german,7,2,0,lang-german_speaker-02_trial-0_digit-7.flac,female,23,158
119,0,zero,english,0,10,2,lang-english_speaker-10_trial-2_digit-0.flac,female,25,160
120,1,one,english,1,11,1,lang-english_speaker-11_trial-1_digit-1.flac,female,31,163
121,8,eight,english,8,10,2,lang-english_speaker-10_trial-2_digit-8.flac,female,25,160
122,0,zero,english,0,3,0,lang-english_speaker-03_trial-0_digit-0.flac,female,23,174
123,7,seven,english,7,0,0,lang-english_speaker-00_trial-0_digit-7.flac,male,24,180
124,10,null,german,0,9,1,lang-german_speaker-09_trial-1_digit-0.flac,male,32,183
125,2,two,english,2,8,0,lang-english_speaker-08_trial-0_digit-2.flac,male,21,182
126,7,seven,english,7,7,0,lang-english_speaker-07_trial-0_digit-7.flac,male,56,175
127,13,drei,german,3,1,1,lang-german_speaker-01_trial-1_digit-3.flac,male,22,195
128,0,zero,english,0,8,1,lang-english_speaker-08_trial-1_digit-0.flac,male,21,182
129,14,vier,german,4,2,0,lang-german_speaker-02_trial-0_digit-4.flac,female,23,158
130,17,sieben,german,7,10,0,lang-german_speaker-10_trial-0_digit-7.flac,female,25,160
131,19,neun,german,9,11,0,lang-german_speaker-11_trial-0_digit-9.flac,female,31,163
132,11,eins,german,1,11,1,lang-german_speaker-11_trial-1_digit-1.flac,female,31,163
133,1,one,english,1,9,1,lang-english_speaker-09_trial-1_digit-1.flac,male,32,183
134,17,sieben,german,7,7,0,lang-german_speaker-07_trial-0_digit-7.flac,male,56,175
135,12,zwei,german,2,8,0,lang-german_speaker-08_trial-0_digit-2.flac,male,21,182
136,16,sechs,german,6,3,0,lang-german_speaker-03_trial-0_digit-6.flac,female,23,174
137,2,two,english,2,10,2,lang-english_speaker-10_trial-2_digit-2.flac,female,25,160
138,0,zero,english,0,0,1,lang-english_speaker-00_trial-1_digit-0.flac,male,24,180
139,11,eins,german,1,7,1,lang-german_speaker-07_trial-1_digit-1.flac,male,56,175
140,18,acht,german,8,2,0,lang-german_speaker-02_trial-0_digit-8.flac,female,23,158
141,9,nine,english,9,8,1,lang-english_speaker-08_trial-1_digit-9.flac,male,21,182
142,14,vier,german,4,11,1,lang-german_speaker-11_trial-1_digit-4.flac,female,31,163
143,14,vier,german,4,1,1,lang-german_speaker-01_trial-1_digit-4.flac,male,22,195
144,19,neun,german,9,11,1,lang-german_speaker-11_trial-1_digit-9.flac,female,31,163
145,10,null,german,0,1,2,lang-german_speaker-01_trial-2_digit-0.flac,male,22,195
146,15,fuenf,german,5,1,2,lang-german_speaker-01_trial-2_digit-5.flac,male,22,195
147,16,sechs,german,6,6,0,lang-german_speaker-06_trial-0_digit-6.flac,female,35,163
148,15,fuenf,german,5,11,1,lang-german_speaker-11_trial-1_digit-5.flac,female,31,163
149,5,five,english,5,3,0,lang-english_speaker-03_trial-0_digit-5.flac,female,23,174
150,12,zwei,german,2,10,0,lang-german_speaker-10_trial-0_digit-2.flac,female,25,160
151,7,seven,english,7,11,1,lang-english_speaker-11_trial-1_digit-7.flac,female,31,163
152,10,null,german,0,2,1,lang-german_speaker-02_trial-1_digit-0.flac,female,23,158
153,5,five,english,5,7,0,lang-english_speaker-07_trial-0_digit-5.flac,male,56,175
154,4,four,english,4,3,0,lang-english_speaker-03_trial-0_digit-4.flac,female,23,174
155,15,fuenf,german,5,10,0,lang-german_speaker-10_trial-0_digit-5.flac,female,25,160
156,0,zero,english,0,8,2,lang-english_speaker-08_trial-2_digit-0.flac,male,21,182
157,16,sechs,german,6,1,2,lang-german_speaker-01_trial-2_digit-6.flac,male,22,195
158,17,sieben,german,7,11,1,lang-german_speaker-11_trial-1_digit-7.flac,female,31,163
159,0,zero,english,0,9,1,lang-english_speaker-09_trial-1_digit-0.flac,male,32,183
160,2,two,english,2,1,0,lang-english_speaker-01_trial-0_digit-2.flac,male,22,195
161,4,four,english,4,7,0,lang-english_speaker-07_trial-0_digit-4.flac,male,56,175
162,15,fuenf,german,5,8,0,lang-german_speaker-08_trial-0_digit-5.flac,male,21,182
163,9,nine,english,9,11,1,lang-english_speaker-11_trial-1_digit-9.flac,female,31,163
164,2,two,english,2,9,1,lang-english_speaker-09_trial-1_digit-2.flac,male,32,183
165,4,four,english,4,3,0,lang-english_speaker-03_trial-0_digit-4.flac,female,23,174
166,10,null,german,0,8,0,lang-german_speaker-08_trial-0_digit-0.flac,male,21,182
167,14,vier,german,4,11,1,lang-german_speaker-11_trial-1_digit-4.flac,female,31,163
168,3,three,english,3,2,0,lang-english_speaker-02_trial-0_digit-3.flac,female,23,158
169,18,acht,german,8,11,1,lang-german_speaker-11_trial-1_digit-8.flac,female,31,163
170,11,eins,german,1,11,2,lang-german_speaker-11_trial-2_digit-1.flac,female,31,163
171,10,null,german,0,11,2,lang-german_speaker-11_trial-2_digit-0.flac,female,31,163
172,13,drei,german,3,0,0,lang-german_speaker-00_trial-0_digit-3.flac,male,24,180
173,3,three,english,3,8,2,lang-english_speaker-08_trial-2_digit-3.flac,male,21,182
174,5,five,english,5,11,1,lang-english_speaker-11_trial-1_digit-5.flac,female,31,163
175,9,nine,english,9,1,0,lang-english_speaker-01_trial-0_digit-9.flac,male,22,195
176,7,seven,english,7,6,0,lang-english_speaker-06_trial-0_digit-7.flac,female,35,163
177,18,acht,german,8,10,0,lang-german_speaker-10_trial-0_digit-8.flac,female,25,160
178,6,six,english,6,0,1,lang-english_speaker-00_trial-1_digit-6.flac,male,24,180
179,11,eins,german,1,11,2,lang-german_speaker-11_trial-2_digit-1.flac,female,31,163
180,11,eins,german,1,3,1,lang-german_speaker-03_trial-1_digit-1.flac,female,23,174
181,4,four,english,4,7,0,lang-english_speaker-07_trial-0_digit-4.flac,male,56,175
182,1,one,english,1,0,1,lang-english_speaker-00_trial-1_digit-1.flac,male,24,180
183,7,seven,english,7,6,0,lang-english_speaker-06_trial-0_digit-7.flac,female,35,163
184,10,null,german,0,1,2,lang-german_speaker-01_trial-2_digit-0.flac,male,22,195
185,7,seven,english,7,9,1,lang-english_speaker-09_trial-1_digit-7.flac,male,32,183
186,2,two,english,2,9,1,lang-english_speaker-09_trial-1_digit-2.flac,male,32,183
187,17,sieben,german,7,7,1,lang-german_speaker-07_trial-1_digit-7.flac,male,56,175
188,10,null,german,0,7,2,lang-german_speaker-07_trial-2_digit-0.flac,male,56,175
189,17,sieben,german,7,6,0,lang-german_speaker-06_trial-0_digit-7.flac,female,35,163
190,17,sieben,german,7,9,1,lang-german_speaker-09_trial-1_digit-7.flac,male,32,183
191,4,four,english,4,1,0,lang-english_speaker-01_trial-0_digit-4.flac,male,22,195
192,13,drei,german,3,2,1,lang-german_speaker-02_trial-1_digit-3.flac,female,23,158
193,19,neun,german,9,2,1,lang-german_speaker-02_trial-1_digit-9.flac,female,23,158
194,12,zwei,german,2,10,0,lang-german_speaker-10_trial-0_digit-2.flac,female,25,160
195,4,four,english,4,7,0,lang-english_speaker-07_trial-0_digit-4.flac,male,56,175
196,6,six,english,6,0,1,lang-english_speaker-00_trial-1_digit-6.flac,male,24,180
197,4,four,english,4,6,0,lang-english_speaker-06_trial-0_digit-4.flac,female,35,163
198,6,six,english,6,10,2,lang-english_speaker-10_trial-2_digit-6.flac,female,25,160
199,13,drei,german,3,11,2,lang-german_speaker-11_trial-2_digit-3.flac,female,31,163
200,0,zero,english,0,11,2,lang-english_speaker-11_trial-2_digit-0.flac,female,31,163
201,7,seven,english,7,1,0,lang-english_speaker-01_trial-0_digit-7.flac,male,22,195
202,1,one,english,1,7,0,lang-english_speaker-07_trial-0_digit-1.flac,male,56,175
203,15,fuenf,german,5,10,0,lang-german_speaker-10_trial-0_digit-5.flac,female,25,160
204,2,two,english,2,9,1,lang-english_speaker-09_trial-1_digit-2.flac,male,32,183
205,1,one,english,1,0,1,lang-english_speaker-00_trial-1_digit-1.flac,male,24,180
206,9,nine,english,9,2,0,lang-english_speaker-02_trial-0_digit-9.flac,female,23,158
207,15,fuenf,german,5,10,0,lang-german_speaker-10_trial-0_digit-5.flac,female,25,160
208,8,eight,english,8,10,2,lang-english_speaker-10_trial-2_digit-8.flac,female,25,160
209,4,four,english,4,0,1,lang-english_speaker-00_trial-1_digit-4.flac,male,24,180
210,14,vier,german,4,11,2,lang-german_speaker-11_trial-2_digit-4.flac,female,31,163
211,5,five,english,5,3,0,lang-english_speaker-03_trial-0_digit-5.flac,female,23,174
212,15,fuenf,german,5,2,1,lang-german_speaker-02_trial-1_digit-5.flac,female,23,158
213,15,fuenf,german,5,0,0,lang-german_speaker-00_trial-0_digit-5.flac,male,24,180
214,1,one,english,1,8,2,lang-english_speaker-08_trial-2_digit-1.flac,male,21,182
215,18,acht,german,8,3,1,lang-german_speaker-03_trial-1_digit-8.flac,female,23,174
216,10,null,german,0,10,1,lang-german_speaker-10_trial-1_digit-0.flac,female,25,160
217,14,vier,german,4,8,0,lang-german_speaker-08_trial-0_digit-4.flac,male,21,182
218,4,four,english,4,2,0,lang-english_speaker-02_trial-0_digit-4.flac,female,23,158
219,14,vier,german,4,9,1,lang-german_speaker-09_trial-1_digit-4.flac,male,32,183
220,1,one,english,1,8,2,lang-english_speaker-08_trial-2_digit-1.flac,male,21,182
221,4,four,english,4,0,1,lang-english_speaker-00_trial-1_digit-4.flac,male,24,180
222,4,four,english,4,11,2,lang-english_speaker-11_trial-2_digit-4.flac,female,31,163
223,16,sechs,german,6,10,1,lang-german_speaker-10_trial-1_digit-6.flac,female,25,160
224,17,sieben,german,7,11,2,lang-german_speaker-11_trial-2_digit-7.flac,female,31,163
225,13,drei,german,3,0,0,lang-german_speaker-00_trial-0_digit-3.flac,male,24,180
226,7,seven,english,7,3,0,lang-english_speaker-03_trial-0_digit-7.flac,female,23,174
227,8,eight,english,8,8,2,lang-english_speaker-08_trial-2_digit-8.flac,male,21,182
228,6,six,english,6,2,0,lang-english_speaker-02_trial-0_digit-6.flac,female,23,158
229,17,sieben,german,7,10,1,lang-german_speaker-10_trial-1_digit-7.flac,female,25,160
230,17,sieben,german,7,0,0,lang-german_speaker-00_trial-0_digit-7.flac,male,24,180
231,15,fuenf,german,5,10,1,lang-german_speaker-10_trial-1_digit-5.flac,female,25,160
232,12,zwei,german,2,1,2,lang-german_speaker-01_trial-2_digit-2.flac,male,22,195
233,1,one,english,1,10,2,lang-english_speaker-10_trial-2_digit-1.flac,female,25,160
234,5,five,english,5,8,2,lang-english_speaker-08_trial-2_digit-5.flac,male,21,182
235,18,acht,german,8,9,1,lang-german_speaker-09_trial-1_digit-8.flac,male,32,183
236,10,null,german,0,6,1,lang-german_speaker-06_trial-1_digit-0.flac,female,35,163
237,14,vier,german,4,3,1,lang-german_speaker-03_trial-1_digit-4.flac,female,23,174
238,15,fuenf,german,5,6,1,lang-german_speaker-06_trial-1_digit-5.flac,female,35,163
239,14,vier,german,4,9,1,lang-german_speaker-09_trial-1_digit-4.flac,male,32,183
240,5,five,english,5,7,0,lang-english_speaker-07_trial-0_digit-5.flac,male,56,175
241,1,one,english,1,2,1,lang-english_speaker-02_trial-1_digit-1.flac,female,23,158
242,4,four,english,4,7,0,lang-english_speaker-07_trial-0_digit-4.flac,male,56,175
243,10,null,german,0,9,2,lang-german_speaker-09_trial-2_digit-0.flac,male,32,183
244,7,seven,english,7,11,2,lang-english_speaker-11_trial-2_digit-7.flac,female,31,163
245,15,fuenf,german,5,11,2,lang-german_speaker-11_trial-2_digit-5.flac,female,31,163
246,16,sechs,german,6,3,1,lang-german_speaker-03_trial-1_digit-6.flac,female,23,174
247,13,drei,german,3,2,1,lang-german_speaker-02_trial-1_digit-3.flac,female,23,158
248,15,fuenf,german,5,9,2,lang-german_speaker-09_trial-2_digit-5.flac,male,32,183
249,4,four,english,4,1,0,lang-english_speaker-01_trial-0_digit-4.flac,male,22,195
250,6,six,english,6,10,2,lang-english_speaker-10_trial-2_digit-6.flac,female,25,160
251,2,two,english,2,2,1,lang-english_speaker-02_trial-1_digit-2.flac,female,23,158
252,6,six,english,6,9,1,lang-english_speaker-09_trial-1_digit-6.flac,male,32,183
253,8,eight,english,8,9,1,lang-english_speaker-09_trial-1_digit-8.flac,male,32,183
254,8,eight,english,8,7,0,lang-english_speaker-07_trial-0_digit-8.flac,male,56,175
255,8,eight,english,8,8,2,lang-english_speaker-08_trial-2_digit-8.flac,male,21,182
256,3,three,english,3,11,2,lang-english_speaker-11_trial-2_digit-3.flac,female,31,163
257,15,fuenf,german,5,11,2,lang-german_speaker-11_trial-2_digit-5.flac,female,31,163
258,9,nine,english,9,10,2,lang-english_speaker-10_trial-2_digit-9.flac,female,25,160
259,19,neun,german,9,8,0,lang-german_speaker-08_trial-0_digit-9.flac,male,21,182
260,3,three,english,3,1,0,lang-english_speaker-01_trial-0_digit-3.flac,male,22,195
261,13,drei,german,3,3,1,lang-german_speaker-03_trial-1_digit-3.flac,female,23,174
262,16,sechs,german,6,2,1,lang-german_speaker-02_trial-1_digit-6.flac,female,23,158
263,16,sechs,german,6,9,2,lang-german_speaker-09_trial-2_digit-6.flac,male,32,183
264,4,four,english,4,10,2,lang-english_speaker-10_trial-2_digit-4.flac,female,25,160
265,17,sieben,german,7,9,2,lang-german_speaker-09_trial-2_digit-7.flac,male,32,183
266,8,eight,english,8,0,1,lang-english_speaker-00_trial-1_digit-8.flac,male,24,180
267,6,six,english,6,2,1,lang-english_speaker-02_trial-1_digit-6.flac,female,23,158
268,17,sieben,german,7,1,2,lang-german_speaker-01_trial-2_digit-7.flac,male,22,195
269,15,fuenf,german,5,7,2,lang-german_speaker-07_trial-2_digit-5.flac,male,56,175
270,0,zero,english,0,2,1,lang-english_speaker-02_trial-1_digit-0.flac,female,23,158
271,2,two,english,2,10,2,lang-english_speaker-10_trial-2_digit-2.flac,female,25,160
272,8,eight,english,8,1,0,lang-english_speaker-01_trial-0_digit-8.flac,male,22,195
273,13,drei,german,3,0,0,lang-german_speaker-00_trial-0_digit-3.flac,male,24,180
274,18,acht,german,8,10,1,lang-german_speaker-10_trial-1_digit-8.flac,female,25,160
275,17,sieben,german,7,3,1,lang-german_speaker-03_trial-1_digit-7.flac,female,23,174
276,0,zero,english,0,9,2,lang-english_speaker-09_trial-2_digit-0.flac,male,32,183
277,0,zero,english,0,9,2,lang-english_speaker-09_trial-2_digit-0.flac,male,32,183
278,19,neun,german,9,8,0,lang-german_speaker-08_trial-0_digit-9.flac,male,21,182
279,12,zwei,german,2,11,2,lang-german_speaker-11_trial-2_digit-2.flac,female,31,163
280,19,neun,german,9,7,2,lang-german_speaker-07_trial-2_digit-9.flac,male,56,175
281,1,one,english,1,2,1,lang-english_speaker-02_trial-1_digit-1.flac,female,23,158
282,14,vier,german,4,11,2,lang-german_speaker-11_trial-2_digit-4.flac,female,31,163
283,2,two,english,2,6,0,lang-english_speaker-06_trial-0_digit-2.flac,female,35,163
284,5,five,english,5,10,2,lang-english_speaker-10_trial-2_digit-5.flac,female,25,160
285,6,six,english,6,0,1,lang-english_speaker-00_trial-1_digit-6.flac,male,24,180
286,19,neun,german,9,11,2,lang-german_speaker-11_trial-2_digit-9.flac,female,31,163
287,1,one,english,1,11,2,lang-english_speaker-11_trial-2_digit-1.flac,female,31,163
288,8,eight,english,8,2,1,lang-english_speaker-02_trial-1_digit-8.flac,female,23,158
289,12,zwei,german,2,3,1,lang-german_speaker-03_trial-1_digit-2.flac,female,23,174
290,14,vier,german,4,9,2,lang-german_speaker-09_trial-2_digit-4.flac,male,32,183
291,1,one,english,1,11,2,lang-english_speaker-11_trial-2_digit-1.flac,female,31,163
292,16,sechs,german,6,9,2,lang-german_speaker-09_trial-2_digit-6.flac,male,32,183
293,11,eins,german,1,1,2,lang-german_speaker-01_trial-2_digit-1.flac,male,22,195
294,1,one,english,1,7,0,lang-english_speaker-07_trial-0_digit-1.flac,male,56,175
295,18,acht,german,8,8,0,lang-german_speaker-08_trial-0_digit-8.flac,male,21,182
296,13,drei,german,3,11,2,lang-german_speaker-11_trial-2_digit-3.flac,female,31,163
297,12,zwei,german,2,0,0,lang-german_speaker-00_trial-0_digit-2.flac,male,24,180
298,16,sechs,german,6,1,2,lang-german_speaker-01_trial-2_digit-6.flac,male,22,195
299,6,six,english,6,8,2,lang-english_speaker-08_trial-2_digit-6.flac,male,21,182
300,7,seven,english,7,2,1,lang-english_speaker-02_trial-1_digit-7.flac,female,23,158
301,1,one,english,1,11,2,lang-english_speaker-11_trial-2_digit-1.flac,female,31,163
302,2,two,english,2,2,1,lang-english_speaker-02_trial-1_digit-2.flac,female,23,158
303,9,nine,english,9,6,0,lang-english_speaker-06_trial-0_digit-9.flac,female,35,163
304,12,zwei,german,2,8,0,lang-german_speaker-08_trial-0_digit-2.flac,male,21,182
305,18,acht,german,8,11,2,lang-german_speaker-11_trial-2_digit-8.flac,female,31,163
306,11,eins,german,1,11,3,lang-german_speaker-11_trial-3_digit-1.flac,female,31,163
307,19,neun,german,9,11,3,lang-german_speaker-11_trial-3_digit-9.flac,female,31,163
308,4,four,english,4,9,2,lang-english_speaker-09_trial-2_digit-4.flac,male,32,183
309,15,fuenf,german,5,8,0,lang-german_speaker-08_trial-0_digit-5.flac,male,21,182
310,4,four,english,4,2,1,lang-english_speaker-02_trial-1_digit-4.flac,female,23,158
311,19,neun,german,9,1,2,lang-german_speaker-01_trial-2_digit-9.flac,male,22,195
312,4,four,english,4,8,2,lang-english_speaker-08_trial-2_digit-4.flac,male,21,182
313,0,zero,english,0,9,2,lang-english_speaker-09_trial-2_digit-0.flac,male,32,183
314,2,two,english,2,11,2,lang-english_speaker-11_trial-2_digit-2.flac,female,31,163
315,19,neun,german,9,1,2,lang-german_speaker-01_trial-2_digit-9.flac,male,22,195
316,18,acht,german,8,0,0,lang-german_speaker-00_trial-0_digit-8.flac,male,24,180
317,16,sechs,german,6,3,1,lang-german_speaker-03_trial-1_digit-6.flac,female,23,174
318,14,vier,german,4,1,2,lang-german_speaker-01_trial-2_digit-4.flac,male,22,195
319,4,four,english,4,3,0,lang-english_speaker-03_trial-0_digit-4.flac,female,23,174
320,18,acht,german,8,0,0,lang-german_speaker-00_trial-0_digit-8.flac,male,24,180
321,5,five,english,5,1,0,lang-english_speaker-01_trial-0_digit-5.flac,male,22,195
322,16,sechs,german,6,11,3,lang-german_speaker-11_trial-3_digit-6.flac,female,31,163
323,16,sechs,german,6,11,3,lang-german_speaker-11_trial-3_digit-6.flac,female,31,163
324,12,zwei,german,2,9,2,lang-german_speaker-09_trial-2_digit-2.flac,male,32,183
325,8,eight,english,8,9,2,lang-english_speaker-09_trial-2_digit-8.flac,male,32,183
326,4,four,english,4,0,1,lang-english_speaker-00_trial-1_digit-4.flac,male,24,180
327,18,acht,german,8,6,1,lang-german_speaker-06_trial-1_digit-8.flac,female,35,163
328,12,zwei,german,2,2,1,lang-german_speaker-02_trial-1_digit-2.flac,female,23,158
329,7,seven,english,7,11,2,lang-english_speaker-11_trial-2_digit-7.flac,female,31,163
330,15,fuenf,german,5,10,1,lang-german_speaker-10_trial-1_digit-5.flac,female,25,160
331,11,eins,german,1,2,2,lang-german_speaker-02_trial-2_digit-1.flac,female,23,158
332,8,eight,english,8,1,0,lang-english_speaker-01_trial-0_digit-8.flac,male,22,195
333,7,seven,english,7,8,2,lang-english_speaker-08_trial-2_digit-7.flac,male,21,182
334,3,three,english,3,1,0,lang-english_speaker-01_trial-0_digit-3.flac,male,22,195
335,7,seven,english,7,0,1,lang-english_speaker-00_trial-1_digit-7.flac,male,24,180
336,14,vier,german,4,7,2,lang-german_speaker-07_trial-2_digit-4.flac,male,56,175
337,6,six,english,6,3,0,lang-english_speaker-03_trial-0_digit-6.flac,female,23,174
338,10,null,german,0,1,3,lang-german_speaker-01_trial-3_digit-0.flac,male,22,195
339,6,six,english,6,8,2,lang-english_speaker-08_trial-2_digit-6.flac,male,21,182
340,7,seven,english,7,2,1,lang-english_speaker-02_trial-1_digit-7.flac,female,23,158
341,13,drei,german,3,1,3,lang-german_speaker-01_trial-3_digit-3.flac,male,22,195
342,12,zwei,german,2,3,1,lang-german_speaker-03_trial-1_digit-2.flac,female,23,174
343,19,neun,german,9,11,3,lang-german_speaker-11_trial-3_digit-9.flac,female,31,163
344,16,sechs,german,6,2,2,lang-german_speaker-02_trial-2_digit-6.flac,female,23,158
345,4,four,english,4,9,2,lang-english_speaker-09_trial-2_digit-4.flac,male,32,183
346,1,one,english,1,1,1,lang-english_speaker-01_trial-1_digit-1.flac,male,22,195
347,5,five,english,5,8,2,lang-english_speaker-08_trial-2_digit-5.flac,male,21,182
348,9,nine,english,9,2,1,lang-english_speaker-02_trial-1_digit-9.flac,female,23,158
349,16,sechs,german,6,9,2,lang-german_speaker-09_trial-2_digit-6.flac,male,32,183
350,14,vier,german,4,11,3,lang-german_speaker-11_trial-3_digit-4.flac,female,31,163
351,18,acht,german,8,8,0,lang-german_speaker-08_trial-0_digit-8.flac,male,21,182
352,3,three,english,3,7,0,lang-english_speaker-07_trial-0_digit-3.flac,male,56,175
353,12,zwei,german,2,10,1,lang-german_speaker-10_trial-1_digit-2.flac,female,25,160
354,11,eins,german,1,3,1,lang-german_speaker-03_trial-1_digit-1.flac,female,23,174
355,17,sieben,german,7,7,2,lang-german_speaker-07_trial-2_digit-7.flac,male,56,175
356,4,four,english,4,8,2,lang-english_speaker-08_trial-2_digit-4.flac,male,21,182
357,0,zero,english,0,7,1,lang-english_speaker-07_trial-1_digit-0.flac,male,56,175
358,17,sieben,german,7,10,1,lang-german_speaker-10_trial-1_digit-7.flac,female,25,160
359,15,fuenf,german,5,0,0,lang-german_speaker-00_trial-0_digit-5.flac,male,24,180
360,19,neun,german,9,6,1,lang-german_speaker-06_trial-1_digit-9.flac,female,35,163
361,2,two,english,2,10,2,lang-english_speaker-10_trial-2_digit-2.flac,female,25,160
362,9,nine,english,9,0,1,lang-english_speaker-00_trial-1_digit-9.flac,male,24,180
363,3,three,english,3,9,2,lang-english_speaker-09_trial-2_digit-3.flac,male,32,183
364,7,seven,english,7,1,1,lang-english_speaker-01_trial-1_digit-7.flac,male,22,195
365,9,nine,english,9,6,0,lang-english_speaker-06_trial-0_digit-9.flac,female,35,163
366,19,neun,german,9,2,2,lang-german_speaker-02_trial-2_digit-9.flac,female,23,158
367,15,fuenf,german,5,1,3,lang-german_speaker-01_trial-3_digit-5.flac,male,22,195
368,14,vier,german,4,7,2,lang-german_speaker-07_trial-2_digit-4.flac,male,56,175
369,18,acht,german,8,11,3,lang-german_speaker-11_trial-3_digit-8.flac,female,31,163
370,13,drei,german,3,1,3,lang-german_speaker-01_trial-3_digit-3.flac,male,22,195
371,4,four,english,4,1,1,lang-english_speaker-01_trial-1_digit-4.flac,male,22,195
372,4,four,english,4,10,2,lang-english_speaker-10_trial-2_digit-4.flac,female,25,160
373,1,one,english,1,1,1,lang-english_speaker-01_trial-1_digit-1.flac,male,22,195
374,11,eins,german,1,10,1,lang-german_speaker-10_trial-1_digit-1.flac,female,25,160
375,1,one,english,1,7,1,lang-english_speaker-07_trial-1_digit-1.flac,male,56,175
376,18,acht,german,8,9,2,lang-german_speaker-09_trial-2_digit-8.flac,male,32,183
377,14,vier,german,4,10,1,lang-german_speaker-10_trial-1_digit-4.flac,female,25,160
378,8,eight,english,8,10,2,lang-english_speaker-10_trial-2_digit-8.flac,female,25,160
379,6,six,english,6,3,0,lang-english_speaker-03_trial-0_digit-6.flac,female,23,174
380,10,null,german,0,11,4,lang-german_speaker-11_trial-4_digit-0.flac,female,31,163
381,19,neun,german,9,3,1,lang-german_speaker-03_trial-1_digit-9.flac,female,23,174
382,17,sieben,german,7,3,1,lang-german_speaker-03_trial-1_digit-7.flac,female,23,174
383,11,eins,german,1,1,3,lang-german_speaker-01_trial-3_digit-1.flac,male,22,195
384,5,five,english,5,2,1,lang-english_speaker-02_trial-1_digit-5.flac,female,23,158
385,5,five,english,5,8,2,lang-english_speaker-08_trial-2_digit-5.flac,male,21,182
386,16,sechs,german,6,10,1,lang-german_speaker-10_trial-1_digit-6.flac,female,25,160
387,15,fuenf,german,5,11,4,lang-german_speaker-11_trial-4_digit-5.flac,female,31,163
388,14,vier,german,4,1,3,lang-german_speaker-01_trial-3_digit-4.flac,male,22,195
389,2,two,english,2,6,0,lang-english_speaker-06_trial-0_digit-2.flac,female,35,163
390,2,two,english,2,8,2,lang-english_speaker-08_trial-2_digit-2.flac,male,21,182
391,19,neun,german,9,6,1,lang-german_speaker-06_trial-1_digit-9.flac,female,35,163
392,3,three,english,3,7,1,lang-english_speaker-07_trial-1_digit-3.flac,male,56,175
393,17,sieben,german,7,6,1,lang-german_speaker-06_trial-1_digit-7.flac,female,35,163
394,5,five,english,5,1,1,lang-english_speaker-01_trial-1_digit-5.flac,male,22,195
395,1,one,english,1,7,1,lang-english_speaker-07_trial-1_digit-1.flac,male,56,175
396,17,sieben,german,7,7,2,lang-german_speaker-07_trial-2_digit-7.flac,male,56,175
397,6,six,english,6,3,0,lang-english_speaker-03_trial-0_digit-6.flac,female,23,174
398,16,sechs,german,6,10,1,lang-german_speaker-10_trial-1_digit-6.flac,female,25,160
399,10,null,german,0,2,3,lang-german_speaker-02_trial-3_digit-0.flac,female,23,158
400,4,four,english,4,1,1,lang-english_speaker-01_trial-1_digit-4.flac,male,22,195
401,0,zero,english,0,0,2,lang-english_speaker-00_trial-2_digit-0.flac,male,24,180
402,14,vier,german,4,10,1,lang-german_speaker-10_trial-1_digit-4.flac,female,25,160
403,1,one,english,1,0,2,lang-english_speaker-00_trial-2_digit-1.flac,male,24,180
404,0,zero,english,0,9,3,lang-english_speaker-09_trial-3_digit-0.flac,male,32,183
405,2,two,english,2,9,3,lang-english_speaker-09_trial-3_digit-2.flac,male,32,183
406,2,two,english,2,2,1,lang-english_speaker-02_trial-1_digit-2.flac,female,23,158
407,17,sieben,german,7,10,1,lang-german_speaker-10_trial-1_digit-7.flac,female,25,160
408,19,neun,german,9,9,2,lang-german_speaker-09_trial-2_digit-9.flac,male,32,183
409,7,seven,english,7,11,2,lang-english_speaker-11_trial-2_digit-7.flac,female,31,163
410,15,fuenf,german,5,7,2,lang-german_speaker-07_trial-2_digit-5.flac,male,56,175
411,7,seven,english,7,9,3,lang-english_speaker-09_trial-3_digit-7.flac,male,32,183
412,12,zwei,german,2,0,0,lang-german_speaker-00_trial-0_digit-2.flac,male,24,180
413,1,one,english,1,2,2,lang-english_speaker-02_trial-2_digit-1.flac,female,23,158
414,5,five,english,5,9,3,lang-english_speaker-09_trial-3_digit-5.flac,male,32,183
415,14,vier,german,4,11,4,lang-german_speaker-11_trial-4_digit-4.flac,female,31,163
416,15,fuenf,german,5,3,1,lang-german_speaker-03_trial-1_digit-5.flac,female,23,174
417,4,four,english,4,0,2,lang-english_speaker-00_trial-2_digit-4.flac,male,24,180
418,6,six,english,6,1,1,lang-english_speaker-01_trial-1_digit-6.flac,male,22,195
419,10,null,german,0,6,2,lang-german_speaker-06_trial-2_digit-0.flac,female,35,163
420,3,three,english,3,1,1,lang-english_speaker-01_trial-1_digit-3.flac,male,22,195
421,16,sechs,german,6,1,3,lang-german_speaker-01_trial-3_digit-6.flac,male,22,195
422,5,five,english,5,0,2,lang-english_speaker-00_trial-2_digit-5.flac,male,24,180
423,4,four,english,4,8,2,lang-english_speaker-08_trial-2_digit-4.flac,male,21,182
424,15,fuenf,german,5,8,0,lang-german_speaker-08_trial-0_digit-5.flac,male,21,182
425,18,acht,german,8,0,0,lang-german_speaker-00_trial-0_digit-8.flac,male,24,180
426,5,five,english,5,7,1,lang-english_speaker-07_trial-1_digit-5.flac,male,56,175
427,19,neun,german,9,1,3,lang-german_speaker-01_trial-3_digit-9.flac,male,22,195
428,10,null,german,0,7,3,lang-german_speaker-07_trial-3_digit-0.flac,male,56,175
429,11,eins,german,1,7,3,lang-german_speaker-07_trial-3_digit-1.flac,male,56,175
430,16,sechs,german,6,1,3,lang-german_speaker-01_trial-3_digit-6.flac,male,22,195
431,15,fuenf,german,5,0,0,lang-german_speaker-00_trial-0_digit-5.flac,male,24,180
432,4,four,english,4,8,2,lang-english_speaker-08_trial-2_digit-4.flac,male,21,182
433,8,eight,english,8,10,2,lang-english_speaker-10_trial-2_digit-8.flac,female,25,160
434,12,zwei,german,2,10,1,lang-german_speaker-10_trial-1_digit-2.flac,female,25,160
435,15,fuenf,german,5,3,1,lang-german_speaker-03_trial-1_digit-5.flac,female,23,174
436,8,eight,english,8,9,3,lang-english_speaker-09_trial-3_digit-8.flac,male,32,183
437,11,eins,german,1,8,1,lang-german_speaker-08_trial-1_digit-1.flac,male,21,182
438,0,zero,english,0,8,3,lang-english_speaker-08_trial-3_digit-0.flac,male,21,182
439,19,neun,german,9,11,4,lang-german_speaker-11_trial-4_digit-9.flac,female,31,163
440,18,acht,german,8,8,1,lang-german_speaker-08_trial-1_digit-8.flac,male,21,182
441,10,null,german,0,1,4,lang-german_speaker-01_trial-4_digit-0.flac,male,22,195
442,4,four,english,4,2,2,lang-english_speaker-02_trial-2_digit-4.flac,female,23,158
443,3,three,english,3,8,3,lang-english_speaker-08_trial-3_digit-3.flac,male,21,182
444,11,eins,german,1,11,5,lang-german_speaker-11_trial-5_digit-1.flac,female,31,163
445,17,sieben,german,7,11,5,lang-german_speaker-11_trial-5_digit-7.flac,female,31,163
446,12,zwei,german,2,1,4,lang-german_speaker-01_trial-4_digit-2.flac,male,22,195
447,18,acht,german,8,9,2,lang-german_speaker-09_trial-2_digit-8.flac,male,32,183
448,1,one,english,1,8,3,lang-english_speaker-08_trial-3_digit-1.flac,male,21,182
449,1,one,english,1,6,1,lang-english_speaker-06_trial-1_digit-1.flac,female,35,163
450,6,six,english,6,3,0,lang-english_speaker-03_trial-0_digit-6.flac,female,23,174
451,10,null,german,0,10,2,lang-german_speaker-10_trial-2_digit-0.flac,female,25,160
452,15,fuenf,german,5,8,1,lang-german_speaker-08_trial-1_digit-5.flac,male,21,182
453,5,five,english,5,8,3,lang-english_speaker-08_trial-3_digit-5.flac,male,21,182
454,14,vier,german,4,10,2,lang-german_speaker-10_trial-2_digit-4.flac,female,25,160
455,5,five,english,5,0,2,lang-english_speaker-00_trial-2_digit-5.flac,male,24,180
456,19,neun,german,9,1,4,lang-german_speaker-01_trial-4_digit-9.flac,male,22,195
457,0,zero,english,0,0,2,lang-english_speaker-00_trial-2_digit-0.flac,male,24,180
458,0,zero,english,0,7,1,lang-english_speaker-07_trial-1_digit-0.flac,male,56,175
459,9,nine,english,9,10,2,lang-english_speaker-10_trial-2_digit-9.flac,female,25,160
460,11,eins,german,1,8,1,lang-german_speaker-08_trial-1_digit-1.flac,male,21,182
461,19,neun,german,9,11,5,lang-german_speaker-11_trial-5_digit-9.flac,female,31,163
462,10,null,german,0,9,3,lang-german_speaker-09_trial-3_digit-0.flac,male,32,183
463,19,neun,german,9,11,5,lang-german_speaker-11_trial-5_digit-9.flac,female,31,163
464,6,six,english,6,2,2,lang-english_speaker-02_trial-2_digit-6.flac,female,23,158
465,14,vier,german,4,8,1,lang-german_speaker-08_trial-1_digit-4.flac,male,21,182
466,3,three,english,3,11,2,lang-english_speaker-11_trial-2_digit-3.flac,female,31,163
467,7,seven,english,7,9,3,lang-english_speaker-09_trial-3_digit-7.flac,male,32,183
468,9,nine,english,9,6,1,lang-english_speaker-06_trial-1_digit-9.flac,female,35,163
469,1,one,english,1,2,2,lang-english_speaker-02_trial-2_digit-1.flac,female,23,158
470,19,neun,german,9,0,0,lang-german_speaker-00_trial-0_digit-9.flac,male,24,180
471,6,six,english,6,8,3,lang-english_speaker-08_trial-3_digit-6.flac,male,21,182
472,11,eins,german,1,0,1,lang-german_speaker-00_trial-1_digit-1.flac,male,24,180
473,8,eight,english,8,1,1,lang-english_speaker-01_trial-1_digit-8.flac,male,22,195
474,12,zwei,german,2,1,4,lang-german_speaker-01_trial-4_digit-2.flac,male,22,195
475,6,six,english,6,9,3,lang-english_speaker-09_trial-3_digit-6.flac,male,32,183
476,5,five,english,5,6,1,lang-english_speaker-06_trial-1_digit-5.flac,female,35,163
477,13,drei,german,3,0,1,lang-german_speaker-00_trial-1_digit-3.flac,male,24,180
478,6,six,english,6,0,2,lang-english_speaker-00_trial-2_digit-6.flac,male,24,180
479,3,three,english,3,2,2,lang-english_speaker-02_trial-2_digit-3.flac,female,23,158
480,4,four,english,4,11,2,lang-english_speaker-11_trial-2_digit-4.flac,female,31,163
481,11,eins,german,1,2,3,lang-german_speaker-02_trial-3_digit-1.flac,female,23,158
482,1,one,english,1,11,2,lang-english_speaker-11_trial-2_digit-1.flac,female,31,163
483,5,five,english,5,10,2,lang-english_speaker-10_trial-2_digit-5.flac,female,25,160
484,4,four,english,4,6,1,lang-english_speaker-06_trial-1_digit-4.flac,female,35,163
485,1,one,english,1,8,3,lang-english_speaker-08_trial-3_digit-1.flac,male,21,182
486,17,sieben,german,7,2,3,lang-german_speaker-02_trial-3_digit-7.flac,female,23,158
487,10,null,german,0,0,1,lang-german_speaker-00_trial-1_digit-0.flac,male,24,180
488,3,three,english,3,0,2,lang-english_speaker-00_trial-2_digit-3.flac,male,24,180
489,19,neun,german,9,1,4,lang-german_speaker-01_trial-4_digit-9.flac,male,22,195
490,0,zero,english,0,7,1,lang-english_speaker-07_trial-1_digit-0.flac,male,56,175
491,18,acht,german,8,3,1,lang-german_speaker-03_trial-1_digit-8.flac,female,23,174
492,6,six,english,6,6,1,lang-english_speaker-06_trial-1_digit-6.flac,female,35,163
493,0,zero,english,0,2,2,lang-english_speaker-02_trial-2_digit-0.flac,female,23,158
494,0,zero,english,0,2,2,lang-english_speaker-02_trial-2_digit-0.flac,female,23,158
495,4,four,english,4,0,2,lang-english_speaker-00_trial-2_digit-4.flac,male,24,180
496,5,five,english,5,1,1,lang-english_speaker-01_trial-1_digit-5.flac,male,22,195
497,3,three,english,3,1,1,lang-english_speaker-01_trial-1_digit-3.flac,male,22,195
498,12,zwei,german,2,1,4,lang-german_speaker-01_trial-4_digit-2.flac,male,22,195
499,2,two,english,2,1,1,lang-english_speaker-01_trial-1_digit-2.flac,male,22,195
500,2,two,english,2,2,2,lang-english_speaker-02_trial-2_digit-2.flac,female,23,158
501,6,six,english,6,1,1,lang-english_speaker-01_trial-1_digit-6.flac,male,22,195
502,6,six,english,6,7,1,lang-english_speaker-07_trial-1_digit-6.flac,male,56,175
503,12,zwei,german,2,0,1,lang-german_speaker-00_trial-1_digit-2.flac,male,24,180
504,14,vier,german,4,8,1,lang-german_speaker-08_trial-1_digit-4.flac,male,21,182
505,0,zero,english,0,7,1,lang-english_speaker-07_trial-1_digit-0.flac,male,56,175
506,14,vier,german,4,0,1,lang-german_speaker-00_trial-1_digit-4.flac,male,24,180
507,4,four,english,4,10,2,lang-english_speaker-10_trial-2_digit-4.flac,female,25,160
508,1,one,english,1,0,2,lang-english_speaker-00_trial-2_digit-1.flac,male,24,180
509,16,sechs,german,6,0,1,lang-german_speaker-00_trial-1_digit-6.flac,male,24,180
510,5,five,english,5,2,2,lang-english_speaker-02_trial-2_digit-5.flac,female,23,158
511,19,neun,german,9,11,5,lang-german_speaker-11_trial-5_digit-9.flac,female,31,163
512,17,sieben,german,7,2,3,lang-german_speaker-02_trial-3_digit-7.flac,female,23,158
513,9,nine,english,9,7,1,lang-english_speaker-07_trial-1_digit-9.flac,male,56,175
514,0,zero,english,0,10,3,lang-english_speaker-10_trial-3_digit-0.flac,female,25,160
515,12,zwei,german,2,10,2,lang-german_speaker-10_trial-2_digit-2.flac,female,25,160
516,10,null,german,0,11,6,lang-german_speaker-11_trial-6_digit-0.flac,female,31,163
517,9,nine,english,9,0,2,lang-english_speaker-00_trial-2_digit-9.flac,male,24,180
518,17,sieben,german,7,8,1,lang-german_speaker-08_trial-1_digit-7.flac,male,21,182
519,2,two,english,2,6,1,lang-english_speaker-06_trial-1_digit-2.flac,female,35,163
520,18,acht,german,8,2,3,lang-german_speaker-02_trial-3_digit-8.flac,female,23,158
521,6,six,english,6,10,3,lang-english_speaker-10_trial-3_digit-6.flac,female,25,160
522,3,three,english,3,7,1,lang-english_speaker-07_trial-1_digit-3.flac,male,56,175
523,6,six,english,6,1,1,lang-english_speaker-01_trial-1_digit-6.flac,male,22,195
524,1,one,english,1,7,2,lang-english_speaker-07_trial-2_digit-1.flac,male,56,175
525,16,sechs,german,6,10,2,lang-german_speaker-10_trial-2_digit-6.flac,female,25,160
526,14,vier,german,4,3,1,lang-german_speaker-03_trial-1_digit-4.flac,female,23,174
527,13,drei,german,3,6,2,lang-german_speaker-06_trial-2_digit-3.flac,female,35,163
528,3,three,english,3,10,3,lang-english_speaker-10_trial-3_digit-3.flac,female,25,160
529,5,five,english,5,7,2,lang-english_speaker-07_trial-2_digit-5.flac,male,56,175
530,0,zero,english,0,11,3,lang-english_speaker-11_trial-3_digit-0.flac,female,31,163
531,8,eight,english,8,1,1,lang-english_speaker-01_trial-1_digit-8.flac,male,22,195
532,6,six,english,6,3,0,lang-english_speaker-03_trial-0_digit-6.flac,female,23,174
533,5,five,english,5,2,2,lang-english_speaker-02_trial-2_digit-5.flac,female,23,158
534,12,zwei,german,2,1,4,lang-german_speaker-01_trial-4_digit-2.flac,male,22,195
535,12,zwei,german,2,2,3,lang-german_speaker-02_trial-3_digit-2.flac,female,23,158
536,1,one,english,1,7,2,lang-english_speaker-07_trial-2_digit-1.flac,male,56,175
537,4,four,english,4,10,3,lang-english_speaker-10_trial-3_digit-4.flac,female,25,160
538,8,eight,english,8,2,2,lang-english_speaker-02_trial-2_digit-8.flac,female,23,158
539,11,eins,german,1,2,3,lang-german_speaker-02_trial-3_digit-1.flac,female,23,158
540,2,two,english,2,1,1,lang-english_speaker-01_trial-1_digit-2.flac,male,22,195
541,6,six,english,6,0,2,lang-english_speaker-00_trial-2_digit-6.flac,male,24,180
542,1,one,english,1,1,1,lang-english_speaker-01_trial-1_digit-1.flac,male,22,195
543,14,vier,german,4,8,1,lang-german_speaker-08_trial-1_digit-4.flac,male,21,182
544,7,seven,english,7,11,3,lang-english_speaker-11_trial-3_digit-7.flac,female,31,163
545,9,nine,english,9,0,2,lang-english_speaker-00_trial-2_digit-9.flac,male,24,180
546,16,sechs,german,6,1,4,lang-german_speaker-01_trial-4_digit-6.flac,male,22,195
547,0,zero,english,0,0,3,lang-english_speaker-00_trial-3_digit-0.flac,male,24,180
548,15,fuenf,german,5,3,1,lang-german_speaker-03_trial-1_digit-5.flac,female,23,174
549,15,fuenf,german,5,6,2,lang-german_speaker-06_trial-2_digit-5.flac,female,35,163
550,15,fuenf,german,5,0,1,lang-german_speaker-00_trial-1_digit-5.flac,male,24,180
551,18,acht,german,8,8,1,lang-german_speaker-08_trial-1_digit-8.flac,male,21,182
552,7,seven,english,7,9,3,lang-english_speaker-09_trial-3_digit-7.flac,male,32,183
553,11,eins,german,1,2,3,lang-german_speaker-02_trial-3_digit-1.flac,female,23,158
554,17,sieben,german,7,9,3,lang-german_speaker-09_trial-3_digit-7.flac,male,32,183
555,0,zero,english,0,10,3,lang-english_speaker-10_trial-3_digit-0.flac,female,25,160
556,3,three,english,3,2,2,lang-english_speaker-02_trial-2_digit-3.flac,female,23,158
557,13,drei,german,3,3,1,lang-german_speaker-03_trial-1_digit-3.flac,female,23,174
558,18,acht,german,8,3,1,lang-german_speaker-03_trial-1_digit-8.flac,female,23,174
559,19,neun,german,9,2,3,lang-german_speaker-02_trial-3_digit-9.flac,female,23,158
560,10,null,german,0,11,6,lang-german_speaker-11_trial-6_digit-0.flac,female,31,163
561,12,zwei,german,2,8,1,lang-german_speaker-08_trial-1_digit-2.flac,male,21,182
562,10,null,german,0,2,4,lang-german_speaker-02_trial-4_digit-0.flac,female,23,158
563,19,neun,german,9,10,2,lang-german_speaker-10_trial-2_digit-9.flac,female,25,160
564,19,neun,german,9,2,4,lang-german_speaker-02_trial-4_digit-9.flac,female,23,158
565,10,null,german,0,3,2,lang-german_speaker-03_trial-2_digit-0.flac,female,23,174
566,16,sechs,german,6,11,6,lang-german_speaker-11_trial-6_digit-6.flac,female,31,163
567,14,vier,german,4,1,4,lang-german_speaker-01_trial-4_digit-4.flac,male,22,195
568,17,sieben,german,7,1,4,lang-german_speaker-01_trial-4_digit-7.flac,male,22,195
569,14,vier,german,4,11,6,lang-german_speaker-11_trial-6_digit-4.flac,female,31,163
570,15,fuenf,german,5,9,3,lang-german_speaker-09_trial-3_digit-5.flac,male,32,183
571,0,zero,english,0,1,2,lang-english_speaker-01_trial-2_digit-0.flac,male,22,195
572,14,vier,german,4,11,6,lang-german_speaker-11_trial-6_digit-4.flac,female,31,163
573,15,fuenf,german,5,1,4,lang-german_speaker-01_trial-4_digit-5.flac,male,22,195
574,9,nine,english,9,6,1,lang-english_speaker-06_trial-1_digit-9.flac,female,35,163
575,14,vier,german,4,7,3,lang-german_speaker-07_trial-3_digit-4.flac,male,56,175
576,9,nine,english,9,11,3,lang-english_speaker-11_trial-3_digit-9.flac,female,31,163
577,8,eight,english,8,7,2,lang-english_speaker-07_trial-2_digit-8.flac,male,56,175
578,15,fuenf,german,5,0,1,lang-german_speaker-00_trial-1_digit-5.flac,male,24,180
579,9,nine,english,9,0,3,lang-english_speaker-00_trial-3_digit-9.flac,male,24,180
580,8,eight,english,8,7,2,lang-english_speaker-07_trial-2_digit-8.flac,male,56,175
581,2,two,english,2,9,3,lang-english_speaker-09_trial-3_digit-2.flac,male,32,183
582,7,seven,english,7,8,3,lang-english_speaker-08_trial-3_digit-7.flac,male,21,182
583,18,acht,german,8,0,1,lang-german_speaker-00_trial-1_digit-8.flac,male,24,180
584,19,neun,german,9,10,2,lang-german_speaker-10_trial-2_digit-9.flac,female,25,160
585,19,neun,german,9,11,6,lang-german_speaker-11_trial-6_digit-9.flac,female,31,163
586,15,fuenf,german,5,10,2,lang-german_speaker-10_trial-2_digit-5.flac,female,25,160
587,17,sieben,german,7,8,1,lang-german_speaker-08_trial-1_digit-7.flac,male,21,182
588,0,zero,english,0,2,3,lang-english_speaker-02_trial-3_digit-0.flac,female,23,158
589,15,fuenf,german,5,1,4,lang-german_speaker-01_trial-4_digit-5.flac,male,22,195
590,19,neun,german,9,8,1,lang-german_speaker-08_trial-1_digit-9.flac,male,21,182
591,0,zero,english,0,0,4,lang-english_speaker-00_trial-4_digit-0.flac,male,24,180
592,11,eins,german,1,9,3,lang-german_speaker-09_trial-3_digit-1.flac,male,32,183
593,8,eight,english,8,9,3,lang-english_speaker-09_trial-3_digit-8.flac,male,32,183
594,1,one,english,1,10,3,lang-english_speaker-10_trial-3_digit-1.flac,female,25,160
595,3,three,english,3,3,0,lang-english_speaker-03_trial-0_digit-3.flac,female,23,174
596,19,neun,german,9,2,4,lang-german_speaker-02_trial-4_digit-9.flac,female,23,158
597,18,acht,german,8,11,6,lang-german_speaker-11_trial-6_digit-8.flac,female,31,163
598,13,drei,german,3,2,4,lang-german_speaker-02_trial-4_digit-3.flac,female,23,158
599,6,six,english,6,0,4,lang-english_speaker-00_trial-4_digit-6.flac,male,24,180
600,14,vier,german,4,6,2,lang-german_speaker-06_trial-2_digit-4.flac,female,35,163
601,8,eight,english,8,8,3,lang-english_speaker-08_trial-3_digit-8.flac,male,21,182
602,18,acht,german,8,1,4,lang-german_speaker-01_trial-4_digit-8.flac,male,22,195
603,15,fuenf,german,5,8,1,lang-german_speaker-08_trial-1_digit-5.flac,male,21,182
604,2,two,english,2,2,3,lang-english_speaker-02_trial-3_digit-2.flac,female,23,158
605,2,two,english,2,10,3,lang-english_speaker-10_trial-3_digit-2.flac,female,25,160
606,3,three,english,3,7,2,lang-english_speaker-07_trial-2_digit-3.flac,male,56,175
607,11,eins,german,1,7,3,lang-german_speaker-07_trial-3_digit-1.flac,male,56,175
608,19,neun,german,9,8,1,lang-german_speaker-08_trial-1_digit-9.flac,male,21,182
609,8,eight,english,8,10,3,lang-english_speaker-10_trial-3_digit-8.flac,female,25,160
610,0,zero,english,0,9,4,lang-english_speaker-09_trial-4_digit-0.flac,male,32,183
611,17,sieben,german,7,2,4,lang-german_speaker-02_trial-4_digit-7.flac,female,23,158
612,10,null,german,0,0,2,lang-german_speaker-00_trial-2_digit-0.flac,male,24,180
613,14,vier,german,4,0,2,lang-german_speaker-00_trial-2_digit-4.flac,male,24,180
614,3,three,english,3,2,3,lang-english_speaker-02_trial-3_digit-3.flac,female,23,158
615,13,drei,german,3,2,4,lang-german_speaker-02_trial-4_digit-3.flac,female,23,158
616,7,seven,english,7,3,0,lang-english_speaker-03_trial-0_digit-7.flac,female,23,174
617,15,fuenf,german,5,9,3,lang-german_speaker-09_trial-3_digit-5.flac,male,32,183
618,6,six,english,6,0,4,lang-english_speaker-00_trial-4_digit-6.flac,male,24,180
619,12,zwei,german,2,3,2,lang-german_speaker-03_trial-2_digit-2.flac,female,23,174
620,8,eight,english,8,2,3,lang-english_speaker-02_trial-3_digit-8.flac,female,23,158
621,15,fuenf,german,5,11,6,lang-german_speaker-11_trial-6_digit-5.flac,female,31,163
622,14,vier,german,4,0,2,lang-german_speaker-00_trial-2_digit-4.flac,male,24,180
623,8,eight,english,8,8,3,lang-english_speaker-08_trial-3_digit-8.flac,male,21,182
624,14,vier,german,4,2,4,lang-german_speaker-02_trial-4_digit-4.flac,female,23,158
625,2,two,english,2,1,2,lang-english_speaker-01_trial-2_digit-2.flac,male,22,195
626,9,nine,english,9,0,4,lang-english_speaker-00_trial-4_digit-9.flac,male,24,180
627,12,zwei,german,2,6,2,lang-german_speaker-06_trial-2_digit-2.flac,female,35,163
628,10,null,german,0,11,7,lang-german_speaker-11_trial-7_digit-0.flac,female,31,163
629,6,six,english,6,9,4,lang-english_speaker-09_trial-4_digit-6.flac,male,32,183
630,3,three,english,3,0,4,lang-english_speaker-00_trial-4_digit-3.flac,male,24,180
631,17,sieben,german,7,2,4,lang-german_speaker-02_trial-4_digit-7.flac,female,23,158
632,17,sieben,german,7,2,4,lang-german_speaker-02_trial-4_digit-7.flac,female,23,158
633,16,sechs,german,6,2,4,lang-german_speaker-02_trial-4_digit-6.flac,female,23,158
634,10,null,german,0,1,5,lang-german_speaker-01_trial-5_digit-0.flac,male,22,195
635,0,zero,english,0,10,4,lang-english_speaker-10_trial-4_digit-0.flac,female,25,160
636,13,drei,german,3,0,2,lang-german_speaker-00_trial-2_digit-3.flac,male,24,180
637,15,fuenf,german,5,2,4,lang-german_speaker-02_trial-4_digit-5.flac,female,23,158
638,14,vier,german,4,1,5,lang-german_speaker-01_trial-5_digit-4.flac,male,22,195
639,0,zero,english,0,0,5,lang-english_speaker-00_trial-5_digit-0.flac,male,24,180
640,12,zwei,german,2,0,2,lang-german_speaker-00_trial-2_digit-2.flac,male,24,180
641,19,neun,german,9,2,4,lang-german_speaker-02_trial-4_digit-9.flac,female,23,158
642,13,drei,german,3,1,5,lang-german_speaker-01_trial-5_digit-3.flac,male,22,195
643,5,five,english,5,2,3,lang-english_speaker-02_trial-3_digit-5.flac,female,23,158
644,1,one,english,1,2,3,lang-english_speaker-02_trial-3_digit-1.flac,female,23,158
645,6,six,english,6,8,3,lang-english_speaker-08_trial-3_digit-6.flac,male,21,182
646,13,drei,german,3,2,4,lang-german_speaker-02_trial-4_digit-3.flac,female,23,158
647,8,eight,english,8,2,3,lang-english_speaker-02_trial-3_digit-8.flac,female,23,158
648,3,three,english,3,8,3,lang-english_speaker-08_trial-3_digit-3.flac,male,21,182
649,9,nine,english,9,2,3,lang-english_speaker-02_trial-3_digit-9.flac,female,23,158
650,0,zero,english,0,11,4,lang-english_speaker-11_trial-4_digit-0.flac,female,31,163
651,15,fuenf,german,5,2,4,lang-german_speaker-02_trial-4_digit-5.flac,female,23,158
652,3,three,english,3,6,1,lang-english_speaker-06_trial-1_digit-3.flac,female,35,163
653,14,vier,german,4,0,2,lang-german_speaker-00_trial-2_digit-4.flac,male,24,180
654,18,acht,german,8,9,3,lang-german_speaker-09_trial-3_digit-8.flac,male,32,183
655,4,four,english,4,9,4,lang-english_speaker-09_trial-4_digit-4.flac,male,32,183
656,10,null,german,0,9,4,lang-german_speaker-09_trial-4_digit-0.flac,male,32,183
657,0,zero,english,0,2,4,lang-english_speaker-02_trial-4_digit-0.flac,female,23,158
658,9,nine,english,9,3,0,lang-english_speaker-03_trial-0_digit-9.flac,female,23,174
659,0,zero,english,0,0,5,lang-english_speaker-00_trial-5_digit-0.flac,male,24,180
660,10,null,german,0,8,2,lang-german_speaker-08_trial-2_digit-0.flac,male,21,182
661,1,one,english,1,11,4,lang-english_speaker-11_trial-4_digit-1.flac,female,31,163
662,13,drei,german,3,3,2,lang-german_speaker-03_trial-2_digit-3.flac,female,23,174
663,15,fuenf,german,5,0,2,lang-german_speaker-00_trial-2_digit-5.flac,male,24,180
664,1,one,english,1,0,5,lang-english_speaker-00_trial-5_digit-1.flac,male,24,180
665,17,sieben,german,7,11,7,lang-german_speaker-11_trial-7_digit-7.flac,female,31,163
666,10,null,german,0,11,8,lang-german_speaker-11_trial-8_digit-0.flac,female,31,163
667,1,one,english,1,10,4,lang-english_speaker-10_trial-4_digit-1.flac,female,25,160
668,6,six,english,6,9,4,lang-english_speaker-09_trial-4_digit-6.flac,male,32,183
669,9,nine,english,9,2,4,lang-english_speaker-02_trial-4_digit-9.flac,female,23,158
670,9,nine,english,9,1,2,lang-english_speaker-01_trial-2_digit-9.flac,male,22,195
671,14,vier,german,4,10,2,lang-german_speaker-10_trial-2_digit-4.flac,female,25,160
672,7,seven,english,7,0,5,lang-english_speaker-00_trial-5_digit-7.flac,male,24,180
673,9,nine,english,9,6,1,lang-english_speaker-06_trial-1_digit-9.flac,female,35,163
674,8,eight,english,8,0,5,lang-english_speaker-00_trial-5_digit-8.flac,male,24,180
675,19,neun,german,9,2,4,lang-german_speaker-02_trial-4_digit-9.flac,female,23,158
676,15,fuenf,german,5,0,2,lang-german_speaker-00_trial-2_digit-5.flac,male,24,180
677,15,fuenf,german,5,9,4,lang-german_speaker-09_trial-4_digit-5.flac,male,32,183
678,3,three,english,3,0,5,lang-english_speaker-00_trial-5_digit-3.flac,male,24,180
679,7,seven,english,7,1,2,lang-english_speaker-01_trial-2_digit-7.flac,male,22,195
680,9,nine,english,9,2,4,lang-english_speaker-02_trial-4_digit-9.flac,female,23,158
681,8,eight,english,8,11,4,lang-english_speaker-11_trial-4_digit-8.flac,female,31,163
682,13,drei,german,3,0,2,lang-german_speaker-00_trial-2_digit-3.flac,male,24,180
683,9,nine,english,9,7,2,lang-english_speaker-07_trial-2_digit-9.flac,male,56,175
684,19,neun,german,9,7,3,lang-german_speaker-07_trial-3_digit-9.flac,male,56,175
685,19,neun,german,9,7,3,lang-german_speaker-07_trial-3_digit-9.flac,male,56,175
686,12,zwei,german,2,3,2,lang-german_speaker-03_trial-2_digit-2.flac,female,23,174
687,12,zwei,german,2,1,5,lang-german_speaker-01_trial-5_digit-2.flac,male,22,195
688,13,drei,german,3,8,2,lang-german_speaker-08_trial-2_digit-3.flac,male,21,182
689,13,drei,german,3,6,2,lang-german_speaker-06_trial-2_digit-3.flac,female,35,163
690,17,sieben,german,7,9,4,lang-german_speaker-09_trial-4_digit-7.flac,male,32,183
691,12,zwei,german,2,3,2,lang-german_speaker-03_trial-2_digit-2.flac,female,23,174
692,5,five,english,5,6,1,lang-english_speaker-06_trial-1_digit-5.flac,female,35,163
693,3,three,english,3,7,2,lang-english_speaker-07_trial-2_digit-3.flac,male,56,175
694,10,null,german,0,9,5,lang-german_speaker-09_trial-5_digit-0.flac,male,32,183
695,12,zwei,german,2,2,4,lang-german_speaker-02_trial-4_digit-2.flac,female,23,158
696,4,four,english,4,11,4,lang-english_speaker-11_trial-4_digit-4.flac,female,31,163
697,9,nine,english,9,0,5,lang-english_speaker-00_trial-5_digit-9.flac,male,24,180
698,18,acht,german,8,0,2,lang-german_speaker-00_trial-2_digit-8.flac,male,24,180
699,6,six,english,6,10,4,lang-english_speaker-10_trial-4_digit-6.flac,female,25,160
700,16,sechs,german,6,10,2,lang-german_speaker-10_trial-2_digit-6.flac,female,25,160
701,19,neun,german,9,8,2,lang-german_speaker-08_trial-2_digit-9.flac,male,21,182
702,4,four,english,4,9,4,lang-english_speaker-09_trial-4_digit-4.flac,male,32,183
703,18,acht,german,8,0,2,lang-german_speaker-00_trial-2_digit-8.flac,male,24,180
704,17,sieben,german,7,8,2,lang-german_speaker-08_trial-2_digit-7.flac,male,21,182
705,13,drei,german,3,1,5,lang-german_speaker-01_trial-5_digit-3.flac,male,22,195
706,5,five,english,5,7,2,lang-english_speaker-07_trial-2_digit-5.flac,male,56,175
707,17,sieben,german,7,3,2,lang-german_speaker-03_trial-2_digit-7.flac,female,23,174
708,1,one,english,1,9,4,lang-english_speaker-09_trial-4_digit-1.flac,male,32,183
709,17,sieben,german,7,11,8,lang-german_speaker-11_trial-8_digit-7.flac,female,31,163
710,4,four,english,4,11,4,lang-english_speaker-11_trial-4_digit-4.flac,female,31,163
711,0,zero,english,0,1,3,lang-english_speaker-01_trial-3_digit-0.flac,male,22,195
712,13,drei,german,3,6,2,lang-german_speaker-06_trial-2_digit-3.flac,female,35,163
713,3,three,english,3,10,4,lang-english_speaker-10_trial-4_digit-3.flac,female,25,160
714,15,fuenf,german,5,8,2,lang-german_speaker-08_trial-2_digit-5.flac,male,21,182
715,19,neun,german,9,11,8,lang-german_speaker-11_trial-8_digit-9.flac,female,31,163
716,6,six,english,6,9,4,lang-english_speaker-09_trial-4_digit-6.flac,male,32,183
717,1,one,english,1,0,6,lang-english_speaker-00_trial-6_digit-1.flac,male,24,180
718,4,four,english,4,0,6,lang-english_speaker-00_trial-6_digit-4.flac,male,24,180
719,4,four,english,4,11,4,lang-english_speaker-11_trial-4_digit-4.flac,female,31,163
720,0,zero,english,0,7,3,lang-english_speaker-07_trial-3_digit-0.flac,male,56,175
721,18,acht,german,8,2,4,lang-german_speaker-02_trial-4_digit-8.flac,female,23,158
722,17,sieben,german,7,10,2,lang-german_speaker-10_trial-2_digit-7.flac,female,25,160
723,8,eight,english,8,9,4,lang-english_speaker-09_trial-4_digit-8.flac,male,32,183
724,1,one,english,1,11,4,lang-english_speaker-11_trial-4_digit-1.flac,female,31,163
725,5,five,english,5,1,3,lang-english_speaker-01_trial-3_digit-5.flac,male,22,195
726,18,acht,german,8,3,2,lang-german_speaker-03_trial-2_digit-8.flac,female,23,174
727,10,null,german,0,9,5,lang-german_speaker-09_trial-5_digit-0.flac,male,32,183
728,14,vier,german,4,8,2,lang-german_speaker-08_trial-2_digit-4.flac,male,21,182
729,7,seven,english,7,9,4,lang-english_speaker-09_trial-4_digit-7.flac,male,32,183
730,15,fuenf,german,5,7,3,lang-german_speaker-07_trial-3_digit-5.flac,male,56,175
731,15,fuenf,german,5,2,4,lang-german_speaker-02_trial-4_digit-5.flac,female,23,158
732,10,null,german,0,8,3,lang-german_speaker-08_trial-3_digit-0.flac,male,21,182
733,0,zero,english,0,1,3,lang-english_speaker-01_trial-3_digit-0.flac,male,22,195
734,5,five,english,5,8,3,lang-english_speaker-08_trial-3_digit-5.flac,male,21,182
735,15,fuenf,german,5,7,3,lang-german_speaker-07_trial-3_digit-5.flac,male,56,175
736,3,three,english,3,11,4,lang-english_speaker-11_trial-4_digit-3.flac,female,31,163
737,12,zwei,german,2,8,3,lang-german_speaker-08_trial-3_digit-2.flac,male,21,182
738,5,five,english,5,11,4,lang-english_speaker-11_trial-4_digit-5.flac,female,31,163
739,13,drei,german,3,11,8,lang-german_speaker-11_trial-8_digit-3.flac,female,31,163
740,17,sieben,german,7,0,2,lang-german_speaker-00_trial-2_digit-7.flac,male,24,180
741,15,fuenf,german,5,11,8,lang-german_speaker-11_trial-8_digit-5.flac,female,31,163
742,0,zero,english,0,2,5,lang-english_speaker-02_trial-5_digit-0.flac,female,23,158
743,11,eins,german,1,2,5,lang-german_speaker-02_trial-5_digit-1.flac,female,23,158
744,3,three,english,3,8,3,lang-english_speaker-08_trial-3_digit-3.flac,male,21,182
745,19,neun,german,9,1,5,lang-german_speaker-01_trial-5_digit-9.flac,male,22,195
746,12,zwei,german,2,3,2,lang-german_speaker-03_trial-2_digit-2.flac,female,23,174
747,9,nine,english,9,9,4,lang-english_speaker-09_trial-4_digit-9.flac,male,32,183
748,18,acht,german,8,11,8,lang-german_speaker-11_trial-8_digit-8.flac,female,31,163
749,12,zwei,german,2,6,2,lang-german_speaker-06_trial-2_digit-2.flac,female,35,163
750,17,sieben,german,7,8,3,lang-german_speaker-08_trial-3_digit-7.flac,male,21,182
751,2,two,english,2,7,3,lang-english_speaker-07_trial-3_digit-2.flac,male,56,175
752,17,sieben,german,7,7,3,lang-german_speaker-07_trial-3_digit-7.flac,male,56,175
753,6,six,english,6,2,5,lang-english_speaker-02_trial-5_digit-6.flac,female,23,158
754,11,eins,german,1,1,6,lang-german_speaker-01_trial-6_digit-1.flac,male,22,195
755,10,null,german,0,3,3,lang-german_speaker-03_trial-3_digit-0.flac,female,23,174
756,2,two,english,2,11,4,lang-english_speaker-11_trial-4_digit-2.flac,female,31,163
757,17,sieben,german,7,11,8,lang-german_speaker-11_trial-8_digit-7.flac,female,31,163
758,3,three,english,3,0,6,lang-english_speaker-00_trial-6_digit-3.flac,male,24,180
759,14,vier,german,4,1,6,lang-german_speaker-01_trial-6_digit-4.flac,male,22,195
760,6,six,english,6,10,4,lang-english_speaker-10_trial-4_digit-6.flac,female,25,160
761,3,three,english,3,1,3,lang-english_speaker-01_trial-3_digit-3.flac,male,22,195
762,8,eight,english,8,2,5,lang-english_speaker-02_trial-5_digit-8.flac,female,23,158
763,4,four,english,4,2,5,lang-english_speaker-02_trial-5_digit-4.flac,female,23,158
764,19,neun,german,9,10,2,lang-german_speaker-10_trial-2_digit-9.flac,female,25,160
765,12,zwei,german,2,2,5,lang-german_speaker-02_trial-5_digit-2.flac,female,23,158
766,9,nine,english,9,6,1,lang-english_speaker-06_trial-1_digit-9.flac,female,35,163
767,11,eins,german,1,10,3,lang-german_speaker-10_trial-3_digit-1.flac,female,25,160
768,5,five,english,5,0,6,lang-english_speaker-00_trial-6_digit-5.flac,male,24,180
769,11,eins,german,1,7,4,lang-german_speaker-07_trial-4_digit-1.flac,male,56,175
770,10,null,german,0,1,6,lang-german_speaker-01_trial-6_digit-0.flac,male,22,195
771,0,zero,english,0,6,2,lang-english_speaker-06_trial-2_digit-0.flac,female,35,163
772,2,two,english,2,3,0,lang-english_speaker-03_trial-0_digit-2.flac,female,23,174
773,10,null,german,0,1,6,lang-german_speaker-01_trial-6_digit-0.flac,male,22,195
774,14,vier,german,4,0,2,lang-german_speaker-00_trial-2_digit-4.flac,male,24,180
775,18,acht,german,8,3,3,lang-german_speaker-03_trial-3_digit-8.flac,female,23,174
776,12,zwei,german,2,7,4,lang-german_speaker-07_trial-4_digit-2.flac,male,56,175
777,9,nine,english,9,3,0,lang-english_speaker-03_trial-0_digit-9.flac,female,23,174
778,7,seven,english,7,2,5,lang-english_speaker-02_trial-5_digit-7.flac,female,23,158
779,2,two,english,2,0,6,lang-english_speaker-00_trial-6_digit-2.flac,male,24,180
780,9,nine,english,9,1,3,lang-english_speaker-01_trial-3_digit-9.flac,male,22,195
781,16,sechs,german,6,9,5,lang-german_speaker-09_trial-5_digit-6.flac,male,32,183
782,17,sieben,german,7,10,3,lang-german_speaker-10_trial-3_digit-7.flac,female,25,160
783,13,drei,german,3,9,5,lang-german_speaker-09_trial-5_digit-3.flac,male,32,183
784,8,eight,english,8,0,6,lang-english_speaker-00_trial-6_digit-8.flac,male,24,180
785,16,sechs,german,6,3,3,lang-german_speaker-03_trial-3_digit-6.flac,female,23,174
786,5,five,english,5,10,4,lang-english_speaker-10_trial-4_digit-5.flac,female,25,160
787,4,four,english,4,1,3,lang-english_speaker-01_trial-3_digit-4.flac,male,22,195
788,4,four,english,4,2,5,lang-english_speaker-02_trial-5_digit-4.flac,female,23,158
789,3,three,english,3,9,4,lang-english_speaker-09_trial-4_digit-3.flac,male,32,183
790,14,vier,german,4,3,3,lang-german_speaker-03_trial-3_digit-4.flac,female,23,174
791,15,fuenf,german,5,11,8,lang-german_speaker-11_trial-8_digit-5.flac,female,31,163
792,9,nine,english,9,9,4,lang-english_speaker-09_trial-4_digit-9.flac,male,32,183
793,9,nine,english,9,9,4,lang-english_speaker-09_trial-4_digit-9.flac,male,32,183
794,10,null,german,0,0,3,lang-german_speaker-00_trial-3_digit-0.flac,male,24,180
795,12,zwei,german,2,0,3,lang-german_speaker-00_trial-3_digit-2.flac,male,24,180
796,9,nine,english,9,9,4,lang-english_speaker-09_trial-4_digit-9.flac,male,32,183
797,10,null,german,0,11,9,lang-german_speaker-11_trial-9_digit-0.flac,female,31,163
798,5,five,english,5,3,0,lang-english_speaker-03_trial-0_digit-5.flac,female,23,174
799,2,two,english,2,9,4,lang-english_speaker-09_trial-4_digit-2.flac,male,32,183
800,0,zero,english,0,0,7,lang-english_speaker-00_trial-7_digit-0.flac,male,24,180
801,1,one,english,1,6,2,lang-english_speaker-06_trial-2_digit-1.flac,female,35,163
802,1,one,english,1,10,4,lang-english_speaker-10_trial-4_digit-1.flac,female,25,160
803,11,eins,german,1,1,6,lang-german_speaker-01_trial-6_digit-1.flac,male,22,195
804,5,five,english,5,3,0,lang-english_speaker-03_trial-0_digit-5.flac,female,23,174
805,3,three,english,3,3,0,lang-english_speaker-03_trial-0_digit-3.flac,female,23,174
806,1,one,english,1,10,4,lang-english_speaker-10_trial-4_digit-1.flac,female,25,160
807,3,three,english,3,7,3,lang-english_speaker-07_trial-3_digit-3.flac,male,56,175
808,6,six,english,6,0,7,lang-english_speaker-00_trial-7_digit-6.flac,male,24,180
809,3,three,english,3,10,4,lang-english_speaker-10_trial-4_digit-3.flac,female,25,160
810,19,neun,german,9,9,5,lang-german_speaker-09_trial-5_digit-9.flac,male,32,183
811,7,seven,english,7,1,3,lang-english_speaker-01_trial-3_digit-7.flac,male,22,195
812,19,neun,german,9,9,5,lang-german_speaker-09_trial-5_digit-9.flac,male,32,183
813,17,sieben,german,7,8,3,lang-german_speaker-08_trial-3_digit-7.flac,male,21,182
814,15,fuenf,german,5,11,9,lang-german_speaker-11_trial-9_digit-5.flac,female,31,163
815,10,null,german,0,0,3,lang-german_speaker-00_trial-3_digit-0.flac,male,24,180
816,17,sieben,german,7,7,4,lang-german_speaker-07_trial-4_digit-7.flac,male,56,175
817,15,fuenf,german,5,3,3,lang-german_speaker-03_trial-3_digit-5.flac,female,23,174
818,18,acht,german,8,9,5,lang-german_speaker-09_trial-5_digit-8.flac,male,32,183
819,0,zero,english,0,11,5,lang-english_speaker-11_trial-5_digit-0.flac,female,31,163
820,1,one,english,1,2,5,lang-english_speaker-02_trial-5_digit-1.flac,female,23,158
821,7,seven,english,7,3,0,lang-english_speaker-03_trial-0_digit-7.flac,female,23,174
822,19,neun,german,9,11,9,lang-german_speaker-11_trial-9_digit-9.flac,female,31,163
823,18,acht,german,8,2,5,lang-german_speaker-02_trial-5_digit-8.flac,female,23,158
824,10,null,german,0,11,10,lang-german_speaker-11_trial-10_digit-0.flac,female,31,163
825,11,eins,german,1,3,3,lang-german_speaker-03_trial-3_digit-1.flac,female,23,174
826,11,eins,german,1,11,10,lang-german_speaker-11_trial-10_digit-1.flac,female,31,163
827,6,six,english,6,11,5,lang-english_speaker-11_trial-5_digit-6.flac,female,31,163
828,17,sieben,german,7,2,5,lang-german_speaker-02_trial-5_digit-7.flac,female,23,158
829,1,one,english,1,8,3,lang-english_speaker-08_trial-3_digit-1.flac,male,21,182
830,18,acht,german,8,6,2,lang-german_speaker-06_trial-2_digit-8.flac,female,35,163
831,5,five,english,5,1,3,lang-english_speaker-01_trial-3_digit-5.flac,male,22,195
832,11,eins,german,1,0,3,lang-german_speaker-00_trial-3_digit-1.flac,male,24,180
833,3,three,english,3,8,3,lang-english_speaker-08_trial-3_digit-3.flac,male,21,182
834,6,six,english,6,0,7,lang-english_speaker-00_trial-7_digit-6.flac,male,24,180
835,19,neun,german,9,0,3,lang-german_speaker-00_trial-3_digit-9.flac,male,24,180
836,3,three,english,3,3,0,lang-english_speaker-03_trial-0_digit-3.flac,female,23,174
837,6,six,english,6,10,4,lang-english_speaker-10_trial-4_digit-6.flac,female,25,160
838,19,neun,german,9,10,3,lang-german_speaker-10_trial-3_digit-9.flac,female,25,160
839,9,nine,english,9,2,5,lang-english_speaker-02_trial-5_digit-9.flac,female,23,158
840,4,four,english,4,8,3,lang-english_speaker-08_trial-3_digit-4.flac,male,21,182
841,5,five,english,5,8,3,lang-english_speaker-08_trial-3_digit-5.flac,male,21,182
842,19,neun,german,9,0,3,lang-german_speaker-00_trial-3_digit-9.flac,male,24,180
843,7,seven,english,7,3,0,lang-english_speaker-03_trial-0_digit-7.flac,female,23,174
844,16,sechs,german,6,11,10,lang-german_speaker-11_trial-10_digit-6.flac,female,31,163
845,16,sechs,german,6,11,10,lang-german_speaker-11_trial-10_digit-6.flac,female,31,163
846,19,neun,german,9,7,4,lang-german_speaker-07_trial-4_digit-9.flac,male,56,175
847,5,five,english,5,2,5,lang-english_speaker-02_trial-5_digit-5.flac,female,23,158
848,10,null,german,0,1,6,lang-german_speaker-01_trial-6_digit-0.flac,male,22,195
849,0,zero,english,0,0,7,lang-english_speaker-00_trial-7_digit-0.flac,male,24,180
850,14,vier,german,4,3,3,lang-german_speaker-03_trial-3_digit-4.flac,female,23,174
851,17,sieben,german,7,11,10,lang-german_speaker-11_trial-10_digit-7.flac,female,31,163
852,4,four,english,4,3,0,lang-english_speaker-03_trial-0_digit-4.flac,female,23,174
853,18,acht,german,8,9,5,lang-german_speaker-09_trial-5_digit-8.flac,male,32,183
854,2,two,english,2,11,5,lang-english_speaker-11_trial-5_digit-2.flac,female,31,163
855,0,zero,english,0,9,5,lang-english_speaker-09_trial-5_digit-0.flac,male,32,183
856,11,eins,german,1,0,4,lang-german_speaker-00_trial-4_digit-1.flac,male,24,180
857,3,three,english,3,0,7,lang-english_speaker-00_trial-7_digit-3.flac,male,24,180
858,7,seven,english,7,11,5,lang-english_speaker-11_trial-5_digit-7.flac,female,31,163
859,17,sieben,german,7,9,5,lang-german_speaker-09_trial-5_digit-7.flac,male,32,183
860,12,zwei,german,2,7,4,lang-german_speaker-07_trial-4_digit-2.flac,male,56,175
861,8,eight,english,8,3,0,lang-english_speaker-03_trial-0_digit-8.flac,female,23,174
862,8,eight,english,8,3,0,lang-english_speaker-03_trial-0_digit-8.flac,female,23,174
863,4,four,english,4,1,3,lang-english_speaker-01_trial-3_digit-4.flac,male,22,195
864,9,nine,english,9,0,7,lang-english_speaker-00_trial-7_digit-9.flac,male,24,180
865,8,eight,english,8,1,3,lang-english_speaker-01_trial-3_digit-8.flac,male,22,195
866,3,three,english,3,10,4,lang-english_speaker-10_trial-4_digit-3.flac,female,25,160
867,15,fuenf,german,5,3,3,lang-german_speaker-03_trial-3_digit-5.flac,female,23,174
868,6,six,english,6,11,5,lang-english_speaker-11_trial-5_digit-6.flac,female,31,163
869,16,sechs,german,6,3,3,lang-german_speaker-03_trial-3_digit-6.flac,female,23,174
870,1,one,english,1,3,1,lang-english_speaker-03_trial-1_digit-1.flac,female,23,174
871,10,null,german,0,2,6,lang-german_speaker-02_trial-6_digit-0.flac,female,23,158
872,16,sechs,german,6,3,3,lang-german_speaker-03_trial-3_digit-6.flac,female,23,174
873,16,sechs,german,6,11,10,lang-german_speaker-11_trial-10_digit-6.flac,female,31,163
874,16,sechs,german,6,11,10,lang-german_speaker-11_trial-10_digit-6.flac,female,31,163
875,3,three,english,3,11,5,lang-english_speaker-11_trial-5_digit-3.flac,female,31,163
876,0,zero,english,0,10,4,lang-english_speaker-10_trial-4_digit-0.flac,female,25,160
877,3,three,english,3,0,7,lang-english_speaker-00_trial-7_digit-3.flac,male,24,180
878,19,neun,german,9,6,2,lang-german_speaker-06_trial-2_digit-9.flac,female,35,163
879,3,three,english,3,7,3,lang-english_speaker-07_trial-3_digit-3.flac,male,56,175
880,5,five,english,5,11,5,lang-english_speaker-11_trial-5_digit-5.flac,female,31,163
881,2,two,english,2,7,3,lang-english_speaker-07_trial-3_digit-2.flac,male,56,175
882,16,sechs,german,6,11,10,lang-german_speaker-11_trial-10_digit-6.flac,female,31,163
883,8,eight,english,8,9,5,lang-english_speaker-09_trial-5_digit-8.flac,male,32,183
884,2,two,english,2,8,3,lang-english_speaker-08_trial-3_digit-2.flac,male,21,182
885,3,three,english,3,1,3,lang-english_speaker-01_trial-3_digit-3.flac,male,22,195
886,1,one,english,1,1,4,lang-english_speaker-01_trial-4_digit-1.flac,male,22,195
887,10,null,german,0,1,6,lang-german_speaker-01_trial-6_digit-0.flac,male,22,195
888,18,acht,german,8,11,10,lang-german_speaker-11_trial-10_digit-8.flac,female,31,163
889,19,neun,german,9,6,2,lang-german_speaker-06_trial-2_digit-9.flac,female,35,163
890,17,sieben,german,7,11,10,lang-german_speaker-11_trial-10_digit-7.flac,female,31,163
891,9,nine,english,9,3,1,lang-english_speaker-03_trial-1_digit-9.flac,female,23,174
892,18,acht,german,8,9,5,lang-german_speaker-09_trial-5_digit-8.flac,male,32,183
893,8,eight,english,8,10,4,lang-english_speaker-10_trial-4_digit-8.flac,female,25,160
894,11,eins,german,1,2,6,lang-german_speaker-02_trial-6_digit-1.flac,female,23,158
895,6,six,english,6,0,7,lang-english_speaker-00_trial-7_digit-6.flac,male,24,180
896,11,eins,german,1,11,10,lang-german_speaker-11_trial-10_digit-1.flac,female,31,163
897,7,seven,english,7,6,2,lang-english_speaker-06_trial-2_digit-7.flac,female,35,163
898,7,seven,english,7,1,4,lang-english_speaker-01_trial-4_digit-7.flac,male,22,195
899,17,sieben,german,7,7,4,lang-german_speaker-07_trial-4_digit-7.flac,male,56,175
900,14,vier,german,4,7,4,lang-german_speaker-07_trial-4_digit-4.flac,male,56,175
901,1,one,english,1,1,4,lang-english_speaker-01_trial-4_digit-1.flac,male,22,195
902,14,vier,german,4,6,2,lang-german_speaker-06_trial-2_digit-4.flac,female,35,163
903,5,five,english,5,11,5,lang-english_speaker-11_trial-5_digit-5.flac,female,31,163
904,19,neun,german,9,11,10,lang-german_speaker-11_trial-10_digit-9.flac,female,31,163
905,19,neun,german,9,1,6,lang-german_speaker-01_trial-6_digit-9.flac,male,22,195
906,2,two,english,2,8,3,lang-english_speaker-08_trial-3_digit-2.flac,male,21,182
907,13,drei,german,3,2,6,lang-german_speaker-02_trial-6_digit-3.flac,female,23,158
908,17,sieben,german,7,3,3,lang-german_speaker-03_trial-3_digit-7.flac,female,23,174
909,17,sieben,german,7,9,5,lang-german_speaker-09_trial-5_digit-7.flac,male,32,183
910,14,vier,german,4,8,3,lang-german_speaker-08_trial-3_digit-4.flac,male,21,182
911,14,vier,german,4,10,3,lang-german_speaker-10_trial-3_digit-4.flac,female,25,160
912,18,acht,german,8,1,6,lang-german_speaker-01_trial-6_digit-8.flac,male,22,195
913,13,drei,german,3,10,3,lang-german_speaker-10_trial-3_digit-3.flac,female,25,160
914,17,sieben,german,7,6,2,lang-german_speaker-06_trial-2_digit-7.flac,female,35,163
915,6,six,english,6,2,5,lang-english_speaker-02_trial-5_digit-6.flac,female,23,158
916,17,sieben,german,7,10,3,lang-german_speaker-10_trial-3_digit-7.flac,female,25,160
917,9,nine,english,9,8,3,lang-english_speaker-08_trial-3_digit-9.flac,male,21,182
918,19,neun,german,9,11,10,lang-german_speaker-11_trial-10_digit-9.flac,female,31,163
919,19,neun,german,9,9,5,lang-german_speaker-09_trial-5_digit-9.flac,male,32,183
920,1,one,english,1,2,6,lang-english_speaker-02_trial-6_digit-1.flac,female,23,158
921,3,three,english,3,2,6,lang-english_speaker-02_trial-6_digit-3.flac,female,23,158
922,2,two,english,2,1,4,lang-english_speaker-01_trial-4_digit-2.flac,male,22,195
923,1,one,english,1,3,2,lang-english_speaker-03_trial-2_digit-1.flac,female,23,174
924,17,sieben,german,7,8,3,lang-german_speaker-08_trial-3_digit-7.flac,male,21,182
925,16,sechs,german,6,1,6,lang-german_speaker-01_trial-6_digit-6.flac,male,22,195
926,6,six,english,6,8,3,lang-english_speaker-08_trial-3_digit-6.flac,male,21,182
927,1,one,english,1,2,6,lang-english_speaker-02_trial-6_digit-1.flac,female,23,158
928,6,six,english,6,9,5,lang-english_speaker-09_trial-5_digit-6.flac,male,32,183
929,12,zwei,german,2,11,10,lang-german_speaker-11_trial-10_digit-2.flac,female,31,163
930,10,null,german,0,0,4,lang-german_speaker-00_trial-4_digit-0.flac,male,24,180
931,5,five,english,5,2,6,lang-english_speaker-02_trial-6_digit-5.flac,female,23,158
932,12,zwei,german,2,6,2,lang-german_speaker-06_trial-2_digit-2.flac,female,35,163
933,3,three,english,3,9,5,lang-english_speaker-09_trial-5_digit-3.flac,male,32,183
934,2,two,english,2,0,7,lang-english_speaker-00_trial-7_digit-2.flac,male,24,180
935,12,zwei,german,2,7,4,lang-german_speaker-07_trial-4_digit-2.flac,male,56,175
936,9,nine,english,9,2,6,lang-english_speaker-02_trial-6_digit-9.flac,female,23,158
937,15,fuenf,german,5,8,3,lang-german_speaker-08_trial-3_digit-5.flac,male,21,182
938,3,three,english,3,0,7,lang-english_speaker-00_trial-7_digit-3.flac,male,24,180
939,6,six,english,6,8,3,lang-english_speaker-08_trial-3_digit-6.flac,male,21,182
940,5,five,english,5,2,6,lang-english_speaker-02_trial-6_digit-5.flac,female,23,158
941,10,null,german,0,8,4,lang-german_speaker-08_trial-4_digit-0.flac,male,21,182
942,12,zwei,german,2,11,10,lang-german_speaker-11_trial-10_digit-2.flac,female,31,163
943,6,six,english,6,0,7,lang-english_speaker-00_trial-7_digit-6.flac,male,24,180
944,7,seven,english,7,9,5,lang-english_speaker-09_trial-5_digit-7.flac,male,32,183
945,18,acht,german,8,0,4,lang-german_speaker-00_trial-4_digit-8.flac,male,24,180
946,6,six,english,6,2,6,lang-english_speaker-02_trial-6_digit-6.flac,female,23,158
947,15,fuenf,german,5,2,6,lang-german_speaker-02_trial-6_digit-5.flac,female,23,158
948,19,neun,german,9,11,10,lang-german_speaker-11_trial-10_digit-9.flac,female,31,163
949,6,six,english,6,7,3,lang-english_speaker-07_trial-3_digit-6.flac,male,56,175
950,8,eight,english,8,11,5,lang-english_speaker-11_trial-5_digit-8.flac,female,31,163
951,17,sieben,german,7,8,4,lang-german_speaker-08_trial-4_digit-7.flac,male,21,182
952,19,neun,german,9,2,6,lang-german_speaker-02_trial-6_digit-9.flac,female,23,158
953,7,seven,english,7,8,3,lang-english_speaker-08_trial-3_digit-7.flac,male,21,182
954,6,six,english,6,10,4,lang-english_speaker-10_trial-4_digit-6.flac,female,25,160
955,10,null,german,0,9,6,lang-german_speaker-09_trial-6_digit-0.flac,male,32,183
956,15,fuenf,german,5,0,4,lang-german_speaker-00_trial-4_digit-5.flac,male,24,180
957,8,eight,english,8,1,4,lang-english_speaker-01_trial-4_digit-8.flac,male,22,195
958,19,neun,german,9,10,3,lang-german_speaker-10_trial-3_digit-9.flac,female,25,160
959,16,sechs,german,6,11,10,lang-german_speaker-11_trial-10_digit-6.flac,female,31,163
960,14,vier,german,4,11,10,lang-german_speaker-11_trial-10_digit-4.flac,female,31,163
961,18,acht,german,8,7,4,lang-german_speaker-07_trial-4_digit-8.flac,male,56,175
962,7,seven,english,7,1,4,lang-english_speaker-01_trial-4_digit-7.flac,male,22,195
963,14,vier,german,4,6,2,lang-german_speaker-06_trial-2_digit-4.flac,female,35,163
964,13,drei,german,3,11,10,lang-german_speaker-11_trial-10_digit-3.flac,female,31,163
965,0,zero,english,0,3,2,lang-english_speaker-03_trial-2_digit-0.flac,female,23,174
966,8,eight,english,8,1,4,lang-english_speaker-01_trial-4_digit-8.flac,male,22,195
967,7,seven,english,7,10,4,lang-english_speaker-10_trial-4_digit-7.flac,female,25,160
968,15,fuenf,german,5,2,6,lang-german_speaker-02_trial-6_digit-5.flac,female,23,158
969,6,six,english,6,8,3,lang-english_speaker-08_trial-3_digit-6.flac,male,21,182
970,8,eight,english,8,3,2,lang-english_speaker-03_trial-2_digit-8.flac,female,23,174
971,7,seven,english,7,10,4,lang-english_speaker-10_trial-4_digit-7.flac,female,25,160
972,11,eins,german,1,7,5,lang-german_speaker-07_trial-5_digit-1.flac,male,56,175
973,0,zero,english,0,10,5,lang-english_speaker-10_trial-5_digit-0.flac,female,25,160
974,4,four,english,4,6,2,lang-english_speaker-06_trial-2_digit-4.flac,female,35,163
975,2,two,english,2,3,2,lang-english_speaker-03_trial-2_digit-2.flac,female,23,174
976,7,seven,english,7,11,5,lang-english_speaker-11_trial-5_digit-7.flac,female,31,163
977,15,fuenf,german,5,2,6,lang-german_speaker-02_trial-6_digit-5.flac,female,23,158
978,7,seven,english,7,2,6,lang-english_speaker-02_trial-6_digit-7.flac,female,23,158
979,12,zwei,german,2,3,3,lang-german_speaker-03_trial-3_digit-2.flac,female,23,174
980,5,five,english,5,8,3,lang-english_speaker-08_trial-3_digit-5.flac,male,21,182
981,10,null,german,0,0,5,lang-german_speaker-00_trial-5_digit-0.flac,male,24,180
982,19,neun,german,9,2,6,lang-german_speaker-02_trial-6_digit-9.flac,female,23,158
983,8,eight,english,8,1,4,lang-english_speaker-01_trial-4_digit-8.flac,male,22,195
984,5,five,english,5,0,7,lang-english_speaker-00_trial-7_digit-5.flac,male,24,180
985,0,zero,english,0,0,8,lang-english_speaker-00_trial-8_digit-0.flac,male,24,180
986,16,sechs,german,6,11,10,lang-german_speaker-11_trial-10_digit-6.flac,female,31,163
987,14,vier,german,4,11,10,lang-german_speaker-11_trial-10_digit-4.flac,female,31,163
988,3,three,english,3,3,2,lang-english_speaker-03_trial-2_digit-3.flac,female,23,174
989,7,seven,english,7,11,5,lang-english_speaker-11_trial-5_digit-7.flac,female,31,163
990,3,three,english,3,1,4,lang-english_speaker-01_trial-4_digit-3.flac,male,22,195
991,19,neun,german,9,11,10,lang-german_speaker-11_trial-10_digit-9.flac,female,31,163
992,14,vier,german,4,9,6,lang-german_speaker-09_trial-6_digit-4.flac,male,32,183
993,18,acht,german,8,7,5,lang-german_speaker-07_trial-5_digit-8.flac,male,56,175
994,12,zwei,german,2,10,3,lang-german_speaker-10_trial-3_digit-2.flac,female,25,160
995,2,two,english,2,9,5,lang-english_speaker-09_trial-5_digit-2.flac,male,32,183
996,14,vier,german,4,7,5,lang-german_speaker-07_trial-5_digit-4.flac,male,56,175
997,2,two,english,2,0,8,lang-english_speaker-00_trial-8_digit-2.flac,male,24,180
998,15,fuenf,german,5,0,5,lang-german_speaker-00_trial-5_digit-5.flac,male,24,180
999,15,fuenf,german,5,9,6,lang-german_speaker-09_trial-6_digit-5.flac,male,32,183
1000,4,four,english,4,8,3,lang-english_speaker-08_trial-3_digit-4.flac,male,21,182
1001,2,two,english,2,2,6,lang-english_speaker-02_trial-6_digit-2.flac,female,23,158
1002,7,seven,english,7,0,8,lang-english_speaker-00_trial-8_digit-7.flac,male,24,180
1003,11,eins,german,1,11,11,lang-german_speaker-11_trial-11_digit-1.flac,female,31,163
1004,9,nine,english,9,9,5,lang-english_speaker-09_trial-5_digit-9.flac,male,32,183
1005,8,eight,english,8,0,8,lang-english_speaker-00_trial-8_digit-8.flac,male,24,180
1006,16,sechs,german,6,2,6,lang-german_speaker-02_trial-6_digit-6.flac,female,23,158
1007,10,null,german,0,0,5,lang-german_speaker-00_trial-5_digit-0.flac,male,24,180
1008,19,neun,german,9,8,4,lang-german_speaker-08_trial-4_digit-9.flac,male,21,182
1009,13,drei,german,3,0,5,lang-german_speaker-00_trial-5_digit-3.flac,male,24,180
1010,18,acht,german,8,7,5,lang-german_speaker-07_trial-5_digit-8.flac,male,56,175
1011,16,sechs,german,6,3,3,lang-german_speaker-03_trial-3_digit-6.flac,female,23,174
1012,9,nine,english,9,3,2,lang-english_speaker-03_trial-2_digit-9.flac,female,23,174
1013,7,seven,english,7,9,5,lang-english_speaker-09_trial-5_digit-7.flac,male,32,183
1014,17,sieben,german,7,10,3,lang-german_speaker-10_trial-3_digit-7.flac,female,25,160
1015,10,null,german,0,0,5,lang-german_speaker-00_trial-5_digit-0.flac,male,24,180
1016,12,zwei,german,2,0,5,lang-german_speaker-00_trial-5_digit-2.flac,male,24,180
1017,5,five,english,5,0,8,lang-english_speaker-00_trial-8_digit-5.flac,male,24,180
1018,8,eight,english,8,1,4,lang-english_speaker-01_trial-4_digit-8.flac,male,22,195
1019,19,neun,german,9,3,3,lang-german_speaker-03_trial-3_digit-9.flac,female,23,174
1020,12,zwei,german,2,2,6,lang-german_speaker-02_trial-6_digit-2.flac,female,23,158
1021,1,one,english,1,3,3,lang-english_speaker-03_trial-3_digit-1.flac,female,23,174
1022,17,sieben,german,7,0,5,lang-german_speaker-00_trial-5_digit-7.flac,male,24,180
1023,3,three,english,3,2,6,lang-english_speaker-02_trial-6_digit-3.flac,female,23,158
1024,4,four,english,4,1,4,lang-english_speaker-01_trial-4_digit-4.flac,male,22,195
1025,3,three,english,3,10,5,lang-english_speaker-10_trial-5_digit-3.flac,female,25,160
1026,3,three,english,3,7,3,lang-english_speaker-07_trial-3_digit-3.flac,male,56,175
1027,0,zero,english,0,1,5,lang-english_speaker-01_trial-5_digit-0.flac,male,22,195
1028,0,zero,english,0,0,9,lang-english_speaker-00_trial-9_digit-0.flac,male,24,180
1029,13,drei,german,3,0,5,lang-german_speaker-00_trial-5_digit-3.flac,male,24,180
1030,4,four,english,4,7,3,lang-english_speaker-07_trial-3_digit-4.flac,male,56,175
1031,9,nine,english,9,0,9,lang-english_speaker-00_trial-9_digit-9.flac,male,24,180
1032,16,sechs,german,6,2,6,lang-german_speaker-02_trial-6_digit-6.flac,female,23,158
1033,8,eight,english,8,8,3,lang-english_speaker-08_trial-3_digit-8.flac,male,21,182
1034,2,two,english,2,0,9,lang-english_speaker-00_trial-9_digit-2.flac,male,24,180
1035,0,zero,english,0,6,3,lang-english_speaker-06_trial-3_digit-0.flac,female,35,163
1036,13,drei,german,3,0,5,lang-german_speaker-00_trial-5_digit-3.flac,male,24,180
1037,15,fuenf,german,5,3,3,lang-german_speaker-03_trial-3_digit-5.flac,female,23,174
1038,7,seven,english,7,9,5,lang-english_speaker-09_trial-5_digit-7.flac,male,32,183
1039,18,acht,german,8,10,3,lang-german_speaker-10_trial-3_digit-8.flac,female,25,160
1040,5,five,english,5,6,3,lang-english_speaker-06_trial-3_digit-5.flac,female,35,163
1041,1,one,english,1,2,7,lang-english_speaker-02_trial-7_digit-1.flac,female,23,158
1042,4,four,english,4,1,5,lang-english_speaker-01_trial-5_digit-4.flac,male,22,195
1043,5,five,english,5,2,7,lang-english_speaker-02_trial-7_digit-5.flac,female,23,158
1044,16,sechs,german,6,8,4,lang-german_speaker-08_trial-4_digit-6.flac,male,21,182
1045,7,seven,english,7,2,7,lang-english_speaker-02_trial-7_digit-7.flac,female,23,158
1046,15,fuenf,german,5,7,5,lang-german_speaker-07_trial-5_digit-5.flac,male,56,175
1047,1,one,english,1,11,5,lang-english_speaker-11_trial-5_digit-1.flac,female,31,163
1048,12,zwei,german,2,3,3,lang-german_speaker-03_trial-3_digit-2.flac,female,23,174
1049,16,sechs,german,6,3,3,lang-german_speaker-03_trial-3_digit-6.flac,female,23,174
1050,17,sieben,german,7,9,6,lang-german_speaker-09_trial-6_digit-7.flac,male,32,183
1051,16,sechs,german,6,0,5,lang-german_speaker-00_trial-5_digit-6.flac,male,24,180
1052,19,neun,german,9,1,6,lang-german_speaker-01_trial-6_digit-9.flac,male,22,195
1053,14,vier,german,4,3,3,lang-german_speaker-03_trial-3_digit-4.flac,female,23,174
1054,10,null,german,0,2,7,lang-german_speaker-02_trial-7_digit-0.flac,female,23,158
1055,7,seven,english,7,11,5,lang-english_speaker-11_trial-5_digit-7.flac,female,31,163
1056,12,zwei,german,2,3,3,lang-german_speaker-03_trial-3_digit-2.flac,female,23,174
1057,8,eight,english,8,8,3,lang-english_speaker-08_trial-3_digit-8.flac,male,21,182
1058,7,seven,english,7,0,9,lang-english_speaker-00_trial-9_digit-7.flac,male,24,180
1059,5,five,english,5,8,3,lang-english_speaker-08_trial-3_digit-5.flac,male,21,182
1060,11,eins,german,1,10,4,lang-german_speaker-10_trial-4_digit-1.flac,female,25,160
1061,8,eight,english,8,0,9,lang-english_speaker-00_trial-9_digit-8.flac,male,24,180
1062,6,six,english,6,10,5,lang-english_speaker-10_trial-5_digit-6.flac,female,25,160
1063,16,sechs,german,6,0,5,lang-german_speaker-00_trial-5_digit-6.flac,male,24,180
1064,0,zero,english,0,8,4,lang-english_speaker-08_trial-4_digit-0.flac,male,21,182
1065,14,vier,german,4,3,3,lang-german_speaker-03_trial-3_digit-4.flac,female,23,174
1066,10,null,german,0,11,11,lang-german_speaker-11_trial-11_digit-0.flac,female,31,163
1067,18,acht,german,8,1,6,lang-german_speaker-01_trial-6_digit-8.flac,male,22,195
1068,16,sechs,german,6,3,3,lang-german_speaker-03_trial-3_digit-6.flac,female,23,174
1069,14,vier,german,4,10,4,lang-german_speaker-10_trial-4_digit-4.flac,female,25,160
1070,2,two,english,2,7,3,lang-english_speaker-07_trial-3_digit-2.flac,male,56,175
1071,18,acht,german,8,9,6,lang-german_speaker-09_trial-6_digit-8.flac,male,32,183
1072,13,drei,german,3,11,11,lang-german_speaker-11_trial-11_digit-3.flac,female,31,163
1073,3,three,english,3,0,9,lang-english_speaker-00_trial-9_digit-3.flac,male,24,180
1074,12,zwei,german,2,0,5,lang-german_speaker-00_trial-5_digit-2.flac,male,24,180
1075,2,two,english,2,8,4,lang-english_speaker-08_trial-4_digit-2.flac,male,21,182
1076,3,three,english,3,2,7,lang-english_speaker-02_trial-7_digit-3.flac,female,23,158
1077,16,sechs,german,6,2,7,lang-german_speaker-02_trial-7_digit-6.flac,female,23,158
1078,4,four,english,4,2,7,lang-english_speaker-02_trial-7_digit-4.flac,female,23,158
1079,3,three,english,3,9,5,lang-english_speaker-09_trial-5_digit-3.flac,male,32,183
1080,15,fuenf,german,5,7,5,lang-german_speaker-07_trial-5_digit-5.flac,male,56,175
1081,14,vier,german,4,0,5,lang-german_speaker-00_trial-5_digit-4.flac,male,24,180
1082,2,two,english,2,8,4,lang-english_speaker-08_trial-4_digit-2.flac,male,21,182
1083,19,neun,german,9,1,6,lang-german_speaker-01_trial-6_digit-9.flac,male,22,195
1084,12,zwei,german,2,10,4,lang-german_speaker-10_trial-4_digit-2.flac,female,25,160
1085,10,null,german,0,8,5,lang-german_speaker-08_trial-5_digit-0.flac,male,21,182
1086,2,two,english,2,2,7,lang-english_speaker-02_trial-7_digit-2.flac,female,23,158
1087,14,vier,german,4,8,5,lang-german_speaker-08_trial-5_digit-4.flac,male,21,182
1088,8,eight,english,8,2,7,lang-english_speaker-02_trial-7_digit-8.flac,female,23,158
1089,18,acht,german,8,0,5,lang-german_speaker-00_trial-5_digit-8.flac,male,24,180
1090,8,eight,english,8,2,7,lang-english_speaker-02_trial-7_digit-8.flac,female,23,158
1091,6,six,english,6,10,5,lang-english_speaker-10_trial-5_digit-6.flac,female,25,160
1092,4,four,english,4,2,7,lang-english_speaker-02_trial-7_digit-4.flac,female,23,158
1093,17,sieben,german,7,11,11,lang-german_speaker-11_trial-11_digit-7.flac,female,31,163
1094,17,sieben,german,7,9,6,lang-german_speaker-09_trial-6_digit-7.flac,male,32,183
1095,18,acht,german,8,7,5,lang-german_speaker-07_trial-5_digit-8.flac,male,56,175
1096,4,four,english,4,2,7,lang-english_speaker-02_trial-7_digit-4.flac,female,23,158
1097,0,zero,english,0,9,6,lang-english_speaker-09_trial-6_digit-0.flac,male,32,183
1098,13,drei,german,3,11,11,lang-german_speaker-11_trial-11_digit-3.flac,female,31,163
1099,17,sieben,german,7,0,5,lang-german_speaker-00_trial-5_digit-7.flac,male,24,180
1100,2,two,english,2,0,9,lang-english_speaker-00_trial-9_digit-2.flac,male,24,180
1101,8,eight,english,8,7,3,lang-english_speaker-07_trial-3_digit-8.flac,male,56,175
1102,10,null,german,0,8,5,lang-german_speaker-08_trial-5_digit-0.flac,male,21,182
1103,4,four,english,4,11,5,lang-english_speaker-11_trial-5_digit-4.flac,female,31,163
1104,5,five,english,5,1,5,lang-english_speaker-01_trial-5_digit-5.flac,male,22,195
1105,16,sechs,german,6,8,5,lang-german_speaker-08_trial-5_digit-6.flac,male,21,182
1106,3,three,english,3,10,5,lang-english_speaker-10_trial-5_digit-3.flac,female,25,160
1107,6,six,english,6,11,5,lang-english_speaker-11_trial-5_digit-6.flac,female,31,163
1108,5,five,english,5,2,7,lang-english_speaker-02_trial-7_digit-5.flac,female,23,158
1109,7,seven,english,7,3,3,lang-english_speaker-03_trial-3_digit-7.flac,female,23,174
1110,8,eight,english,8,7,3,lang-english_speaker-07_trial-3_digit-8.flac,male,56,175
1111,7,seven,english,7,2,7,lang-english_speaker-02_trial-7_digit-7.flac,female,23,158
1112,17,sieben,german,7,3,3,lang-german_speaker-03_trial-3_digit-7.flac,female,23,174
1113,8,eight,english,8,11,5,lang-english_speaker-11_trial-5_digit-8.flac,female,31,163
1114,3,three,english,3,9,6,lang-english_speaker-09_trial-6_digit-3.flac,male,32,183
1115,9,nine,english,9,7,3,lang-english_speaker-07_trial-3_digit-9.flac,male,56,175
1116,3,three,english,3,7,3,lang-english_speaker-07_trial-3_digit-3.flac,male,56,175
1117,8,eight,english,8,7,3,lang-english_speaker-07_trial-3_digit-8.flac,male,56,175
1118,7,seven,english,7,6,3,lang-english_speaker-06_trial-3_digit-7.flac,female,35,163
1119,17,sieben,german,7,0,5,lang-german_speaker-00_trial-5_digit-7.flac,male,24,180
1120,2,two,english,2,10,5,lang-english_speaker-10_trial-5_digit-2.flac,female,25,160
1121,14,vier,german,4,9,6,lang-german_speaker-09_trial-6_digit-4.flac,male,32,183
1122,19,neun,german,9,3,3,lang-german_speaker-03_trial-3_digit-9.flac,female,23,174
1123,0,zero,english,0,9,6,lang-english_speaker-09_trial-6_digit-0.flac,male,32,183
1124,4,four,english,4,0,9,lang-english_speaker-00_trial-9_digit-4.flac,male,24,180
1125,1,one,english,1,11,5,lang-english_speaker-11_trial-5_digit-1.flac,female,31,163
1126,12,zwei,german,2,9,6,lang-german_speaker-09_trial-6_digit-2.flac,male,32,183
1127,3,three,english,3,8,4,lang-english_speaker-08_trial-4_digit-3.flac,male,21,182
1128,8,eight,english,8,11,5,lang-english_speaker-11_trial-5_digit-8.flac,female,31,163
1129,0,zero,english,0,11,6,lang-english_speaker-11_trial-6_digit-0.flac,female,31,163
1130,15,fuenf,german,5,1,6,lang-german_speaker-01_trial-6_digit-5.flac,male,22,195
1131,11,eins,german,1,2,7,lang-german_speaker-02_trial-7_digit-1.flac,female,23,158
1132,2,two,english,2,10,5,lang-english_speaker-10_trial-5_digit-2.flac,female,25,160
1133,5,five,english,5,7,3,lang-english_speaker-07_trial-3_digit-5.flac,male,56,175
1134,9,nine,english,9,11,6,lang-english_speaker-11_trial-6_digit-9.flac,female,31,163
1135,9,nine,english,9,1,5,lang-english_speaker-01_trial-5_digit-9.flac,male,22,195
1136,9,nine,english,9,10,5,lang-english_speaker-10_trial-5_digit-9.flac,female,25,160
1137,11,eins,german,1,3,4,lang-german_speaker-03_trial-4_digit-1.flac,female,23,174
1138,7,seven,english,7,3,3,lang-english_speaker-03_trial-3_digit-7.flac,female,23,174
1139,19,neun,german,9,2,7,lang-german_speaker-02_trial-7_digit-9.flac,female,23,158
1140,19,neun,german,9,11,11,lang-german_speaker-11_trial-11_digit-9.flac,female,31,163
1141,5,five,english,5,6,3,lang-english_speaker-06_trial-3_digit-5.flac,female,35,163
1142,13,drei,german,3,0,5,lang-german_speaker-00_trial-5_digit-3.flac,male,24,180
1143,14,vier,german,4,3,4,lang-german_speaker-03_trial-4_digit-4.flac,female,23,174
1144,6,six,english,6,6,3,lang-english_speaker-06_trial-3_digit-6.flac,female,35,163
1145,8,eight,english,8,9,6,lang-english_speaker-09_trial-6_digit-8.flac,male,32,183
1146,19,neun,german,9,0,5,lang-german_speaker-00_trial-5_digit-9.flac,male,24,180
1147,11,eins,german,1,3,4,lang-german_speaker-03_trial-4_digit-1.flac,female,23,174
1148,4,four,english,4,8,4,lang-english_speaker-08_trial-4_digit-4.flac,male,21,182
1149,7,seven,english,7,3,3,lang-english_speaker-03_trial-3_digit-7.flac,female,23,174
1150,19,neun,german,9,3,4,lang-german_speaker-03_trial-4_digit-9.flac,female,23,174
1151,1,one,english,1,11,7,lang-english_speaker-11_trial-7_digit-1.flac,female,31,163
1152,2,two,english,2,1,5,lang-english_speaker-01_trial-5_digit-2.flac,male,22,195
1153,3,three,english,3,1,5,lang-english_speaker-01_trial-5_digit-3.flac,male,22,195
1154,14,vier,german,4,11,11,lang-german_speaker-11_trial-11_digit-4.flac,female,31,163
1155,3,three,english,3,10,5,lang-english_speaker-10_trial-5_digit-3.flac,female,25,160
1156,7,seven,english,7,8,4,lang-english_speaker-08_trial-4_digit-7.flac,male,21,182
1157,15,fuenf,german,5,11,11,lang-german_speaker-11_trial-11_digit-5.flac,female,31,163
1158,8,eight,english,8,0,9,lang-english_speaker-00_trial-9_digit-8.flac,male,24,180
1159,10,null,german,0,8,5,lang-german_speaker-08_trial-5_digit-0.flac,male,21,182
1160,15,fuenf,german,5,8,5,lang-german_speaker-08_trial-5_digit-5.flac,male,21,182
1161,4,four,english,4,10,5,lang-english_speaker-10_trial-5_digit-4.flac,female,25,160
1162,6,six,english,6,7,3,lang-english_speaker-07_trial-3_digit-6.flac,male,56,175
1163,13,drei,german,3,11,11,lang-german_speaker-11_trial-11_digit-3.flac,female,31,163
1164,19,neun,german,9,11,11,lang-german_speaker-11_trial-11_digit-9.flac,female,31,163
1165,6,six,english,6,2,7,lang-english_speaker-02_trial-7_digit-6.flac,female,23,158
1166,16,sechs,german,6,7,5,lang-german_speaker-07_trial-5_digit-6.flac,male,56,175
1167,12,zwei,german,2,0,5,lang-german_speaker-00_trial-5_digit-2.flac,male,24,180
1168,4,four,english,4,7,3,lang-english_speaker-07_trial-3_digit-4.flac,male,56,175
1169,7,seven,english,7,11,7,lang-english_speaker-11_trial-7_digit-7.flac,female,31,163
1170,0,zero,english,0,1,6,lang-english_speaker-01_trial-6_digit-0.flac,male,22,195
1171,0,zero,english,0,1,6,lang-english_speaker-01_trial-6_digit-0.flac,male,22,195
1172,8,eight,english,8,1,6,lang-english_speaker-01_trial-6_digit-8.flac,male,22,195
1173,16,sechs,german,6,1,6,lang-german_speaker-01_trial-6_digit-6.flac,male,22,195
1174,10,null,german,0,11,12,lang-german_speaker-11_trial-12_digit-0.flac,female,31,163
1175,13,drei,german,3,0,5,lang-german_speaker-00_trial-5_digit-3.flac,male,24,180
1176,7,seven,english,7,9,6,lang-english_speaker-09_trial-6_digit-7.flac,male,32,183
1177,7,seven,english,7,2,7,lang-english_speaker-02_trial-7_digit-7.flac,female,23,158
1178,11,eins,german,1,0,6,lang-german_speaker-00_trial-6_digit-1.flac,male,24,180
1179,11,eins,german,1,1,7,lang-german_speaker-01_trial-7_digit-1.flac,male,22,195
1180,8,eight,english,8,0,9,lang-english_speaker-00_trial-9_digit-8.flac,male,24,180
1181,6,six,english,6,7,3,lang-english_speaker-07_trial-3_digit-6.flac,male,56,175
1182,13,drei,german,3,3,4,lang-german_speaker-03_trial-4_digit-3.flac,female,23,174
1183,8,eight,english,8,9,6,lang-english_speaker-09_trial-6_digit-8.flac,male,32,183
1184,8,eight,english,8,10,5,lang-english_speaker-10_trial-5_digit-8.flac,female,25,160
1185,8,eight,english,8,3,3,lang-english_speaker-03_trial-3_digit-8.flac,female,23,174
1186,2,two,english,2,2,7,lang-english_speaker-02_trial-7_digit-2.flac,female,23,158
1187,18,acht,german,8,9,6,lang-german_speaker-09_trial-6_digit-8.flac,male,32,183
1188,19,neun,german,9,0,6,lang-german_speaker-00_trial-6_digit-9.flac,male,24,180
1189,3,three,english,3,2,7,lang-english_speaker-02_trial-7_digit-3.flac,female,23,158
1190,7,seven,english,7,2,7,lang-english_speaker-02_trial-7_digit-7.flac,female,23,158
1191,12,zwei,german,2,2,7,lang-german_speaker-02_trial-7_digit-2.flac,female,23,158
1192,7,seven,english,7,8,4,lang-english_speaker-08_trial-4_digit-7.flac,male,21,182
1193,3,three,english,3,9,6,lang-english_speaker-09_trial-6_digit-3.flac,male,32,183
1194,15,fuenf,german,5,3,4,lang-german_speaker-03_trial-4_digit-5.flac,female,23,174
1195,7,seven,english,7,9,6,lang-english_speaker-09_trial-6_digit-7.flac,male,32,183
1196,8,eight,english,8,10,5,lang-english_speaker-10_trial-5_digit-8.flac,female,25,160
1197,11,eins,german,1,3,5,lang-german_speaker-03_trial-5_digit-1.flac,female,23,174
1198,8,eight,english,8,9,6,lang-english_speaker-09_trial-6_digit-8.flac,male,32,183
1199,12,zwei,german,2,10,4,lang-german_speaker-10_trial-4_digit-2.flac,female,25,160
1200,13,drei,german,3,6,2,lang-german_speaker-06_trial-2_digit-3.flac,female,35,163
1201,19,neun,german,9,1,7,lang-german_speaker-01_trial-7_digit-9.flac,male,22,195
1202,3,three,english,3,6,3,lang-english_speaker-06_trial-3_digit-3.flac,female,35,163
1203,3,three,english,3,2,7,lang-english_speaker-02_trial-7_digit-3.flac,female,23,158
1204,6,six,english,6,11,7,lang-english_speaker-11_trial-7_digit-6.flac,female,31,163
1205,14,vier,german,4,6,2,lang-german_speaker-06_trial-2_digit-4.flac,female,35,163
1206,13,drei,german,3,10,4,lang-german_speaker-10_trial-4_digit-3.flac,female,25,160
1207,16,sechs,german,6,0,6,lang-german_speaker-00_trial-6_digit-6.flac,male,24,180
1208,6,six,english,6,10,5,lang-english_speaker-10_trial-5_digit-6.flac,female,25,160
1209,2,two,english,2,1,6,lang-english_speaker-01_trial-6_digit-2.flac,male,22,195
1210,1,one,english,1,7,4,lang-english_speaker-07_trial-4_digit-1.flac,male,56,175
1211,1,one,english,1,3,3,lang-english_speaker-03_trial-3_digit-1.flac,female,23,174
1212,12,zwei,german,2,11,12,lang-german_speaker-11_trial-12_digit-2.flac,female,31,163
1213,1,one,english,1,10,6,lang-english_speaker-10_trial-6_digit-1.flac,female,25,160
1214,3,three,english,3,1,6,lang-english_speaker-01_trial-6_digit-3.flac,male,22,195
1215,10,null,german,0,3,5,lang-german_speaker-03_trial-5_digit-0.flac,female,23,174
1216,4,four,english,4,8,4,lang-english_speaker-08_trial-4_digit-4.flac,male,21,182
1217,3,three,english,3,2,7,lang-english_speaker-02_trial-7_digit-3.flac,female,23,158
1218,10,null,german,0,2,8,lang-german_speaker-02_trial-8_digit-0.flac,female,23,158
1219,2,two,english,2,10,6,lang-english_speaker-10_trial-6_digit-2.flac,female,25,160
1220,2,two,english,2,2,7,lang-english_speaker-02_trial-7_digit-2.flac,female,23,158
1221,0,zero,english,0,6,4,lang-english_speaker-06_trial-4_digit-0.flac,female,35,163
1222,16,sechs,german,6,3,5,lang-german_speaker-03_trial-5_digit-6.flac,female,23,174
1223,15,fuenf,german,5,3,5,lang-german_speaker-03_trial-5_digit-5.flac,female,23,174
1224,17,sieben,german,7,3,5,lang-german_speaker-03_trial-5_digit-7.flac,female,23,174
1225,13,drei,german,3,9,6,lang-german_speaker-09_trial-6_digit-3.flac,male,32,183
1226,18,acht,german,8,0,6,lang-german_speaker-00_trial-6_digit-8.flac,male,24,180
1227,19,neun,german,9,9,6,lang-german_speaker-09_trial-6_digit-9.flac,male,32,183
1228,7,seven,english,7,11,7,lang-english_speaker-11_trial-7_digit-7.flac,female,31,163
1229,4,four,english,4,9,6,lang-english_speaker-09_trial-6_digit-4.flac,male,32,183
1230,2,two,english,2,10,6,lang-english_speaker-10_trial-6_digit-2.flac,female,25,160
1231,3,three,english,3,1,6,lang-english_speaker-01_trial-6_digit-3.flac,male,22,195
1232,7,seven,english,7,11,7,lang-english_speaker-11_trial-7_digit-7.flac,female,31,163
1233,14,vier,german,4,9,6,lang-german_speaker-09_trial-6_digit-4.flac,male,32,183
1234,1,one,english,1,8,4,lang-english_speaker-08_trial-4_digit-1.flac,male,21,182
1235,6,six,english,6,2,7,lang-english_speaker-02_trial-7_digit-6.flac,female,23,158
1236,10,null,german,0,10,4,lang-german_speaker-10_trial-4_digit-0.flac,female,25,160
1237,8,eight,english,8,3,3,lang-english_speaker-03_trial-3_digit-8.flac,female,23,174
1238,14,vier,german,4,7,5,lang-german_speaker-07_trial-5_digit-4.flac,male,56,175
1239,14,vier,german,4,8,5,lang-german_speaker-08_trial-5_digit-4.flac,male,21,182
1240,9,nine,english,9,3,3,lang-english_speaker-03_trial-3_digit-9.flac,female,23,174
1241,9,nine,english,9,11,7,lang-english_speaker-11_trial-7_digit-9.flac,female,31,163
1242,3,three,english,3,6,4,lang-english_speaker-06_trial-4_digit-3.flac,female,35,163
1243,15,fuenf,german,5,10,4,lang-german_speaker-10_trial-4_digit-5.flac,female,25,160
1244,8,eight,english,8,2,7,lang-english_speaker-02_trial-7_digit-8.flac,female,23,158
1245,11,eins,german,1,10,4,lang-german_speaker-10_trial-4_digit-1.flac,female,25,160
1246,5,five,english,5,0,9,lang-english_speaker-00_trial-9_digit-5.flac,male,24,180
1247,18,acht,german,8,1,7,lang-german_speaker-01_trial-7_digit-8.flac,male,22,195
1248,17,sieben,german,7,0,6,lang-german_speaker-00_trial-6_digit-7.flac,male,24,180
1249,17,sieben,german,7,1,7,lang-german_speaker-01_trial-7_digit-7.flac,male,22,195
1250,19,neun,german,9,2,8,lang-german_speaker-02_trial-8_digit-9.flac,female,23,158
1251,7,seven,english,7,7,4,lang-english_speaker-07_trial-4_digit-7.flac,male,56,175
1252,13,drei,german,3,11,12,lang-german_speaker-11_trial-12_digit-3.flac,female,31,163
1253,4,four,english,4,7,4,lang-english_speaker-07_trial-4_digit-4.flac,male,56,175
1254,9,nine,english,9,2,7,lang-english_speaker-02_trial-7_digit-9.flac,female,23,158
1255,2,two,english,2,10,6,lang-english_speaker-10_trial-6_digit-2.flac,female,25,160
1256,12,zwei,german,2,9,6,lang-german_speaker-09_trial-6_digit-2.flac,male,32,183
1257,14,vier,german,4,10,4,lang-german_speaker-10_trial-4_digit-4.flac,female,25,160
1258,14,vier,german,4,8,5,lang-german_speaker-08_trial-5_digit-4.flac,male,21,182
1259,11,eins,german,1,11,12,lang-german_speaker-11_trial-12_digit-1.flac,female,31,163
1260,0,zero,english,0,0,10,lang-english_speaker-00_trial-10_digit-0.flac,male,24,180
1261,17,sieben,german,7,7,5,lang-german_speaker-07_trial-5_digit-7.flac,male,56,175
1262,12,zwei,german,2,3,5,lang-german_speaker-03_trial-5_digit-2.flac,female,23,174
1263,10,null,german,0,2,9,lang-german_speaker-02_trial-9_digit-0.flac,female,23,158
1264,19,neun,german,9,10,4,lang-german_speaker-10_trial-4_digit-9.flac,female,25,160
1265,7,seven,english,7,10,6,lang-english_speaker-10_trial-6_digit-7.flac,female,25,160
1266,2,two,english,2,9,6,lang-english_speaker-09_trial-6_digit-2.flac,male,32,183
1267,4,four,english,4,6,4,lang-english_speaker-06_trial-4_digit-4.flac,female,35,163
1268,1,one,english,1,10,6,lang-english_speaker-10_trial-6_digit-1.flac,female,25,160
1269,4,four,english,4,8,4,lang-english_speaker-08_trial-4_digit-4.flac,male,21,182
1270,12,zwei,german,2,3,5,lang-german_speaker-03_trial-5_digit-2.flac,female,23,174
1271,19,neun,german,9,2,9,lang-german_speaker-02_trial-9_digit-9.flac,female,23,158
1272,6,six,english,6,8,4,lang-english_speaker-08_trial-4_digit-6.flac,male,21,182
1273,4,four,english,4,8,4,lang-english_speaker-08_trial-4_digit-4.flac,male,21,182
1274,10,null,german,0,11,12,lang-german_speaker-11_trial-12_digit-0.flac,female,31,163
1275,12,zwei,german,2,9,6,lang-german_speaker-09_trial-6_digit-2.flac,male,32,183
1276,17,sieben,german,7,2,9,lang-german_speaker-02_trial-9_digit-7.flac,female,23,158
1277,18,acht,german,8,1,7,lang-german_speaker-01_trial-7_digit-8.flac,male,22,195
1278,13,drei,german,3,9,6,lang-german_speaker-09_trial-6_digit-3.flac,male,32,183
1279,18,acht,german,8,1,7,lang-german_speaker-01_trial-7_digit-8.flac,male,22,195
1280,7,seven,english,7,0,10,lang-english_speaker-00_trial-10_digit-7.flac,male,24,180
1281,11,eins,german,1,0,7,lang-german_speaker-00_trial-7_digit-1.flac,male,24,180
1282,18,acht,german,8,9,6,lang-german_speaker-09_trial-6_digit-8.flac,male,32,183
1283,4,four,english,4,9,6,lang-english_speaker-09_trial-6_digit-4.flac,male,32,183
1284,16,sechs,german,6,7,5,lang-german_speaker-07_trial-5_digit-6.flac,male,56,175
1285,11,eins,german,1,8,5,lang-german_speaker-08_trial-5_digit-1.flac,male,21,182
1286,14,vier,german,4,10,4,lang-german_speaker-10_trial-4_digit-4.flac,female,25,160
1287,6,six,english,6,3,3,lang-english_speaker-03_trial-3_digit-6.flac,female,23,174
1288,4,four,english,4,7,4,lang-english_speaker-07_trial-4_digit-4.flac,male,56,175
1289,14,vier,german,4,1,7,lang-german_speaker-01_trial-7_digit-4.flac,male,22,195
1290,4,four,english,4,10,6,lang-english_speaker-10_trial-6_digit-4.flac,female,25,160
1291,5,five,english,5,9,6,lang-english_speaker-09_trial-6_digit-5.flac,male,32,183
1292,18,acht,german,8,0,7,lang-german_speaker-00_trial-7_digit-8.flac,male,24,180
1293,19,neun,german,9,11,12,lang-german_speaker-11_trial-12_digit-9.flac,female,31,163
1294,2,two,english,2,0,10,lang-english_speaker-00_trial-10_digit-2.flac,male,24,180
1295,16,sechs,german,6,8,5,lang-german_speaker-08_trial-5_digit-6.flac,male,21,182
1296,15,fuenf,german,5,11,12,lang-german_speaker-11_trial-12_digit-5.flac,female,31,163
1297,17,sieben,german,7,6,2,lang-german_speaker-06_trial-2_digit-7.flac,female,35,163
1298,2,two,english,2,6,4,lang-english_speaker-06_trial-4_digit-2.flac,female,35,163
1299,7,seven,english,7,8,4,lang-english_speaker-08_trial-4_digit-7.flac,male,21,182
1300,19,neun,german,9,11,12,lang-german_speaker-11_trial-12_digit-9.flac,female,31,163
1301,4,four,english,4,6,4,lang-english_speaker-06_trial-4_digit-4.flac,female,35,163
1302,3,three,english,3,11,7,lang-english_speaker-11_trial-7_digit-3.flac,female,31,163
1303,4,four,english,4,1,6,lang-english_speaker-01_trial-6_digit-4.flac,male,22,195
1304,11,eins,german,1,0,7,lang-german_speaker-00_trial-7_digit-1.flac,male,24,180
1305,1,one,english,1,7,4,lang-english_speaker-07_trial-4_digit-1.flac,male,56,175
1306,6,six,english,6,0,10,lang-english_speaker-00_trial-10_digit-6.flac,male,24,180
1307,10,null,german,0,11,13,lang-german_speaker-11_trial-13_digit-0.flac,female,31,163
1308,16,sechs,german,6,11,13,lang-german_speaker-11_trial-13_digit-6.flac,female,31,163
1309,11,eins,german,1,10,5,lang-german_speaker-10_trial-5_digit-1.flac,female,25,160
1310,0,zero,english,0,2,8,lang-english_speaker-02_trial-8_digit-0.flac,female,23,158
1311,3,three,english,3,11,7,lang-english_speaker-11_trial-7_digit-3.flac,female,31,163
1312,17,sieben,german,7,10,5,lang-german_speaker-10_trial-5_digit-7.flac,female,25,160
1313,18,acht,german,8,7,5,lang-german_speaker-07_trial-5_digit-8.flac,male,56,175
1314,5,five,english,5,10,6,lang-english_speaker-10_trial-6_digit-5.flac,female,25,160
1315,13,drei,german,3,11,13,lang-german_speaker-11_trial-13_digit-3.flac,female,31,163
1316,18,acht,german,8,2,9,lang-german_speaker-02_trial-9_digit-8.flac,female,23,158
1317,14,vier,german,4,10,5,lang-german_speaker-10_trial-5_digit-4.flac,female,25,160
1318,9,nine,english,9,6,4,lang-english_speaker-06_trial-4_digit-9.flac,female,35,163
1319,9,nine,english,9,3,3,lang-english_speaker-03_trial-3_digit-9.flac,female,23,174
1320,11,eins,german,1,8,5,lang-german_speaker-08_trial-5_digit-1.flac,male,21,182
1321,13,drei,german,3,7,5,lang-german_speaker-07_trial-5_digit-3.flac,male,56,175
1322,3,three,english,3,10,6,lang-english_speaker-10_trial-6_digit-3.flac,female,25,160
1323,15,fuenf,german,5,11,13,lang-german_speaker-11_trial-13_digit-5.flac,female,31,163
1324,2,two,english,2,8,4,lang-english_speaker-08_trial-4_digit-2.flac,male,21,182
1325,3,three,english,3,0,10,lang-english_speaker-00_trial-10_digit-3.flac,male,24,180
1326,16,sechs,german,6,10,5,lang-german_speaker-10_trial-5_digit-6.flac,female,25,160
1327,1,one,english,1,9,6,lang-english_speaker-09_trial-6_digit-1.flac,male,32,183
1328,1,one,english,1,10,6,lang-english_speaker-10_trial-6_digit-1.flac,female,25,160
1329,13,drei,german,3,0,7,lang-german_speaker-00_trial-7_digit-3.flac,male,24,180
1330,2,two,english,2,2,8,lang-english_speaker-02_trial-8_digit-2.flac,female,23,158
1331,13,drei,german,3,0,7,lang-german_speaker-00_trial-7_digit-3.flac,male,24,180
1332,19,neun,german,9,3,5,lang-german_speaker-03_trial-5_digit-9.flac,female,23,174
1333,13,drei,german,3,1,7,lang-german_speaker-01_trial-7_digit-3.flac,male,22,195
1334,11,eins,german,1,6,3,lang-german_speaker-06_trial-3_digit-1.flac,female,35,163
1335,5,five,english,5,0,10,lang-english_speaker-00_trial-10_digit-5.flac,male,24,180
1336,2,two,english,2,7,4,lang-english_speaker-07_trial-4_digit-2.flac,male,56,175
1337,6,six,english,6,9,6,lang-english_speaker-09_trial-6_digit-6.flac,male,32,183
1338,8,eight,english,8,2,8,lang-english_speaker-02_trial-8_digit-8.flac,female,23,158
1339,14,vier,german,4,7,5,lang-german_speaker-07_trial-5_digit-4.flac,male,56,175
1340,16,sechs,german,6,11,13,lang-german_speaker-11_trial-13_digit-6.flac,female,31,163
1341,7,seven,english,7,0,10,lang-english_speaker-00_trial-10_digit-7.flac,male,24,180
1342,7,seven,english,7,2,8,lang-english_speaker-02_trial-8_digit-7.flac,female,23,158
1343,5,five,english,5,7,4,lang-english_speaker-07_trial-4_digit-5.flac,male,56,175
1344,12,zwei,german,2,1,7,lang-german_speaker-01_trial-7_digit-2.flac,male,22,195
1345,1,one,english,1,2,8,lang-english_speaker-02_trial-8_digit-1.flac,female,23,158
1346,10,null,german,0,11,13,lang-german_speaker-11_trial-13_digit-0.flac,female,31,163
1347,12,zwei,german,2,8,5,lang-german_speaker-08_trial-5_digit-2.flac,male,21,182
1348,5,five,english,5,3,3,lang-english_speaker-03_trial-3_digit-5.flac,female,23,174
1349,8,eight,english,8,2,8,lang-english_speaker-02_trial-8_digit-8.flac,female,23,158
1350,6,six,english,6,8,4,lang-english_speaker-08_trial-4_digit-6.flac,male,21,182
1351,5,five,english,5,7,4,lang-english_speaker-07_trial-4_digit-5.flac,male,56,175
1352,14,vier,german,4,0,7,lang-german_speaker-00_trial-7_digit-4.flac,male,24,180
1353,12,zwei,german,2,11,13,lang-german_speaker-11_trial-13_digit-2.flac,female,31,163
1354,3,three,english,3,1,6,lang-english_speaker-01_trial-6_digit-3.flac,male,22,195
1355,18,acht,german,8,2,9,lang-german_speaker-02_trial-9_digit-8.flac,female,23,158
1356,15,fuenf,german,5,3,5,lang-german_speaker-03_trial-5_digit-5.flac,female,23,174
1357,13,drei,german,3,0,7,lang-german_speaker-00_trial-7_digit-3.flac,male,24,180
1358,10,null,german,0,10,6,lang-german_speaker-10_trial-6_digit-0.flac,female,25,160
1359,14,vier,german,4,0,7,lang-german_speaker-00_trial-7_digit-4.flac,male,24,180
1360,16,sechs,german,6,10,6,lang-german_speaker-10_trial-6_digit-6.flac,female,25,160
1361,13,drei,german,3,1,7,lang-german_speaker-01_trial-7_digit-3.flac,male,22,195
1362,3,three,english,3,2,8,lang-english_speaker-02_trial-8_digit-3.flac,female,23,158
1363,0,zero,english,0,10,7,lang-english_speaker-10_trial-7_digit-0.flac,female,25,160
1364,1,one,english,1,2,8,lang-english_speaker-02_trial-8_digit-1.flac,female,23,158
1365,9,nine,english,9,2,8,lang-english_speaker-02_trial-8_digit-9.flac,female,23,158
1366,2,two,english,2,2,8,lang-english_speaker-02_trial-8_digit-2.flac,female,23,158
1367,0,zero,english,0,8,5,lang-english_speaker-08_trial-5_digit-0.flac,male,21,182
1368,7,seven,english,7,2,8,lang-english_speaker-02_trial-8_digit-7.flac,female,23,158
1369,5,five,english,5,3,3,lang-english_speaker-03_trial-3_digit-5.flac,female,23,174
1370,1,one,english,1,2,9,lang-english_speaker-02_trial-9_digit-1.flac,female,23,158
1371,7,seven,english,7,11,7,lang-english_speaker-11_trial-7_digit-7.flac,female,31,163
1372,10,null,german,0,7,6,lang-german_speaker-07_trial-6_digit-0.flac,male,56,175
1373,14,vier,german,4,6,3,lang-german_speaker-06_trial-3_digit-4.flac,female,35,163
1374,18,acht,german,8,10,6,lang-german_speaker-10_trial-6_digit-8.flac,female,25,160
1375,3,three,english,3,1,6,lang-english_speaker-01_trial-6_digit-3.flac,male,22,195
1376,14,vier,german,4,9,6,lang-german_speaker-09_trial-6_digit-4.flac,male,32,183
1377,17,sieben,german,7,9,6,lang-german_speaker-09_trial-6_digit-7.flac,male,32,183
1378,11,eins,german,1,2,10,lang-german_speaker-02_trial-10_digit-1.flac,female,23,158
1379,5,five,english,5,2,9,lang-english_speaker-02_trial-9_digit-5.flac,female,23,158
1380,2,two,english,2,3,3,lang-english_speaker-03_trial-3_digit-2.flac,female,23,174
1381,5,five,english,5,9,6,lang-english_speaker-09_trial-6_digit-5.flac,male,32,183
1382,10,null,german,0,0,8,lang-german_speaker-00_trial-8_digit-0.flac,male,24,180
1383,14,vier,german,4,1,7,lang-german_speaker-01_trial-7_digit-4.flac,male,22,195
1384,11,eins,german,1,11,13,lang-german_speaker-11_trial-13_digit-1.flac,female,31,163
1385,0,zero,english,0,11,8,lang-english_speaker-11_trial-8_digit-0.flac,female,31,163
1386,10,null,german,0,1,8,lang-german_speaker-01_trial-8_digit-0.flac,male,22,195
1387,19,neun,german,9,1,8,lang-german_speaker-01_trial-8_digit-9.flac,male,22,195
1388,3,three,english,3,11,8,lang-english_speaker-11_trial-8_digit-3.flac,female,31,163
1389,5,five,english,5,2,9,lang-english_speaker-02_trial-9_digit-5.flac,female,23,158
1390,2,two,english,2,2,9,lang-english_speaker-02_trial-9_digit-2.flac,female,23,158
1391,14,vier,german,4,0,8,lang-german_speaker-00_trial-8_digit-4.flac,male,24,180
1392,0,zero,english,0,9,7,lang-english_speaker-09_trial-7_digit-0.flac,male,32,183
1393,17,sieben,german,7,11,13,lang-german_speaker-11_trial-13_digit-7.flac,female,31,163
1394,11,eins,german,1,10,6,lang-german_speaker-10_trial-6_digit-1.flac,female,25,160
1395,2,two,english,2,2,9,lang-english_speaker-02_trial-9_digit-2.flac,female,23,158
1396,8,eight,english,8,11,8,lang-english_speaker-11_trial-8_digit-8.flac,female,31,163
1397,0,zero,english,0,9,7,lang-english_speaker-09_trial-7_digit-0.flac,male,32,183
1398,14,vier,german,4,3,5,lang-german_speaker-03_trial-5_digit-4.flac,female,23,174
1399,12,zwei,german,2,10,6,lang-german_speaker-10_trial-6_digit-2.flac,female,25,160
1400,14,vier,german,4,7,6,lang-german_speaker-07_trial-6_digit-4.flac,male,56,175
1401,2,two,english,2,8,5,lang-english_speaker-08_trial-5_digit-2.flac,male,21,182
1402,5,five,english,5,11,8,lang-english_speaker-11_trial-8_digit-5.flac,female,31,163
1403,12,zwei,german,2,11,13,lang-german_speaker-11_trial-13_digit-2.flac,female,31,163
1404,19,neun,german,9,0,8,lang-german_speaker-00_trial-8_digit-9.flac,male,24,180
1405,4,four,english,4,2,9,lang-english_speaker-02_trial-9_digit-4.flac,female,23,158
1406,1,one,english,1,10,7,lang-english_speaker-10_trial-7_digit-1.flac,female,25,160
1407,10,null,german,0,10,7,lang-german_speaker-10_trial-7_digit-0.flac,female,25,160
1408,0,zero,english,0,7,5,lang-english_speaker-07_trial-5_digit-0.flac,male,56,175
1409,4,four,english,4,11,8,lang-english_speaker-11_trial-8_digit-4.flac,female,31,163
1410,8,eight,english,8,0,10,lang-english_speaker-00_trial-10_digit-8.flac,male,24,180
1411,3,three,english,3,8,5,lang-english_speaker-08_trial-5_digit-3.flac,male,21,182
1412,6,six,english,6,11,8,lang-english_speaker-11_trial-8_digit-6.flac,female,31,163
1413,9,nine,english,9,6,4,lang-english_speaker-06_trial-4_digit-9.flac,female,35,163
1414,13,drei,german,3,2,10,lang-german_speaker-02_trial-10_digit-3.flac,female,23,158
1415,8,eight,english,8,10,7,lang-english_speaker-10_trial-7_digit-8.flac,female,25,160
1416,4,four,english,4,8,5,lang-english_speaker-08_trial-5_digit-4.flac,male,21,182
1417,19,neun,german,9,7,6,lang-german_speaker-07_trial-6_digit-9.flac,male,56,175
1418,15,fuenf,german,5,11,13,lang-german_speaker-11_trial-13_digit-5.flac,female,31,163
1419,5,five,english,5,9,7,lang-english_speaker-09_trial-7_digit-5.flac,male,32,183
1420,18,acht,german,8,11,13,lang-german_speaker-11_trial-13_digit-8.flac,female,31,163
1421,16,sechs,german,6,2,10,lang-german_speaker-02_trial-10_digit-6.flac,female,23,158
1422,13,drei,german,3,10,7,lang-german_speaker-10_trial-7_digit-3.flac,female,25,160
1423,11,eins,german,1,6,3,lang-german_speaker-06_trial-3_digit-1.flac,female,35,163
1424,17,sieben,german,7,10,7,lang-german_speaker-10_trial-7_digit-7.flac,female,25,160
1425,2,two,english,2,11,8,lang-english_speaker-11_trial-8_digit-2.flac,female,31,163
1426,0,zero,english,0,1,7,lang-english_speaker-01_trial-7_digit-0.flac,male,22,195
1427,17,sieben,german,7,0,8,lang-german_speaker-00_trial-8_digit-7.flac,male,24,180
1428,17,sieben,german,7,9,6,lang-german_speaker-09_trial-6_digit-7.flac,male,32,183
1429,12,zwei,german,2,8,5,lang-german_speaker-08_trial-5_digit-2.flac,male,21,182
1430,11,eins,german,1,8,5,lang-german_speaker-08_trial-5_digit-1.flac,male,21,182
1431,16,sechs,german,6,8,5,lang-german_speaker-08_trial-5_digit-6.flac,male,21,182
1432,7,seven,english,7,3,3,lang-english_speaker-03_trial-3_digit-7.flac,female,23,174
1433,8,eight,english,8,0,10,lang-english_speaker-00_trial-10_digit-8.flac,male,24,180
1434,19,neun,german,9,6,3,lang-german_speaker-06_trial-3_digit-9.flac,female,35,163
1435,18,acht,german,8,3,5,lang-german_speaker-03_trial-5_digit-8.flac,female,23,174
1436,10,null,german,0,0,9,lang-german_speaker-00_trial-9_digit-0.flac,male,24,180
1437,0,zero,english,0,7,5,lang-english_speaker-07_trial-5_digit-0.flac,male,56,175
1438,6,six,english,6,11,8,lang-english_speaker-11_trial-8_digit-6.flac,female,31,163
1439,1,one,english,1,6,5,lang-english_speaker-06_trial-5_digit-1.flac,female,35,163
1440,10,null,german,0,2,10,lang-german_speaker-02_trial-10_digit-0.flac,female,23,158
1441,13,drei,german,3,2,10,lang-german_speaker-02_trial-10_digit-3.flac,female,23,158
1442,18,acht,german,8,1,8,lang-german_speaker-01_trial-8_digit-8.flac,male,22,195
1443,11,eins,german,1,6,4,lang-german_speaker-06_trial-4_digit-1.flac,female,35,163
1444,14,vier,german,4,2,10,lang-german_speaker-02_trial-10_digit-4.flac,female,23,158
1445,9,nine,english,9,10,7,lang-english_speaker-10_trial-7_digit-9.flac,female,25,160
1446,15,fuenf,german,5,8,5,lang-german_speaker-08_trial-5_digit-5.flac,male,21,182
1447,12,zwei,german,2,2,10,lang-german_speaker-02_trial-10_digit-2.flac,female,23,158
1448,19,neun,german,9,11,13,lang-german_speaker-11_trial-13_digit-9.flac,female,31,163
1449,4,four,english,4,3,3,lang-english_speaker-03_trial-3_digit-4.flac,female,23,174
1450,9,nine,english,9,1,7,lang-english_speaker-01_trial-7_digit-9.flac,male,22,195
1451,1,one,english,1,10,8,lang-english_speaker-10_trial-8_digit-1.flac,female,25,160
1452,7,seven,english,7,2,9,lang-english_speaker-02_trial-9_digit-7.flac,female,23,158
1453,2,two,english,2,8,5,lang-english_speaker-08_trial-5_digit-2.flac,male,21,182
1454,5,five,english,5,2,9,lang-english_speaker-02_trial-9_digit-5.flac,female,23,158
1455,19,neun,german,9,3,5,lang-german_speaker-03_trial-5_digit-9.flac,female,23,174
1456,2,two,english,2,10,8,lang-english_speaker-10_trial-8_digit-2.flac,female,25,160
1457,1,one,english,1,8,5,lang-english_speaker-08_trial-5_digit-1.flac,male,21,182
1458,12,zwei,german,2,11,13,lang-german_speaker-11_trial-13_digit-2.flac,female,31,163
1459,9,nine,english,9,8,5,lang-english_speaker-08_trial-5_digit-9.flac,male,21,182
1460,10,null,german,0,6,4,lang-german_speaker-06_trial-4_digit-0.flac,female,35,163
1461,13,drei,german,3,2,10,lang-german_speaker-02_trial-10_digit-3.flac,female,23,158
1462,17,sieben,german,7,3,5,lang-german_speaker-03_trial-5_digit-7.flac,female,23,174
1463,13,drei,german,3,2,10,lang-german_speaker-02_trial-10_digit-3.flac,female,23,158
1464,5,five,english,5,2,9,lang-english_speaker-02_trial-9_digit-5.flac,female,23,158
1465,19,neun,german,9,10,7,lang-german_speaker-10_trial-7_digit-9.flac,female,25,160
1466,14,vier,german,4,0,9,lang-german_speaker-00_trial-9_digit-4.flac,male,24,180
1467,2,two,english,2,0,10,lang-english_speaker-00_trial-10_digit-2.flac,male,24,180
1468,15,fuenf,german,5,7,6,lang-german_speaker-07_trial-6_digit-5.flac,male,56,175
1469,7,seven,english,7,10,8,lang-english_speaker-10_trial-8_digit-7.flac,female,25,160
1470,17,sieben,german,7,1,8,lang-german_speaker-01_trial-8_digit-7.flac,male,22,195
1471,19,neun,german,9,6,4,lang-german_speaker-06_trial-4_digit-9.flac,female,35,163
1472,4,four,english,4,0,10,lang-english_speaker-00_trial-10_digit-4.flac,male,24,180
1473,16,sechs,german,6,11,13,lang-german_speaker-11_trial-13_digit-6.flac,female,31,163
1474,2,two,english,2,0,10,lang-english_speaker-00_trial-10_digit-2.flac,male,24,180
1475,9,nine,english,9,2,9,lang-english_speaker-02_trial-9_digit-9.flac,female,23,158
1476,3,three,english,3,9,7,lang-english_speaker-09_trial-7_digit-3.flac,male,32,183
1477,3,three,english,3,3,3,lang-english_speaker-03_trial-3_digit-3.flac,female,23,174
1478,15,fuenf,german,5,11,13,lang-german_speaker-11_trial-13_digit-5.flac,female,31,163
1479,10,null,german,0,8,5,lang-german_speaker-08_trial-5_digit-0.flac,male,21,182
1480,13,drei,german,3,1,8,lang-german_speaker-01_trial-8_digit-3.flac,male,22,195
1481,16,sechs,german,6,1,8,lang-german_speaker-01_trial-8_digit-6.flac,male,22,195
1482,15,fuenf,german,5,8,5,lang-german_speaker-08_trial-5_digit-5.flac,male,21,182
1483,5,five,english,5,0,10,lang-english_speaker-00_trial-10_digit-5.flac,male,24,180
1484,13,drei,german,3,11,13,lang-german_speaker-11_trial-13_digit-3.flac,female,31,163
1485,11,eins,german,1,0,9,lang-german_speaker-00_trial-9_digit-1.flac,male,24,180
1486,8,eight,english,8,1,7,lang-english_speaker-01_trial-7_digit-8.flac,male,22,195
1487,6,six,english,6,6,5,lang-english_speaker-06_trial-5_digit-6.flac,female,35,163
1488,3,three,english,3,9,7,lang-english_speaker-09_trial-7_digit-3.flac,male,32,183
1489,10,null,german,0,9,7,lang-german_speaker-09_trial-7_digit-0.flac,male,32,183
1490,19,neun,german,9,1,8,lang-german_speaker-01_trial-8_digit-9.flac,male,22,195
1491,3,three,english,3,1,7,lang-english_speaker-01_trial-7_digit-3.flac,male,22,195
1492,0,zero,english,0,8,6,lang-english_speaker-08_trial-6_digit-0.flac,male,21,182
1493,17,sieben,german,7,8,5,lang-german_speaker-08_trial-5_digit-7.flac,male,21,182
1494,6,six,english,6,7,5,lang-english_speaker-07_trial-5_digit-6.flac,male,56,175
1495,1,one,english,1,2,10,lang-english_speaker-02_trial-10_digit-1.flac,female,23,158
1496,6,six,english,6,9,7,lang-english_speaker-09_trial-7_digit-6.flac,male,32,183
1497,10,null,german,0,1,9,lang-german_speaker-01_trial-9_digit-0.flac,male,22,195
1498,2,two,english,2,2,10,lang-english_speaker-02_trial-10_digit-2.flac,female,23,158
1499,12,zwei,german,2,1,9,lang-german_speaker-01_trial-9_digit-2.flac,male,22,195
1500,19,neun,german,9,2,10,lang-german_speaker-02_trial-10_digit-9.flac,female,23,158
1501,8,eight,english,8,2,10,lang-english_speaker-02_trial-10_digit-8.flac,female,23,158
1502,18,acht,german,8,0,9,lang-german_speaker-00_trial-9_digit-8.flac,male,24,180
1503,15,fuenf,german,5,7,6,lang-german_speaker-07_trial-6_digit-5.flac,male,56,175
1504,17,sieben,german,7,9,7,lang-german_speaker-09_trial-7_digit-7.flac,male,32,183
1505,18,acht,german,8,11,13,lang-german_speaker-11_trial-13_digit-8.flac,female,31,163
1506,13,drei,german,3,3,5,lang-german_speaker-03_trial-5_digit-3.flac,female,23,174
1507,12,zwei,german,2,7,6,lang-german_speaker-07_trial-6_digit-2.flac,male,56,175
1508,11,eins,german,1,11,14,lang-german_speaker-11_trial-14_digit-1.flac,female,31,163
1509,3,three,english,3,7,5,lang-english_speaker-07_trial-5_digit-3.flac,male,56,175
1510,10,null,german,0,2,11,lang-german_speaker-02_trial-11_digit-0.flac,female,23,158
1511,17,sieben,german,7,6,4,lang-german_speaker-06_trial-4_digit-7.flac,female,35,163
1512,5,five,english,5,7,5,lang-english_speaker-07_trial-5_digit-5.flac,male,56,175
1513,3,three,english,3,2,10,lang-english_speaker-02_trial-10_digit-3.flac,female,23,158
1514,1,one,english,1,11,8,lang-english_speaker-11_trial-8_digit-1.flac,female,31,163
1515,18,acht,german,8,8,5,lang-german_speaker-08_trial-5_digit-8.flac,male,21,182
1516,15,fuenf,german,5,7,6,lang-german_speaker-07_trial-6_digit-5.flac,male,56,175
1517,0,zero,english,0,1,8,lang-english_speaker-01_trial-8_digit-0.flac,male,22,195
1518,1,one,english,1,8,6,lang-english_speaker-08_trial-6_digit-1.flac,male,21,182
1519,10,null,german,0,3,6,lang-german_speaker-03_trial-6_digit-0.flac,female,23,174
1520,15,fuenf,german,5,11,14,lang-german_speaker-11_trial-14_digit-5.flac,female,31,163
1521,19,neun,german,9,2,11,lang-german_speaker-02_trial-11_digit-9.flac,female,23,158
1522,10,null,german,0,2,12,lang-german_speaker-02_trial-12_digit-0.flac,female,23,158
1523,0,zero,english,0,6,5,lang-english_speaker-06_trial-5_digit-0.flac,female,35,163
1524,12,zwei,german,2,7,6,lang-german_speaker-07_trial-6_digit-2.flac,male,56,175
1525,11,eins,german,1,1,9,lang-german_speaker-01_trial-9_digit-1.flac,male,22,195
1526,3,three,english,3,8,6,lang-english_speaker-08_trial-6_digit-3.flac,male,21,182
1527,11,eins,german,1,1,9,lang-german_speaker-01_trial-9_digit-1.flac,male,22,195
1528,14,vier,german,4,2,12,lang-german_speaker-02_trial-12_digit-4.flac,female,23,158
1529,6,six,english,6,3,3,lang-english_speaker-03_trial-3_digit-6.flac,female,23,174
1530,12,zwei,german,2,3,6,lang-german_speaker-03_trial-6_digit-2.flac,female,23,174
1531,5,five,english,5,3,3,lang-english_speaker-03_trial-3_digit-5.flac,female,23,174
1532,3,three,english,3,2,10,lang-english_speaker-02_trial-10_digit-3.flac,female,23,158
1533,5,five,english,5,2,10,lang-english_speaker-02_trial-10_digit-5.flac,female,23,158
1534,17,sieben,german,7,10,7,lang-german_speaker-10_trial-7_digit-7.flac,female,25,160
1535,8,eight,english,8,2,10,lang-english_speaker-02_trial-10_digit-8.flac,female,23,158
1536,19,neun,german,9,8,5,lang-german_speaker-08_trial-5_digit-9.flac,male,21,182
1537,4,four,english,4,10,8,lang-english_speaker-10_trial-8_digit-4.flac,female,25,160
1538,3,three,english,3,8,6,lang-english_speaker-08_trial-6_digit-3.flac,male,21,182
1539,14,vier,german,4,2,12,lang-german_speaker-02_trial-12_digit-4.flac,female,23,158
1540,17,sieben,german,7,7,6,lang-german_speaker-07_trial-6_digit-7.flac,male,56,175
1541,5,five,english,5,6,5,lang-english_speaker-06_trial-5_digit-5.flac,female,35,163
1542,2,two,english,2,9,7,lang-english_speaker-09_trial-7_digit-2.flac,male,32,183
1543,18,acht,german,8,8,5,lang-german_speaker-08_trial-5_digit-8.flac,male,21,182
1544,9,nine,english,9,10,8,lang-english_speaker-10_trial-8_digit-9.flac,female,25,160
1545,4,four,english,4,1,8,lang-english_speaker-01_trial-8_digit-4.flac,male,22,195
1546,9,nine,english,9,10,8,lang-english_speaker-10_trial-8_digit-9.flac,female,25,160
1547,15,fuenf,german,5,6,4,lang-german_speaker-06_trial-4_digit-5.flac,female,35,163
1548,9,nine,english,9,11,8,lang-english_speaker-11_trial-8_digit-9.flac,female,31,163
1549,7,seven,english,7,7,5,lang-english_speaker-07_trial-5_digit-7.flac,male,56,175
1550,4,four,english,4,1,8,lang-english_speaker-01_trial-8_digit-4.flac,male,22,195
1551,16,sechs,german,6,7,6,lang-german_speaker-07_trial-6_digit-6.flac,male,56,175
1552,14,vier,german,4,9,7,lang-german_speaker-09_trial-7_digit-4.flac,male,32,183
1553,19,neun,german,9,8,5,lang-german_speaker-08_trial-5_digit-9.flac,male,21,182
1554,17,sieben,german,7,11,14,lang-german_speaker-11_trial-14_digit-7.flac,female,31,163
1555,12,zwei,german,2,3,6,lang-german_speaker-03_trial-6_digit-2.flac,female,23,174
1556,19,neun,german,9,3,6,lang-german_speaker-03_trial-6_digit-9.flac,female,23,174
1557,8,eight,english,8,7,5,lang-english_speaker-07_trial-5_digit-8.flac,male,56,175
1558,15,fuenf,german,5,10,7,lang-german_speaker-10_trial-7_digit-5.flac,female,25,160
1559,7,seven,english,7,11,8,lang-english_speaker-11_trial-8_digit-7.flac,female,31,163
1560,14,vier,german,4,7,6,lang-german_speaker-07_trial-6_digit-4.flac,male,56,175
1561,4,four,english,4,1,8,lang-english_speaker-01_trial-8_digit-4.flac,male,22,195
1562,0,zero,english,0,7,6,lang-english_speaker-07_trial-6_digit-0.flac,male,56,175
1563,4,four,english,4,0,10,lang-english_speaker-00_trial-10_digit-4.flac,male,24,180
1564,13,drei,german,3,7,6,lang-german_speaker-07_trial-6_digit-3.flac,male,56,175
1565,17,sieben,german,7,2,12,lang-german_speaker-02_trial-12_digit-7.flac,female,23,158
1566,9,nine,english,9,6,5,lang-english_speaker-06_trial-5_digit-9.flac,female,35,163
1567,17,sieben,german,7,9,7,lang-german_speaker-09_trial-7_digit-7.flac,male,32,183
1568,0,zero,english,0,6,6,lang-english_speaker-06_trial-6_digit-0.flac,female,35,163
1569,5,five,english,5,8,6,lang-english_speaker-08_trial-6_digit-5.flac,male,21,182
1570,3,three,english,3,11,8,lang-english_speaker-11_trial-8_digit-3.flac,female,31,163
1571,17,sieben,german,7,2,12,lang-german_speaker-02_trial-12_digit-7.flac,female,23,158
1572,11,eins,german,1,2,12,lang-german_speaker-02_trial-12_digit-1.flac,female,23,158
1573,3,three,english,3,11,8,lang-english_speaker-11_trial-8_digit-3.flac,female,31,163
1574,12,zwei,german,2,3,6,lang-german_speaker-03_trial-6_digit-2.flac,female,23,174
1575,3,three,english,3,0,10,lang-english_speaker-00_trial-10_digit-3.flac,male,24,180
1576,16,sechs,german,6,0,9,lang-german_speaker-00_trial-9_digit-6.flac,male,24,180
1577,1,one,english,1,7,6,lang-english_speaker-07_trial-6_digit-1.flac,male,56,175
1578,8,eight,english,8,9,7,lang-english_speaker-09_trial-7_digit-8.flac,male,32,183
1579,9,nine,english,9,3,3,lang-english_speaker-03_trial-3_digit-9.flac,female,23,174
1580,14,vier,german,4,0,9,lang-german_speaker-00_trial-9_digit-4.flac,male,24,180
1581,5,five,english,5,6,6,lang-english_speaker-06_trial-6_digit-5.flac,female,35,163
1582,8,eight,english,8,10,8,lang-english_speaker-10_trial-8_digit-8.flac,female,25,160
1583,5,five,english,5,7,6,lang-english_speaker-07_trial-6_digit-5.flac,male,56,175
1584,19,neun,german,9,3,6,lang-german_speaker-03_trial-6_digit-9.flac,female,23,174
1585,14,vier,german,4,11,14,lang-german_speaker-11_trial-14_digit-4.flac,female,31,163
1586,1,one,english,1,7,6,lang-english_speaker-07_trial-6_digit-1.flac,male,56,175
1587,12,zwei,german,2,0,9,lang-german_speaker-00_trial-9_digit-2.flac,male,24,180
1588,6,six,english,6,2,10,lang-english_speaker-02_trial-10_digit-6.flac,female,23,158
1589,4,four,english,4,10,8,lang-english_speaker-10_trial-8_digit-4.flac,female,25,160
1590,2,two,english,2,8,6,lang-english_speaker-08_trial-6_digit-2.flac,male,21,182
1591,15,fuenf,german,5,0,9,lang-german_speaker-00_trial-9_digit-5.flac,male,24,180
1592,17,sieben,german,7,2,12,lang-german_speaker-02_trial-12_digit-7.flac,female,23,158
1593,13,drei,german,3,9,7,lang-german_speaker-09_trial-7_digit-3.flac,male,32,183
1594,5,five,english,5,11,8,lang-english_speaker-11_trial-8_digit-5.flac,female,31,163
1595,18,acht,german,8,9,7,lang-german_speaker-09_trial-7_digit-8.flac,male,32,183
1596,15,fuenf,german,5,7,6,lang-german_speaker-07_trial-6_digit-5.flac,male,56,175
1597,15,fuenf,german,5,11,14,lang-german_speaker-11_trial-14_digit-5.flac,female,31,163
1598,13,drei,german,3,2,12,lang-german_speaker-02_trial-12_digit-3.flac,female,23,158
1599,15,fuenf,german,5,11,14,lang-german_speaker-11_trial-14_digit-5.flac,female,31,163
1600,16,sechs,german,6,6,4,lang-german_speaker-06_trial-4_digit-6.flac,female,35,163
1601,8,eight,english,8,3,3,lang-english_speaker-03_trial-3_digit-8.flac,female,23,174
1602,5,five,english,5,11,8,lang-english_speaker-11_trial-8_digit-5.flac,female,31,163
1603,3,three,english,3,9,7,lang-english_speaker-09_trial-7_digit-3.flac,male,32,183
1604,17,sieben,german,7,9,7,lang-german_speaker-09_trial-7_digit-7.flac,male,32,183
1605,18,acht,german,8,2,12,lang-german_speaker-02_trial-12_digit-8.flac,female,23,158
1606,19,neun,german,9,8,5,lang-german_speaker-08_trial-5_digit-9.flac,male,21,182
1607,9,nine,english,9,3,3,lang-english_speaker-03_trial-3_digit-9.flac,female,23,174
1608,16,sechs,german,6,8,5,lang-german_speaker-08_trial-5_digit-6.flac,male,21,182
1609,9,nine,english,9,8,6,lang-english_speaker-08_trial-6_digit-9.flac,male,21,182
1610,5,five,english,5,10,8,lang-english_speaker-10_trial-8_digit-5.flac,female,25,160
1611,2,two,english,2,10,8,lang-english_speaker-10_trial-8_digit-2.flac,female,25,160
1612,15,fuenf,german,5,7,6,lang-german_speaker-07_trial-6_digit-5.flac,male,56,175
1613,6,six,english,6,11,8,lang-english_speaker-11_trial-8_digit-6.flac,female,31,163
1614,11,eins,german,1,11,14,lang-german_speaker-11_trial-14_digit-1.flac,female,31,163
1615,18,acht,german,8,10,7,lang-german_speaker-10_trial-7_digit-8.flac,female,25,160
1616,18,acht,german,8,1,9,lang-german_speaker-01_trial-9_digit-8.flac,male,22,195
1617,12,zwei,german,2,1,9,lang-german_speaker-01_trial-9_digit-2.flac,male,22,195
1618,11,eins,german,1,11,14,lang-german_speaker-11_trial-14_digit-1.flac,female,31,163
1619,8,eight,english,8,9,7,lang-english_speaker-09_trial-7_digit-8.flac,male,32,183
1620,1,one,english,1,7,6,lang-english_speaker-07_trial-6_digit-1.flac,male,56,175
1621,7,seven,english,7,7,6,lang-english_speaker-07_trial-6_digit-7.flac,male,56,175
1622,2,two,english,2,11,8,lang-english_speaker-11_trial-8_digit-2.flac,female,31,163
1623,18,acht,german,8,7,6,lang-german_speaker-07_trial-6_digit-8.flac,male,56,175
1624,3,three,english,3,0,10,lang-english_speaker-00_trial-10_digit-3.flac,male,24,180
1625,8,eight,english,8,0,10,lang-english_speaker-00_trial-10_digit-8.flac,male,24,180
1626,19,neun,german,9,10,7,lang-german_speaker-10_trial-7_digit-9.flac,female,25,160
1627,17,sieben,german,7,9,7,lang-german_speaker-09_trial-7_digit-7.flac,male,32,183
1628,11,eins,german,1,0,9,lang-german_speaker-00_trial-9_digit-1.flac,male,24,180
1629,12,zwei,german,2,7,6,lang-german_speaker-07_trial-6_digit-2.flac,male,56,175
1630,12,zwei,german,2,3,6,lang-german_speaker-03_trial-6_digit-2.flac,female,23,174
1631,19,neun,german,9,8,5,lang-german_speaker-08_trial-5_digit-9.flac,male,21,182
1632,19,neun,german,9,2,12,lang-german_speaker-02_trial-12_digit-9.flac,female,23,158
1633,14,vier,german,4,11,14,lang-german_speaker-11_trial-14_digit-4.flac,female,31,163
1634,18,acht,german,8,6,4,lang-german_speaker-06_trial-4_digit-8.flac,female,35,163
1635,9,nine,english,9,3,3,lang-english_speaker-03_trial-3_digit-9.flac,female,23,174
1636,13,drei,german,3,3,6,lang-german_speaker-03_trial-6_digit-3.flac,female,23,174
1637,7,seven,english,7,10,8,lang-english_speaker-10_trial-8_digit-7.flac,female,25,160
1638,12,zwei,german,2,3,6,lang-german_speaker-03_trial-6_digit-2.flac,female,23,174
1639,15,fuenf,german,5,11,14,lang-german_speaker-11_trial-14_digit-5.flac,female,31,163
1640,3,three,english,3,7,6,lang-english_speaker-07_trial-6_digit-3.flac,male,56,175
1641,9,nine,english,9,7,6,lang-english_speaker-07_trial-6_digit-9.flac,male,56,175
1642,2,two,english,2,8,6,lang-english_speaker-08_trial-6_digit-2.flac,male,21,182
1643,1,one,english,1,0,10,lang-english_speaker-00_trial-10_digit-1.flac,male,24,180
1644,9,nine,english,9,11,8,lang-english_speaker-11_trial-8_digit-9.flac,female,31,163
1645,15,fuenf,german,5,2,12,lang-german_speaker-02_trial-12_digit-5.flac,female,23,158
1646,4,four,english,4,0,10,lang-english_speaker-00_trial-10_digit-4.flac,male,24,180
1647,9,nine,english,9,10,8,lang-english_speaker-10_trial-8_digit-9.flac,female,25,160
1648,12,zwei,german,2,8,5,lang-german_speaker-08_trial-5_digit-2.flac,male,21,182
1649,8,eight,english,8,6,6,lang-english_speaker-06_trial-6_digit-8.flac,female,35,163
1650,9,nine,english,9,1,8,lang-english_speaker-01_trial-8_digit-9.flac,male,22,195
1651,16,sechs,german,6,3,6,lang-german_speaker-03_trial-6_digit-6.flac,female,23,174
1652,3,three,english,3,1,8,lang-english_speaker-01_trial-8_digit-3.flac,male,22,195
1653,11,eins,german,1,9,7,lang-german_speaker-09_trial-7_digit-1.flac,male,32,183
1654,17,sieben,german,7,8,5,lang-german_speaker-08_trial-5_digit-7.flac,male,21,182
1655,9,nine,english,9,1,8,lang-english_speaker-01_trial-8_digit-9.flac,male,22,195
1656,18,acht,german,8,2,12,lang-german_speaker-02_trial-12_digit-8.flac,female,23,158
1657,0,zero,english,0,2,11,lang-english_speaker-02_trial-11_digit-0.flac,female,23,158
1658,7,seven,english,7,9,7,lang-english_speaker-09_trial-7_digit-7.flac,male,32,183
1659,15,fuenf,german,5,8,5,lang-german_speaker-08_trial-5_digit-5.flac,male,21,182
1660,9,nine,english,9,8,6,lang-english_speaker-08_trial-6_digit-9.flac,male,21,182
1661,19,neun,german,9,8,5,lang-german_speaker-08_trial-5_digit-9.flac,male,21,182
1662,0,zero,english,0,6,7,lang-english_speaker-06_trial-7_digit-0.flac,female,35,163
1663,15,fuenf,german,5,6,4,lang-german_speaker-06_trial-4_digit-5.flac,female,35,163
1664,5,five,english,5,10,8,lang-english_speaker-10_trial-8_digit-5.flac,female,25,160
1665,14,vier,german,4,7,6,lang-german_speaker-07_trial-6_digit-4.flac,male,56,175
1666,7,seven,english,7,10,8,lang-english_speaker-10_trial-8_digit-7.flac,female,25,160
1667,11,eins,german,1,3,7,lang-german_speaker-03_trial-7_digit-1.flac,female,23,174
1668,19,neun,german,9,6,4,lang-german_speaker-06_trial-4_digit-9.flac,female,35,163
1669,3,three,english,3,2,11,lang-english_speaker-02_trial-11_digit-3.flac,female,23,158
1670,15,fuenf,german,5,3,7,lang-german_speaker-03_trial-7_digit-5.flac,female,23,174
1671,17,sieben,german,7,3,7,lang-german_speaker-03_trial-7_digit-7.flac,female,23,174
1672,0,zero,english,0,2,11,lang-english_speaker-02_trial-11_digit-0.flac,female,23,158
1673,5,five,english,5,1,8,lang-english_speaker-01_trial-8_digit-5.flac,male,22,195
1674,12,zwei,german,2,7,6,lang-german_speaker-07_trial-6_digit-2.flac,male,56,175
1675,3,three,english,3,10,8,lang-english_speaker-10_trial-8_digit-3.flac,female,25,160
1676,4,four,english,4,11,8,lang-english_speaker-11_trial-8_digit-4.flac,female,31,163
1677,7,seven,english,7,6,7,lang-english_speaker-06_trial-7_digit-7.flac,female,35,163
1678,17,sieben,german,7,9,7,lang-german_speaker-09_trial-7_digit-7.flac,male,32,183
1679,2,two,english,2,9,7,lang-english_speaker-09_trial-7_digit-2.flac,male,32,183
1680,11,eins,german,1,9,7,lang-german_speaker-09_trial-7_digit-1.flac,male,32,183
1681,3,three,english,3,11,8,lang-english_speaker-11_trial-8_digit-3.flac,female,31,163
1682,12,zwei,german,2,1,9,lang-german_speaker-01_trial-9_digit-2.flac,male,22,195
1683,18,acht,german,8,10,7,lang-german_speaker-10_trial-7_digit-8.flac,female,25,160
1684,8,eight,english,8,8,6,lang-english_speaker-08_trial-6_digit-8.flac,male,21,182
1685,17,sieben,german,7,2,12,lang-german_speaker-02_trial-12_digit-7.flac,female,23,158
1686,0,zero,english,0,0,11,lang-english_speaker-00_trial-11_digit-0.flac,male,24,180
1687,8,eight,english,8,10,8,lang-english_speaker-10_trial-8_digit-8.flac,female,25,160
1688,9,nine,english,9,10,8,lang-english_speaker-10_trial-8_digit-9.flac,female,25,160
1689,12,zwei,german,2,3,7,lang-german_speaker-03_trial-7_digit-2.flac,female,23,174
1690,13,drei,german,3,0,9,lang-german_speaker-00_trial-9_digit-3.flac,male,24,180
1691,2,two,english,2,1,8,lang-english_speaker-01_trial-8_digit-2.flac,male,22,195
1692,4,four,english,4,6,7,lang-english_speaker-06_trial-7_digit-4.flac,female,35,163
1693,16,sechs,german,6,0,9,lang-german_speaker-00_trial-9_digit-6.flac,male,24,180
1694,16,sechs,german,6,1,9,lang-german_speaker-01_trial-9_digit-6.flac,male,22,195
1695,7,seven,english,7,7,6,lang-english_speaker-07_trial-6_digit-7.flac,male,56,175
1696,2,two,english,2,11,8,lang-english_speaker-11_trial-8_digit-2.flac,female,31,163
1697,13,drei,german,3,11,14,lang-german_speaker-11_trial-14_digit-3.flac,female,31,163
1698,10,null,german,0,7,7,lang-german_speaker-07_trial-7_digit-0.flac,male,56,175
1699,2,two,english,2,2,11,lang-english_speaker-02_trial-11_digit-2.flac,female,23,158
1700,16,sechs,german,6,11,14,lang-german_speaker-11_trial-14_digit-6.flac,female,31,163
1701,10,null,german,0,2,13,lang-german_speaker-02_trial-13_digit-0.flac,female,23,158
1702,6,six,english,6,2,11,lang-english_speaker-02_trial-11_digit-6.flac,female,23,158
1703,6,six,english,6,7,6,lang-english_speaker-07_trial-6_digit-6.flac,male,56,175
1704,15,fuenf,german,5,9,7,lang-german_speaker-09_trial-7_digit-5.flac,male,32,183
1705,16,sechs,german,6,2,13,lang-german_speaker-02_trial-13_digit-6.flac,female,23,158
1706,0,zero,english,0,3,4,lang-english_speaker-03_trial-4_digit-0.flac,female,23,174
1707,19,neun,german,9,11,14,lang-german_speaker-11_trial-14_digit-9.flac,female,31,163
1708,0,zero,english,0,6,8,lang-english_speaker-06_trial-8_digit-0.flac,female,35,163
1709,2,two,english,2,6,8,lang-english_speaker-06_trial-8_digit-2.flac,female,35,163
1710,11,eins,german,1,3,7,lang-german_speaker-03_trial-7_digit-1.flac,female,23,174
1711,1,one,english,1,0,11,lang-english_speaker-00_trial-11_digit-1.flac,male,24,180
1712,12,zwei,german,2,9,7,lang-german_speaker-09_trial-7_digit-2.flac,male,32,183
1713,3,three,english,3,0,11,lang-english_speaker-00_trial-11_digit-3.flac,male,24,180
1714,13,drei,german,3,7,7,lang-german_speaker-07_trial-7_digit-3.flac,male,56,175
1715,7,seven,english,7,11,8,lang-english_speaker-11_trial-8_digit-7.flac,female,31,163
1716,18,acht,german,8,7,7,lang-german_speaker-07_trial-7_digit-8.flac,male,56,175
1717,0,zero,english,0,10,9,lang-english_speaker-10_trial-9_digit-0.flac,female,25,160
1718,16,sechs,german,6,7,7,lang-german_speaker-07_trial-7_digit-6.flac,male,56,175
1719,17,sieben,german,7,3,7,lang-german_speaker-03_trial-7_digit-7.flac,female,23,174
1720,9,nine,english,9,9,7,lang-english_speaker-09_trial-7_digit-9.flac,male,32,183
1721,2,two,english,2,3,4,lang-english_speaker-03_trial-4_digit-2.flac,female,23,174
1722,15,fuenf,german,5,1,9,lang-german_speaker-01_trial-9_digit-5.flac,male,22,195
1723,7,seven,english,7,2,11,lang-english_speaker-02_trial-11_digit-7.flac,female,23,158
1724,14,vier,german,4,0,9,lang-german_speaker-00_trial-9_digit-4.flac,male,24,180
1725,4,four,english,4,9,7,lang-english_speaker-09_trial-7_digit-4.flac,male,32,183
1726,16,sechs,german,6,0,9,lang-german_speaker-00_trial-9_digit-6.flac,male,24,180
1727,16,sechs,german,6,2,13,lang-german_speaker-02_trial-13_digit-6.flac,female,23,158
1728,2,two,english,2,6,8,lang-english_speaker-06_trial-8_digit-2.flac,female,35,163
1729,18,acht,german,8,0,9,lang-german_speaker-00_trial-9_digit-8.flac,male,24,180
1730,8,eight,english,8,10,9,lang-english_speaker-10_trial-9_digit-8.flac,female,25,160
1731,8,eight,english,8,1,8,lang-english_speaker-01_trial-8_digit-8.flac,male,22,195
1732,14,vier,german,4,10,7,lang-german_speaker-10_trial-7_digit-4.flac,female,25,160
1733,14,vier,german,4,7,7,lang-german_speaker-07_trial-7_digit-4.flac,male,56,175
1734,13,drei,german,3,2,13,lang-german_speaker-02_trial-13_digit-3.flac,female,23,158
1735,8,eight,english,8,11,8,lang-english_speaker-11_trial-8_digit-8.flac,female,31,163
1736,13,drei,german,3,1,9,lang-german_speaker-01_trial-9_digit-3.flac,male,22,195
1737,14,vier,german,4,10,7,lang-german_speaker-10_trial-7_digit-4.flac,female,25,160
1738,6,six,english,6,9,7,lang-english_speaker-09_trial-7_digit-6.flac,male,32,183
1739,13,drei,german,3,3,7,lang-german_speaker-03_trial-7_digit-3.flac,female,23,174
1740,15,fuenf,german,5,11,14,lang-german_speaker-11_trial-14_digit-5.flac,female,31,163
1741,14,vier,german,4,2,13,lang-german_speaker-02_trial-13_digit-4.flac,female,23,158
1742,15,fuenf,german,5,3,7,lang-german_speaker-03_trial-7_digit-5.flac,female,23,174
1743,12,zwei,german,2,8,5,lang-german_speaker-08_trial-5_digit-2.flac,male,21,182
1744,1,one,english,1,3,4,lang-english_speaker-03_trial-4_digit-1.flac,female,23,174
1745,15,fuenf,german,5,11,14,lang-german_speaker-11_trial-14_digit-5.flac,female,31,163
1746,19,neun,german,9,9,7,lang-german_speaker-09_trial-7_digit-9.flac,male,32,183
1747,5,five,english,5,3,4,lang-english_speaker-03_trial-4_digit-5.flac,female,23,174
1748,14,vier,german,4,1,9,lang-german_speaker-01_trial-9_digit-4.flac,male,22,195
1749,9,nine,english,9,9,7,lang-english_speaker-09_trial-7_digit-9.flac,male,32,183
1750,8,eight,english,8,7,6,lang-english_speaker-07_trial-6_digit-8.flac,male,56,175
1751,4,four,english,4,9,7,lang-english_speaker-09_trial-7_digit-4.flac,male,32,183
1752,3,three,english,3,11,8,lang-english_speaker-11_trial-8_digit-3.flac,female,31,163
1753,1,one,english,1,0,11,lang-english_speaker-00_trial-11_digit-1.flac,male,24,180
1754,18,acht,german,8,11,14,lang-german_speaker-11_trial-14_digit-8.flac,female,31,163
1755,11,eins,german,1,8,6,lang-german_speaker-08_trial-6_digit-1.flac,male,21,182
1756,0,zero,english,0,9,8,lang-english_speaker-09_trial-8_digit-0.flac,male,32,183
1757,8,eight,english,8,8,6,lang-english_speaker-08_trial-6_digit-8.flac,male,21,182
1758,0,zero,english,0,0,11,lang-english_speaker-00_trial-11_digit-0.flac,male,24,180
1759,5,five,english,5,2,11,lang-english_speaker-02_trial-11_digit-5.flac,female,23,158
1760,11,eins,german,1,1,9,lang-german_speaker-01_trial-9_digit-1.flac,male,22,195
1761,1,one,english,1,8,7,lang-english_speaker-08_trial-7_digit-1.flac,male,21,182
1762,1,one,english,1,1,9,lang-english_speaker-01_trial-9_digit-1.flac,male,22,195
1763,7,seven,english,7,7,6,lang-english_speaker-07_trial-6_digit-7.flac,male,56,175
1764,12,zwei,german,2,0,9,lang-german_speaker-00_trial-9_digit-2.flac,male,24,180
1765,9,nine,english,9,10,9,lang-english_speaker-10_trial-9_digit-9.flac,female,25,160
1766,4,four,english,4,1,9,lang-english_speaker-01_trial-9_digit-4.flac,male,22,195
1767,6,six,english,6,8,7,lang-english_speaker-08_trial-7_digit-6.flac,male,21,182
1768,3,three,english,3,9,8,lang-english_speaker-09_trial-8_digit-3.flac,male,32,183
1769,19,neun,german,9,8,6,lang-german_speaker-08_trial-6_digit-9.flac,male,21,182
1770,9,nine,english,9,2,11,lang-english_speaker-02_trial-11_digit-9.flac,female,23,158
1771,5,five,english,5,3,4,lang-english_speaker-03_trial-4_digit-5.flac,female,23,174
1772,6,six,english,6,7,6,lang-english_speaker-07_trial-6_digit-6.flac,male,56,175
1773,3,three,english,3,9,8,lang-english_speaker-09_trial-8_digit-3.flac,male,32,183
1774,18,acht,german,8,1,9,lang-german_speaker-01_trial-9_digit-8.flac,male,22,195
1775,10,null,german,0,11,15,lang-german_speaker-11_trial-15_digit-0.flac,female,31,163
1776,10,null,german,0,11,15,lang-german_speaker-11_trial-15_digit-0.flac,female,31,163
1777,9,nine,english,9,9,8,lang-english_speaker-09_trial-8_digit-9.flac,male,32,183
1778,19,neun,german,9,11,15,lang-german_speaker-11_trial-15_digit-9.flac,female,31,163
1779,3,three,english,3,0,11,lang-english_speaker-00_trial-11_digit-3.flac,male,24,180
1780,16,sechs,german,6,9,7,lang-german_speaker-09_trial-7_digit-6.flac,male,32,183
1781,19,neun,german,9,0,9,lang-german_speaker-00_trial-9_digit-9.flac,male,24,180
1782,4,four,english,4,11,8,lang-english_speaker-11_trial-8_digit-4.flac,female,31,163
1783,15,fuenf,german,5,2,13,lang-german_speaker-02_trial-13_digit-5.flac,female,23,158
1784,3,three,english,3,8,7,lang-english_speaker-08_trial-7_digit-3.flac,male,21,182
1785,16,sechs,german,6,11,15,lang-german_speaker-11_trial-15_digit-6.flac,female,31,163
1786,0,zero,english,0,2,12,lang-english_speaker-02_trial-12_digit-0.flac,female,23,158
1787,5,five,english,5,0,11,lang-english_speaker-00_trial-11_digit-5.flac,male,24,180
1788,9,nine,english,9,9,8,lang-english_speaker-09_trial-8_digit-9.flac,male,32,183
1789,10,null,german,0,0,10,lang-german_speaker-00_trial-10_digit-0.flac,male,24,180
1790,16,sechs,german,6,7,7,lang-german_speaker-07_trial-7_digit-6.flac,male,56,175
1791,3,three,english,3,9,8,lang-english_speaker-09_trial-8_digit-3.flac,male,32,183
1792,7,seven,english,7,0,11,lang-english_speaker-00_trial-11_digit-7.flac,male,24,180
1793,3,three,english,3,3,4,lang-english_speaker-03_trial-4_digit-3.flac,female,23,174
1794,17,sieben,german,7,2,13,lang-german_speaker-02_trial-13_digit-7.flac,female,23,158
1795,14,vier,german,4,11,15,lang-german_speaker-11_trial-15_digit-4.flac,female,31,163
1796,13,drei,german,3,1,9,lang-german_speaker-01_trial-9_digit-3.flac,male,22,195
1797,13,drei,german,3,2,13,lang-german_speaker-02_trial-13_digit-3.flac,female,23,158
1798,8,eight,english,8,9,8,lang-english_speaker-09_trial-8_digit-8.flac,male,32,183
1799,7,seven,english,7,9,8,lang-english_speaker-09_trial-8_digit-7.flac,male,32,183
1800,10,null,german,0,8,7,lang-german_speaker-08_trial-7_digit-0.flac,male,21,182
1801,14,vier,german,4,1,9,lang-german_speaker-01_trial-9_digit-4.flac,male,22,195
1802,17,sieben,german,7,3,7,lang-german_speaker-03_trial-7_digit-7.flac,female,23,174
1803,18,acht,german,8,11,15,lang-german_speaker-11_trial-15_digit-8.flac,female,31,163
1804,11,eins,german,1,7,7,lang-german_speaker-07_trial-7_digit-1.flac,male,56,175
1805,3,three,english,3,10,9,lang-english_speaker-10_trial-9_digit-3.flac,female,25,160
1806,4,four,english,4,8,7,lang-english_speaker-08_trial-7_digit-4.flac,male,21,182
1807,13,drei,german,3,0,10,lang-german_speaker-00_trial-10_digit-3.flac,male,24,180
1808,11,eins,german,1,9,8,lang-german_speaker-09_trial-8_digit-1.flac,male,32,183
1809,17,sieben,german,7,11,15,lang-german_speaker-11_trial-15_digit-7.flac,female,31,163
1810,10,null,german,0,8,7,lang-german_speaker-08_trial-7_digit-0.flac,male,21,182
1811,0,zero,english,0,8,7,lang-english_speaker-08_trial-7_digit-0.flac,male,21,182
1812,0,zero,english,0,11,9,lang-english_speaker-11_trial-9_digit-0.flac,female,31,163
1813,10,null,german,0,2,14,lang-german_speaker-02_trial-14_digit-0.flac,female,23,158
1814,15,fuenf,german,5,10,7,lang-german_speaker-10_trial-7_digit-5.flac,female,25,160
1815,5,five,english,5,1,9,lang-english_speaker-01_trial-9_digit-5.flac,male,22,195
1816,16,sechs,german,6,3,7,lang-german_speaker-03_trial-7_digit-6.flac,female,23,174
1817,16,sechs,german,6,10,7,lang-german_speaker-10_trial-7_digit-6.flac,female,25,160
1818,0,zero,english,0,0,12,lang-english_speaker-00_trial-12_digit-0.flac,male,24,180
1819,11,eins,german,1,1,9,lang-german_speaker-01_trial-9_digit-1.flac,male,22,195
1820,14,vier,german,4,6,4,lang-german_speaker-06_trial-4_digit-4.flac,female,35,163
1821,4,four,english,4,10,9,lang-english_speaker-10_trial-9_digit-4.flac,female,25,160
1822,8,eight,english,8,11,9,lang-english_speaker-11_trial-9_digit-8.flac,female,31,163
1823,13,drei,german,3,10,7,lang-german_speaker-10_trial-7_digit-3.flac,female,25,160
1824,5,five,english,5,11,9,lang-english_speaker-11_trial-9_digit-5.flac,female,31,163
1825,5,five,english,5,7,6,lang-english_speaker-07_trial-6_digit-5.flac,male,56,175
1826,19,neun,german,9,9,8,lang-german_speaker-09_trial-8_digit-9.flac,male,32,183
1827,4,four,english,4,3,4,lang-english_speaker-03_trial-4_digit-4.flac,female,23,174
1828,14,vier,german,4,3,7,lang-german_speaker-03_trial-7_digit-4.flac,female,23,174
1829,18,acht,german,8,7,7,lang-german_speaker-07_trial-7_digit-8.flac,male,56,175
1830,14,vier,german,4,8,7,lang-german_speaker-08_trial-7_digit-4.flac,male,21,182
1831,15,fuenf,german,5,6,4,lang-german_speaker-06_trial-4_digit-5.flac,female,35,163
1832,14,vier,german,4,10,7,lang-german_speaker-10_trial-7_digit-4.flac,female,25,160
1833,17,sieben,german,7,8,7,lang-german_speaker-08_trial-7_digit-7.flac,male,21,182
1834,1,one,english,1,10,10,lang-english_speaker-10_trial-10_digit-1.flac,female,25,160
1835,4,four,english,4,6,8,lang-english_speaker-06_trial-8_digit-4.flac,female,35,163
1836,3,three,english,3,6,8,lang-english_speaker-06_trial-8_digit-3.flac,female,35,163
1837,4,four,english,4,2,12,lang-english_speaker-02_trial-12_digit-4.flac,female,23,158
1838,7,seven,english,7,3,4,lang-english_speaker-03_trial-4_digit-7.flac,female,23,174
1839,4,four,english,4,10,10,lang-english_speaker-10_trial-10_digit-4.flac,female,25,160
1840,9,nine,english,9,8,7,lang-english_speaker-08_trial-7_digit-9.flac,male,21,182
1841,14,vier,german,4,6,4,lang-german_speaker-06_trial-4_digit-4.flac,female,35,163
1842,1,one,english,1,3,4,lang-english_speaker-03_trial-4_digit-1.flac,female,23,174
1843,6,six,english,6,9,8,lang-english_speaker-09_trial-8_digit-6.flac,male,32,183
1844,9,nine,english,9,8,7,lang-english_speaker-08_trial-7_digit-9.flac,male,21,182
1845,1,one,english,1,2,12,lang-english_speaker-02_trial-12_digit-1.flac,female,23,158
1846,1,one,english,1,6,8,lang-english_speaker-06_trial-8_digit-1.flac,female,35,163
1847,12,zwei,german,2,11,15,lang-german_speaker-11_trial-15_digit-2.flac,female,31,163
1848,3,three,english,3,9,8,lang-english_speaker-09_trial-8_digit-3.flac,male,32,183
1849,0,zero,english,0,2,12,lang-english_speaker-02_trial-12_digit-0.flac,female,23,158
1850,10,null,german,0,9,9,lang-german_speaker-09_trial-9_digit-0.flac,male,32,183
1851,17,sieben,german,7,7,7,lang-german_speaker-07_trial-7_digit-7.flac,male,56,175
1852,18,acht,german,8,11,15,lang-german_speaker-11_trial-15_digit-8.flac,female,31,163
1853,12,zwei,german,2,11,15,lang-german_speaker-11_trial-15_digit-2.flac,female,31,163
1854,7,seven,english,7,3,4,lang-english_speaker-03_trial-4_digit-7.flac,female,23,174
1855,6,six,english,6,9,8,lang-english_speaker-09_trial-8_digit-6.flac,male,32,183
1856,10,null,german,0,10,8,lang-german_speaker-10_trial-8_digit-0.flac,female,25,160
1857,17,sieben,german,7,10,8,lang-german_speaker-10_trial-8_digit-7.flac,female,25,160
1858,13,drei,german,3,10,8,lang-german_speaker-10_trial-8_digit-3.flac,female,25,160
1859,2,two,english,2,1,9,lang-english_speaker-01_trial-9_digit-2.flac,male,22,195
1860,5,five,english,5,11,9,lang-english_speaker-11_trial-9_digit-5.flac,female,31,163
1861,15,fuenf,german,5,6,4,lang-german_speaker-06_trial-4_digit-5.flac,female,35,163
1862,3,three,english,3,1,9,lang-english_speaker-01_trial-9_digit-3.flac,male,22,195
1863,5,five,english,5,11,9,lang-english_speaker-11_trial-9_digit-5.flac,female,31,163
1864,8,eight,english,8,9,8,lang-english_speaker-09_trial-8_digit-8.flac,male,32,183
1865,15,fuenf,german,5,8,7,lang-german_speaker-08_trial-7_digit-5.flac,male,21,182
1866,16,sechs,german,6,0,10,lang-german_speaker-00_trial-10_digit-6.flac,male,24,180
1867,1,one,english,1,2,12,lang-english_speaker-02_trial-12_digit-1.flac,female,23,158
1868,13,drei,german,3,3,7,lang-german_speaker-03_trial-7_digit-3.flac,female,23,174
1869,6,six,english,6,6,8,lang-english_speaker-06_trial-8_digit-6.flac,female,35,163
1870,16,sechs,german,6,3,7,lang-german_speaker-03_trial-7_digit-6.flac,female,23,174
1871,10,null,german,0,11,16,lang-german_speaker-11_trial-16_digit-0.flac,female,31,163
1872,15,fuenf,german,5,6,4,lang-german_speaker-06_trial-4_digit-5.flac,female,35,163
1873,3,three,english,3,11,9,lang-english_speaker-11_trial-9_digit-3.flac,female,31,163
1874,7,seven,english,7,1,9,lang-english_speaker-01_trial-9_digit-7.flac,male,22,195
1875,12,zwei,german,2,1,9,lang-german_speaker-01_trial-9_digit-2.flac,male,22,195
1876,18,acht,german,8,0,10,lang-german_speaker-00_trial-10_digit-8.flac,male,24,180
1877,14,vier,german,4,9,9,lang-german_speaker-09_trial-9_digit-4.flac,male,32,183
1878,8,eight,english,8,11,9,lang-english_speaker-11_trial-9_digit-8.flac,female,31,163
1879,13,drei,german,3,3,7,lang-german_speaker-03_trial-7_digit-3.flac,female,23,174
1880,9,nine,english,9,11,9,lang-english_speaker-11_trial-9_digit-9.flac,female,31,163
1881,16,sechs,german,6,3,7,lang-german_speaker-03_trial-7_digit-6.flac,female,23,174
1882,13,drei,german,3,8,7,lang-german_speaker-08_trial-7_digit-3.flac,male,21,182
1883,17,sieben,german,7,2,14,lang-german_speaker-02_trial-14_digit-7.flac,female,23,158
1884,5,five,english,5,7,6,lang-english_speaker-07_trial-6_digit-5.flac,male,56,175
1885,12,zwei,german,2,9,9,lang-german_speaker-09_trial-9_digit-2.flac,male,32,183
1886,19,neun,german,9,0,10,lang-german_speaker-00_trial-10_digit-9.flac,male,24,180
1887,12,zwei,german,2,2,14,lang-german_speaker-02_trial-14_digit-2.flac,female,23,158
1888,13,drei,german,3,2,14,lang-german_speaker-02_trial-14_digit-3.flac,female,23,158
1889,1,one,english,1,6,8,lang-english_speaker-06_trial-8_digit-1.flac,female,35,163
1890,14,vier,german,4,10,8,lang-german_speaker-10_trial-8_digit-4.flac,female,25,160
1891,11,eins,german,1,1,9,lang-german_speaker-01_trial-9_digit-1.flac,male,22,195
1892,13,drei,german,3,8,7,lang-german_speaker-08_trial-7_digit-3.flac,male,21,182
1893,19,neun,german,9,0,10,lang-german_speaker-00_trial-10_digit-9.flac,male,24,180
1894,15,fuenf,german,5,0,10,lang-german_speaker-00_trial-10_digit-5.flac,male,24,180
1895,8,eight,english,8,9,8,lang-english_speaker-09_trial-8_digit-8.flac,male,32,183
1896,17,sieben,german,7,3,7,lang-german_speaker-03_trial-7_digit-7.flac,female,23,174
1897,9,nine,english,9,0,12,lang-english_speaker-00_trial-12_digit-9.flac,male,24,180
1898,19,neun,german,9,10,8,lang-german_speaker-10_trial-8_digit-9.flac,female,25,160
1899,17,sieben,german,7,2,14,lang-german_speaker-02_trial-14_digit-7.flac,female,23,158
1900,13,drei,german,3,11,16,lang-german_speaker-11_trial-16_digit-3.flac,female,31,163
1901,13,drei,german,3,10,8,lang-german_speaker-10_trial-8_digit-3.flac,female,25,160
1902,10,null,german,0,1,10,lang-german_speaker-01_trial-10_digit-0.flac,male,22,195
1903,8,eight,english,8,7,6,lang-english_speaker-07_trial-6_digit-8.flac,male,56,175
1904,3,three,english,3,10,10,lang-english_speaker-10_trial-10_digit-3.flac,female,25,160
1905,1,one,english,1,0,13,lang-english_speaker-00_trial-13_digit-1.flac,male,24,180
1906,5,five,english,5,9,8,lang-english_speaker-09_trial-8_digit-5.flac,male,32,183
1907,19,neun,german,9,8,7,lang-german_speaker-08_trial-7_digit-9.flac,male,21,182
1908,0,zero,english,0,2,12,lang-english_speaker-02_trial-12_digit-0.flac,female,23,158
1909,8,eight,english,8,11,9,lang-english_speaker-11_trial-9_digit-8.flac,female,31,163
1910,11,eins,german,1,10,9,lang-german_speaker-10_trial-9_digit-1.flac,female,25,160
1911,7,seven,english,7,10,10,lang-english_speaker-10_trial-10_digit-7.flac,female,25,160
1912,14,vier,german,4,11,16,lang-german_speaker-11_trial-16_digit-4.flac,female,31,163
1913,16,sechs,german,6,8,7,lang-german_speaker-08_trial-7_digit-6.flac,male,21,182
1914,10,null,german,0,3,8,lang-german_speaker-03_trial-8_digit-0.flac,female,23,174
1915,5,five,english,5,6,8,lang-english_speaker-06_trial-8_digit-5.flac,female,35,163
1916,7,seven,english,7,9,8,lang-english_speaker-09_trial-8_digit-7.flac,male,32,183
1917,5,five,english,5,9,8,lang-english_speaker-09_trial-8_digit-5.flac,male,32,183
1918,6,six,english,6,8,7,lang-english_speaker-08_trial-7_digit-6.flac,male,21,182
1919,18,acht,german,8,1,10,lang-german_speaker-01_trial-10_digit-8.flac,male,22,195
1920,3,three,english,3,1,9,lang-english_speaker-01_trial-9_digit-3.flac,male,22,195
1921,6,six,english,6,0,13,lang-english_speaker-00_trial-13_digit-6.flac,male,24,180
1922,13,drei,german,3,9,9,lang-german_speaker-09_trial-9_digit-3.flac,male,32,183
1923,0,zero,english,0,2,12,lang-english_speaker-02_trial-12_digit-0.flac,female,23,158
1924,0,zero,english,0,1,10,lang-english_speaker-01_trial-10_digit-0.flac,male,22,195
1925,8,eight,english,8,0,13,lang-english_speaker-00_trial-13_digit-8.flac,male,24,180
1926,19,neun,german,9,2,14,lang-german_speaker-02_trial-14_digit-9.flac,female,23,158
1927,9,nine,english,9,9,8,lang-english_speaker-09_trial-8_digit-9.flac,male,32,183
1928,6,six,english,6,1,10,lang-english_speaker-01_trial-10_digit-6.flac,male,22,195
1929,10,null,german,0,3,8,lang-german_speaker-03_trial-8_digit-0.flac,female,23,174
1930,10,null,german,0,11,16,lang-german_speaker-11_trial-16_digit-0.flac,female,31,163
1931,18,acht,german,8,11,16,lang-german_speaker-11_trial-16_digit-8.flac,female,31,163
1932,6,six,english,6,7,6,lang-english_speaker-07_trial-6_digit-6.flac,male,56,175
1933,2,two,english,2,7,6,lang-english_speaker-07_trial-6_digit-2.flac,male,56,175
1934,9,nine,english,9,10,10,lang-english_speaker-10_trial-10_digit-9.flac,female,25,160
1935,13,drei,german,3,7,7,lang-german_speaker-07_trial-7_digit-3.flac,male,56,175
1936,11,eins,german,1,11,16,lang-german_speaker-11_trial-16_digit-1.flac,female,31,163
1937,7,seven,english,7,0,13,lang-english_speaker-00_trial-13_digit-7.flac,male,24,180
1938,10,null,german,0,0,11,lang-german_speaker-00_trial-11_digit-0.flac,male,24,180
1939,6,six,english,6,6,8,lang-english_speaker-06_trial-8_digit-6.flac,female,35,163
1940,8,eight,english,8,1,10,lang-english_speaker-01_trial-10_digit-8.flac,male,22,195
1941,8,eight,english,8,7,6,lang-english_speaker-07_trial-6_digit-8.flac,male,56,175
1942,7,seven,english,7,8,7,lang-english_speaker-08_trial-7_digit-7.flac,male,21,182
1943,8,eight,english,8,3,4,lang-english_speaker-03_trial-4_digit-8.flac,female,23,174
1944,16,sechs,german,6,0,11,lang-german_speaker-00_trial-11_digit-6.flac,male,24,180
1945,9,nine,english,9,0,13,lang-english_speaker-00_trial-13_digit-9.flac,male,24,180
1946,11,eins,german,1,2,15,lang-german_speaker-02_trial-15_digit-1.flac,female,23,158
1947,2,two,english,2,9,8,lang-english_speaker-09_trial-8_digit-2.flac,male,32,183
1948,17,sieben,german,7,9,9,lang-german_speaker-09_trial-9_digit-7.flac,male,32,183
1949,10,null,german,0,9,10,lang-german_speaker-09_trial-10_digit-0.flac,male,32,183
1950,11,eins,german,1,9,10,lang-german_speaker-09_trial-10_digit-1.flac,male,32,183
1951,7,seven,english,7,9,8,lang-english_speaker-09_trial-8_digit-7.flac,male,32,183
1952,1,one,english,1,2,12,lang-english_speaker-02_trial-12_digit-1.flac,female,23,158
1953,10,null,german,0,11,17,lang-german_speaker-11_trial-17_digit-0.flac,female,31,163
1954,3,three,english,3,2,12,lang-english_speaker-02_trial-12_digit-3.flac,female,23,158
1955,1,one,english,1,3,4,lang-english_speaker-03_trial-4_digit-1.flac,female,23,174
1956,19,neun,german,9,11,17,lang-german_speaker-11_trial-17_digit-9.flac,female,31,163
1957,0,zero,english,0,8,8,lang-english_speaker-08_trial-8_digit-0.flac,male,21,182
1958,3,three,english,3,3,4,lang-english_speaker-03_trial-4_digit-3.flac,female,23,174
1959,16,sechs,german,6,2,15,lang-german_speaker-02_trial-15_digit-6.flac,female,23,158
1960,15,fuenf,german,5,2,15,lang-german_speaker-02_trial-15_digit-5.flac,female,23,158
1961,11,eins,german,1,10,9,lang-german_speaker-10_trial-9_digit-1.flac,female,25,160
1962,8,eight,english,8,9,8,lang-english_speaker-09_trial-8_digit-8.flac,male,32,183
1963,3,three,english,3,6,8,lang-english_speaker-06_trial-8_digit-3.flac,female,35,163
1964,19,neun,german,9,8,7,lang-german_speaker-08_trial-7_digit-9.flac,male,21,182
1965,6,six,english,6,7,6,lang-english_speaker-07_trial-6_digit-6.flac,male,56,175
1966,0,zero,english,0,8,8,lang-english_speaker-08_trial-8_digit-0.flac,male,21,182
1967,9,nine,english,9,0,13,lang-english_speaker-00_trial-13_digit-9.flac,male,24,180
1968,10,null,german,0,1,11,lang-german_speaker-01_trial-11_digit-0.flac,male,22,195
1969,3,three,english,3,11,9,lang-english_speaker-11_trial-9_digit-3.flac,female,31,163
1970,6,six,english,6,1,10,lang-english_speaker-01_trial-10_digit-6.flac,male,22,195
1971,1,one,english,1,3,4,lang-english_speaker-03_trial-4_digit-1.flac,female,23,174
1972,16,sechs,german,6,9,10,lang-german_speaker-09_trial-10_digit-6.flac,male,32,183
1973,7,seven,english,7,0,13,lang-english_speaker-00_trial-13_digit-7.flac,male,24,180
1974,1,one,english,1,1,10,lang-english_speaker-01_trial-10_digit-1.flac,male,22,195
1975,13,drei,german,3,3,8,lang-german_speaker-03_trial-8_digit-3.flac,female,23,174
1976,17,sieben,german,7,7,7,lang-german_speaker-07_trial-7_digit-7.flac,male,56,175
1977,4,four,english,4,0,13,lang-english_speaker-00_trial-13_digit-4.flac,male,24,180
1978,13,drei,german,3,1,11,lang-german_speaker-01_trial-11_digit-3.flac,male,22,195
1979,3,three,english,3,2,12,lang-english_speaker-02_trial-12_digit-3.flac,female,23,158
1980,16,sechs,german,6,7,7,lang-german_speaker-07_trial-7_digit-6.flac,male,56,175
1981,3,three,english,3,10,10,lang-english_speaker-10_trial-10_digit-3.flac,female,25,160
1982,17,sieben,german,7,11,17,lang-german_speaker-11_trial-17_digit-7.flac,female,31,163
1983,7,seven,english,7,10,10,lang-english_speaker-10_trial-10_digit-7.flac,female,25,160
1984,2,two,english,2,0,13,lang-english_speaker-00_trial-13_digit-2.flac,male,24,180
1985,5,five,english,5,2,12,lang-english_speaker-02_trial-12_digit-5.flac,female,23,158
1986,15,fuenf,german,5,2,15,lang-german_speaker-02_trial-15_digit-5.flac,female,23,158
1987,5,five,english,5,6,8,lang-english_speaker-06_trial-8_digit-5.flac,female,35,163
1988,5,five,english,5,10,10,lang-english_speaker-10_trial-10_digit-5.flac,female,25,160
1989,0,zero,english,0,7,7,lang-english_speaker-07_trial-7_digit-0.flac,male,56,175
1990,8,eight,english,8,9,8,lang-english_speaker-09_trial-8_digit-8.flac,male,32,183
1991,6,six,english,6,0,13,lang-english_speaker-00_trial-13_digit-6.flac,male,24,180
1992,9,nine,english,9,8,8,lang-english_speaker-08_trial-8_digit-9.flac,male,21,182
1993,12,zwei,german,2,3,8,lang-german_speaker-03_trial-8_digit-2.flac,female,23,174
1994,0,zero,english,0,11,10,lang-english_speaker-11_trial-10_digit-0.flac,female,31,163
1995,2,two,english,2,1,10,lang-english_speaker-01_trial-10_digit-2.flac,male,22,195
1996,8,eight,english,8,3,4,lang-english_speaker-03_trial-4_digit-8.flac,female,23,174
1997,5,five,english,5,10,10,lang-english_speaker-10_trial-10_digit-5.flac,female,25,160
1998,14,vier,german,4,11,17,lang-german_speaker-11_trial-17_digit-4.flac,female,31,163
1999,6,six,english,6,6,8,lang-english_speaker-06_trial-8_digit-6.flac,female,35,163
2000,0,zero,english,0,10,11,lang-english_speaker-10_trial-11_digit-0.flac,female,25,160
2001,12,zwei,german,2,8,7,lang-german_speaker-08_trial-7_digit-2.flac,male,21,182
2002,14,vier,german,4,1,11,lang-german_speaker-01_trial-11_digit-4.flac,male,22,195
2003,9,nine,english,9,8,8,lang-english_speaker-08_trial-8_digit-9.flac,male,21,182
2004,3,three,english,3,0,13,lang-english_speaker-00_trial-13_digit-3.flac,male,24,180
2005,8,eight,english,8,9,8,lang-english_speaker-09_trial-8_digit-8.flac,male,32,183
2006,11,eins,german,1,8,8,lang-german_speaker-08_trial-8_digit-1.flac,male,21,182
2007,2,two,english,2,1,10,lang-english_speaker-01_trial-10_digit-2.flac,male,22,195
2008,4,four,english,4,11,10,lang-english_speaker-11_trial-10_digit-4.flac,female,31,163
2009,16,sechs,german,6,11,17,lang-german_speaker-11_trial-17_digit-6.flac,female,31,163
2010,3,three,english,3,9,8,lang-english_speaker-09_trial-8_digit-3.flac,male,32,183
2011,3,three,english,3,9,8,lang-english_speaker-09_trial-8_digit-3.flac,male,32,183
2012,17,sieben,german,7,0,11,lang-german_speaker-00_trial-11_digit-7.flac,male,24,180
2013,1,one,english,1,10,11,lang-english_speaker-10_trial-11_digit-1.flac,female,25,160
2014,11,eins,german,1,3,8,lang-german_speaker-03_trial-8_digit-1.flac,female,23,174
2015,14,vier,german,4,6,4,lang-german_speaker-06_trial-4_digit-4.flac,female,35,163
2016,15,fuenf,german,5,8,8,lang-german_speaker-08_trial-8_digit-5.flac,male,21,182
2017,10,null,german,0,2,15,lang-german_speaker-02_trial-15_digit-0.flac,female,23,158
2018,9,nine,english,9,10,11,lang-english_speaker-10_trial-11_digit-9.flac,female,25,160
2019,5,five,english,5,2,12,lang-english_speaker-02_trial-12_digit-5.flac,female,23,158
2020,17,sieben,german,7,6,4,lang-german_speaker-06_trial-4_digit-7.flac,female,35,163
2021,13,drei,german,3,8,8,lang-german_speaker-08_trial-8_digit-3.flac,male,21,182
2022,4,four,english,4,11,10,lang-english_speaker-11_trial-10_digit-4.flac,female,31,163
2023,14,vier,german,4,3,8,lang-german_speaker-03_trial-8_digit-4.flac,female,23,174
2024,13,drei,german,3,2,15,lang-german_speaker-02_trial-15_digit-3.flac,female,23,158
2025,4,four,english,4,0,13,lang-english_speaker-00_trial-13_digit-4.flac,male,24,180
2026,4,four,english,4,7,7,lang-english_speaker-07_trial-7_digit-4.flac,male,56,175
2027,3,three,english,3,7,7,lang-english_speaker-07_trial-7_digit-3.flac,male,56,175
2028,0,zero,english,0,7,7,lang-english_speaker-07_trial-7_digit-0.flac,male,56,175
2029,18,acht,german,8,2,15,lang-german_speaker-02_trial-15_digit-8.flac,female,23,158
2030,11,eins,german,1,10,9,lang-german_speaker-10_trial-9_digit-1.flac,female,25,160
2031,14,vier,german,4,0,11,lang-german_speaker-00_trial-11_digit-4.flac,male,24,180
2032,6,six,english,6,8,8,lang-english_speaker-08_trial-8_digit-6.flac,male,21,182
2033,18,acht,german,8,1,11,lang-german_speaker-01_trial-11_digit-8.flac,male,22,195
2034,2,two,english,2,10,11,lang-english_speaker-10_trial-11_digit-2.flac,female,25,160
2035,9,nine,english,9,8,8,lang-english_speaker-08_trial-8_digit-9.flac,male,21,182
2036,12,zwei,german,2,3,8,lang-german_speaker-03_trial-8_digit-2.flac,female,23,174
2037,12,zwei,german,2,10,9,lang-german_speaker-10_trial-9_digit-2.flac,female,25,160
2038,4,four,english,4,7,7,lang-english_speaker-07_trial-7_digit-4.flac,male,56,175
2039,2,two,english,2,8,8,lang-english_speaker-08_trial-8_digit-2.flac,male,21,182
2040,1,one,english,1,9,9,lang-english_speaker-09_trial-9_digit-1.flac,male,32,183
2041,5,five,english,5,7,7,lang-english_speaker-07_trial-7_digit-5.flac,male,56,175
2042,9,nine,english,9,3,4,lang-english_speaker-03_trial-4_digit-9.flac,female,23,174
2043,8,eight,english,8,7,7,lang-english_speaker-07_trial-7_digit-8.flac,male,56,175
2044,3,three,english,3,7,7,lang-english_speaker-07_trial-7_digit-3.flac,male,56,175
2045,13,drei,german,3,0,11,lang-german_speaker-00_trial-11_digit-3.flac,male,24,180
2046,13,drei,german,3,3,8,lang-german_speaker-03_trial-8_digit-3.flac,female,23,174
2047,13,drei,german,3,8,8,lang-german_speaker-08_trial-8_digit-3.flac,male,21,182
2048,1,one,english,1,8,9,lang-english_speaker-08_trial-9_digit-1.flac,male,21,182
2049,4,four,english,4,11,10,lang-english_speaker-11_trial-10_digit-4.flac,female,31,163
2050,11,eins,german,1,10,9,lang-german_speaker-10_trial-9_digit-1.flac,female,25,160
2051,7,seven,english,7,8,9,lang-english_speaker-08_trial-9_digit-7.flac,male,21,182
2052,12,zwei,german,2,6,4,lang-german_speaker-06_trial-4_digit-2.flac,female,35,163
2053,1,one,english,1,9,9,lang-english_speaker-09_trial-9_digit-1.flac,male,32,183
2054,16,sechs,german,6,2,15,lang-german_speaker-02_trial-15_digit-6.flac,female,23,158
2055,14,vier,german,4,2,15,lang-german_speaker-02_trial-15_digit-4.flac,female,23,158
2056,12,zwei,german,2,3,8,lang-german_speaker-03_trial-8_digit-2.flac,female,23,174
2057,12,zwei,german,2,11,17,lang-german_speaker-11_trial-17_digit-2.flac,female,31,163
2058,17,sieben,german,7,0,11,lang-german_speaker-00_trial-11_digit-7.flac,male,24,180
2059,5,five,english,5,0,13,lang-english_speaker-00_trial-13_digit-5.flac,male,24,180
2060,10,null,german,0,6,5,lang-german_speaker-06_trial-5_digit-0.flac,female,35,163
2061,7,seven,english,7,9,9,lang-english_speaker-09_trial-9_digit-7.flac,male,32,183
2062,19,neun,german,9,9,10,lang-german_speaker-09_trial-10_digit-9.flac,male,32,183
2063,16,sechs,german,6,11,17,lang-german_speaker-11_trial-17_digit-6.flac,female,31,163
2064,1,one,english,1,3,5,lang-english_speaker-03_trial-5_digit-1.flac,female,23,174
2065,14,vier,german,4,1,11,lang-german_speaker-01_trial-11_digit-4.flac,male,22,195
2066,9,nine,english,9,9,9,lang-english_speaker-09_trial-9_digit-9.flac,male,32,183
2067,14,vier,german,4,0,11,lang-german_speaker-00_trial-11_digit-4.flac,male,24,180
2068,4,four,english,4,3,5,lang-english_speaker-03_trial-5_digit-4.flac,female,23,174
2069,19,neun,german,9,7,7,lang-german_speaker-07_trial-7_digit-9.flac,male,56,175
2070,11,eins,german,1,11,18,lang-german_speaker-11_trial-18_digit-1.flac,female,31,163
2071,14,vier,german,4,9,10,lang-german_speaker-09_trial-10_digit-4.flac,male,32,183
2072,4,four,english,4,7,7,lang-english_speaker-07_trial-7_digit-4.flac,male,56,175
2073,19,neun,german,9,10,9,lang-german_speaker-10_trial-9_digit-9.flac,female,25,160
2074,18,acht,german,8,0,11,lang-german_speaker-00_trial-11_digit-8.flac,male,24,180
2075,16,sechs,german,6,7,7,lang-german_speaker-07_trial-7_digit-6.flac,male,56,175
2076,8,eight,english,8,3,5,lang-english_speaker-03_trial-5_digit-8.flac,female,23,174
2077,5,five,english,5,2,12,lang-english_speaker-02_trial-12_digit-5.flac,female,23,158
2078,1,one,english,1,10,12,lang-english_speaker-10_trial-12_digit-1.flac,female,25,160
2079,19,neun,german,9,7,7,lang-german_speaker-07_trial-7_digit-9.flac,male,56,175
2080,9,nine,english,9,8,9,lang-english_speaker-08_trial-9_digit-9.flac,male,21,182
2081,17,sieben,german,7,2,15,lang-german_speaker-02_trial-15_digit-7.flac,female,23,158
2082,16,sechs,german,6,10,9,lang-german_speaker-10_trial-9_digit-6.flac,female,25,160
2083,11,eins,german,1,8,8,lang-german_speaker-08_trial-8_digit-1.flac,male,21,182
2084,9,nine,english,9,2,12,lang-english_speaker-02_trial-12_digit-9.flac,female,23,158
2085,10,null,german,0,7,8,lang-german_speaker-07_trial-8_digit-0.flac,male,56,175
2086,12,zwei,german,2,7,8,lang-german_speaker-07_trial-8_digit-2.flac,male,56,175
2087,14,vier,german,4,11,18,lang-german_speaker-11_trial-18_digit-4.flac,female,31,163
2088,15,fuenf,german,5,11,18,lang-german_speaker-11_trial-18_digit-5.flac,female,31,163
2089,3,three,english,3,7,7,lang-english_speaker-07_trial-7_digit-3.flac,male,56,175
2090,2,two,english,2,7,7,lang-english_speaker-07_trial-7_digit-2.flac,male,56,175
2091,5,five,english,5,1,10,lang-english_speaker-01_trial-10_digit-5.flac,male,22,195
2092,8,eight,english,8,6,8,lang-english_speaker-06_trial-8_digit-8.flac,female,35,163
2093,11,eins,german,1,9,11,lang-german_speaker-09_trial-11_digit-1.flac,male,32,183
2094,12,zwei,german,2,1,11,lang-german_speaker-01_trial-11_digit-2.flac,male,22,195
2095,17,sieben,german,7,3,8,lang-german_speaker-03_trial-8_digit-7.flac,female,23,174
2096,12,zwei,german,2,1,11,lang-german_speaker-01_trial-11_digit-2.flac,male,22,195
2097,13,drei,german,3,6,5,lang-german_speaker-06_trial-5_digit-3.flac,female,35,163
2098,12,zwei,german,2,2,15,lang-german_speaker-02_trial-15_digit-2.flac,female,23,158
2099,12,zwei,german,2,2,15,lang-german_speaker-02_trial-15_digit-2.flac,female,23,158
2100,11,eins,german,1,11,18,lang-german_speaker-11_trial-18_digit-1.flac,female,31,163
2101,18,acht,german,8,6,5,lang-german_speaker-06_trial-5_digit-8.flac,female,35,163
2102,9,nine,english,9,1,10,lang-english_speaker-01_trial-10_digit-9.flac,male,22,195
2103,11,eins,german,1,1,11,lang-german_speaker-01_trial-11_digit-1.flac,male,22,195
2104,12,zwei,german,2,11,18,lang-german_speaker-11_trial-18_digit-2.flac,female,31,163
2105,15,fuenf,german,5,10,9,lang-german_speaker-10_trial-9_digit-5.flac,female,25,160
2106,2,two,english,2,6,8,lang-english_speaker-06_trial-8_digit-2.flac,female,35,163
2107,11,eins,german,1,8,8,lang-german_speaker-08_trial-8_digit-1.flac,male,21,182
2108,12,zwei,german,2,0,11,lang-german_speaker-00_trial-11_digit-2.flac,male,24,180
2109,11,eins,german,1,6,5,lang-german_speaker-06_trial-5_digit-1.flac,female,35,163
2110,8,eight,english,8,8,9,lang-english_speaker-08_trial-9_digit-8.flac,male,21,182
2111,14,vier,german,4,0,11,lang-german_speaker-00_trial-11_digit-4.flac,male,24,180
2112,0,zero,english,0,1,11,lang-english_speaker-01_trial-11_digit-0.flac,male,22,195
2113,10,null,german,0,3,9,lang-german_speaker-03_trial-9_digit-0.flac,female,23,174
2114,19,neun,german,9,2,15,lang-german_speaker-02_trial-15_digit-9.flac,female,23,158
2115,16,sechs,german,6,0,11,lang-german_speaker-00_trial-11_digit-6.flac,male,24,180
2116,12,zwei,german,2,2,15,lang-german_speaker-02_trial-15_digit-2.flac,female,23,158
2117,15,fuenf,german,5,0,11,lang-german_speaker-00_trial-11_digit-5.flac,male,24,180
2118,2,two,english,2,1,11,lang-english_speaker-01_trial-11_digit-2.flac,male,22,195
2119,8,eight,english,8,9,9,lang-english_speaker-09_trial-9_digit-8.flac,male,32,183
2120,18,acht,german,8,3,9,lang-german_speaker-03_trial-9_digit-8.flac,female,23,174
2121,16,sechs,german,6,10,9,lang-german_speaker-10_trial-9_digit-6.flac,female,25,160
2122,16,sechs,german,6,10,9,lang-german_speaker-10_trial-9_digit-6.flac,female,25,160
2123,12,zwei,german,2,3,9,lang-german_speaker-03_trial-9_digit-2.flac,female,23,174
2124,2,two,english,2,10,12,lang-english_speaker-10_trial-12_digit-2.flac,female,25,160
2125,19,neun,german,9,10,9,lang-german_speaker-10_trial-9_digit-9.flac,female,25,160
2126,2,two,english,2,11,10,lang-english_speaker-11_trial-10_digit-2.flac,female,31,163
2127,16,sechs,german,6,11,18,lang-german_speaker-11_trial-18_digit-6.flac,female,31,163
2128,6,six,english,6,9,9,lang-english_speaker-09_trial-9_digit-6.flac,male,32,183
2129,16,sechs,german,6,2,15,lang-german_speaker-02_trial-15_digit-6.flac,female,23,158
2130,3,three,english,3,2,12,lang-english_speaker-02_trial-12_digit-3.flac,female,23,158
2131,2,two,english,2,9,9,lang-english_speaker-09_trial-9_digit-2.flac,male,32,183
2132,9,nine,english,9,8,9,lang-english_speaker-08_trial-9_digit-9.flac,male,21,182
2133,13,drei,german,3,3,9,lang-german_speaker-03_trial-9_digit-3.flac,female,23,174
2134,14,vier,german,4,11,18,lang-german_speaker-11_trial-18_digit-4.flac,female,31,163
2135,3,three,english,3,9,9,lang-english_speaker-09_trial-9_digit-3.flac,male,32,183
2136,3,three,english,3,2,12,lang-english_speaker-02_trial-12_digit-3.flac,female,23,158
2137,10,null,german,0,3,10,lang-german_speaker-03_trial-10_digit-0.flac,female,23,174
2138,16,sechs,german,6,0,11,lang-german_speaker-00_trial-11_digit-6.flac,male,24,180
2139,7,seven,english,7,2,12,lang-english_speaker-02_trial-12_digit-7.flac,female,23,158
2140,7,seven,english,7,1,11,lang-english_speaker-01_trial-11_digit-7.flac,male,22,195
2141,0,zero,english,0,9,10,lang-english_speaker-09_trial-10_digit-0.flac,male,32,183
2142,6,six,english,6,10,12,lang-english_speaker-10_trial-12_digit-6.flac,female,25,160
2143,3,three,english,3,2,12,lang-english_speaker-02_trial-12_digit-3.flac,female,23,158
2144,8,eight,english,8,0,13,lang-english_speaker-00_trial-13_digit-8.flac,male,24,180
2145,9,nine,english,9,7,7,lang-english_speaker-07_trial-7_digit-9.flac,male,56,175
2146,5,five,english,5,2,12,lang-english_speaker-02_trial-12_digit-5.flac,female,23,158
2147,14,vier,german,4,3,10,lang-german_speaker-03_trial-10_digit-4.flac,female,23,174
2148,5,five,english,5,9,10,lang-english_speaker-09_trial-10_digit-5.flac,male,32,183
2149,2,two,english,2,3,5,lang-english_speaker-03_trial-5_digit-2.flac,female,23,174
2150,16,sechs,german,6,10,9,lang-german_speaker-10_trial-9_digit-6.flac,female,25,160
2151,18,acht,german,8,11,18,lang-german_speaker-11_trial-18_digit-8.flac,female,31,163
2152,12,zwei,german,2,0,11,lang-german_speaker-00_trial-11_digit-2.flac,male,24,180
2153,2,two,english,2,9,10,lang-english_speaker-09_trial-10_digit-2.flac,male,32,183
2154,2,two,english,2,0,13,lang-english_speaker-00_trial-13_digit-2.flac,male,24,180
2155,17,sieben,german,7,3,10,lang-german_speaker-03_trial-10_digit-7.flac,female,23,174
2156,14,vier,german,4,7,8,lang-german_speaker-07_trial-8_digit-4.flac,male,56,175
2157,14,vier,german,4,8,8,lang-german_speaker-08_trial-8_digit-4.flac,male,21,182
2158,17,sieben,german,7,7,8,lang-german_speaker-07_trial-8_digit-7.flac,male,56,175
2159,11,eins,german,1,2,16,lang-german_speaker-02_trial-16_digit-1.flac,female,23,158
2160,8,eight,english,8,0,13,lang-english_speaker-00_trial-13_digit-8.flac,male,24,180
2161,0,zero,english,0,0,14,lang-english_speaker-00_trial-14_digit-0.flac,male,24,180
2162,18,acht,german,8,6,5,lang-german_speaker-06_trial-5_digit-8.flac,female,35,163
2163,8,eight,english,8,0,14,lang-english_speaker-00_trial-14_digit-8.flac,male,24,180
2164,13,drei,german,3,1,11,lang-german_speaker-01_trial-11_digit-3.flac,male,22,195
2165,9,nine,english,9,10,12,lang-english_speaker-10_trial-12_digit-9.flac,female,25,160
2166,15,fuenf,german,5,0,11,lang-german_speaker-00_trial-11_digit-5.flac,male,24,180
2167,3,three,english,3,9,10,lang-english_speaker-09_trial-10_digit-3.flac,male,32,183
2168,2,two,english,2,0,14,lang-english_speaker-00_trial-14_digit-2.flac,male,24,180
2169,17,sieben,german,7,9,11,lang-german_speaker-09_trial-11_digit-7.flac,male,32,183
2170,4,four,english,4,1,11,lang-english_speaker-01_trial-11_digit-4.flac,male,22,195
2171,8,eight,english,8,8,9,lang-english_speaker-08_trial-9_digit-8.flac,male,21,182
2172,18,acht,german,8,10,9,lang-german_speaker-10_trial-9_digit-8.flac,female,25,160
2173,18,acht,german,8,2,16,lang-german_speaker-02_trial-16_digit-8.flac,female,23,158
2174,3,three,english,3,7,7,lang-english_speaker-07_trial-7_digit-3.flac,male,56,175
2175,17,sieben,german,7,8,8,lang-german_speaker-08_trial-8_digit-7.flac,male,21,182
2176,16,sechs,german,6,6,5,lang-german_speaker-06_trial-5_digit-6.flac,female,35,163
2177,6,six,english,6,11,10,lang-english_speaker-11_trial-10_digit-6.flac,female,31,163
2178,5,five,english,5,10,12,lang-english_speaker-10_trial-12_digit-5.flac,female,25,160
2179,6,six,english,6,11,10,lang-english_speaker-11_trial-10_digit-6.flac,female,31,163
2180,0,zero,english,0,2,13,lang-english_speaker-02_trial-13_digit-0.flac,female,23,158
2181,10,null,german,0,8,9,lang-german_speaker-08_trial-9_digit-0.flac,male,21,182
2182,5,five,english,5,0,14,lang-english_speaker-00_trial-14_digit-5.flac,male,24,180
2183,4,four,english,4,8,9,lang-english_speaker-08_trial-9_digit-4.flac,male,21,182
2184,18,acht,german,8,7,8,lang-german_speaker-07_trial-8_digit-8.flac,male,56,175
2185,14,vier,german,4,8,9,lang-german_speaker-08_trial-9_digit-4.flac,male,21,182
2186,13,drei,german,3,11,18,lang-german_speaker-11_trial-18_digit-3.flac,female,31,163
2187,15,fuenf,german,5,8,9,lang-german_speaker-08_trial-9_digit-5.flac,male,21,182
2188,2,two,english,2,1,11,lang-english_speaker-01_trial-11_digit-2.flac,male,22,195
2189,0,zero,english,0,11,10,lang-english_speaker-11_trial-10_digit-0.flac,female,31,163
2190,19,neun,german,9,11,18,lang-german_speaker-11_trial-18_digit-9.flac,female,31,163
2191,11,eins,german,1,2,16,lang-german_speaker-02_trial-16_digit-1.flac,female,23,158
2192,1,one,english,1,7,8,lang-english_speaker-07_trial-8_digit-1.flac,male,56,175
2193,0,zero,english,0,10,13,lang-english_speaker-10_trial-13_digit-0.flac,female,25,160
2194,12,zwei,german,2,3,10,lang-german_speaker-03_trial-10_digit-2.flac,female,23,174
2195,1,one,english,1,6,8,lang-english_speaker-06_trial-8_digit-1.flac,female,35,163
2196,10,null,german,0,7,9,lang-german_speaker-07_trial-9_digit-0.flac,male,56,175
2197,1,one,english,1,2,13,lang-english_speaker-02_trial-13_digit-1.flac,female,23,158
2198,4,four,english,4,2,13,lang-english_speaker-02_trial-13_digit-4.flac,female,23,158
2199,6,six,english,6,7,8,lang-english_speaker-07_trial-8_digit-6.flac,male,56,175
2200,4,four,english,4,8,9,lang-english_speaker-08_trial-9_digit-4.flac,male,21,182
2201,19,neun,german,9,8,9,lang-german_speaker-08_trial-9_digit-9.flac,male,21,182
2202,14,vier,german,4,9,11,lang-german_speaker-09_trial-11_digit-4.flac,male,32,183
2203,4,four,english,4,2,13,lang-english_speaker-02_trial-13_digit-4.flac,female,23,158
2204,10,null,german,0,8,10,lang-german_speaker-08_trial-10_digit-0.flac,male,21,182
2205,13,drei,german,3,11,18,lang-german_speaker-11_trial-18_digit-3.flac,female,31,163
2206,4,four,english,4,10,13,lang-english_speaker-10_trial-13_digit-4.flac,female,25,160
2207,13,drei,german,3,10,9,lang-german_speaker-10_trial-9_digit-3.flac,female,25,160
2208,9,nine,english,9,0,14,lang-english_speaker-00_trial-14_digit-9.flac,male,24,180
2209,3,three,english,3,9,10,lang-english_speaker-09_trial-10_digit-3.flac,male,32,183
2210,8,eight,english,8,7,8,lang-english_speaker-07_trial-8_digit-8.flac,male,56,175
2211,4,four,english,4,2,13,lang-english_speaker-02_trial-13_digit-4.flac,female,23,158
2212,15,fuenf,german,5,3,10,lang-german_speaker-03_trial-10_digit-5.flac,female,23,174
2213,5,five,english,5,11,10,lang-english_speaker-11_trial-10_digit-5.flac,female,31,163
2214,8,eight,english,8,0,14,lang-english_speaker-00_trial-14_digit-8.flac,male,24,180
2215,18,acht,german,8,11,18,lang-german_speaker-11_trial-18_digit-8.flac,female,31,163
2216,1,one,english,1,10,13,lang-english_speaker-10_trial-13_digit-1.flac,female,25,160
2217,11,eins,german,1,7,9,lang-german_speaker-07_trial-9_digit-1.flac,male,56,175
2218,1,one,english,1,0,15,lang-english_speaker-00_trial-15_digit-1.flac,male,24,180
2219,12,zwei,german,2,1,11,lang-german_speaker-01_trial-11_digit-2.flac,male,22,195
2220,14,vier,german,4,11,18,lang-german_speaker-11_trial-18_digit-4.flac,female,31,163
2221,18,acht,german,8,2,16,lang-german_speaker-02_trial-16_digit-8.flac,female,23,158
2222,17,sieben,german,7,11,18,lang-german_speaker-11_trial-18_digit-7.flac,female,31,163
2223,0,zero,english,0,3,6,lang-english_speaker-03_trial-6_digit-0.flac,female,23,174
2224,17,sieben,german,7,1,11,lang-german_speaker-01_trial-11_digit-7.flac,male,22,195
2225,9,nine,english,9,1,11,lang-english_speaker-01_trial-11_digit-9.flac,male,22,195
2226,2,two,english,2,7,8,lang-english_speaker-07_trial-8_digit-2.flac,male,56,175
2227,11,eins,german,1,3,10,lang-german_speaker-03_trial-10_digit-1.flac,female,23,174
2228,17,sieben,german,7,1,11,lang-german_speaker-01_trial-11_digit-7.flac,male,22,195
2229,18,acht,german,8,1,11,lang-german_speaker-01_trial-11_digit-8.flac,male,22,195
2230,19,neun,german,9,11,18,lang-german_speaker-11_trial-18_digit-9.flac,female,31,163
2231,5,five,english,5,0,15,lang-english_speaker-00_trial-15_digit-5.flac,male,24,180
2232,6,six,english,6,0,15,lang-english_speaker-00_trial-15_digit-6.flac,male,24,180
2233,1,one,english,1,9,10,lang-english_speaker-09_trial-10_digit-1.flac,male,32,183
2234,14,vier,german,4,3,10,lang-german_speaker-03_trial-10_digit-4.flac,female,23,174
2235,5,five,english,5,1,11,lang-english_speaker-01_trial-11_digit-5.flac,male,22,195
2236,11,eins,german,1,11,19,lang-german_speaker-11_trial-19_digit-1.flac,female,31,163
2237,18,acht,german,8,7,9,lang-german_speaker-07_trial-9_digit-8.flac,male,56,175
2238,11,eins,german,1,11,19,lang-german_speaker-11_trial-19_digit-1.flac,female,31,163
2239,13,drei,german,3,6,5,lang-german_speaker-06_trial-5_digit-3.flac,female,35,163
2240,4,four,english,4,8,9,lang-english_speaker-08_trial-9_digit-4.flac,male,21,182
2241,8,eight,english,8,7,8,lang-english_speaker-07_trial-8_digit-8.flac,male,56,175
2242,15,fuenf,german,5,1,11,lang-german_speaker-01_trial-11_digit-5.flac,male,22,195
2243,5,five,english,5,9,10,lang-english_speaker-09_trial-10_digit-5.flac,male,32,183
2244,9,nine,english,9,0,15,lang-english_speaker-00_trial-15_digit-9.flac,male,24,180
2245,13,drei,german,3,0,11,lang-german_speaker-00_trial-11_digit-3.flac,male,24,180
2246,14,vier,german,4,8,10,lang-german_speaker-08_trial-10_digit-4.flac,male,21,182
2247,13,drei,german,3,8,10,lang-german_speaker-08_trial-10_digit-3.flac,male,21,182
2248,10,null,german,0,7,10,lang-german_speaker-07_trial-10_digit-0.flac,male,56,175
2249,7,seven,english,7,2,13,lang-english_speaker-02_trial-13_digit-7.flac,female,23,158
2250,0,zero,english,0,3,6,lang-english_speaker-03_trial-6_digit-0.flac,female,23,174
2251,2,two,english,2,7,8,lang-english_speaker-07_trial-8_digit-2.flac,male,56,175
2252,6,six,english,6,7,8,lang-english_speaker-07_trial-8_digit-6.flac,male,56,175
2253,15,fuenf,german,5,6,5,lang-german_speaker-06_trial-5_digit-5.flac,female,35,163
2254,14,vier,german,4,1,11,lang-german_speaker-01_trial-11_digit-4.flac,male,22,195
2255,16,sechs,german,6,2,16,lang-german_speaker-02_trial-16_digit-6.flac,female,23,158
2256,2,two,english,2,7,8,lang-english_speaker-07_trial-8_digit-2.flac,male,56,175
2257,0,zero,english,0,3,6,lang-english_speaker-03_trial-6_digit-0.flac,female,23,174
2258,8,eight,english,8,7,8,lang-english_speaker-07_trial-8_digit-8.flac,male,56,175
2259,3,three,english,3,8,9,lang-english_speaker-08_trial-9_digit-3.flac,male,21,182
2260,17,sieben,german,7,11,19,lang-german_speaker-11_trial-19_digit-7.flac,female,31,163
2261,18,acht,german,8,10,9,lang-german_speaker-10_trial-9_digit-8.flac,female,25,160
2262,19,neun,german,9,2,16,lang-german_speaker-02_trial-16_digit-9.flac,female,23,158
2263,7,seven,english,7,10,13,lang-english_speaker-10_trial-13_digit-7.flac,female,25,160
2264,19,neun,german,9,10,9,lang-german_speaker-10_trial-9_digit-9.flac,female,25,160
2265,16,sechs,german,6,11,19,lang-german_speaker-11_trial-19_digit-6.flac,female,31,163
2266,10,null,german,0,2,17,lang-german_speaker-02_trial-17_digit-0.flac,female,23,158
2267,18,acht,german,8,11,19,lang-german_speaker-11_trial-19_digit-8.flac,female,31,163
2268,1,one,english,1,7,8,lang-english_speaker-07_trial-8_digit-1.flac,male,56,175
2269,3,three,english,3,7,8,lang-english_speaker-07_trial-8_digit-3.flac,male,56,175
2270,3,three,english,3,9,10,lang-english_speaker-09_trial-10_digit-3.flac,male,32,183
2271,11,eins,german,1,1,11,lang-german_speaker-01_trial-11_digit-1.flac,male,22,195
2272,4,four,english,4,1,11,lang-english_speaker-01_trial-11_digit-4.flac,male,22,195
2273,12,zwei,german,2,9,11,lang-german_speaker-09_trial-11_digit-2.flac,male,32,183
2274,12,zwei,german,2,1,11,lang-german_speaker-01_trial-11_digit-2.flac,male,22,195
2275,12,zwei,german,2,10,9,lang-german_speaker-10_trial-9_digit-2.flac,female,25,160
2276,10,null,german,0,0,12,lang-german_speaker-00_trial-12_digit-0.flac,male,24,180
2277,8,eight,english,8,0,15,lang-english_speaker-00_trial-15_digit-8.flac,male,24,180
2278,2,two,english,2,2,13,lang-english_speaker-02_trial-13_digit-2.flac,female,23,158
2279,19,neun,german,9,11,19,lang-german_speaker-11_trial-19_digit-9.flac,female,31,163
2280,8,eight,english,8,3,6,lang-english_speaker-03_trial-6_digit-8.flac,female,23,174
2281,13,drei,german,3,0,12,lang-german_speaker-00_trial-12_digit-3.flac,male,24,180
2282,17,sieben,german,7,0,12,lang-german_speaker-00_trial-12_digit-7.flac,male,24,180
2283,19,neun,german,9,6,5,lang-german_speaker-06_trial-5_digit-9.flac,female,35,163
2284,12,zwei,german,2,1,11,lang-german_speaker-01_trial-11_digit-2.flac,male,22,195
2285,9,nine,english,9,10,13,lang-english_speaker-10_trial-13_digit-9.flac,female,25,160
2286,18,acht,german,8,3,10,lang-german_speaker-03_trial-10_digit-8.flac,female,23,174
2287,6,six,english,6,8,9,lang-english_speaker-08_trial-9_digit-6.flac,male,21,182
2288,18,acht,german,8,1,11,lang-german_speaker-01_trial-11_digit-8.flac,male,22,195
2289,19,neun,german,9,3,10,lang-german_speaker-03_trial-10_digit-9.flac,female,23,174
2290,7,seven,english,7,7,8,lang-english_speaker-07_trial-8_digit-7.flac,male,56,175
2291,0,zero,english,0,10,14,lang-english_speaker-10_trial-14_digit-0.flac,female,25,160
2292,5,five,english,5,10,14,lang-english_speaker-10_trial-14_digit-5.flac,female,25,160
2293,19,neun,german,9,11,19,lang-german_speaker-11_trial-19_digit-9.flac,female,31,163
2294,19,neun,german,9,0,12,lang-german_speaker-00_trial-12_digit-9.flac,male,24,180
2295,2,two,english,2,8,9,lang-english_speaker-08_trial-9_digit-2.flac,male,21,182
2296,6,six,english,6,3,6,lang-english_speaker-03_trial-6_digit-6.flac,female,23,174
2297,2,two,english,2,7,8,lang-english_speaker-07_trial-8_digit-2.flac,male,56,175
2298,0,zero,english,0,1,12,lang-english_speaker-01_trial-12_digit-0.flac,male,22,195
2299,15,fuenf,german,5,8,10,lang-german_speaker-08_trial-10_digit-5.flac,male,21,182
2300,17,sieben,german,7,8,10,lang-german_speaker-08_trial-10_digit-7.flac,male,21,182
2301,6,six,english,6,2,13,lang-english_speaker-02_trial-13_digit-6.flac,female,23,158
2302,11,eins,german,1,0,13,lang-german_speaker-00_trial-13_digit-1.flac,male,24,180
2303,8,eight,english,8,6,8,lang-english_speaker-06_trial-8_digit-8.flac,female,35,163
2304,16,sechs,german,6,11,19,lang-german_speaker-11_trial-19_digit-6.flac,female,31,163
2305,19,neun,german,9,3,10,lang-german_speaker-03_trial-10_digit-9.flac,female,23,174
2306,10,null,german,0,3,11,lang-german_speaker-03_trial-11_digit-0.flac,female,23,174
2307,12,zwei,german,2,1,11,lang-german_speaker-01_trial-11_digit-2.flac,male,22,195
2308,10,null,german,0,9,12,lang-german_speaker-09_trial-12_digit-0.flac,male,32,183
2309,7,seven,english,7,0,15,lang-english_speaker-00_trial-15_digit-7.flac,male,24,180
2310,0,zero,english,0,11,10,lang-english_speaker-11_trial-10_digit-0.flac,female,31,163
2311,13,drei,german,3,2,17,lang-german_speaker-02_trial-17_digit-3.flac,female,23,158
2312,15,fuenf,german,5,2,17,lang-german_speaker-02_trial-17_digit-5.flac,female,23,158
2313,17,sieben,german,7,9,12,lang-german_speaker-09_trial-12_digit-7.flac,male,32,183
2314,2,two,english,2,1,12,lang-english_speaker-01_trial-12_digit-2.flac,male,22,195
2315,10,null,german,0,8,11,lang-german_speaker-08_trial-11_digit-0.flac,male,21,182
2316,6,six,english,6,10,14,lang-english_speaker-10_trial-14_digit-6.flac,female,25,160
2317,17,sieben,german,7,9,12,lang-german_speaker-09_trial-12_digit-7.flac,male,32,183
2318,13,drei,german,3,1,11,lang-german_speaker-01_trial-11_digit-3.flac,male,22,195
2319,9,nine,english,9,0,15,lang-english_speaker-00_trial-15_digit-9.flac,male,24,180
2320,4,four,english,4,11,10,lang-english_speaker-11_trial-10_digit-4.flac,female,31,163
2321,17,sieben,german,7,11,19,lang-german_speaker-11_trial-19_digit-7.flac,female,31,163
2322,11,eins,german,1,1,11,lang-german_speaker-01_trial-11_digit-1.flac,male,22,195
2323,15,fuenf,german,5,10,9,lang-german_speaker-10_trial-9_digit-5.flac,female,25,160
2324,10,null,german,0,8,11,lang-german_speaker-08_trial-11_digit-0.flac,male,21,182
2325,2,two,english,2,10,14,lang-english_speaker-10_trial-14_digit-2.flac,female,25,160
2326,11,eins,german,1,2,17,lang-german_speaker-02_trial-17_digit-1.flac,female,23,158
2327,16,sechs,german,6,9,12,lang-german_speaker-09_trial-12_digit-6.flac,male,32,183
2328,19,neun,german,9,3,11,lang-german_speaker-03_trial-11_digit-9.flac,female,23,174
2329,0,zero,english,0,6,9,lang-english_speaker-06_trial-9_digit-0.flac,female,35,163
2330,8,eight,english,8,2,13,lang-english_speaker-02_trial-13_digit-8.flac,female,23,158
2331,14,vier,german,4,6,5,lang-german_speaker-06_trial-5_digit-4.flac,female,35,163
2332,5,five,english,5,8,9,lang-english_speaker-08_trial-9_digit-5.flac,male,21,182
2333,15,fuenf,german,5,8,11,lang-german_speaker-08_trial-11_digit-5.flac,male,21,182
2334,11,eins,german,1,11,20,lang-german_speaker-11_trial-20_digit-1.flac,female,31,163
2335,9,nine,english,9,7,8,lang-english_speaker-07_trial-8_digit-9.flac,male,56,175
2336,14,vier,german,4,2,17,lang-german_speaker-02_trial-17_digit-4.flac,female,23,158
2337,8,eight,english,8,0,15,lang-english_speaker-00_trial-15_digit-8.flac,male,24,180
2338,10,null,german,0,11,20,lang-german_speaker-11_trial-20_digit-0.flac,female,31,163
2339,18,acht,german,8,10,9,lang-german_speaker-10_trial-9_digit-8.flac,female,25,160
2340,2,two,english,2,0,15,lang-english_speaker-00_trial-15_digit-2.flac,male,24,180
2341,4,four,english,4,8,9,lang-english_speaker-08_trial-9_digit-4.flac,male,21,182
2342,2,two,english,2,9,10,lang-english_speaker-09_trial-10_digit-2.flac,male,32,183
2343,16,sechs,german,6,3,11,lang-german_speaker-03_trial-11_digit-6.flac,female,23,174
2344,5,five,english,5,10,14,lang-english_speaker-10_trial-14_digit-5.flac,female,25,160
2345,15,fuenf,german,5,2,17,lang-german_speaker-02_trial-17_digit-5.flac,female,23,158
2346,9,nine,english,9,6,9,lang-english_speaker-06_trial-9_digit-9.flac,female,35,163
2347,12,zwei,german,2,11,20,lang-german_speaker-11_trial-20_digit-2.flac,female,31,163
2348,16,sechs,german,6,10,9,lang-german_speaker-10_trial-9_digit-6.flac,female,25,160
2349,16,sechs,german,6,9,12,lang-german_speaker-09_trial-12_digit-6.flac,male,32,183
2350,1,one,english,1,1,12,lang-english_speaker-01_trial-12_digit-1.flac,male,22,195
2351,13,drei,german,3,3,11,lang-german_speaker-03_trial-11_digit-3.flac,female,23,174
2352,11,eins,german,1,2,17,lang-german_speaker-02_trial-17_digit-1.flac,female,23,158
2353,4,four,english,4,6,9,lang-english_speaker-06_trial-9_digit-4.flac,female,35,163
2354,3,three,english,3,1,12,lang-english_speaker-01_trial-12_digit-3.flac,male,22,195
2355,17,sieben,german,7,2,17,lang-german_speaker-02_trial-17_digit-7.flac,female,23,158
2356,10,null,german,0,2,18,lang-german_speaker-02_trial-18_digit-0.flac,female,23,158
2357,8,eight,english,8,7,8,lang-english_speaker-07_trial-8_digit-8.flac,male,56,175
2358,7,seven,english,7,8,9,lang-english_speaker-08_trial-9_digit-7.flac,male,21,182
2359,19,neun,german,9,7,10,lang-german_speaker-07_trial-10_digit-9.flac,male,56,175
2360,3,three,english,3,7,8,lang-english_speaker-07_trial-8_digit-3.flac,male,56,175
2361,1,one,english,1,2,13,lang-english_speaker-02_trial-13_digit-1.flac,female,23,158
2362,1,one,english,1,10,14,lang-english_speaker-10_trial-14_digit-1.flac,female,25,160
2363,8,eight,english,8,9,10,lang-english_speaker-09_trial-10_digit-8.flac,male,32,183
2364,19,neun,german,9,3,11,lang-german_speaker-03_trial-11_digit-9.flac,female,23,174
2365,10,null,german,0,11,20,lang-german_speaker-11_trial-20_digit-0.flac,female,31,163
2366,18,acht,german,8,8,11,lang-german_speaker-08_trial-11_digit-8.flac,male,21,182
2367,8,eight,english,8,7,8,lang-english_speaker-07_trial-8_digit-8.flac,male,56,175
2368,5,five,english,5,7,8,lang-english_speaker-07_trial-8_digit-5.flac,male,56,175
2369,9,nine,english,9,11,10,lang-english_speaker-11_trial-10_digit-9.flac,female,31,163
2370,4,four,english,4,9,10,lang-english_speaker-09_trial-10_digit-4.flac,male,32,183
2371,2,two,english,2,9,10,lang-english_speaker-09_trial-10_digit-2.flac,male,32,183
2372,3,three,english,3,3,6,lang-english_speaker-03_trial-6_digit-3.flac,female,23,174
2373,3,three,english,3,7,8,lang-english_speaker-07_trial-8_digit-3.flac,male,56,175
2374,16,sechs,german,6,9,12,lang-german_speaker-09_trial-12_digit-6.flac,male,32,183
2375,10,null,german,0,1,12,lang-german_speaker-01_trial-12_digit-0.flac,male,22,195
2376,9,nine,english,9,10,14,lang-english_speaker-10_trial-14_digit-9.flac,female,25,160
2377,14,vier,german,4,2,18,lang-german_speaker-02_trial-18_digit-4.flac,female,23,158
2378,17,sieben,german,7,1,12,lang-german_speaker-01_trial-12_digit-7.flac,male,22,195
2379,0,zero,english,0,7,9,lang-english_speaker-07_trial-9_digit-0.flac,male,56,175
2380,3,three,english,3,9,10,lang-english_speaker-09_trial-10_digit-3.flac,male,32,183
2381,5,five,english,5,11,10,lang-english_speaker-11_trial-10_digit-5.flac,female,31,163
2382,1,one,english,1,2,13,lang-english_speaker-02_trial-13_digit-1.flac,female,23,158
2383,14,vier,german,4,0,13,lang-german_speaker-00_trial-13_digit-4.flac,male,24,180
2384,2,two,english,2,8,9,lang-english_speaker-08_trial-9_digit-2.flac,male,21,182
2385,3,three,english,3,1,12,lang-english_speaker-01_trial-12_digit-3.flac,male,22,195
2386,17,sieben,german,7,1,12,lang-german_speaker-01_trial-12_digit-7.flac,male,22,195
2387,18,acht,german,8,1,12,lang-german_speaker-01_trial-12_digit-8.flac,male,22,195
2388,17,sieben,german,7,0,13,lang-german_speaker-00_trial-13_digit-7.flac,male,24,180
2389,0,zero,english,0,10,15,lang-english_speaker-10_trial-15_digit-0.flac,female,25,160
2390,4,four,english,4,0,15,lang-english_speaker-00_trial-15_digit-4.flac,male,24,180
2391,11,eins,german,1,3,12,lang-german_speaker-03_trial-12_digit-1.flac,female,23,174
2392,2,two,english,2,7,9,lang-english_speaker-07_trial-9_digit-2.flac,male,56,175
2393,15,fuenf,german,5,11,20,lang-german_speaker-11_trial-20_digit-5.flac,female,31,163
2394,1,one,english,1,1,12,lang-english_speaker-01_trial-12_digit-1.flac,male,22,195
2395,11,eins,german,1,0,13,lang-german_speaker-00_trial-13_digit-1.flac,male,24,180
2396,16,sechs,german,6,1,12,lang-german_speaker-01_trial-12_digit-6.flac,male,22,195
2397,14,vier,german,4,3,12,lang-german_speaker-03_trial-12_digit-4.flac,female,23,174
2398,12,zwei,german,2,1,12,lang-german_speaker-01_trial-12_digit-2.flac,male,22,195
2399,0,zero,english,0,10,15,lang-english_speaker-10_trial-15_digit-0.flac,female,25,160
2400,11,eins,german,1,3,12,lang-german_speaker-03_trial-12_digit-1.flac,female,23,174
2401,1,one,english,1,2,13,lang-english_speaker-02_trial-13_digit-1.flac,female,23,158
2402,19,neun,german,9,11,20,lang-german_speaker-11_trial-20_digit-9.flac,female,31,163
2403,10,null,german,0,0,14,lang-german_speaker-00_trial-14_digit-0.flac,male,24,180
2404,16,sechs,german,6,2,18,lang-german_speaker-02_trial-18_digit-6.flac,female,23,158
2405,8,eight,english,8,3,6,lang-english_speaker-03_trial-6_digit-8.flac,female,23,174
2406,1,one,english,1,10,15,lang-english_speaker-10_trial-15_digit-1.flac,female,25,160
2407,0,zero,english,0,2,14,lang-english_speaker-02_trial-14_digit-0.flac,female,23,158
2408,15,fuenf,german,5,11,20,lang-german_speaker-11_trial-20_digit-5.flac,female,31,163
2409,10,null,german,0,0,14,lang-german_speaker-00_trial-14_digit-0.flac,male,24,180
2410,16,sechs,german,6,11,20,lang-german_speaker-11_trial-20_digit-6.flac,female,31,163
2411,10,null,german,0,1,13,lang-german_speaker-01_trial-13_digit-0.flac,male,22,195
2412,3,three,english,3,3,6,lang-english_speaker-03_trial-6_digit-3.flac,female,23,174
2413,4,four,english,4,2,14,lang-english_speaker-02_trial-14_digit-4.flac,female,23,158
2414,8,eight,english,8,3,6,lang-english_speaker-03_trial-6_digit-8.flac,female,23,174
2415,1,one,english,1,9,10,lang-english_speaker-09_trial-10_digit-1.flac,male,32,183
2416,1,one,english,1,2,14,lang-english_speaker-02_trial-14_digit-1.flac,female,23,158
2417,9,nine,english,9,7,9,lang-english_speaker-07_trial-9_digit-9.flac,male,56,175
2418,7,seven,english,7,11,10,lang-english_speaker-11_trial-10_digit-7.flac,female,31,163
2419,3,three,english,3,7,9,lang-english_speaker-07_trial-9_digit-3.flac,male,56,175
2420,6,six,english,6,9,10,lang-english_speaker-09_trial-10_digit-6.flac,male,32,183
2421,1,one,english,1,9,10,lang-english_speaker-09_trial-10_digit-1.flac,male,32,183
2422,16,sechs,german,6,8,11,lang-german_speaker-08_trial-11_digit-6.flac,male,21,182
2423,2,two,english,2,10,15,lang-english_speaker-10_trial-15_digit-2.flac,female,25,160
2424,3,three,english,3,11,10,lang-english_speaker-11_trial-10_digit-3.flac,female,31,163
2425,14,vier,german,4,2,18,lang-german_speaker-02_trial-18_digit-4.flac,female,23,158
2426,1,one,english,1,9,10,lang-english_speaker-09_trial-10_digit-1.flac,male,32,183
2427,11,eins,german,1,0,14,lang-german_speaker-00_trial-14_digit-1.flac,male,24,180
2428,9,nine,english,9,2,14,lang-english_speaker-02_trial-14_digit-9.flac,female,23,158
2429,11,eins,german,1,8,11,lang-german_speaker-08_trial-11_digit-1.flac,male,21,182
2430,5,five,english,5,7,9,lang-english_speaker-07_trial-9_digit-5.flac,male,56,175
2431,10,null,german,0,8,12,lang-german_speaker-08_trial-12_digit-0.flac,male,21,182
2432,16,sechs,german,6,0,14,lang-german_speaker-00_trial-14_digit-6.flac,male,24,180
2433,6,six,english,6,6,9,lang-english_speaker-06_trial-9_digit-6.flac,female,35,163
2434,7,seven,english,7,10,15,lang-english_speaker-10_trial-15_digit-7.flac,female,25,160
2435,4,four,english,4,7,9,lang-english_speaker-07_trial-9_digit-4.flac,male,56,175
2436,9,nine,english,9,11,10,lang-english_speaker-11_trial-10_digit-9.flac,female,31,163
2437,19,neun,german,9,9,12,lang-german_speaker-09_trial-12_digit-9.flac,male,32,183
2438,7,seven,english,7,2,14,lang-english_speaker-02_trial-14_digit-7.flac,female,23,158
2439,10,null,german,0,0,14,lang-german_speaker-00_trial-14_digit-0.flac,male,24,180
2440,5,five,english,5,1,12,lang-english_speaker-01_trial-12_digit-5.flac,male,22,195
2441,18,acht,german,8,2,18,lang-german_speaker-02_trial-18_digit-8.flac,female,23,158
2442,19,neun,german,9,9,12,lang-german_speaker-09_trial-12_digit-9.flac,male,32,183
2443,12,zwei,german,2,11,20,lang-german_speaker-11_trial-20_digit-2.flac,female,31,163
2444,16,sechs,german,6,2,18,lang-german_speaker-02_trial-18_digit-6.flac,female,23,158
2445,1,one,english,1,1,12,lang-english_speaker-01_trial-12_digit-1.flac,male,22,195
2446,8,eight,english,8,8,9,lang-english_speaker-08_trial-9_digit-8.flac,male,21,182
2447,5,five,english,5,10,15,lang-english_speaker-10_trial-15_digit-5.flac,female,25,160
2448,12,zwei,german,2,3,12,lang-german_speaker-03_trial-12_digit-2.flac,female,23,174
2449,18,acht,german,8,3,12,lang-german_speaker-03_trial-12_digit-8.flac,female,23,174
2450,12,zwei,german,2,2,18,lang-german_speaker-02_trial-18_digit-2.flac,female,23,158
2451,0,zero,english,0,9,11,lang-english_speaker-09_trial-11_digit-0.flac,male,32,183
2452,8,eight,english,8,7,9,lang-english_speaker-07_trial-9_digit-8.flac,male,56,175
2453,15,fuenf,german,5,3,12,lang-german_speaker-03_trial-12_digit-5.flac,female,23,174
2454,11,eins,german,1,7,11,lang-german_speaker-07_trial-11_digit-1.flac,male,56,175
2455,13,drei,german,3,11,20,lang-german_speaker-11_trial-20_digit-3.flac,female,31,163
2456,17,sieben,german,7,7,11,lang-german_speaker-07_trial-11_digit-7.flac,male,56,175
2457,16,sechs,german,6,3,12,lang-german_speaker-03_trial-12_digit-6.flac,female,23,174
2458,5,five,english,5,0,15,lang-english_speaker-00_trial-15_digit-5.flac,male,24,180
2459,8,eight,english,8,11,10,lang-english_speaker-11_trial-10_digit-8.flac,female,31,163
2460,1,one,english,1,3,6,lang-english_speaker-03_trial-6_digit-1.flac,female,23,174
2461,7,seven,english,7,7,9,lang-english_speaker-07_trial-9_digit-7.flac,male,56,175
2462,6,six,english,6,9,11,lang-english_speaker-09_trial-11_digit-6.flac,male,32,183
2463,5,five,english,5,2,14,lang-english_speaker-02_trial-14_digit-5.flac,female,23,158
2464,17,sieben,german,7,2,18,lang-german_speaker-02_trial-18_digit-7.flac,female,23,158
2465,8,eight,english,8,3,6,lang-english_speaker-03_trial-6_digit-8.flac,female,23,174
2466,9,nine,english,9,11,10,lang-english_speaker-11_trial-10_digit-9.flac,female,31,163
2467,6,six,english,6,7,9,lang-english_speaker-07_trial-9_digit-6.flac,male,56,175
2468,6,six,english,6,10,15,lang-english_speaker-10_trial-15_digit-6.flac,female,25,160
2469,0,zero,english,0,8,10,lang-english_speaker-08_trial-10_digit-0.flac,male,21,182
2470,10,null,german,0,8,12,lang-german_speaker-08_trial-12_digit-0.flac,male,21,182
2471,12,zwei,german,2,0,14,lang-german_speaker-00_trial-14_digit-2.flac,male,24,180
2472,10,null,german,0,11,21,lang-german_speaker-11_trial-21_digit-0.flac,female,31,163
2473,0,zero,english,0,7,10,lang-english_speaker-07_trial-10_digit-0.flac,male,56,175
2474,4,four,english,4,3,6,lang-english_speaker-03_trial-6_digit-4.flac,female,23,174
2475,11,eins,german,1,11,21,lang-german_speaker-11_trial-21_digit-1.flac,female,31,163
2476,3,three,english,3,8,10,lang-english_speaker-08_trial-10_digit-3.flac,male,21,182
2477,17,sieben,german,7,10,9,lang-german_speaker-10_trial-9_digit-7.flac,female,25,160
2478,14,vier,german,4,1,13,lang-german_speaker-01_trial-13_digit-4.flac,male,22,195
2479,19,neun,german,9,2,18,lang-german_speaker-02_trial-18_digit-9.flac,female,23,158
2480,16,sechs,german,6,1,13,lang-german_speaker-01_trial-13_digit-6.flac,male,22,195
2481,0,zero,english,0,6,10,lang-english_speaker-06_trial-10_digit-0.flac,female,35,163
2482,5,five,english,5,8,10,lang-english_speaker-08_trial-10_digit-5.flac,male,21,182
2483,5,five,english,5,0,15,lang-english_speaker-00_trial-15_digit-5.flac,male,24,180
2484,2,two,english,2,9,11,lang-english_speaker-09_trial-11_digit-2.flac,male,32,183
2485,15,fuenf,german,5,2,18,lang-german_speaker-02_trial-18_digit-5.flac,female,23,158
2486,7,seven,english,7,7,10,lang-english_speaker-07_trial-10_digit-7.flac,male,56,175
2487,12,zwei,german,2,1,13,lang-german_speaker-01_trial-13_digit-2.flac,male,22,195
2488,13,drei,german,3,6,5,lang-german_speaker-06_trial-5_digit-3.flac,female,35,163
2489,8,eight,english,8,9,11,lang-english_speaker-09_trial-11_digit-8.flac,male,32,183
2490,18,acht,german,8,3,12,lang-german_speaker-03_trial-12_digit-8.flac,female,23,174
2491,9,nine,english,9,6,10,lang-english_speaker-06_trial-10_digit-9.flac,female,35,163
2492,14,vier,german,4,10,9,lang-german_speaker-10_trial-9_digit-4.flac,female,25,160
2493,9,nine,english,9,8,10,lang-english_speaker-08_trial-10_digit-9.flac,male,21,182
2494,15,fuenf,german,5,1,13,lang-german_speaker-01_trial-13_digit-5.flac,male,22,195
2495,7,seven,english,7,0,15,lang-english_speaker-00_trial-15_digit-7.flac,male,24,180
2496,8,eight,english,8,11,10,lang-english_speaker-11_trial-10_digit-8.flac,female,31,163
2497,19,neun,german,9,11,21,lang-german_speaker-11_trial-21_digit-9.flac,female,31,163
2498,11,eins,german,1,3,12,lang-german_speaker-03_trial-12_digit-1.flac,female,23,174
2499,18,acht,german,8,2,18,lang-german_speaker-02_trial-18_digit-8.flac,female,23,158
2500,9,nine,english,9,9,11,lang-english_speaker-09_trial-11_digit-9.flac,male,32,183
2501,9,nine,english,9,8,10,lang-english_speaker-08_trial-10_digit-9.flac,male,21,182
2502,14,vier,german,4,3,12,lang-german_speaker-03_trial-12_digit-4.flac,female,23,174
2503,13,drei,german,3,7,11,lang-german_speaker-07_trial-11_digit-3.flac,male,56,175
2504,3,three,english,3,1,12,lang-english_speaker-01_trial-12_digit-3.flac,male,22,195
2505,11,eins,german,1,11,22,lang-german_speaker-11_trial-22_digit-1.flac,female,31,163
2506,15,fuenf,german,5,9,12,lang-german_speaker-09_trial-12_digit-5.flac,male,32,183
2507,17,sieben,german,7,8,12,lang-german_speaker-08_trial-12_digit-7.flac,male,21,182
2508,14,vier,german,4,2,18,lang-german_speaker-02_trial-18_digit-4.flac,female,23,158
2509,8,eight,english,8,8,10,lang-english_speaker-08_trial-10_digit-8.flac,male,21,182
2510,4,four,english,4,7,10,lang-english_speaker-07_trial-10_digit-4.flac,male,56,175
2511,8,eight,english,8,2,14,lang-english_speaker-02_trial-14_digit-8.flac,female,23,158
2512,1,one,english,1,8,11,lang-english_speaker-08_trial-11_digit-1.flac,male,21,182
2513,0,zero,english,0,6,11,lang-english_speaker-06_trial-11_digit-0.flac,female,35,163
2514,2,two,english,2,9,11,lang-english_speaker-09_trial-11_digit-2.flac,male,32,183
2515,5,five,english,5,2,14,lang-english_speaker-02_trial-14_digit-5.flac,female,23,158
2516,0,zero,english,0,7,11,lang-english_speaker-07_trial-11_digit-0.flac,male,56,175
2517,5,five,english,5,9,11,lang-english_speaker-09_trial-11_digit-5.flac,male,32,183
2518,7,seven,english,7,10,15,lang-english_speaker-10_trial-15_digit-7.flac,female,25,160
2519,2,two,english,2,0,15,lang-english_speaker-00_trial-15_digit-2.flac,male,24,180
2520,15,fuenf,german,5,2,18,lang-german_speaker-02_trial-18_digit-5.flac,female,23,158
2521,6,six,english,6,10,15,lang-english_speaker-10_trial-15_digit-6.flac,female,25,160
2522,4,four,english,4,0,15,lang-english_speaker-00_trial-15_digit-4.flac,male,24,180
2523,17,sieben,german,7,1,13,lang-german_speaker-01_trial-13_digit-7.flac,male,22,195
2524,18,acht,german,8,8,12,lang-german_speaker-08_trial-12_digit-8.flac,male,21,182
2525,12,zwei,german,2,6,5,lang-german_speaker-06_trial-5_digit-2.flac,female,35,163
2526,3,three,english,3,11,10,lang-english_speaker-11_trial-10_digit-3.flac,female,31,163
2527,18,acht,german,8,9,12,lang-german_speaker-09_trial-12_digit-8.flac,male,32,183
2528,3,three,english,3,11,10,lang-english_speaker-11_trial-10_digit-3.flac,female,31,163
2529,8,eight,english,8,10,15,lang-english_speaker-10_trial-15_digit-8.flac,female,25,160
2530,10,null,german,0,3,13,lang-german_speaker-03_trial-13_digit-0.flac,female,23,174
2531,19,neun,german,9,1,13,lang-german_speaker-01_trial-13_digit-9.flac,male,22,195
2532,2,two,english,2,0,15,lang-english_speaker-00_trial-15_digit-2.flac,male,24,180
2533,5,five,english,5,10,15,lang-english_speaker-10_trial-15_digit-5.flac,female,25,160
2534,11,eins,german,1,7,11,lang-german_speaker-07_trial-11_digit-1.flac,male,56,175
2535,14,vier,german,4,8,12,lang-german_speaker-08_trial-12_digit-4.flac,male,21,182
2536,14,vier,german,4,8,12,lang-german_speaker-08_trial-12_digit-4.flac,male,21,182
2537,9,nine,english,9,6,11,lang-english_speaker-06_trial-11_digit-9.flac,female,35,163
2538,2,two,english,2,3,6,lang-english_speaker-03_trial-6_digit-2.flac,female,23,174
2539,8,eight,english,8,2,14,lang-english_speaker-02_trial-14_digit-8.flac,female,23,158
2540,18,acht,german,8,3,13,lang-german_speaker-03_trial-13_digit-8.flac,female,23,174
2541,10,null,german,0,1,14,lang-german_speaker-01_trial-14_digit-0.flac,male,22,195
2542,2,two,english,2,10,15,lang-english_speaker-10_trial-15_digit-2.flac,female,25,160
2543,13,drei,german,3,7,11,lang-german_speaker-07_trial-11_digit-3.flac,male,56,175
2544,18,acht,german,8,8,12,lang-german_speaker-08_trial-12_digit-8.flac,male,21,182
2545,9,nine,english,9,7,11,lang-english_speaker-07_trial-11_digit-9.flac,male,56,175
2546,16,sechs,german,6,9,12,lang-german_speaker-09_trial-12_digit-6.flac,male,32,183
2547,4,four,english,4,3,6,lang-english_speaker-03_trial-6_digit-4.flac,female,23,174
2548,6,six,english,6,7,11,lang-english_speaker-07_trial-11_digit-6.flac,male,56,175
2549,3,three,english,3,11,10,lang-english_speaker-11_trial-10_digit-3.flac,female,31,163
2550,1,one,english,1,7,12,lang-english_speaker-07_trial-12_digit-1.flac,male,56,175
2551,18,acht,german,8,2,18,lang-german_speaker-02_trial-18_digit-8.flac,female,23,158
2552,7,seven,english,7,9,11,lang-english_speaker-09_trial-11_digit-7.flac,male,32,183
2553,2,two,english,2,2,14,lang-english_speaker-02_trial-14_digit-2.flac,female,23,158
2554,15,fuenf,german,5,2,18,lang-german_speaker-02_trial-18_digit-5.flac,female,23,158
2555,1,one,english,1,9,12,lang-english_speaker-09_trial-12_digit-1.flac,male,32,183
2556,14,vier,german,4,2,18,lang-german_speaker-02_trial-18_digit-4.flac,female,23,158
2557,3,three,english,3,3,6,lang-english_speaker-03_trial-6_digit-3.flac,female,23,174
2558,15,fuenf,german,5,1,14,lang-german_speaker-01_trial-14_digit-5.flac,male,22,195
2559,11,eins,german,1,11,22,lang-german_speaker-11_trial-22_digit-1.flac,female,31,163
2560,8,eight,english,8,9,12,lang-english_speaker-09_trial-12_digit-8.flac,male,32,183
2561,13,drei,german,3,1,14,lang-german_speaker-01_trial-14_digit-3.flac,male,22,195
2562,18,acht,german,8,8,12,lang-german_speaker-08_trial-12_digit-8.flac,male,21,182
2563,16,sechs,german,6,0,14,lang-german_speaker-00_trial-14_digit-6.flac,male,24,180
2564,10,null,german,0,1,14,lang-german_speaker-01_trial-14_digit-0.flac,male,22,195
2565,11,eins,german,1,1,14,lang-german_speaker-01_trial-14_digit-1.flac,male,22,195
2566,5,five,english,5,6,11,lang-english_speaker-06_trial-11_digit-5.flac,female,35,163
2567,9,nine,english,9,1,12,lang-english_speaker-01_trial-12_digit-9.flac,male,22,195
2568,17,sieben,german,7,3,13,lang-german_speaker-03_trial-13_digit-7.flac,female,23,174
2569,0,zero,english,0,8,11,lang-english_speaker-08_trial-11_digit-0.flac,male,21,182
2570,3,three,english,3,9,12,lang-english_speaker-09_trial-12_digit-3.flac,male,32,183
2571,16,sechs,german,6,8,12,lang-german_speaker-08_trial-12_digit-6.flac,male,21,182
2572,7,seven,english,7,6,11,lang-english_speaker-06_trial-11_digit-7.flac,female,35,163
2573,5,five,english,5,0,15,lang-english_speaker-00_trial-15_digit-5.flac,male,24,180
2574,13,drei,german,3,7,11,lang-german_speaker-07_trial-11_digit-3.flac,male,56,175
2575,11,eins,german,1,9,13,lang-german_speaker-09_trial-13_digit-1.flac,male,32,183
2576,10,null,german,0,11,22,lang-german_speaker-11_trial-22_digit-0.flac,female,31,163
2577,8,eight,english,8,0,15,lang-english_speaker-00_trial-15_digit-8.flac,male,24,180
2578,8,eight,english,8,11,10,lang-english_speaker-11_trial-10_digit-8.flac,female,31,163
2579,17,sieben,german,7,10,9,lang-german_speaker-10_trial-9_digit-7.flac,female,25,160
2580,16,sechs,german,6,11,22,lang-german_speaker-11_trial-22_digit-6.flac,female,31,163
2581,4,four,english,4,8,11,lang-english_speaker-08_trial-11_digit-4.flac,male,21,182
2582,5,five,english,5,9,12,lang-english_speaker-09_trial-12_digit-5.flac,male,32,183
2583,1,one,english,1,3,6,lang-english_speaker-03_trial-6_digit-1.flac,female,23,174
2584,8,eight,english,8,10,15,lang-english_speaker-10_trial-15_digit-8.flac,female,25,160
2585,0,zero,english,0,11,11,lang-english_speaker-11_trial-11_digit-0.flac,female,31,163
2586,5,five,english,5,8,11,lang-english_speaker-08_trial-11_digit-5.flac,male,21,182
2587,17,sieben,german,7,0,14,lang-german_speaker-00_trial-14_digit-7.flac,male,24,180
2588,16,sechs,german,6,10,9,lang-german_speaker-10_trial-9_digit-6.flac,female,25,160
2589,4,four,english,4,6,11,lang-english_speaker-06_trial-11_digit-4.flac,female,35,163
2590,11,eins,german,1,9,13,lang-german_speaker-09_trial-13_digit-1.flac,male,32,183
2591,15,fuenf,german,5,8,12,lang-german_speaker-08_trial-12_digit-5.flac,male,21,182
2592,18,acht,german,8,7,11,lang-german_speaker-07_trial-11_digit-8.flac,male,56,175
2593,16,sechs,german,6,10,9,lang-german_speaker-10_trial-9_digit-6.flac,female,25,160
2594,9,nine,english,9,11,11,lang-english_speaker-11_trial-11_digit-9.flac,female,31,163
2595,16,sechs,german,6,2,18,lang-german_speaker-02_trial-18_digit-6.flac,female,23,158
2596,5,five,english,5,7,12,lang-english_speaker-07_trial-12_digit-5.flac,male,56,175
2597,7,seven,english,7,9,12,lang-english_speaker-09_trial-12_digit-7.flac,male,32,183
2598,9,nine,english,9,9,12,lang-english_speaker-09_trial-12_digit-9.flac,male,32,183
2599,15,fuenf,german,5,2,18,lang-german_speaker-02_trial-18_digit-5.flac,female,23,158
2600,11,eins,german,1,10,10,lang-german_speaker-10_trial-10_digit-1.flac,female,25,160
2601,10,null,german,0,3,14,lang-german_speaker-03_trial-14_digit-0.flac,female,23,174
2602,1,one,english,1,3,6,lang-english_speaker-03_trial-6_digit-1.flac,female,23,174
2603,16,sechs,german,6,2,18,lang-german_speaker-02_trial-18_digit-6.flac,female,23,158
2604,17,sieben,german,7,8,12,lang-german_speaker-08_trial-12_digit-7.flac,male,21,182
2605,0,zero,english,0,0,16,lang-english_speaker-00_trial-16_digit-0.flac,male,24,180
2606,4,four,english,4,6,11,lang-english_speaker-06_trial-11_digit-4.flac,female,35,163
2607,17,sieben,german,7,7,11,lang-german_speaker-07_trial-11_digit-7.flac,male,56,175
2608,11,eins,german,1,11,22,lang-german_speaker-11_trial-22_digit-1.flac,female,31,163
2609,5,five,english,5,0,16,lang-english_speaker-00_trial-16_digit-5.flac,male,24,180
2610,4,four,english,4,2,14,lang-english_speaker-02_trial-14_digit-4.flac,female,23,158
2611,18,acht,german,8,1,14,lang-german_speaker-01_trial-14_digit-8.flac,male,22,195
2612,10,null,german,0,6,6,lang-german_speaker-06_trial-6_digit-0.flac,female,35,163
2613,0,zero,english,0,11,12,lang-english_speaker-11_trial-12_digit-0.flac,female,31,163
2614,12,zwei,german,2,8,12,lang-german_speaker-08_trial-12_digit-2.flac,male,21,182
2615,4,four,english,4,7,12,lang-english_speaker-07_trial-12_digit-4.flac,male,56,175
2616,14,vier,german,4,3,14,lang-german_speaker-03_trial-14_digit-4.flac,female,23,174
2617,15,fuenf,german,5,0,14,lang-german_speaker-00_trial-14_digit-5.flac,male,24,180
2618,5,five,english,5,9,12,lang-english_speaker-09_trial-12_digit-5.flac,male,32,183
2619,18,acht,german,8,9,13,lang-german_speaker-09_trial-13_digit-8.flac,male,32,183
2620,3,three,english,3,10,15,lang-english_speaker-10_trial-15_digit-3.flac,female,25,160
2621,1,one,english,1,8,11,lang-english_speaker-08_trial-11_digit-1.flac,male,21,182
2622,12,zwei,german,2,11,22,lang-german_speaker-11_trial-22_digit-2.flac,female,31,163
2623,6,six,english,6,2,14,lang-english_speaker-02_trial-14_digit-6.flac,female,23,158
2624,0,zero,english,0,2,15,lang-english_speaker-02_trial-15_digit-0.flac,female,23,158
2625,12,zwei,german,2,2,18,lang-german_speaker-02_trial-18_digit-2.flac,female,23,158
2626,12,zwei,german,2,9,13,lang-german_speaker-09_trial-13_digit-2.flac,male,32,183
2627,3,three,english,3,1,12,lang-english_speaker-01_trial-12_digit-3.flac,male,22,195
2628,10,null,german,0,9,14,lang-german_speaker-09_trial-14_digit-0.flac,male,32,183
2629,13,drei,german,3,10,10,lang-german_speaker-10_trial-10_digit-3.flac,female,25,160
2630,3,three,english,3,6,11,lang-english_speaker-06_trial-11_digit-3.flac,female,35,163
2631,4,four,english,4,9,12,lang-english_speaker-09_trial-12_digit-4.flac,male,32,183
2632,6,six,english,6,11,12,lang-english_speaker-11_trial-12_digit-6.flac,female,31,163
2633,17,sieben,german,7,10,10,lang-german_speaker-10_trial-10_digit-7.flac,female,25,160
2634,6,six,english,6,8,11,lang-english_speaker-08_trial-11_digit-6.flac,male,21,182
2635,16,sechs,german,6,1,14,lang-german_speaker-01_trial-14_digit-6.flac,male,22,195
2636,11,eins,german,1,8,12,lang-german_speaker-08_trial-12_digit-1.flac,male,21,182
2637,18,acht,german,8,3,14,lang-german_speaker-03_trial-14_digit-8.flac,female,23,174
2638,1,one,english,1,1,13,lang-english_speaker-01_trial-13_digit-1.flac,male,22,195
2639,12,zwei,german,2,7,11,lang-german_speaker-07_trial-11_digit-2.flac,male,56,175
2640,16,sechs,german,6,7,11,lang-german_speaker-07_trial-11_digit-6.flac,male,56,175
2641,16,sechs,german,6,10,10,lang-german_speaker-10_trial-10_digit-6.flac,female,25,160
2642,8,eight,english,8,0,16,lang-english_speaker-00_trial-16_digit-8.flac,male,24,180
2643,5,five,english,5,8,11,lang-english_speaker-08_trial-11_digit-5.flac,male,21,182
2644,14,vier,german,4,11,22,lang-german_speaker-11_trial-22_digit-4.flac,female,31,163
2645,15,fuenf,german,5,1,14,lang-german_speaker-01_trial-14_digit-5.flac,male,22,195
2646,10,null,german,0,11,22,lang-german_speaker-11_trial-22_digit-0.flac,female,31,163
2647,17,sieben,german,7,8,12,lang-german_speaker-08_trial-12_digit-7.flac,male,21,182
2648,8,eight,english,8,11,12,lang-english_speaker-11_trial-12_digit-8.flac,female,31,163
2649,1,one,english,1,1,13,lang-english_speaker-01_trial-13_digit-1.flac,male,22,195
2650,6,six,english,6,3,6,lang-english_speaker-03_trial-6_digit-6.flac,female,23,174
2651,16,sechs,german,6,11,22,lang-german_speaker-11_trial-22_digit-6.flac,female,31,163
2652,0,zero,english,0,11,13,lang-english_speaker-11_trial-13_digit-0.flac,female,31,163
2653,3,three,english,3,11,13,lang-english_speaker-11_trial-13_digit-3.flac,female,31,163
2654,13,drei,german,3,2,18,lang-german_speaker-02_trial-18_digit-3.flac,female,23,158
2655,5,five,english,5,2,15,lang-english_speaker-02_trial-15_digit-5.flac,female,23,158
2656,5,five,english,5,0,16,lang-english_speaker-00_trial-16_digit-5.flac,male,24,180
2657,4,four,english,4,7,12,lang-english_speaker-07_trial-12_digit-4.flac,male,56,175
2658,18,acht,german,8,8,12,lang-german_speaker-08_trial-12_digit-8.flac,male,21,182
2659,16,sechs,german,6,2,18,lang-german_speaker-02_trial-18_digit-6.flac,female,23,158
2660,17,sieben,german,7,2,18,lang-german_speaker-02_trial-18_digit-7.flac,female,23,158
2661,2,two,english,2,11,13,lang-english_speaker-11_trial-13_digit-2.flac,female,31,163
2662,5,five,english,5,9,12,lang-english_speaker-09_trial-12_digit-5.flac,male,32,183
2663,16,sechs,german,6,10,10,lang-german_speaker-10_trial-10_digit-6.flac,female,25,160
2664,0,zero,english,0,2,15,lang-english_speaker-02_trial-15_digit-0.flac,female,23,158
2665,1,one,english,1,8,11,lang-english_speaker-08_trial-11_digit-1.flac,male,21,182
2666,17,sieben,german,7,11,22,lang-german_speaker-11_trial-22_digit-7.flac,female,31,163
2667,19,neun,german,9,8,12,lang-german_speaker-08_trial-12_digit-9.flac,male,21,182
2668,8,eight,english,8,10,15,lang-english_speaker-10_trial-15_digit-8.flac,female,25,160
2669,11,eins,german,1,6,6,lang-german_speaker-06_trial-6_digit-1.flac,female,35,163
2670,16,sechs,german,6,2,18,lang-german_speaker-02_trial-18_digit-6.flac,female,23,158
2671,18,acht,german,8,2,18,lang-german_speaker-02_trial-18_digit-8.flac,female,23,158
2672,16,sechs,german,6,2,18,lang-german_speaker-02_trial-18_digit-6.flac,female,23,158
2673,7,seven,english,7,7,12,lang-english_speaker-07_trial-12_digit-7.flac,male,56,175
2674,16,sechs,german,6,10,10,lang-german_speaker-10_trial-10_digit-6.flac,female,25,160
2675,15,fuenf,german,5,3,14,lang-german_speaker-03_trial-14_digit-5.flac,female,23,174
2676,17,sieben,german,7,8,12,lang-german_speaker-08_trial-12_digit-7.flac,male,21,182
2677,9,nine,english,9,3,6,lang-english_speaker-03_trial-6_digit-9.flac,female,23,174
2678,14,vier,german,4,6,6,lang-german_speaker-06_trial-6_digit-4.flac,female,35,163
2679,18,acht,german,8,9,14,lang-german_speaker-09_trial-14_digit-8.flac,male,32,183
2680,2,two,english,2,6,11,lang-english_speaker-06_trial-11_digit-2.flac,female,35,163
2681,4,four,english,4,1,13,lang-english_speaker-01_trial-13_digit-4.flac,male,22,195
2682,13,drei,german,3,10,10,lang-german_speaker-10_trial-10_digit-3.flac,female,25,160
2683,12,zwei,german,2,8,12,lang-german_speaker-08_trial-12_digit-2.flac,male,21,182
2684,9,nine,english,9,7,12,lang-english_speaker-07_trial-12_digit-9.flac,male,56,175
2685,10,null,german,0,9,15,lang-german_speaker-09_trial-15_digit-0.flac,male,32,183
2686,11,eins,german,1,9,15,lang-german_speaker-09_trial-15_digit-1.flac,male,32,183
2687,11,eins,german,1,9,15,lang-german_speaker-09_trial-15_digit-1.flac,male,32,183
2688,11,eins,german,1,11,22,lang-german_speaker-11_trial-22_digit-1.flac,female,31,163
2689,19,neun,german,9,1,14,lang-german_speaker-01_trial-14_digit-9.flac,male,22,195
2690,13,drei,german,3,1,14,lang-german_speaker-01_trial-14_digit-3.flac,male,22,195
2691,10,null,german,0,9,15,lang-german_speaker-09_trial-15_digit-0.flac,male,32,183
2692,7,seven,english,7,3,6,lang-english_speaker-03_trial-6_digit-7.flac,female,23,174
2693,16,sechs,german,6,10,10,lang-german_speaker-10_trial-10_digit-6.flac,female,25,160
2694,1,one,english,1,10,15,lang-english_speaker-10_trial-15_digit-1.flac,female,25,160
2695,2,two,english,2,8,11,lang-english_speaker-08_trial-11_digit-2.flac,male,21,182
2696,7,seven,english,7,7,12,lang-english_speaker-07_trial-12_digit-7.flac,male,56,175
2697,0,zero,english,0,3,7,lang-english_speaker-03_trial-7_digit-0.flac,female,23,174
2698,2,two,english,2,2,15,lang-english_speaker-02_trial-15_digit-2.flac,female,23,158
2699,10,null,german,0,11,23,lang-german_speaker-11_trial-23_digit-0.flac,female,31,163
2700,17,sieben,german,7,2,18,lang-german_speaker-02_trial-18_digit-7.flac,female,23,158
2701,0,zero,english,0,7,13,lang-english_speaker-07_trial-13_digit-0.flac,male,56,175
2702,19,neun,german,9,2,18,lang-german_speaker-02_trial-18_digit-9.flac,female,23,158
2703,4,four,english,4,11,13,lang-english_speaker-11_trial-13_digit-4.flac,female,31,163
2704,8,eight,english,8,2,15,lang-english_speaker-02_trial-15_digit-8.flac,female,23,158
2705,7,seven,english,7,1,13,lang-english_speaker-01_trial-13_digit-7.flac,male,22,195
2706,2,two,english,2,0,16,lang-english_speaker-00_trial-16_digit-2.flac,male,24,180
2707,13,drei,german,3,9,15,lang-german_speaker-09_trial-15_digit-3.flac,male,32,183
2708,4,four,english,4,0,16,lang-english_speaker-00_trial-16_digit-4.flac,male,24,180
2709,19,neun,german,9,3,14,lang-german_speaker-03_trial-14_digit-9.flac,female,23,174
2710,2,two,english,2,1,13,lang-english_speaker-01_trial-13_digit-2.flac,male,22,195
2711,15,fuenf,german,5,10,10,lang-german_speaker-10_trial-10_digit-5.flac,female,25,160
2712,16,sechs,german,6,10,10,lang-german_speaker-10_trial-10_digit-6.flac,female,25,160
2713,15,fuenf,german,5,0,14,lang-german_speaker-00_trial-14_digit-5.flac,male,24,180
2714,5,five,english,5,10,15,lang-english_speaker-10_trial-15_digit-5.flac,female,25,160
2715,19,neun,german,9,0,14,lang-german_speaker-00_trial-14_digit-9.flac,male,24,180
2716,7,seven,english,7,1,13,lang-english_speaker-01_trial-13_digit-7.flac,male,22,195
2717,17,sieben,german,7,10,10,lang-german_speaker-10_trial-10_digit-7.flac,female,25,160
2718,7,seven,english,7,2,15,lang-english_speaker-02_trial-15_digit-7.flac,female,23,158
2719,13,drei,german,3,10,10,lang-german_speaker-10_trial-10_digit-3.flac,female,25,160
2720,13,drei,german,3,9,15,lang-german_speaker-09_trial-15_digit-3.flac,male,32,183
2721,0,zero,english,0,2,16,lang-english_speaker-02_trial-16_digit-0.flac,female,23,158
2722,16,sechs,german,6,1,14,lang-german_speaker-01_trial-14_digit-6.flac,male,22,195
2723,19,neun,german,9,0,14,lang-german_speaker-00_trial-14_digit-9.flac,male,24,180
2724,5,five,english,5,8,11,lang-english_speaker-08_trial-11_digit-5.flac,male,21,182
2725,8,eight,english,8,9,12,lang-english_speaker-09_trial-12_digit-8.flac,male,32,183
2726,15,fuenf,german,5,7,11,lang-german_speaker-07_trial-11_digit-5.flac,male,56,175
2727,18,acht,german,8,2,18,lang-german_speaker-02_trial-18_digit-8.flac,female,23,158
2728,2,two,english,2,11,13,lang-english_speaker-11_trial-13_digit-2.flac,female,31,163
2729,16,sechs,german,6,8,12,lang-german_speaker-08_trial-12_digit-6.flac,male,21,182
2730,13,drei,german,3,2,18,lang-german_speaker-02_trial-18_digit-3.flac,female,23,158
2731,11,eins,german,1,2,19,lang-german_speaker-02_trial-19_digit-1.flac,female,23,158
2732,12,zwei,german,2,0,14,lang-german_speaker-00_trial-14_digit-2.flac,male,24,180
2733,18,acht,german,8,1,14,lang-german_speaker-01_trial-14_digit-8.flac,male,22,195
2734,15,fuenf,german,5,11,23,lang-german_speaker-11_trial-23_digit-5.flac,female,31,163
2735,16,sechs,german,6,7,11,lang-german_speaker-07_trial-11_digit-6.flac,male,56,175
2736,5,five,english,5,2,16,lang-english_speaker-02_trial-16_digit-5.flac,female,23,158
2737,9,nine,english,9,10,15,lang-english_speaker-10_trial-15_digit-9.flac,female,25,160
2738,16,sechs,german,6,0,14,lang-german_speaker-00_trial-14_digit-6.flac,male,24,180
2739,12,zwei,german,2,9,15,lang-german_speaker-09_trial-15_digit-2.flac,male,32,183
2740,7,seven,english,7,3,7,lang-english_speaker-03_trial-7_digit-7.flac,female,23,174
2741,2,two,english,2,11,13,lang-english_speaker-11_trial-13_digit-2.flac,female,31,163
2742,13,drei,german,3,0,14,lang-german_speaker-00_trial-14_digit-3.flac,male,24,180
2743,16,sechs,german,6,0,14,lang-german_speaker-00_trial-14_digit-6.flac,male,24,180
2744,2,two,english,2,6,11,lang-english_speaker-06_trial-11_digit-2.flac,female,35,163
2745,17,sieben,german,7,8,12,lang-german_speaker-08_trial-12_digit-7.flac,male,21,182
2746,8,eight,english,8,6,11,lang-english_speaker-06_trial-11_digit-8.flac,female,35,163
2747,15,fuenf,german,5,3,14,lang-german_speaker-03_trial-14_digit-5.flac,female,23,174
2748,3,three,english,3,8,11,lang-english_speaker-08_trial-11_digit-3.flac,male,21,182
2749,16,sechs,german,6,1,14,lang-german_speaker-01_trial-14_digit-6.flac,male,22,195
2750,12,zwei,german,2,11,23,lang-german_speaker-11_trial-23_digit-2.flac,female,31,163
2751,11,eins,german,1,3,15,lang-german_speaker-03_trial-15_digit-1.flac,female,23,174
2752,12,zwei,german,2,3,15,lang-german_speaker-03_trial-15_digit-2.flac,female,23,174
2753,11,eins,german,1,1,15,lang-german_speaker-01_trial-15_digit-1.flac,male,22,195
2754,7,seven,english,7,8,11,lang-english_speaker-08_trial-11_digit-7.flac,male,21,182
2755,11,eins,german,1,0,15,lang-german_speaker-00_trial-15_digit-1.flac,male,24,180
2756,18,acht,german,8,0,15,lang-german_speaker-00_trial-15_digit-8.flac,male,24,180
2757,1,one,english,1,7,13,lang-english_speaker-07_trial-13_digit-1.flac,male,56,175
2758,19,neun,german,9,10,10,lang-german_speaker-10_trial-10_digit-9.flac,female,25,160
2759,10,null,german,0,2,19,lang-german_speaker-02_trial-19_digit-0.flac,female,23,158
2760,14,vier,german,4,11,23,lang-german_speaker-11_trial-23_digit-4.flac,female,31,163
2761,11,eins,german,1,6,6,lang-german_speaker-06_trial-6_digit-1.flac,female,35,163
2762,11,eins,german,1,0,15,lang-german_speaker-00_trial-15_digit-1.flac,male,24,180
2763,17,sieben,german,7,2,19,lang-german_speaker-02_trial-19_digit-7.flac,female,23,158
2764,7,seven,english,7,0,16,lang-english_speaker-00_trial-16_digit-7.flac,male,24,180
2765,11,eins,german,1,3,15,lang-german_speaker-03_trial-15_digit-1.flac,female,23,174
2766,19,neun,german,9,11,23,lang-german_speaker-11_trial-23_digit-9.flac,female,31,163
2767,12,zwei,german,2,11,23,lang-german_speaker-11_trial-23_digit-2.flac,female,31,163
2768,8,eight,english,8,9,12,lang-english_speaker-09_trial-12_digit-8.flac,male,32,183
2769,5,five,english,5,8,11,lang-english_speaker-08_trial-11_digit-5.flac,male,21,182
2770,17,sieben,german,7,2,19,lang-german_speaker-02_trial-19_digit-7.flac,female,23,158
2771,5,five,english,5,10,15,lang-english_speaker-10_trial-15_digit-5.flac,female,25,160
2772,2,two,english,2,11,13,lang-english_speaker-11_trial-13_digit-2.flac,female,31,163
2773,8,eight,english,8,0,16,lang-english_speaker-00_trial-16_digit-8.flac,male,24,180
2774,3,three,english,3,6,11,lang-english_speaker-06_trial-11_digit-3.flac,female,35,163
2775,9,nine,english,9,6,11,lang-english_speaker-06_trial-11_digit-9.flac,female,35,163
2776,16,sechs,german,6,1,15,lang-german_speaker-01_trial-15_digit-6.flac,male,22,195
2777,17,sieben,german,7,1,15,lang-german_speaker-01_trial-15_digit-7.flac,male,22,195
2778,13,drei,german,3,6,6,lang-german_speaker-06_trial-6_digit-3.flac,female,35,163
2779,17,sieben,german,7,2,19,lang-german_speaker-02_trial-19_digit-7.flac,female,23,158
2780,11,eins,german,1,10,11,lang-german_speaker-10_trial-11_digit-1.flac,female,25,160
2781,8,eight,english,8,11,13,lang-english_speaker-11_trial-13_digit-8.flac,female,31,163
2782,7,seven,english,7,10,15,lang-english_speaker-10_trial-15_digit-7.flac,female,25,160
2783,11,eins,german,1,0,15,lang-german_speaker-00_trial-15_digit-1.flac,male,24,180
2784,10,null,german,0,8,13,lang-german_speaker-08_trial-13_digit-0.flac,male,21,182
2785,6,six,english,6,9,12,lang-english_speaker-09_trial-12_digit-6.flac,male,32,183
2786,1,one,english,1,8,11,lang-english_speaker-08_trial-11_digit-1.flac,male,21,182
2787,12,zwei,german,2,10,11,lang-german_speaker-10_trial-11_digit-2.flac,female,25,160
2788,8,eight,english,8,8,11,lang-english_speaker-08_trial-11_digit-8.flac,male,21,182
2789,14,vier,german,4,11,23,lang-german_speaker-11_trial-23_digit-4.flac,female,31,163
2790,17,sieben,german,7,11,23,lang-german_speaker-11_trial-23_digit-7.flac,female,31,163
2791,16,sechs,german,6,3,15,lang-german_speaker-03_trial-15_digit-6.flac,female,23,174
2792,0,zero,english,0,3,8,lang-english_speaker-03_trial-8_digit-0.flac,female,23,174
2793,17,sieben,german,7,8,13,lang-german_speaker-08_trial-13_digit-7.flac,male,21,182
2794,2,two,english,2,10,15,lang-english_speaker-10_trial-15_digit-2.flac,female,25,160
2795,17,sieben,german,7,11,23,lang-german_speaker-11_trial-23_digit-7.flac,female,31,163
2796,1,one,english,1,6,12,lang-english_speaker-06_trial-12_digit-1.flac,female,35,163
2797,0,zero,english,0,3,8,lang-english_speaker-03_trial-8_digit-0.flac,female,23,174
2798,18,acht,german,8,2,19,lang-german_speaker-02_trial-19_digit-8.flac,female,23,158
2799,9,nine,english,9,10,15,lang-english_speaker-10_trial-15_digit-9.flac,female,25,160
2800,8,eight,english,8,8,11,lang-english_speaker-08_trial-11_digit-8.flac,male,21,182
2801,8,eight,english,8,9,12,lang-english_speaker-09_trial-12_digit-8.flac,male,32,183
2802,16,sechs,german,6,2,19,lang-german_speaker-02_trial-19_digit-6.flac,female,23,158
2803,16,sechs,german,6,1,15,lang-german_speaker-01_trial-15_digit-6.flac,male,22,195
2804,6,six,english,6,0,16,lang-english_speaker-00_trial-16_digit-6.flac,male,24,180
2805,11,eins,german,1,0,15,lang-german_speaker-00_trial-15_digit-1.flac,male,24,180
2806,7,seven,english,7,7,13,lang-english_speaker-07_trial-13_digit-7.flac,male,56,175
2807,12,zwei,german,2,1,15,lang-german_speaker-01_trial-15_digit-2.flac,male,22,195
2808,7,seven,english,7,1,13,lang-english_speaker-01_trial-13_digit-7.flac,male,22,195
2809,6,six,english,6,1,13,lang-english_speaker-01_trial-13_digit-6.flac,male,22,195
2810,9,nine,english,9,10,15,lang-english_speaker-10_trial-15_digit-9.flac,female,25,160
2811,7,seven,english,7,6,12,lang-english_speaker-06_trial-12_digit-7.flac,female,35,163
2812,9,nine,english,9,7,13,lang-english_speaker-07_trial-13_digit-9.flac,male,56,175
2813,11,eins,german,1,9,15,lang-german_speaker-09_trial-15_digit-1.flac,male,32,183
2814,5,five,english,5,1,13,lang-english_speaker-01_trial-13_digit-5.flac,male,22,195
2815,11,eins,german,1,9,15,lang-german_speaker-09_trial-15_digit-1.flac,male,32,183
2816,1,one,english,1,9,13,lang-english_speaker-09_trial-13_digit-1.flac,male,32,183
2817,8,eight,english,8,2,16,lang-english_speaker-02_trial-16_digit-8.flac,female,23,158
2818,19,neun,german,9,8,13,lang-german_speaker-08_trial-13_digit-9.flac,male,21,182
2819,8,eight,english,8,7,13,lang-english_speaker-07_trial-13_digit-8.flac,male,56,175
2820,4,four,english,4,8,11,lang-english_speaker-08_trial-11_digit-4.flac,male,21,182
2821,13,drei,german,3,7,11,lang-german_speaker-07_trial-11_digit-3.flac,male,56,175
2822,13,drei,german,3,1,15,lang-german_speaker-01_trial-15_digit-3.flac,male,22,195
2823,17,sieben,german,7,3,15,lang-german_speaker-03_trial-15_digit-7.flac,female,23,174
2824,16,sechs,german,6,3,15,lang-german_speaker-03_trial-15_digit-6.flac,female,23,174
2825,10,null,german,0,11,24,lang-german_speaker-11_trial-24_digit-0.flac,female,31,163
2826,19,neun,german,9,11,24,lang-german_speaker-11_trial-24_digit-9.flac,female,31,163
2827,3,three,english,3,2,16,lang-english_speaker-02_trial-16_digit-3.flac,female,23,158
2828,2,two,english,2,0,16,lang-english_speaker-00_trial-16_digit-2.flac,male,24,180
2829,9,nine,english,9,2,16,lang-english_speaker-02_trial-16_digit-9.flac,female,23,158
2830,17,sieben,german,7,1,15,lang-german_speaker-01_trial-15_digit-7.flac,male,22,195
2831,3,three,english,3,7,13,lang-english_speaker-07_trial-13_digit-3.flac,male,56,175
2832,3,three,english,3,2,16,lang-english_speaker-02_trial-16_digit-3.flac,female,23,158
2833,3,three,english,3,11,13,lang-english_speaker-11_trial-13_digit-3.flac,female,31,163
2834,11,eins,german,1,9,15,lang-german_speaker-09_trial-15_digit-1.flac,male,32,183
2835,18,acht,german,8,1,15,lang-german_speaker-01_trial-15_digit-8.flac,male,22,195
2836,18,acht,german,8,10,11,lang-german_speaker-10_trial-11_digit-8.flac,female,25,160
2837,11,eins,german,1,3,15,lang-german_speaker-03_trial-15_digit-1.flac,female,23,174
2838,8,eight,english,8,1,13,lang-english_speaker-01_trial-13_digit-8.flac,male,22,195
2839,0,zero,english,0,2,17,lang-english_speaker-02_trial-17_digit-0.flac,female,23,158
2840,15,fuenf,german,5,11,24,lang-german_speaker-11_trial-24_digit-5.flac,female,31,163
2841,4,four,english,4,8,11,lang-english_speaker-08_trial-11_digit-4.flac,male,21,182
2842,18,acht,german,8,10,11,lang-german_speaker-10_trial-11_digit-8.flac,female,25,160
2843,18,acht,german,8,3,15,lang-german_speaker-03_trial-15_digit-8.flac,female,23,174
2844,12,zwei,german,2,3,15,lang-german_speaker-03_trial-15_digit-2.flac,female,23,174
2845,4,four,english,4,2,17,lang-english_speaker-02_trial-17_digit-4.flac,female,23,158
2846,19,neun,german,9,0,15,lang-german_speaker-00_trial-15_digit-9.flac,male,24,180
2847,16,sechs,german,6,3,15,lang-german_speaker-03_trial-15_digit-6.flac,female,23,174
2848,0,zero,english,0,6,13,lang-english_speaker-06_trial-13_digit-0.flac,female,35,163
2849,14,vier,german,4,8,13,lang-german_speaker-08_trial-13_digit-4.flac,male,21,182
2850,7,seven,english,7,9,13,lang-english_speaker-09_trial-13_digit-7.flac,male,32,183
2851,3,three,english,3,3,8,lang-english_speaker-03_trial-8_digit-3.flac,female,23,174
2852,13,drei,german,3,2,19,lang-german_speaker-02_trial-19_digit-3.flac,female,23,158
2853,16,sechs,german,6,11,24,lang-german_speaker-11_trial-24_digit-6.flac,female,31,163
2854,16,sechs,german,6,1,15,lang-german_speaker-01_trial-15_digit-6.flac,male,22,195
2855,2,two,english,2,11,13,lang-english_speaker-11_trial-13_digit-2.flac,female,31,163
2856,4,four,english,4,2,17,lang-english_speaker-02_trial-17_digit-4.flac,female,23,158
2857,0,zero,english,0,0,17,lang-english_speaker-00_trial-17_digit-0.flac,male,24,180
2858,16,sechs,german,6,11,24,lang-german_speaker-11_trial-24_digit-6.flac,female,31,163
2859,14,vier,german,4,9,15,lang-german_speaker-09_trial-15_digit-4.flac,male,32,183
2860,11,eins,german,1,7,11,lang-german_speaker-07_trial-11_digit-1.flac,male,56,175
2861,5,five,english,5,6,13,lang-english_speaker-06_trial-13_digit-5.flac,female,35,163
2862,12,zwei,german,2,9,15,lang-german_speaker-09_trial-15_digit-2.flac,male,32,183
2863,4,four,english,4,11,13,lang-english_speaker-11_trial-13_digit-4.flac,female,31,163
2864,7,seven,english,7,9,13,lang-english_speaker-09_trial-13_digit-7.flac,male,32,183
2865,17,sieben,german,7,9,15,lang-german_speaker-09_trial-15_digit-7.flac,male,32,183
2866,18,acht,german,8,8,13,lang-german_speaker-08_trial-13_digit-8.flac,male,21,182
2867,9,nine,english,9,1,13,lang-english_speaker-01_trial-13_digit-9.flac,male,22,195
2868,17,sieben,german,7,11,24,lang-german_speaker-11_trial-24_digit-7.flac,female,31,163
2869,15,fuenf,german,5,2,19,lang-german_speaker-02_trial-19_digit-5.flac,female,23,158
2870,19,neun,german,9,7,11,lang-german_speaker-07_trial-11_digit-9.flac,male,56,175
2871,10,null,german,0,2,20,lang-german_speaker-02_trial-20_digit-0.flac,female,23,158
2872,12,zwei,german,2,2,20,lang-german_speaker-02_trial-20_digit-2.flac,female,23,158
2873,16,sechs,german,6,8,13,lang-german_speaker-08_trial-13_digit-6.flac,male,21,182
2874,11,eins,german,1,11,25,lang-german_speaker-11_trial-25_digit-1.flac,female,31,163
2875,12,zwei,german,2,0,15,lang-german_speaker-00_trial-15_digit-2.flac,male,24,180
2876,10,null,german,0,6,6,lang-german_speaker-06_trial-6_digit-0.flac,female,35,163
2877,8,eight,english,8,0,17,lang-english_speaker-00_trial-17_digit-8.flac,male,24,180
2878,2,two,english,2,11,13,lang-english_speaker-11_trial-13_digit-2.flac,female,31,163
2879,16,sechs,german,6,7,11,lang-german_speaker-07_trial-11_digit-6.flac,male,56,175
2880,5,five,english,5,2,17,lang-english_speaker-02_trial-17_digit-5.flac,female,23,158
2881,1,one,english,1,1,14,lang-english_speaker-01_trial-14_digit-1.flac,male,22,195
2882,16,sechs,german,6,9,15,lang-german_speaker-09_trial-15_digit-6.flac,male,32,183
2883,4,four,english,4,9,13,lang-english_speaker-09_trial-13_digit-4.flac,male,32,183
2884,14,vier,german,4,0,15,lang-german_speaker-00_trial-15_digit-4.flac,male,24,180
2885,18,acht,german,8,10,11,lang-german_speaker-10_trial-11_digit-8.flac,female,25,160
2886,4,four,english,4,11,13,lang-english_speaker-11_trial-13_digit-4.flac,female,31,163
2887,0,zero,english,0,8,12,lang-english_speaker-08_trial-12_digit-0.flac,male,21,182
2888,16,sechs,german,6,0,15,lang-german_speaker-00_trial-15_digit-6.flac,male,24,180
2889,13,drei,german,3,10,11,lang-german_speaker-10_trial-11_digit-3.flac,female,25,160
2890,0,zero,english,0,2,17,lang-english_speaker-02_trial-17_digit-0.flac,female,23,158
2891,16,sechs,german,6,1,15,lang-german_speaker-01_trial-15_digit-6.flac,male,22,195
2892,10,null,german,0,11,25,lang-german_speaker-11_trial-25_digit-0.flac,female,31,163
2893,8,eight,english,8,2,17,lang-english_speaker-02_trial-17_digit-8.flac,female,23,158
2894,18,acht,german,8,11,25,lang-german_speaker-11_trial-25_digit-8.flac,female,31,163
2895,0,zero,english,0,8,12,lang-english_speaker-08_trial-12_digit-0.flac,male,21,182
2896,1,one,english,1,6,13,lang-english_speaker-06_trial-13_digit-1.flac,female,35,163
2897,4,four,english,4,1,14,lang-english_speaker-01_trial-14_digit-4.flac,male,22,195
2898,1,one,english,1,8,12,lang-english_speaker-08_trial-12_digit-1.flac,male,21,182
2899,17,sieben,german,7,8,13,lang-german_speaker-08_trial-13_digit-7.flac,male,21,182
2900,14,vier,german,4,7,11,lang-german_speaker-07_trial-11_digit-4.flac,male,56,175
2901,8,eight,english,8,9,13,lang-english_speaker-09_trial-13_digit-8.flac,male,32,183
2902,15,fuenf,german,5,1,15,lang-german_speaker-01_trial-15_digit-5.flac,male,22,195
2903,12,zwei,german,2,10,11,lang-german_speaker-10_trial-11_digit-2.flac,female,25,160
2904,2,two,english,2,1,14,lang-english_speaker-01_trial-14_digit-2.flac,male,22,195
2905,13,drei,german,3,1,15,lang-german_speaker-01_trial-15_digit-3.flac,male,22,195
2906,2,two,english,2,8,12,lang-english_speaker-08_trial-12_digit-2.flac,male,21,182
2907,12,zwei,german,2,3,15,lang-german_speaker-03_trial-15_digit-2.flac,female,23,174
2908,6,six,english,6,0,17,lang-english_speaker-00_trial-17_digit-6.flac,male,24,180
2909,13,drei,german,3,8,13,lang-german_speaker-08_trial-13_digit-3.flac,male,21,182
2910,16,sechs,german,6,7,11,lang-german_speaker-07_trial-11_digit-6.flac,male,56,175
2911,9,nine,english,9,2,17,lang-english_speaker-02_trial-17_digit-9.flac,female,23,158
2912,12,zwei,german,2,3,15,lang-german_speaker-03_trial-15_digit-2.flac,female,23,174
2913,6,six,english,6,0,17,lang-english_speaker-00_trial-17_digit-6.flac,male,24,180
2914,17,sieben,german,7,11,25,lang-german_speaker-11_trial-25_digit-7.flac,female,31,163
2915,15,fuenf,german,5,3,15,lang-german_speaker-03_trial-15_digit-5.flac,female,23,174
2916,12,zwei,german,2,1,15,lang-german_speaker-01_trial-15_digit-2.flac,male,22,195
2917,18,acht,german,8,9,15,lang-german_speaker-09_trial-15_digit-8.flac,male,32,183
2918,3,three,english,3,9,13,lang-english_speaker-09_trial-13_digit-3.flac,male,32,183
2919,11,eins,german,1,7,12,lang-german_speaker-07_trial-12_digit-1.flac,male,56,175
2920,17,sieben,german,7,3,15,lang-german_speaker-03_trial-15_digit-7.flac,female,23,174
2921,3,three,english,3,7,13,lang-english_speaker-07_trial-13_digit-3.flac,male,56,175
2922,4,four,english,4,3,8,lang-english_speaker-03_trial-8_digit-4.flac,female,23,174
2923,2,two,english,2,1,14,lang-english_speaker-01_trial-14_digit-2.flac,male,22,195
2924,8,eight,english,8,1,14,lang-english_speaker-01_trial-14_digit-8.flac,male,22,195
2925,5,five,english,5,8,12,lang-english_speaker-08_trial-12_digit-5.flac,male,21,182
2926,18,acht,german,8,7,12,lang-german_speaker-07_trial-12_digit-8.flac,male,56,175
2927,13,drei,german,3,9,15,lang-german_speaker-09_trial-15_digit-3.flac,male,32,183
2928,8,eight,english,8,8,12,lang-english_speaker-08_trial-12_digit-8.flac,male,21,182
2929,6,six,english,6,1,14,lang-english_speaker-01_trial-14_digit-6.flac,male,22,195
2930,7,seven,english,7,11,13,lang-english_speaker-11_trial-13_digit-7.flac,female,31,163
2931,0,zero,english,0,10,16,lang-english_speaker-10_trial-16_digit-0.flac,female,25,160
2932,8,eight,english,8,8,12,lang-english_speaker-08_trial-12_digit-8.flac,male,21,182
2933,19,neun,german,9,1,15,lang-german_speaker-01_trial-15_digit-9.flac,male,22,195
2934,11,eins,german,1,2,20,lang-german_speaker-02_trial-20_digit-1.flac,female,23,158
2935,17,sieben,german,7,10,11,lang-german_speaker-10_trial-11_digit-7.flac,female,25,160
2936,5,five,english,5,11,13,lang-english_speaker-11_trial-13_digit-5.flac,female,31,163
2937,11,eins,german,1,8,14,lang-german_speaker-08_trial-14_digit-1.flac,male,21,182
2938,9,nine,english,9,8,12,lang-english_speaker-08_trial-12_digit-9.flac,male,21,182
2939,4,four,english,4,8,12,lang-english_speaker-08_trial-12_digit-4.flac,male,21,182
2940,0,zero,english,0,1,15,lang-english_speaker-01_trial-15_digit-0.flac,male,22,195
2941,10,null,german,0,10,12,lang-german_speaker-10_trial-12_digit-0.flac,female,25,160
2942,7,seven,english,7,2,17,lang-english_speaker-02_trial-17_digit-7.flac,female,23,158
2943,7,seven,english,7,9,13,lang-english_speaker-09_trial-13_digit-7.flac,male,32,183
2944,13,drei,german,3,6,6,lang-german_speaker-06_trial-6_digit-3.flac,female,35,163
2945,10,null,german,0,3,16,lang-german_speaker-03_trial-16_digit-0.flac,female,23,174
2946,19,neun,german,9,8,14,lang-german_speaker-08_trial-14_digit-9.flac,male,21,182
2947,10,null,german,0,9,16,lang-german_speaker-09_trial-16_digit-0.flac,male,32,183
2948,3,three,english,3,0,17,lang-english_speaker-00_trial-17_digit-3.flac,male,24,180
2949,4,four,english,4,1,15,lang-english_speaker-01_trial-15_digit-4.flac,male,22,195
2950,16,sechs,german,6,8,14,lang-german_speaker-08_trial-14_digit-6.flac,male,21,182
2951,19,neun,german,9,3,16,lang-german_speaker-03_trial-16_digit-9.flac,female,23,174
2952,18,acht,german,8,3,16,lang-german_speaker-03_trial-16_digit-8.flac,female,23,174
2953,3,three,english,3,2,17,lang-english_speaker-02_trial-17_digit-3.flac,female,23,158
2954,19,neun,german,9,10,12,lang-german_speaker-10_trial-12_digit-9.flac,female,25,160
2955,9,nine,english,9,11,13,lang-english_speaker-11_trial-13_digit-9.flac,female,31,163
2956,17,sieben,german,7,11,25,lang-german_speaker-11_trial-25_digit-7.flac,female,31,163
2957,16,sechs,german,6,8,14,lang-german_speaker-08_trial-14_digit-6.flac,male,21,182
2958,13,drei,german,3,9,16,lang-german_speaker-09_trial-16_digit-3.flac,male,32,183
2959,13,drei,german,3,10,12,lang-german_speaker-10_trial-12_digit-3.flac,female,25,160
2960,10,null,german,0,9,16,lang-german_speaker-09_trial-16_digit-0.flac,male,32,183
2961,5,five,english,5,0,17,lang-english_speaker-00_trial-17_digit-5.flac,male,24,180
2962,14,vier,german,4,9,16,lang-german_speaker-09_trial-16_digit-4.flac,male,32,183
2963,8,eight,english,8,2,17,lang-english_speaker-02_trial-17_digit-8.flac,female,23,158
2964,6,six,english,6,1,15,lang-english_speaker-01_trial-15_digit-6.flac,male,22,195
2965,6,six,english,6,11,13,lang-english_speaker-11_trial-13_digit-6.flac,female,31,163
2966,15,fuenf,german,5,3,16,lang-german_speaker-03_trial-16_digit-5.flac,female,23,174
2967,2,two,english,2,1,15,lang-english_speaker-01_trial-15_digit-2.flac,male,22,195
2968,6,six,english,6,1,15,lang-english_speaker-01_trial-15_digit-6.flac,male,22,195
2969,11,eins,german,1,10,13,lang-german_speaker-10_trial-13_digit-1.flac,female,25,160
2970,0,zero,english,0,2,18,lang-english_speaker-02_trial-18_digit-0.flac,female,23,158
2971,17,sieben,german,7,2,20,lang-german_speaker-02_trial-20_digit-7.flac,female,23,158
2972,5,five,english,5,1,15,lang-english_speaker-01_trial-15_digit-5.flac,male,22,195
2973,15,fuenf,german,5,3,16,lang-german_speaker-03_trial-16_digit-5.flac,female,23,174
2974,9,nine,english,9,10,16,lang-english_speaker-10_trial-16_digit-9.flac,female,25,160
2975,4,four,english,4,7,13,lang-english_speaker-07_trial-13_digit-4.flac,male,56,175
2976,2,two,english,2,11,13,lang-english_speaker-11_trial-13_digit-2.flac,female,31,163
2977,10,null,german,0,8,15,lang-german_speaker-08_trial-15_digit-0.flac,male,21,182
2978,15,fuenf,german,5,11,25,lang-german_speaker-11_trial-25_digit-5.flac,female,31,163
2979,4,four,english,4,6,13,lang-english_speaker-06_trial-13_digit-4.flac,female,35,163
2980,5,five,english,5,3,8,lang-english_speaker-03_trial-8_digit-5.flac,female,23,174
2981,15,fuenf,german,5,2,20,lang-german_speaker-02_trial-20_digit-5.flac,female,23,158
2982,6,six,english,6,0,17,lang-english_speaker-00_trial-17_digit-6.flac,male,24,180
2983,13,drei,german,3,2,20,lang-german_speaker-02_trial-20_digit-3.flac,female,23,158
2984,3,three,english,3,1,15,lang-english_speaker-01_trial-15_digit-3.flac,male,22,195
2985,3,three,english,3,1,15,lang-english_speaker-01_trial-15_digit-3.flac,male,22,195
2986,19,neun,german,9,2,20,lang-german_speaker-02_trial-20_digit-9.flac,female,23,158
2987,9,nine,english,9,2,18,lang-english_speaker-02_trial-18_digit-9.flac,female,23,158
2988,10,null,german,0,6,6,lang-german_speaker-06_trial-6_digit-0.flac,female,35,163
2989,3,three,english,3,1,15,lang-english_speaker-01_trial-15_digit-3.flac,male,22,195
2990,7,seven,english,7,0,17,lang-english_speaker-00_trial-17_digit-7.flac,male,24,180
2991,17,sieben,german,7,8,15,lang-german_speaker-08_trial-15_digit-7.flac,male,21,182
2992,13,drei,german,3,2,20,lang-german_speaker-02_trial-20_digit-3.flac,female,23,158
2993,15,fuenf,german,5,2,20,lang-german_speaker-02_trial-20_digit-5.flac,female,23,158
2994,13,drei,german,3,2,20,lang-german_speaker-02_trial-20_digit-3.flac,female,23,158
2995,15,fuenf,german,5,1,15,lang-german_speaker-01_trial-15_digit-5.flac,male,22,195
2996,7,seven,english,7,1,15,lang-english_speaker-01_trial-15_digit-7.flac,male,22,195
2997,14,vier,german,4,2,20,lang-german_speaker-02_trial-20_digit-4.flac,female,23,158
2998,2,two,english,2,9,13,lang-english_speaker-09_trial-13_digit-2.flac,male,32,183
2999,16,sechs,german,6,11,25,lang-german_speaker-11_trial-25_digit-6.flac,female,31,163
3000,4,four,english,4,9,13,lang-english_speaker-09_trial-13_digit-4.flac,male,32,183
3001,17,sieben,german,7,3,16,lang-german_speaker-03_trial-16_digit-7.flac,female,23,174
3002,14,vier,german,4,10,13,lang-german_speaker-10_trial-13_digit-4.flac,female,25,160
3003,15,fuenf,german,5,8,15,lang-german_speaker-08_trial-15_digit-5.flac,male,21,182
3004,18,acht,german,8,3,16,lang-german_speaker-03_trial-16_digit-8.flac,female,23,174
3005,2,two,english,2,8,12,lang-english_speaker-08_trial-12_digit-2.flac,male,21,182
3006,13,drei,german,3,3,16,lang-german_speaker-03_trial-16_digit-3.flac,female,23,174
3007,18,acht,german,8,7,12,lang-german_speaker-07_trial-12_digit-8.flac,male,56,175
3008,18,acht,german,8,10,13,lang-german_speaker-10_trial-13_digit-8.flac,female,25,160
3009,8,eight,english,8,2,18,lang-english_speaker-02_trial-18_digit-8.flac,female,23,158
3010,16,sechs,german,6,11,25,lang-german_speaker-11_trial-25_digit-6.flac,female,31,163
3011,3,three,english,3,8,12,lang-english_speaker-08_trial-12_digit-3.flac,male,21,182
3012,6,six,english,6,7,13,lang-english_speaker-07_trial-13_digit-6.flac,male,56,175
3013,7,seven,english,7,7,13,lang-english_speaker-07_trial-13_digit-7.flac,male,56,175
3014,11,eins,german,1,8,15,lang-german_speaker-08_trial-15_digit-1.flac,male,21,182
3015,2,two,english,2,6,13,lang-english_speaker-06_trial-13_digit-2.flac,female,35,163
3016,10,null,german,0,7,13,lang-german_speaker-07_trial-13_digit-0.flac,male,56,175
3017,0,zero,english,0,8,13,lang-english_speaker-08_trial-13_digit-0.flac,male,21,182
3018,7,seven,english,7,1,15,lang-english_speaker-01_trial-15_digit-7.flac,male,22,195
3019,7,seven,english,7,0,17,lang-english_speaker-00_trial-17_digit-7.flac,male,24,180
3020,7,seven,english,7,7,13,lang-english_speaker-07_trial-13_digit-7.flac,male,56,175
3021,12,zwei,german,2,8,15,lang-german_speaker-08_trial-15_digit-2.flac,male,21,182
3022,18,acht,german,8,1,15,lang-german_speaker-01_trial-15_digit-8.flac,male,22,195
3023,1,one,english,1,6,13,lang-english_speaker-06_trial-13_digit-1.flac,female,35,163
3024,8,eight,english,8,3,8,lang-english_speaker-03_trial-8_digit-8.flac,female,23,174
3025,17,sieben,german,7,3,16,lang-german_speaker-03_trial-16_digit-7.flac,female,23,174
3026,3,three,english,3,0,17,lang-english_speaker-00_trial-17_digit-3.flac,male,24,180
3027,2,two,english,2,11,13,lang-english_speaker-11_trial-13_digit-2.flac,female,31,163
3028,13,drei,german,3,8,15,lang-german_speaker-08_trial-15_digit-3.flac,male,21,182
3029,17,sieben,german,7,9,16,lang-german_speaker-09_trial-16_digit-7.flac,male,32,183
3030,16,sechs,german,6,11,25,lang-german_speaker-11_trial-25_digit-6.flac,female,31,163
3031,9,nine,english,9,8,13,lang-english_speaker-08_trial-13_digit-9.flac,male,21,182
3032,5,five,english,5,2,18,lang-english_speaker-02_trial-18_digit-5.flac,female,23,158
3033,15,fuenf,german,5,11,25,lang-german_speaker-11_trial-25_digit-5.flac,female,31,163
3034,18,acht,german,8,8,15,lang-german_speaker-08_trial-15_digit-8.flac,male,21,182
3035,18,acht,german,8,11,25,lang-german_speaker-11_trial-25_digit-8.flac,female,31,163
3036,1,one,english,1,9,13,lang-english_speaker-09_trial-13_digit-1.flac,male,32,183
3037,12,zwei,german,2,6,6,lang-german_speaker-06_trial-6_digit-2.flac,female,35,163
3038,16,sechs,german,6,3,16,lang-german_speaker-03_trial-16_digit-6.flac,female,23,174
3039,3,three,english,3,10,16,lang-english_speaker-10_trial-16_digit-3.flac,female,25,160
3040,10,null,german,0,2,21,lang-german_speaker-02_trial-21_digit-0.flac,female,23,158
3041,12,zwei,german,2,2,21,lang-german_speaker-02_trial-21_digit-2.flac,female,23,158
3042,2,two,english,2,7,13,lang-english_speaker-07_trial-13_digit-2.flac,male,56,175
3043,17,sieben,german,7,0,15,lang-german_speaker-00_trial-15_digit-7.flac,male,24,180
3044,1,one,english,1,0,17,lang-english_speaker-00_trial-17_digit-1.flac,male,24,180
3045,18,acht,german,8,2,21,lang-german_speaker-02_trial-21_digit-8.flac,female,23,158
3046,15,fuenf,german,5,1,15,lang-german_speaker-01_trial-15_digit-5.flac,male,22,195
3047,15,fuenf,german,5,1,15,lang-german_speaker-01_trial-15_digit-5.flac,male,22,195
3048,18,acht,german,8,11,25,lang-german_speaker-11_trial-25_digit-8.flac,female,31,163
3049,12,zwei,german,2,2,21,lang-german_speaker-02_trial-21_digit-2.flac,female,23,158
3050,15,fuenf,german,5,11,25,lang-german_speaker-11_trial-25_digit-5.flac,female,31,163
3051,10,null,german,0,1,16,lang-german_speaker-01_trial-16_digit-0.flac,male,22,195
3052,0,zero,english,0,11,14,lang-english_speaker-11_trial-14_digit-0.flac,female,31,163
3053,2,two,english,2,6,13,lang-english_speaker-06_trial-13_digit-2.flac,female,35,163
3054,2,two,english,2,3,8,lang-english_speaker-03_trial-8_digit-2.flac,female,23,174
3055,2,two,english,2,11,14,lang-english_speaker-11_trial-14_digit-2.flac,female,31,163
3056,6,six,english,6,6,13,lang-english_speaker-06_trial-13_digit-6.flac,female,35,163
3057,16,sechs,german,6,6,6,lang-german_speaker-06_trial-6_digit-6.flac,female,35,163
3058,12,zwei,german,2,9,16,lang-german_speaker-09_trial-16_digit-2.flac,male,32,183
3059,2,two,english,2,7,13,lang-english_speaker-07_trial-13_digit-2.flac,male,56,175
3060,12,zwei,german,2,10,13,lang-german_speaker-10_trial-13_digit-2.flac,female,25,160
3061,9,nine,english,9,9,13,lang-english_speaker-09_trial-13_digit-9.flac,male,32,183
3062,13,drei,german,3,9,16,lang-german_speaker-09_trial-16_digit-3.flac,male,32,183
3063,0,zero,english,0,10,17,lang-english_speaker-10_trial-17_digit-0.flac,female,25,160
3064,0,zero,english,0,9,14,lang-english_speaker-09_trial-14_digit-0.flac,male,32,183
3065,6,six,english,6,3,8,lang-english_speaker-03_trial-8_digit-6.flac,female,23,174
3066,11,eins,german,1,2,21,lang-german_speaker-02_trial-21_digit-1.flac,female,23,158
3067,15,fuenf,german,5,11,25,lang-german_speaker-11_trial-25_digit-5.flac,female,31,163
3068,5,five,english,5,11,14,lang-english_speaker-11_trial-14_digit-5.flac,female,31,163
3069,8,eight,english,8,8,13,lang-english_speaker-08_trial-13_digit-8.flac,male,21,182
3070,7,seven,english,7,11,14,lang-english_speaker-11_trial-14_digit-7.flac,female,31,163
3071,13,drei,german,3,3,16,lang-german_speaker-03_trial-16_digit-3.flac,female,23,174
3072,4,four,english,4,9,14,lang-english_speaker-09_trial-14_digit-4.flac,male,32,183
3073,10,null,german,0,11,26,lang-german_speaker-11_trial-26_digit-0.flac,female,31,163
3074,1,one,english,1,1,15,lang-english_speaker-01_trial-15_digit-1.flac,male,22,195
3075,4,four,english,4,11,14,lang-english_speaker-11_trial-14_digit-4.flac,female,31,163
3076,7,seven,english,7,10,17,lang-english_speaker-10_trial-17_digit-7.flac,female,25,160
3077,6,six,english,6,11,14,lang-english_speaker-11_trial-14_digit-6.flac,female,31,163
3078,14,vier,german,4,2,21,lang-german_speaker-02_trial-21_digit-4.flac,female,23,158
3079,18,acht,german,8,3,16,lang-german_speaker-03_trial-16_digit-8.flac,female,23,174
3080,4,four,english,4,9,14,lang-english_speaker-09_trial-14_digit-4.flac,male,32,183
3081,12,zwei,german,2,11,26,lang-german_speaker-11_trial-26_digit-2.flac,female,31,163
3082,18,acht,german,8,11,26,lang-german_speaker-11_trial-26_digit-8.flac,female,31,163
3083,2,two,english,2,0,17,lang-english_speaker-00_trial-17_digit-2.flac,male,24,180
3084,9,nine,english,9,10,17,lang-english_speaker-10_trial-17_digit-9.flac,female,25,160
3085,7,seven,english,7,8,13,lang-english_speaker-08_trial-13_digit-7.flac,male,21,182
3086,10,null,german,0,1,16,lang-german_speaker-01_trial-16_digit-0.flac,male,22,195
3087,0,zero,english,0,11,15,lang-english_speaker-11_trial-15_digit-0.flac,female,31,163
3088,6,six,english,6,2,18,lang-english_speaker-02_trial-18_digit-6.flac,female,23,158
3089,15,fuenf,german,5,2,21,lang-german_speaker-02_trial-21_digit-5.flac,female,23,158
3090,16,sechs,german,6,9,16,lang-german_speaker-09_trial-16_digit-6.flac,male,32,183
3091,10,null,german,0,8,16,lang-german_speaker-08_trial-16_digit-0.flac,male,21,182
3092,9,nine,english,9,2,18,lang-english_speaker-02_trial-18_digit-9.flac,female,23,158
3093,15,fuenf,german,5,9,16,lang-german_speaker-09_trial-16_digit-5.flac,male,32,183
3094,5,five,english,5,7,13,lang-english_speaker-07_trial-13_digit-5.flac,male,56,175
3095,11,eins,german,1,2,21,lang-german_speaker-02_trial-21_digit-1.flac,female,23,158
3096,12,zwei,german,2,8,16,lang-german_speaker-08_trial-16_digit-2.flac,male,21,182
3097,10,null,german,0,1,16,lang-german_speaker-01_trial-16_digit-0.flac,male,22,195
3098,4,four,english,4,7,13,lang-english_speaker-07_trial-13_digit-4.flac,male,56,175
3099,0,zero,english,0,0,18,lang-english_speaker-00_trial-18_digit-0.flac,male,24,180
3100,8,eight,english,8,8,13,lang-english_speaker-08_trial-13_digit-8.flac,male,21,182
3101,7,seven,english,7,3,8,lang-english_speaker-03_trial-8_digit-7.flac,female,23,174
3102,19,neun,german,9,1,16,lang-german_speaker-01_trial-16_digit-9.flac,male,22,195
3103,1,one,english,1,3,8,lang-english_speaker-03_trial-8_digit-1.flac,female,23,174
3104,2,two,english,2,8,13,lang-english_speaker-08_trial-13_digit-2.flac,male,21,182
3105,18,acht,german,8,2,21,lang-german_speaker-02_trial-21_digit-8.flac,female,23,158
3106,4,four,english,4,0,18,lang-english_speaker-00_trial-18_digit-4.flac,male,24,180
3107,8,eight,english,8,11,15,lang-english_speaker-11_trial-15_digit-8.flac,female,31,163
3108,15,fuenf,german,5,8,16,lang-german_speaker-08_trial-16_digit-5.flac,male,21,182
3109,16,sechs,german,6,6,6,lang-german_speaker-06_trial-6_digit-6.flac,female,35,163
3110,12,zwei,german,2,0,15,lang-german_speaker-00_trial-15_digit-2.flac,male,24,180
3111,7,seven,english,7,7,13,lang-english_speaker-07_trial-13_digit-7.flac,male,56,175
3112,16,sechs,german,6,11,26,lang-german_speaker-11_trial-26_digit-6.flac,female,31,163
3113,10,null,german,0,2,22,lang-german_speaker-02_trial-22_digit-0.flac,female,23,158
3114,3,three,english,3,0,18,lang-english_speaker-00_trial-18_digit-3.flac,male,24,180
3115,5,five,english,5,9,14,lang-english_speaker-09_trial-14_digit-5.flac,male,32,183
3116,15,fuenf,german,5,9,16,lang-german_speaker-09_trial-16_digit-5.flac,male,32,183
3117,3,three,english,3,0,18,lang-english_speaker-00_trial-18_digit-3.flac,male,24,180
3118,16,sechs,german,6,10,13,lang-german_speaker-10_trial-13_digit-6.flac,female,25,160
3119,11,eins,german,1,0,16,lang-german_speaker-00_trial-16_digit-1.flac,male,24,180
3120,2,two,english,2,8,13,lang-english_speaker-08_trial-13_digit-2.flac,male,21,182
3121,18,acht,german,8,9,16,lang-german_speaker-09_trial-16_digit-8.flac,male,32,183
3122,13,drei,german,3,6,6,lang-german_speaker-06_trial-6_digit-3.flac,female,35,163
3123,5,five,english,5,2,18,lang-english_speaker-02_trial-18_digit-5.flac,female,23,158
3124,4,four,english,4,1,15,lang-english_speaker-01_trial-15_digit-4.flac,male,22,195
3125,4,four,english,4,10,17,lang-english_speaker-10_trial-17_digit-4.flac,female,25,160
3126,3,three,english,3,3,8,lang-english_speaker-03_trial-8_digit-3.flac,female,23,174
3127,6,six,english,6,11,15,lang-english_speaker-11_trial-15_digit-6.flac,female,31,163
3128,10,null,german,0,11,27,lang-german_speaker-11_trial-27_digit-0.flac,female,31,163
3129,2,two,english,2,8,13,lang-english_speaker-08_trial-13_digit-2.flac,male,21,182
3130,12,zwei,german,2,9,16,lang-german_speaker-09_trial-16_digit-2.flac,male,32,183
3131,6,six,english,6,11,15,lang-english_speaker-11_trial-15_digit-6.flac,female,31,163
3132,15,fuenf,german,5,0,16,lang-german_speaker-00_trial-16_digit-5.flac,male,24,180
3133,9,nine,english,9,11,15,lang-english_speaker-11_trial-15_digit-9.flac,female,31,163
3134,13,drei,german,3,3,16,lang-german_speaker-03_trial-16_digit-3.flac,female,23,174
3135,16,sechs,german,6,7,13,lang-german_speaker-07_trial-13_digit-6.flac,male,56,175
3136,18,acht,german,8,9,16,lang-german_speaker-09_trial-16_digit-8.flac,male,32,183
3137,17,sieben,german,7,3,16,lang-german_speaker-03_trial-16_digit-7.flac,female,23,174
3138,0,zero,english,0,8,14,lang-english_speaker-08_trial-14_digit-0.flac,male,21,182
3139,15,fuenf,german,5,11,27,lang-german_speaker-11_trial-27_digit-5.flac,female,31,163
3140,18,acht,german,8,8,16,lang-german_speaker-08_trial-16_digit-8.flac,male,21,182
3141,12,zwei,german,2,2,22,lang-german_speaker-02_trial-22_digit-2.flac,female,23,158
3142,5,five,english,5,8,14,lang-english_speaker-08_trial-14_digit-5.flac,male,21,182
3143,6,six,english,6,9,14,lang-english_speaker-09_trial-14_digit-6.flac,male,32,183
3144,2,two,english,2,6,13,lang-english_speaker-06_trial-13_digit-2.flac,female,35,163
3145,16,sechs,german,6,7,13,lang-german_speaker-07_trial-13_digit-6.flac,male,56,175
3146,1,one,english,1,0,18,lang-english_speaker-00_trial-18_digit-1.flac,male,24,180
3147,6,six,english,6,11,15,lang-english_speaker-11_trial-15_digit-6.flac,female,31,163
3148,4,four,english,4,1,15,lang-english_speaker-01_trial-15_digit-4.flac,male,22,195
3149,2,two,english,2,0,18,lang-english_speaker-00_trial-18_digit-2.flac,male,24,180
3150,12,zwei,german,2,10,13,lang-german_speaker-10_trial-13_digit-2.flac,female,25,160
3151,13,drei,german,3,2,22,lang-german_speaker-02_trial-22_digit-3.flac,female,23,158
3152,18,acht,german,8,8,16,lang-german_speaker-08_trial-16_digit-8.flac,male,21,182
3153,6,six,english,6,7,13,lang-english_speaker-07_trial-13_digit-6.flac,male,56,175
3154,19,neun,german,9,0,16,lang-german_speaker-00_trial-16_digit-9.flac,male,24,180
3155,8,eight,english,8,2,18,lang-english_speaker-02_trial-18_digit-8.flac,female,23,158
3156,12,zwei,german,2,8,16,lang-german_speaker-08_trial-16_digit-2.flac,male,21,182
3157,9,nine,english,9,9,14,lang-english_speaker-09_trial-14_digit-9.flac,male,32,183
3158,8,eight,english,8,6,13,lang-english_speaker-06_trial-13_digit-8.flac,female,35,163
3159,9,nine,english,9,11,15,lang-english_speaker-11_trial-15_digit-9.flac,female,31,163
3160,14,vier,german,4,9,16,lang-german_speaker-09_trial-16_digit-4.flac,male,32,183
3161,18,acht,german,8,10,13,lang-german_speaker-10_trial-13_digit-8.flac,female,25,160
3162,8,eight,english,8,0,18,lang-english_speaker-00_trial-18_digit-8.flac,male,24,180
3163,11,eins,german,1,7,13,lang-german_speaker-07_trial-13_digit-1.flac,male,56,175
3164,16,sechs,german,6,6,6,lang-german_speaker-06_trial-6_digit-6.flac,female,35,163
3165,15,fuenf,german,5,7,13,lang-german_speaker-07_trial-13_digit-5.flac,male,56,175
3166,1,one,english,1,11,16,lang-english_speaker-11_trial-16_digit-1.flac,female,31,163
3167,1,one,english,1,0,18,lang-english_speaker-00_trial-18_digit-1.flac,male,24,180
3168,0,zero,english,0,8,14,lang-english_speaker-08_trial-14_digit-0.flac,male,21,182
3169,4,four,english,4,2,18,lang-english_speaker-02_trial-18_digit-4.flac,female,23,158
3170,16,sechs,german,6,8,16,lang-german_speaker-08_trial-16_digit-6.flac,male,21,182
3171,17,sieben,german,7,1,16,lang-german_speaker-01_trial-16_digit-7.flac,male,22,195
3172,1,one,english,1,6,13,lang-english_speaker-06_trial-13_digit-1.flac,female,35,163
3173,1,one,english,1,9,15,lang-english_speaker-09_trial-15_digit-1.flac,male,32,183
3174,5,five,english,5,1,15,lang-english_speaker-01_trial-15_digit-5.flac,male,22,195
3175,13,drei,german,3,1,16,lang-german_speaker-01_trial-16_digit-3.flac,male,22,195
3176,8,eight,english,8,6,13,lang-english_speaker-06_trial-13_digit-8.flac,female,35,163
3177,7,seven,english,7,2,18,lang-english_speaker-02_trial-18_digit-7.flac,female,23,158
3178,19,neun,german,9,1,16,lang-german_speaker-01_trial-16_digit-9.flac,male,22,195
3179,10,null,german,0,11,27,lang-german_speaker-11_trial-27_digit-0.flac,female,31,163
3180,13,drei,german,3,7,13,lang-german_speaker-07_trial-13_digit-3.flac,male,56,175
3181,8,eight,english,8,0,18,lang-english_speaker-00_trial-18_digit-8.flac,male,24,180
3182,1,one,english,1,8,14,lang-english_speaker-08_trial-14_digit-1.flac,male,21,182
3183,8,eight,english,8,10,17,lang-english_speaker-10_trial-17_digit-8.flac,female,25,160
3184,18,acht,german,8,8,16,lang-german_speaker-08_trial-16_digit-8.flac,male,21,182
3185,1,one,english,1,7,14,lang-english_speaker-07_trial-14_digit-1.flac,male,56,175
3186,4,four,english,4,0,18,lang-english_speaker-00_trial-18_digit-4.flac,male,24,180
3187,16,sechs,german,6,0,16,lang-german_speaker-00_trial-16_digit-6.flac,male,24,180
3188,4,four,english,4,8,14,lang-english_speaker-08_trial-14_digit-4.flac,male,21,182
3189,17,sieben,german,7,6,6,lang-german_speaker-06_trial-6_digit-7.flac,female,35,163
3190,4,four,english,4,1,15,lang-english_speaker-01_trial-15_digit-4.flac,male,22,195
3191,12,zwei,german,2,8,16,lang-german_speaker-08_trial-16_digit-2.flac,male,21,182
3192,9,nine,english,9,0,18,lang-english_speaker-00_trial-18_digit-9.flac,male,24,180
3193,8,eight,english,8,8,14,lang-english_speaker-08_trial-14_digit-8.flac,male,21,182
3194,17,sieben,german,7,1,16,lang-german_speaker-01_trial-16_digit-7.flac,male,22,195
3195,7,seven,english,7,2,18,lang-english_speaker-02_trial-18_digit-7.flac,female,23,158
3196,5,five,english,5,0,18,lang-english_speaker-00_trial-18_digit-5.flac,male,24,180
3197,2,two,english,2,0,18,lang-english_speaker-00_trial-18_digit-2.flac,male,24,180
3198,17,sieben,german,7,10,13,lang-german_speaker-10_trial-13_digit-7.flac,female,25,160
3199,11,eins,german,1,9,16,lang-german_speaker-09_trial-16_digit-1.flac,male,32,183
3200,10,null,german,0,7,13,lang-german_speaker-07_trial-13_digit-0.flac,male,56,175
3201,7,seven,english,7,10,17,lang-english_speaker-10_trial-17_digit-7.flac,female,25,160
3202,4,four,english,4,3,8,lang-english_speaker-03_trial-8_digit-4.flac,female,23,174
3203,2,two,english,2,6,13,lang-english_speaker-06_trial-13_digit-2.flac,female,35,163
3204,0,zero,english,0,9,15,lang-english_speaker-09_trial-15_digit-0.flac,male,32,183
3205,15,fuenf,german,5,8,16,lang-german_speaker-08_trial-16_digit-5.flac,male,21,182
3206,13,drei,german,3,10,13,lang-german_speaker-10_trial-13_digit-3.flac,female,25,160
3207,12,zwei,german,2,3,16,lang-german_speaker-03_trial-16_digit-2.flac,female,23,174
3208,14,vier,german,4,0,16,lang-german_speaker-00_trial-16_digit-4.flac,male,24,180
3209,3,three,english,3,1,15,lang-english_speaker-01_trial-15_digit-3.flac,male,22,195
3210,5,five,english,5,9,15,lang-english_speaker-09_trial-15_digit-5.flac,male,32,183
3211,10,null,german,0,8,17,lang-german_speaker-08_trial-17_digit-0.flac,male,21,182
3212,2,two,english,2,11,16,lang-english_speaker-11_trial-16_digit-2.flac,female,31,163
3213,8,eight,english,8,6,13,lang-english_speaker-06_trial-13_digit-8.flac,female,35,163
3214,13,drei,german,3,8,17,lang-german_speaker-08_trial-17_digit-3.flac,male,21,182
3215,9,nine,english,9,2,18,lang-english_speaker-02_trial-18_digit-9.flac,female,23,158
3216,9,nine,english,9,10,17,lang-english_speaker-10_trial-17_digit-9.flac,female,25,160
3217,1,one,english,1,2,19,lang-english_speaker-02_trial-19_digit-1.flac,female,23,158
3218,5,five,english,5,0,18,lang-english_speaker-00_trial-18_digit-5.flac,male,24,180
3219,0,zero,english,0,7,14,lang-english_speaker-07_trial-14_digit-0.flac,male,56,175
3220,15,fuenf,german,5,11,27,lang-german_speaker-11_trial-27_digit-5.flac,female,31,163
3221,19,neun,german,9,7,13,lang-german_speaker-07_trial-13_digit-9.flac,male,56,175
3222,10,null,german,0,11,27,lang-german_speaker-11_trial-27_digit-0.flac,female,31,163
3223,0,zero,english,0,0,19,lang-english_speaker-00_trial-19_digit-0.flac,male,24,180
3224,1,one,english,1,8,14,lang-english_speaker-08_trial-14_digit-1.flac,male,21,182
3225,4,four,english,4,2,19,lang-english_speaker-02_trial-19_digit-4.flac,female,23,158
3226,7,seven,english,7,9,15,lang-english_speaker-09_trial-15_digit-7.flac,male,32,183
3227,4,four,english,4,8,14,lang-english_speaker-08_trial-14_digit-4.flac,male,21,182
3228,2,two,english,2,3,8,lang-english_speaker-03_trial-8_digit-2.flac,female,23,174
3229,0,zero,english,0,6,14,lang-english_speaker-06_trial-14_digit-0.flac,female,35,163
3230,4,four,english,4,1,15,lang-english_speaker-01_trial-15_digit-4.flac,male,22,195
3231,2,two,english,2,8,14,lang-english_speaker-08_trial-14_digit-2.flac,male,21,182
3232,1,one,english,1,2,19,lang-english_speaker-02_trial-19_digit-1.flac,female,23,158
3233,15,fuenf,german,5,7,13,lang-german_speaker-07_trial-13_digit-5.flac,male,56,175
3234,6,six,english,6,2,19,lang-english_speaker-02_trial-19_digit-6.flac,female,23,158
3235,7,seven,english,7,1,15,lang-english_speaker-01_trial-15_digit-7.flac,male,22,195
3236,16,sechs,german,6,1,16,lang-german_speaker-01_trial-16_digit-6.flac,male,22,195
3237,6,six,english,6,11,16,lang-english_speaker-11_trial-16_digit-6.flac,female,31,163
3238,17,sieben,german,7,9,16,lang-german_speaker-09_trial-16_digit-7.flac,male,32,183
3239,2,two,english,2,2,19,lang-english_speaker-02_trial-19_digit-2.flac,female,23,158
3240,19,neun,german,9,0,16,lang-german_speaker-00_trial-16_digit-9.flac,male,24,180
3241,1,one,english,1,2,19,lang-english_speaker-02_trial-19_digit-1.flac,female,23,158
3242,11,eins,german,1,1,17,lang-german_speaker-01_trial-17_digit-1.flac,male,22,195
3243,5,five,english,5,9,15,lang-english_speaker-09_trial-15_digit-5.flac,male,32,183
3244,17,sieben,german,7,1,17,lang-german_speaker-01_trial-17_digit-7.flac,male,22,195
3245,4,four,english,4,1,15,lang-english_speaker-01_trial-15_digit-4.flac,male,22,195
3246,11,eins,german,1,9,16,lang-german_speaker-09_trial-16_digit-1.flac,male,32,183
3247,14,vier,german,4,11,27,lang-german_speaker-11_trial-27_digit-4.flac,female,31,163
3248,0,zero,english,0,7,14,lang-english_speaker-07_trial-14_digit-0.flac,male,56,175
3249,11,eins,german,1,8,17,lang-german_speaker-08_trial-17_digit-1.flac,male,21,182
3250,3,three,english,3,8,14,lang-english_speaker-08_trial-14_digit-3.flac,male,21,182
3251,3,three,english,3,10,17,lang-english_speaker-10_trial-17_digit-3.flac,female,25,160
3252,18,acht,german,8,11,27,lang-german_speaker-11_trial-27_digit-8.flac,female,31,163
3253,8,eight,english,8,10,17,lang-english_speaker-10_trial-17_digit-8.flac,female,25,160
3254,12,zwei,german,2,6,6,lang-german_speaker-06_trial-6_digit-2.flac,female,35,163
3255,6,six,english,6,6,14,lang-english_speaker-06_trial-14_digit-6.flac,female,35,163
3256,12,zwei,german,2,11,27,lang-german_speaker-11_trial-27_digit-2.flac,female,31,163
3257,7,seven,english,7,9,15,lang-english_speaker-09_trial-15_digit-7.flac,male,32,183
3258,0,zero,english,0,10,18,lang-english_speaker-10_trial-18_digit-0.flac,female,25,160
3259,9,nine,english,9,6,14,lang-english_speaker-06_trial-14_digit-9.flac,female,35,163
3260,19,neun,german,9,2,22,lang-german_speaker-02_trial-22_digit-9.flac,female,23,158
3261,16,sechs,german,6,0,16,lang-german_speaker-00_trial-16_digit-6.flac,male,24,180
3262,19,neun,german,9,7,13,lang-german_speaker-07_trial-13_digit-9.flac,male,56,175
3263,10,null,german,0,10,14,lang-german_speaker-10_trial-14_digit-0.flac,female,25,160
3264,16,sechs,german,6,1,17,lang-german_speaker-01_trial-17_digit-6.flac,male,22,195
3265,18,acht,german,8,0,16,lang-german_speaker-00_trial-16_digit-8.flac,male,24,180
3266,11,eins,german,1,1,17,lang-german_speaker-01_trial-17_digit-1.flac,male,22,195
3267,12,zwei,german,2,2,22,lang-german_speaker-02_trial-22_digit-2.flac,female,23,158
3268,16,sechs,german,6,7,13,lang-german_speaker-07_trial-13_digit-6.flac,male,56,175
3269,18,acht,german,8,2,22,lang-german_speaker-02_trial-22_digit-8.flac,female,23,158
3270,14,vier,german,4,10,14,lang-german_speaker-10_trial-14_digit-4.flac,female,25,160
3271,7,seven,english,7,10,18,lang-english_speaker-10_trial-18_digit-7.flac,female,25,160
3272,1,one,english,1,2,19,lang-english_speaker-02_trial-19_digit-1.flac,female,23,158
3273,17,sieben,german,7,1,17,lang-german_speaker-01_trial-17_digit-7.flac,male,22,195
3274,18,acht,german,8,1,17,lang-german_speaker-01_trial-17_digit-8.flac,male,22,195
3275,6,six,english,6,7,14,lang-english_speaker-07_trial-14_digit-6.flac,male,56,175
3276,13,drei,german,3,7,13,lang-german_speaker-07_trial-13_digit-3.flac,male,56,175
3277,2,two,english,2,3,8,lang-english_speaker-03_trial-8_digit-2.flac,female,23,174
3278,14,vier,german,4,7,13,lang-german_speaker-07_trial-13_digit-4.flac,male,56,175
3279,10,null,german,0,2,23,lang-german_speaker-02_trial-23_digit-0.flac,female,23,158
3280,4,four,english,4,1,15,lang-english_speaker-01_trial-15_digit-4.flac,male,22,195
3281,2,two,english,2,1,15,lang-english_speaker-01_trial-15_digit-2.flac,male,22,195
3282,10,null,german,0,11,28,lang-german_speaker-11_trial-28_digit-0.flac,female,31,163
3283,16,sechs,german,6,11,28,lang-german_speaker-11_trial-28_digit-6.flac,female,31,163
3284,2,two,english,2,3,8,lang-english_speaker-03_trial-8_digit-2.flac,female,23,174
3285,4,four,english,4,3,8,lang-english_speaker-03_trial-8_digit-4.flac,female,23,174
3286,16,sechs,german,6,1,17,lang-german_speaker-01_trial-17_digit-6.flac,male,22,195
3287,8,eight,english,8,9,15,lang-english_speaker-09_trial-15_digit-8.flac,male,32,183
3288,6,six,english,6,3,8,lang-english_speaker-03_trial-8_digit-6.flac,female,23,174
3289,4,four,english,4,3,8,lang-english_speaker-03_trial-8_digit-4.flac,female,23,174
3290,17,sieben,german,7,0,16,lang-german_speaker-00_trial-16_digit-7.flac,male,24,180
3291,10,null,german,0,1,18,lang-german_speaker-01_trial-18_digit-0.flac,male,22,195
3292,16,sechs,german,6,0,16,lang-german_speaker-00_trial-16_digit-6.flac,male,24,180
3293,10,null,german,0,9,17,lang-german_speaker-09_trial-17_digit-0.flac,male,32,183
3294,6,six,english,6,6,14,lang-english_speaker-06_trial-14_digit-6.flac,female,35,163
3295,10,null,german,0,1,18,lang-german_speaker-01_trial-18_digit-0.flac,male,22,195
3296,7,seven,english,7,3,8,lang-english_speaker-03_trial-8_digit-7.flac,female,23,174
3297,12,zwei,german,2,11,28,lang-german_speaker-11_trial-28_digit-2.flac,female,31,163
3298,18,acht,german,8,2,23,lang-german_speaker-02_trial-23_digit-8.flac,female,23,158
3299,3,three,english,3,10,18,lang-english_speaker-10_trial-18_digit-3.flac,female,25,160
3300,0,zero,english,0,1,16,lang-english_speaker-01_trial-16_digit-0.flac,male,22,195
3301,14,vier,german,4,3,16,lang-german_speaker-03_trial-16_digit-4.flac,female,23,174
3302,9,nine,english,9,1,16,lang-english_speaker-01_trial-16_digit-9.flac,male,22,195
3303,16,sechs,german,6,2,23,lang-german_speaker-02_trial-23_digit-6.flac,female,23,158
3304,13,drei,german,3,0,16,lang-german_speaker-00_trial-16_digit-3.flac,male,24,180
3305,4,four,english,4,6,14,lang-english_speaker-06_trial-14_digit-4.flac,female,35,163
3306,8,eight,english,8,2,19,lang-english_speaker-02_trial-19_digit-8.flac,female,23,158
3307,18,acht,german,8,8,17,lang-german_speaker-08_trial-17_digit-8.flac,male,21,182
3308,16,sechs,german,6,3,16,lang-german_speaker-03_trial-16_digit-6.flac,female,23,174
3309,19,neun,german,9,3,16,lang-german_speaker-03_trial-16_digit-9.flac,female,23,174
3310,19,neun,german,9,3,16,lang-german_speaker-03_trial-16_digit-9.flac,female,23,174
3311,1,one,english,1,2,19,lang-english_speaker-02_trial-19_digit-1.flac,female,23,158
3312,9,nine,english,9,11,16,lang-english_speaker-11_trial-16_digit-9.flac,female,31,163
3313,11,eins,german,1,8,17,lang-german_speaker-08_trial-17_digit-1.flac,male,21,182
3314,6,six,english,6,6,14,lang-english_speaker-06_trial-14_digit-6.flac,female,35,163
3315,6,six,english,6,7,14,lang-english_speaker-07_trial-14_digit-6.flac,male,56,175
3316,3,three,english,3,10,18,lang-english_speaker-10_trial-18_digit-3.flac,female,25,160
3317,0,zero,english,0,11,17,lang-english_speaker-11_trial-17_digit-0.flac,female,31,163
3318,2,two,english,2,1,16,lang-english_speaker-01_trial-16_digit-2.flac,male,22,195
3319,4,four,english,4,9,15,lang-english_speaker-09_trial-15_digit-4.flac,male,32,183
3320,11,eins,german,1,1,18,lang-german_speaker-01_trial-18_digit-1.flac,male,22,195
3321,12,zwei,german,2,7,13,lang-german_speaker-07_trial-13_digit-2.flac,male,56,175
3322,0,zero,english,0,3,9,lang-english_speaker-03_trial-9_digit-0.flac,female,23,174
3323,18,acht,german,8,9,17,lang-german_speaker-09_trial-17_digit-8.flac,male,32,183
3324,18,acht,german,8,1,18,lang-german_speaker-01_trial-18_digit-8.flac,male,22,195
3325,17,sieben,german,7,3,16,lang-german_speaker-03_trial-16_digit-7.flac,female,23,174
3326,9,nine,english,9,3,9,lang-english_speaker-03_trial-9_digit-9.flac,female,23,174
3327,13,drei,german,3,11,28,lang-german_speaker-11_trial-28_digit-3.flac,female,31,163
3328,2,two,english,2,8,14,lang-english_speaker-08_trial-14_digit-2.flac,male,21,182
3329,10,null,german,0,2,24,lang-german_speaker-02_trial-24_digit-0.flac,female,23,158
3330,9,nine,english,9,9,15,lang-english_speaker-09_trial-15_digit-9.flac,male,32,183
3331,13,drei,german,3,1,18,lang-german_speaker-01_trial-18_digit-3.flac,male,22,195
3332,9,nine,english,9,2,19,lang-english_speaker-02_trial-19_digit-9.flac,female,23,158
3333,14,vier,german,4,1,18,lang-german_speaker-01_trial-18_digit-4.flac,male,22,195
3334,6,six,english,6,11,17,lang-english_speaker-11_trial-17_digit-6.flac,female,31,163
3335,11,eins,german,1,0,17,lang-german_speaker-00_trial-17_digit-1.flac,male,24,180
3336,9,nine,english,9,0,19,lang-english_speaker-00_trial-19_digit-9.flac,male,24,180
3337,19,neun,german,9,10,14,lang-german_speaker-10_trial-14_digit-9.flac,female,25,160
3338,4,four,english,4,1,16,lang-english_speaker-01_trial-16_digit-4.flac,male,22,195
3339,5,five,english,5,6,14,lang-english_speaker-06_trial-14_digit-5.flac,female,35,163
3340,8,eight,english,8,6,14,lang-english_speaker-06_trial-14_digit-8.flac,female,35,163
3341,9,nine,english,9,1,16,lang-english_speaker-01_trial-16_digit-9.flac,male,22,195
3342,11,eins,german,1,7,14,lang-german_speaker-07_trial-14_digit-1.flac,male,56,175
3343,9,nine,english,9,7,14,lang-english_speaker-07_trial-14_digit-9.flac,male,56,175
3344,2,two,english,2,2,19,lang-english_speaker-02_trial-19_digit-2.flac,female,23,158
3345,4,four,english,4,10,18,lang-english_speaker-10_trial-18_digit-4.flac,female,25,160
3346,10,null,german,0,7,14,lang-german_speaker-07_trial-14_digit-0.flac,male,56,175
3347,16,sechs,german,6,9,17,lang-german_speaker-09_trial-17_digit-6.flac,male,32,183
3348,7,seven,english,7,0,19,lang-english_speaker-00_trial-19_digit-7.flac,male,24,180
3349,8,eight,english,8,6,14,lang-english_speaker-06_trial-14_digit-8.flac,female,35,163
3350,0,zero,english,0,8,15,lang-english_speaker-08_trial-15_digit-0.flac,male,21,182
3351,11,eins,german,1,3,17,lang-german_speaker-03_trial-17_digit-1.flac,female,23,174
3352,15,fuenf,german,5,11,28,lang-german_speaker-11_trial-28_digit-5.flac,female,31,163
3353,16,sechs,german,6,8,17,lang-german_speaker-08_trial-17_digit-6.flac,male,21,182
3354,1,one,english,1,9,16,lang-english_speaker-09_trial-16_digit-1.flac,male,32,183
3355,13,drei,german,3,11,28,lang-german_speaker-11_trial-28_digit-3.flac,female,31,163
3356,2,two,english,2,8,15,lang-english_speaker-08_trial-15_digit-2.flac,male,21,182
3357,3,three,english,3,9,16,lang-english_speaker-09_trial-16_digit-3.flac,male,32,183
3358,2,two,english,2,7,14,lang-english_speaker-07_trial-14_digit-2.flac,male,56,175
3359,2,two,english,2,9,16,lang-english_speaker-09_trial-16_digit-2.flac,male,32,183
3360,8,eight,english,8,6,14,lang-english_speaker-06_trial-14_digit-8.flac,female,35,163
3361,8,eight,english,8,6,14,lang-english_speaker-06_trial-14_digit-8.flac,female,35,163
3362,4,four,english,4,7,14,lang-english_speaker-07_trial-14_digit-4.flac,male,56,175
3363,10,null,german,0,7,14,lang-german_speaker-07_trial-14_digit-0.flac,male,56,175
3364,16,sechs,german,6,2,24,lang-german_speaker-02_trial-24_digit-6.flac,female,23,158
3365,8,eight,english,8,7,14,lang-english_speaker-07_trial-14_digit-8.flac,male,56,175
3366,10,null,german,0,11,28,lang-german_speaker-11_trial-28_digit-0.flac,female,31,163
3367,4,four,english,4,8,15,lang-english_speaker-08_trial-15_digit-4.flac,male,21,182
3368,14,vier,german,4,10,14,lang-german_speaker-10_trial-14_digit-4.flac,female,25,160
3369,4,four,english,4,8,15,lang-english_speaker-08_trial-15_digit-4.flac,male,21,182
3370,19,neun,german,9,11,28,lang-german_speaker-11_trial-28_digit-9.flac,female,31,163
3371,15,fuenf,german,5,9,17,lang-german_speaker-09_trial-17_digit-5.flac,male,32,183
3372,0,zero,english,0,3,10,lang-english_speaker-03_trial-10_digit-0.flac,female,23,174
3373,17,sieben,german,7,9,17,lang-german_speaker-09_trial-17_digit-7.flac,male,32,183
3374,8,eight,english,8,11,17,lang-english_speaker-11_trial-17_digit-8.flac,female,31,163
3375,17,sieben,german,7,7,14,lang-german_speaker-07_trial-14_digit-7.flac,male,56,175
3376,7,seven,english,7,7,14,lang-english_speaker-07_trial-14_digit-7.flac,male,56,175
3377,17,sieben,german,7,11,28,lang-german_speaker-11_trial-28_digit-7.flac,female,31,163
3378,2,two,english,2,10,18,lang-english_speaker-10_trial-18_digit-2.flac,female,25,160
3379,5,five,english,5,0,19,lang-english_speaker-00_trial-19_digit-5.flac,male,24,180
3380,10,null,german,0,0,17,lang-german_speaker-00_trial-17_digit-0.flac,male,24,180
3381,6,six,english,6,1,16,lang-english_speaker-01_trial-16_digit-6.flac,male,22,195
3382,9,nine,english,9,6,14,lang-english_speaker-06_trial-14_digit-9.flac,female,35,163
3383,16,sechs,german,6,8,17,lang-german_speaker-08_trial-17_digit-6.flac,male,21,182
3384,12,zwei,german,2,3,17,lang-german_speaker-03_trial-17_digit-2.flac,female,23,174
3385,17,sieben,german,7,0,17,lang-german_speaker-00_trial-17_digit-7.flac,male,24,180
3386,6,six,english,6,10,18,lang-english_speaker-10_trial-18_digit-6.flac,female,25,160
3387,7,seven,english,7,6,14,lang-english_speaker-06_trial-14_digit-7.flac,female,35,163
3388,13,drei,german,3,2,24,lang-german_speaker-02_trial-24_digit-3.flac,female,23,158
3389,5,five,english,5,7,14,lang-english_speaker-07_trial-14_digit-5.flac,male,56,175
3390,3,three,english,3,8,15,lang-english_speaker-08_trial-15_digit-3.flac,male,21,182
3391,0,zero,english,0,2,20,lang-english_speaker-02_trial-20_digit-0.flac,female,23,158
3392,16,sechs,german,6,1,18,lang-german_speaker-01_trial-18_digit-6.flac,male,22,195
3393,6,six,english,6,2,20,lang-english_speaker-02_trial-20_digit-6.flac,female,23,158
3394,2,two,english,2,1,16,lang-english_speaker-01_trial-16_digit-2.flac,male,22,195
3395,6,six,english,6,8,15,lang-english_speaker-08_trial-15_digit-6.flac,male,21,182
3396,12,zwei,german,2,10,14,lang-german_speaker-10_trial-14_digit-2.flac,female,25,160
3397,15,fuenf,german,5,3,17,lang-german_speaker-03_trial-17_digit-5.flac,female,23,174
3398,4,four,english,4,10,18,lang-english_speaker-10_trial-18_digit-4.flac,female,25,160
3399,3,three,english,3,9,16,lang-english_speaker-09_trial-16_digit-3.flac,male,32,183
3400,11,eins,german,1,11,29,lang-german_speaker-11_trial-29_digit-1.flac,female,31,163
3401,15,fuenf,german,5,11,29,lang-german_speaker-11_trial-29_digit-5.flac,female,31,163
3402,8,eight,english,8,2,20,lang-english_speaker-02_trial-20_digit-8.flac,female,23,158
3403,9,nine,english,9,8,15,lang-english_speaker-08_trial-15_digit-9.flac,male,21,182
3404,13,drei,german,3,8,17,lang-german_speaker-08_trial-17_digit-3.flac,male,21,182
3405,6,six,english,6,0,19,lang-english_speaker-00_trial-19_digit-6.flac,male,24,180
3406,15,fuenf,german,5,0,17,lang-german_speaker-00_trial-17_digit-5.flac,male,24,180
3407,8,eight,english,8,2,20,lang-english_speaker-02_trial-20_digit-8.flac,female,23,158
3408,12,zwei,german,2,11,29,lang-german_speaker-11_trial-29_digit-2.flac,female,31,163
3409,4,four,english,4,0,19,lang-english_speaker-00_trial-19_digit-4.flac,male,24,180
3410,11,eins,german,1,11,29,lang-german_speaker-11_trial-29_digit-1.flac,female,31,163
3411,15,fuenf,german,5,10,14,lang-german_speaker-10_trial-14_digit-5.flac,female,25,160
3412,7,seven,english,7,7,14,lang-english_speaker-07_trial-14_digit-7.flac,male,56,175
3413,8,eight,english,8,1,16,lang-english_speaker-01_trial-16_digit-8.flac,male,22,195
3414,6,six,english,6,0,19,lang-english_speaker-00_trial-19_digit-6.flac,male,24,180
3415,13,drei,german,3,11,29,lang-german_speaker-11_trial-29_digit-3.flac,female,31,163
3416,12,zwei,german,2,3,17,lang-german_speaker-03_trial-17_digit-2.flac,female,23,174
3417,9,nine,english,9,3,10,lang-english_speaker-03_trial-10_digit-9.flac,female,23,174
3418,6,six,english,6,1,16,lang-english_speaker-01_trial-16_digit-6.flac,male,22,195
3419,12,zwei,german,2,3,17,lang-german_speaker-03_trial-17_digit-2.flac,female,23,174
3420,7,seven,english,7,11,17,lang-english_speaker-11_trial-17_digit-7.flac,female,31,163
3421,11,eins,german,1,8,17,lang-german_speaker-08_trial-17_digit-1.flac,male,21,182
3422,5,five,english,5,8,15,lang-english_speaker-08_trial-15_digit-5.flac,male,21,182
3423,16,sechs,german,6,1,18,lang-german_speaker-01_trial-18_digit-6.flac,male,22,195
3424,1,one,english,1,9,16,lang-english_speaker-09_trial-16_digit-1.flac,male,32,183
3425,0,zero,english,0,1,17,lang-english_speaker-01_trial-17_digit-0.flac,male,22,195
3426,16,sechs,german,6,9,17,lang-german_speaker-09_trial-17_digit-6.flac,male,32,183
3427,17,sieben,german,7,2,24,lang-german_speaker-02_trial-24_digit-7.flac,female,23,158
3428,3,three,english,3,11,17,lang-english_speaker-11_trial-17_digit-3.flac,female,31,163
3429,14,vier,german,4,11,29,lang-german_speaker-11_trial-29_digit-4.flac,female,31,163
3430,4,four,english,4,8,15,lang-english_speaker-08_trial-15_digit-4.flac,male,21,182
3431,1,one,english,1,6,15,lang-english_speaker-06_trial-15_digit-1.flac,female,35,163
3432,3,three,english,3,6,15,lang-english_speaker-06_trial-15_digit-3.flac,female,35,163
3433,5,five,english,5,7,14,lang-english_speaker-07_trial-14_digit-5.flac,male,56,175
3434,13,drei,german,3,10,14,lang-german_speaker-10_trial-14_digit-3.flac,female,25,160
3435,1,one,english,1,0,20,lang-english_speaker-00_trial-20_digit-1.flac,male,24,180
3436,7,seven,english,7,10,18,lang-english_speaker-10_trial-18_digit-7.flac,female,25,160
3437,9,nine,english,9,2,20,lang-english_speaker-02_trial-20_digit-9.flac,female,23,158
3438,8,eight,english,8,3,10,lang-english_speaker-03_trial-10_digit-8.flac,female,23,174
3439,16,sechs,german,6,10,14,lang-german_speaker-10_trial-14_digit-6.flac,female,25,160
3440,9,nine,english,9,1,17,lang-english_speaker-01_trial-17_digit-9.flac,male,22,195
3441,0,zero,english,0,2,21,lang-english_speaker-02_trial-21_digit-0.flac,female,23,158
3442,19,neun,german,9,0,17,lang-german_speaker-00_trial-17_digit-9.flac,male,24,180
3443,16,sechs,german,6,10,14,lang-german_speaker-10_trial-14_digit-6.flac,female,25,160
3444,1,one,english,1,1,18,lang-english_speaker-01_trial-18_digit-1.flac,male,22,195
3445,3,three,english,3,10,18,lang-english_speaker-10_trial-18_digit-3.flac,female,25,160
3446,11,eins,german,1,10,15,lang-german_speaker-10_trial-15_digit-1.flac,female,25,160
3447,3,three,english,3,10,18,lang-english_speaker-10_trial-18_digit-3.flac,female,25,160
3448,15,fuenf,german,5,9,17,lang-german_speaker-09_trial-17_digit-5.flac,male,32,183
3449,19,neun,german,9,3,17,lang-german_speaker-03_trial-17_digit-9.flac,female,23,174
3450,13,drei,german,3,9,17,lang-german_speaker-09_trial-17_digit-3.flac,male,32,183
3451,15,fuenf,german,5,7,14,lang-german_speaker-07_trial-14_digit-5.flac,male,56,175
3452,14,vier,german,4,1,18,lang-german_speaker-01_trial-18_digit-4.flac,male,22,195
3453,6,six,english,6,0,20,lang-english_speaker-00_trial-20_digit-6.flac,male,24,180
3454,4,four,english,4,2,21,lang-english_speaker-02_trial-21_digit-4.flac,female,23,158
3455,4,four,english,4,2,21,lang-english_speaker-02_trial-21_digit-4.flac,female,23,158
3456,9,nine,english,9,3,10,lang-english_speaker-03_trial-10_digit-9.flac,female,23,174
3457,1,one,english,1,9,16,lang-english_speaker-09_trial-16_digit-1.flac,male,32,183
3458,16,sechs,german,6,0,17,lang-german_speaker-00_trial-17_digit-6.flac,male,24,180
3459,18,acht,german,8,11,29,lang-german_speaker-11_trial-29_digit-8.flac,female,31,163
3460,2,two,english,2,0,20,lang-english_speaker-00_trial-20_digit-2.flac,male,24,180
3461,12,zwei,german,2,1,18,lang-german_speaker-01_trial-18_digit-2.flac,male,22,195
3462,6,six,english,6,7,14,lang-english_speaker-07_trial-14_digit-6.flac,male,56,175
3463,10,null,german,0,3,18,lang-german_speaker-03_trial-18_digit-0.flac,female,23,174
3464,2,two,english,2,7,14,lang-english_speaker-07_trial-14_digit-2.flac,male,56,175
3465,16,sechs,german,6,11,29,lang-german_speaker-11_trial-29_digit-6.flac,female,31,163
3466,3,three,english,3,9,16,lang-english_speaker-09_trial-16_digit-3.flac,male,32,183
3467,12,zwei,german,2,10,15,lang-german_speaker-10_trial-15_digit-2.flac,female,25,160
3468,14,vier,german,4,2,24,lang-german_speaker-02_trial-24_digit-4.flac,female,23,158
3469,3,three,english,3,1,18,lang-english_speaker-01_trial-18_digit-3.flac,male,22,195
3470,5,five,english,5,0,20,lang-english_speaker-00_trial-20_digit-5.flac,male,24,180
3471,14,vier,german,4,11,29,lang-german_speaker-11_trial-29_digit-4.flac,female,31,163
3472,13,drei,german,3,9,17,lang-german_speaker-09_trial-17_digit-3.flac,male,32,183
3473,16,sechs,german,6,6,6,lang-german_speaker-06_trial-6_digit-6.flac,female,35,163
3474,14,vier,german,4,3,18,lang-german_speaker-03_trial-18_digit-4.flac,female,23,174
3475,0,zero,english,0,0,20,lang-english_speaker-00_trial-20_digit-0.flac,male,24,180
3476,0,zero,english,0,10,19,lang-english_speaker-10_trial-19_digit-0.flac,female,25,160
3477,2,two,english,2,11,17,lang-english_speaker-11_trial-17_digit-2.flac,female,31,163
3478,4,four,english,4,6,15,lang-english_speaker-06_trial-15_digit-4.flac,female,35,163
3479,13,drei,german,3,2,24,lang-german_speaker-02_trial-24_digit-3.flac,female,23,158
3480,15,fuenf,german,5,0,17,lang-german_speaker-00_trial-17_digit-5.flac,male,24,180
3481,4,four,english,4,10,19,lang-english_speaker-10_trial-19_digit-4.flac,female,25,160
3482,17,sieben,german,7,6,6,lang-german_speaker-06_trial-6_digit-7.flac,female,35,163
3483,18,acht,german,8,1,18,lang-german_speaker-01_trial-18_digit-8.flac,male,22,195
3484,7,seven,english,7,10,19,lang-english_speaker-10_trial-19_digit-7.flac,female,25,160
3485,9,nine,english,9,0,20,lang-english_speaker-00_trial-20_digit-9.flac,male,24,180
3486,7,seven,english,7,1,18,lang-english_speaker-01_trial-18_digit-7.flac,male,22,195
3487,11,eins,german,1,9,17,lang-german_speaker-09_trial-17_digit-1.flac,male,32,183
3488,7,seven,english,7,9,16,lang-english_speaker-09_trial-16_digit-7.flac,male,32,183
3489,11,eins,german,1,9,17,lang-german_speaker-09_trial-17_digit-1.flac,male,32,183
3490,3,three,english,3,0,20,lang-english_speaker-00_trial-20_digit-3.flac,male,24,180
3491,19,neun,german,9,9,17,lang-german_speaker-09_trial-17_digit-9.flac,male,32,183
3492,12,zwei,german,2,7,14,lang-german_speaker-07_trial-14_digit-2.flac,male,56,175
3493,13,drei,german,3,7,14,lang-german_speaker-07_trial-14_digit-3.flac,male,56,175
3494,19,neun,german,9,1,18,lang-german_speaker-01_trial-18_digit-9.flac,male,22,195
3495,19,neun,german,9,11,29,lang-german_speaker-11_trial-29_digit-9.flac,female,31,163
3496,16,sechs,german,6,3,18,lang-german_speaker-03_trial-18_digit-6.flac,female,23,174
3497,13,drei,german,3,2,24,lang-german_speaker-02_trial-24_digit-3.flac,female,23,158
3498,8,eight,english,8,7,14,lang-english_speaker-07_trial-14_digit-8.flac,male,56,175
3499,7,seven,english,7,8,15,lang-english_speaker-08_trial-15_digit-7.flac,male,21,182
3500,18,acht,german,8,11,29,lang-german_speaker-11_trial-29_digit-8.flac,female,31,163
3501,9,nine,english,9,6,15,lang-english_speaker-06_trial-15_digit-9.flac,female,35,163
3502,17,sieben,german,7,10,15,lang-german_speaker-10_trial-15_digit-7.flac,female,25,160
3503,4,four,english,4,8,15,lang-english_speaker-08_trial-15_digit-4.flac,male,21,182
3504,18,acht,german,8,0,17,lang-german_speaker-00_trial-17_digit-8.flac,male,24,180
3505,0,zero,english,0,1,19,lang-english_speaker-01_trial-19_digit-0.flac,male,22,195
3506,1,one,english,1,8,16,lang-english_speaker-08_trial-16_digit-1.flac,male,21,182
3507,2,two,english,2,11,17,lang-english_speaker-11_trial-17_digit-2.flac,female,31,163
3508,13,drei,german,3,10,15,lang-german_speaker-10_trial-15_digit-3.flac,female,25,160
3509,7,seven,english,7,6,15,lang-english_speaker-06_trial-15_digit-7.flac,female,35,163
3510,3,three,english,3,10,19,lang-english_speaker-10_trial-19_digit-3.flac,female,25,160
3511,2,two,english,2,0,20,lang-english_speaker-00_trial-20_digit-2.flac,male,24,180
3512,8,eight,english,8,9,16,lang-english_speaker-09_trial-16_digit-8.flac,male,32,183
3513,7,seven,english,7,2,21,lang-english_speaker-02_trial-21_digit-7.flac,female,23,158
3514,2,two,english,2,0,20,lang-english_speaker-00_trial-20_digit-2.flac,male,24,180
3515,1,one,english,1,2,21,lang-english_speaker-02_trial-21_digit-1.flac,female,23,158
3516,13,drei,german,3,8,17,lang-german_speaker-08_trial-17_digit-3.flac,male,21,182
3517,12,zwei,german,2,9,17,lang-german_speaker-09_trial-17_digit-2.flac,male,32,183
3518,6,six,english,6,11,17,lang-english_speaker-11_trial-17_digit-6.flac,female,31,163
3519,12,zwei,german,2,8,17,lang-german_speaker-08_trial-17_digit-2.flac,male,21,182
3520,9,nine,english,9,7,14,lang-english_speaker-07_trial-14_digit-9.flac,male,56,175
3521,6,six,english,6,9,16,lang-english_speaker-09_trial-16_digit-6.flac,male,32,183
3522,16,sechs,german,6,9,17,lang-german_speaker-09_trial-17_digit-6.flac,male,32,183
3523,0,zero,english,0,3,11,lang-english_speaker-03_trial-11_digit-0.flac,female,23,174
3524,16,sechs,german,6,2,24,lang-german_speaker-02_trial-24_digit-6.flac,female,23,158
3525,15,fuenf,german,5,2,24,lang-german_speaker-02_trial-24_digit-5.flac,female,23,158
3526,8,eight,english,8,6,15,lang-english_speaker-06_trial-15_digit-8.flac,female,35,163
3527,19,neun,german,9,3,18,lang-german_speaker-03_trial-18_digit-9.flac,female,23,174
3528,18,acht,german,8,11,29,lang-german_speaker-11_trial-29_digit-8.flac,female,31,163
3529,10,null,german,0,0,18,lang-german_speaker-00_trial-18_digit-0.flac,male,24,180
3530,3,three,english,3,10,19,lang-english_speaker-10_trial-19_digit-3.flac,female,25,160
3531,16,sechs,german,6,10,15,lang-german_speaker-10_trial-15_digit-6.flac,female,25,160
3532,12,zwei,german,2,9,17,lang-german_speaker-09_trial-17_digit-2.flac,male,32,183
3533,4,four,english,4,3,11,lang-english_speaker-03_trial-11_digit-4.flac,female,23,174
3534,1,one,english,1,6,16,lang-english_speaker-06_trial-16_digit-1.flac,female,35,163
3535,12,zwei,german,2,6,6,lang-german_speaker-06_trial-6_digit-2.flac,female,35,163
3536,10,null,german,0,7,15,lang-german_speaker-07_trial-15_digit-0.flac,male,56,175
3537,0,zero,english,0,2,22,lang-english_speaker-02_trial-22_digit-0.flac,female,23,158
3538,19,neun,german,9,7,15,lang-german_speaker-07_trial-15_digit-9.flac,male,56,175
3539,12,zwei,german,2,8,17,lang-german_speaker-08_trial-17_digit-2.flac,male,21,182
3540,4,four,english,4,6,16,lang-english_speaker-06_trial-16_digit-4.flac,female,35,163
3541,17,sieben,german,7,2,24,lang-german_speaker-02_trial-24_digit-7.flac,female,23,158
3542,18,acht,german,8,11,29,lang-german_speaker-11_trial-29_digit-8.flac,female,31,163
3543,19,neun,german,9,7,15,lang-german_speaker-07_trial-15_digit-9.flac,male,56,175
3544,0,zero,english,0,9,17,lang-english_speaker-09_trial-17_digit-0.flac,male,32,183
3545,3,three,english,3,7,14,lang-english_speaker-07_trial-14_digit-3.flac,male,56,175
3546,2,two,english,2,2,22,lang-english_speaker-02_trial-22_digit-2.flac,female,23,158
3547,2,two,english,2,11,17,lang-english_speaker-11_trial-17_digit-2.flac,female,31,163
3548,5,five,english,5,10,19,lang-english_speaker-10_trial-19_digit-5.flac,female,25,160
3549,5,five,english,5,10,19,lang-english_speaker-10_trial-19_digit-5.flac,female,25,160
3550,13,drei,german,3,0,18,lang-german_speaker-00_trial-18_digit-3.flac,male,24,180
3551,7,seven,english,7,9,17,lang-english_speaker-09_trial-17_digit-7.flac,male,32,183
3552,5,five,english,5,2,22,lang-english_speaker-02_trial-22_digit-5.flac,female,23,158
3553,3,three,english,3,10,19,lang-english_speaker-10_trial-19_digit-3.flac,female,25,160
3554,6,six,english,6,9,17,lang-english_speaker-09_trial-17_digit-6.flac,male,32,183
3555,9,nine,english,9,9,17,lang-english_speaker-09_trial-17_digit-9.flac,male,32,183
3556,8,eight,english,8,2,22,lang-english_speaker-02_trial-22_digit-8.flac,female,23,158
3557,0,zero,english,0,7,15,lang-english_speaker-07_trial-15_digit-0.flac,male,56,175
3558,1,one,english,1,9,18,lang-english_speaker-09_trial-18_digit-1.flac,male,32,183
3559,14,vier,german,4,10,15,lang-german_speaker-10_trial-15_digit-4.flac,female,25,160
3560,10,null,german,0,1,19,lang-german_speaker-01_trial-19_digit-0.flac,male,22,195
3561,17,sieben,german,7,6,6,lang-german_speaker-06_trial-6_digit-7.flac,female,35,163
3562,17,sieben,german,7,8,17,lang-german_speaker-08_trial-17_digit-7.flac,male,21,182
3563,17,sieben,german,7,2,24,lang-german_speaker-02_trial-24_digit-7.flac,female,23,158
3564,17,sieben,german,7,7,15,lang-german_speaker-07_trial-15_digit-7.flac,male,56,175
3565,5,five,english,5,8,16,lang-english_speaker-08_trial-16_digit-5.flac,male,21,182
3566,7,seven,english,7,7,15,lang-english_speaker-07_trial-15_digit-7.flac,male,56,175
3567,18,acht,german,8,3,18,lang-german_speaker-03_trial-18_digit-8.flac,female,23,174
3568,10,null,german,0,7,16,lang-german_speaker-07_trial-16_digit-0.flac,male,56,175
3569,15,fuenf,german,5,3,18,lang-german_speaker-03_trial-18_digit-5.flac,female,23,174
3570,18,acht,german,8,3,18,lang-german_speaker-03_trial-18_digit-8.flac,female,23,174
3571,1,one,english,1,11,17,lang-english_speaker-11_trial-17_digit-1.flac,female,31,163
3572,18,acht,german,8,11,29,lang-german_speaker-11_trial-29_digit-8.flac,female,31,163
3573,16,sechs,german,6,0,18,lang-german_speaker-00_trial-18_digit-6.flac,male,24,180
3574,9,nine,english,9,2,22,lang-english_speaker-02_trial-22_digit-9.flac,female,23,158
3575,11,eins,german,1,1,19,lang-german_speaker-01_trial-19_digit-1.flac,male,22,195
3576,5,five,english,5,0,20,lang-english_speaker-00_trial-20_digit-5.flac,male,24,180
3577,2,two,english,2,0,20,lang-english_speaker-00_trial-20_digit-2.flac,male,24,180
3578,14,vier,german,4,9,17,lang-german_speaker-09_trial-17_digit-4.flac,male,32,183
3579,6,six,english,6,8,16,lang-english_speaker-08_trial-16_digit-6.flac,male,21,182
3580,1,one,english,1,0,21,lang-english_speaker-00_trial-21_digit-1.flac,male,24,180
3581,18,acht,german,8,1,19,lang-german_speaker-01_trial-19_digit-8.flac,male,22,195
3582,5,five,english,5,7,15,lang-english_speaker-07_trial-15_digit-5.flac,male,56,175
3583,19,neun,german,9,0,18,lang-german_speaker-00_trial-18_digit-9.flac,male,24,180
3584,18,acht,german,8,1,19,lang-german_speaker-01_trial-19_digit-8.flac,male,22,195
3585,11,eins,german,1,1,19,lang-german_speaker-01_trial-19_digit-1.flac,male,22,195
3586,7,seven,english,7,2,22,lang-english_speaker-02_trial-22_digit-7.flac,female,23,158
3587,17,sieben,german,7,1,19,lang-german_speaker-01_trial-19_digit-7.flac,male,22,195
3588,7,seven,english,7,10,19,lang-english_speaker-10_trial-19_digit-7.flac,female,25,160
3589,18,acht,german,8,10,15,lang-german_speaker-10_trial-15_digit-8.flac,female,25,160
3590,2,two,english,2,10,19,lang-english_speaker-10_trial-19_digit-2.flac,female,25,160
3591,11,eins,german,1,0,19,lang-german_speaker-00_trial-19_digit-1.flac,male,24,180
3592,9,nine,english,9,1,19,lang-english_speaker-01_trial-19_digit-9.flac,male,22,195
3593,15,fuenf,german,5,1,19,lang-german_speaker-01_trial-19_digit-5.flac,male,22,195
3594,4,four,english,4,3,11,lang-english_speaker-03_trial-11_digit-4.flac,female,23,174
3595,12,zwei,german,2,6,6,lang-german_speaker-06_trial-6_digit-2.flac,female,35,163
3596,0,zero,english,0,3,11,lang-english_speaker-03_trial-11_digit-0.flac,female,23,174
3597,18,acht,german,8,11,29,lang-german_speaker-11_trial-29_digit-8.flac,female,31,163
3598,3,three,english,3,10,19,lang-english_speaker-10_trial-19_digit-3.flac,female,25,160
3599,19,neun,german,9,9,17,lang-german_speaker-09_trial-17_digit-9.flac,male,32,183
3600,12,zwei,german,2,1,19,lang-german_speaker-01_trial-19_digit-2.flac,male,22,195
3601,7,seven,english,7,7,15,lang-english_speaker-07_trial-15_digit-7.flac,male,56,175
3602,14,vier,german,4,11,29,lang-german_speaker-11_trial-29_digit-4.flac,female,31,163
3603,16,sechs,german,6,3,18,lang-german_speaker-03_trial-18_digit-6.flac,female,23,174
3604,16,sechs,german,6,8,17,lang-german_speaker-08_trial-17_digit-6.flac,male,21,182
3605,5,five,english,5,10,19,lang-english_speaker-10_trial-19_digit-5.flac,female,25,160
3606,13,drei,german,3,11,29,lang-german_speaker-11_trial-29_digit-3.flac,female,31,163
3607,2,two,english,2,8,16,lang-english_speaker-08_trial-16_digit-2.flac,male,21,182
3608,9,nine,english,9,11,17,lang-english_speaker-11_trial-17_digit-9.flac,female,31,163
3609,17,sieben,german,7,7,16,lang-german_speaker-07_trial-16_digit-7.flac,male,56,175
3610,14,vier,german,4,3,18,lang-german_speaker-03_trial-18_digit-4.flac,female,23,174
3611,1,one,english,1,1,20,lang-english_speaker-01_trial-20_digit-1.flac,male,22,195
3612,3,three,english,3,0,21,lang-english_speaker-00_trial-21_digit-3.flac,male,24,180
3613,7,seven,english,7,8,16,lang-english_speaker-08_trial-16_digit-7.flac,male,21,182
3614,13,drei,german,3,2,24,lang-german_speaker-02_trial-24_digit-3.flac,female,23,158
3615,11,eins,german,1,2,24,lang-german_speaker-02_trial-24_digit-1.flac,female,23,158
3616,15,fuenf,german,5,0,19,lang-german_speaker-00_trial-19_digit-5.flac,male,24,180
3617,17,sieben,german,7,11,29,lang-german_speaker-11_trial-29_digit-7.flac,female,31,163
3618,3,three,english,3,7,15,lang-english_speaker-07_trial-15_digit-3.flac,male,56,175
3619,4,four,english,4,2,22,lang-english_speaker-02_trial-22_digit-4.flac,female,23,158
3620,13,drei,german,3,7,16,lang-german_speaker-07_trial-16_digit-3.flac,male,56,175
3621,2,two,english,2,3,11,lang-english_speaker-03_trial-11_digit-2.flac,female,23,174
3622,11,eins,german,1,0,19,lang-german_speaker-00_trial-19_digit-1.flac,male,24,180
3623,8,eight,english,8,9,18,lang-english_speaker-09_trial-18_digit-8.flac,male,32,183
3624,3,three,english,3,2,22,lang-english_speaker-02_trial-22_digit-3.flac,female,23,158
3625,9,nine,english,9,7,15,lang-english_speaker-07_trial-15_digit-9.flac,male,56,175
3626,13,drei,german,3,11,29,lang-german_speaker-11_trial-29_digit-3.flac,female,31,163
3627,11,eins,german,1,9,18,lang-german_speaker-09_trial-18_digit-1.flac,male,32,183
3628,11,eins,german,1,1,19,lang-german_speaker-01_trial-19_digit-1.flac,male,22,195
3629,14,vier,german,4,11,29,lang-german_speaker-11_trial-29_digit-4.flac,female,31,163
3630,14,vier,german,4,0,19,lang-german_speaker-00_trial-19_digit-4.flac,male,24,180
3631,7,seven,english,7,8,16,lang-english_speaker-08_trial-16_digit-7.flac,male,21,182
3632,6,six,english,6,9,18,lang-english_speaker-09_trial-18_digit-6.flac,male,32,183
3633,11,eins,german,1,0,19,lang-german_speaker-00_trial-19_digit-1.flac,male,24,180
3634,14,vier,german,4,11,29,lang-german_speaker-11_trial-29_digit-4.flac,female,31,163
3635,4,four,english,4,8,16,lang-english_speaker-08_trial-16_digit-4.flac,male,21,182
3636,0,zero,english,0,2,23,lang-english_speaker-02_trial-23_digit-0.flac,female,23,158
3637,1,one,english,1,9,18,lang-english_speaker-09_trial-18_digit-1.flac,male,32,183
3638,7,seven,english,7,0,21,lang-english_speaker-00_trial-21_digit-7.flac,male,24,180
3639,8,eight,english,8,7,15,lang-english_speaker-07_trial-15_digit-8.flac,male,56,175
3640,11,eins,german,1,10,15,lang-german_speaker-10_trial-15_digit-1.flac,female,25,160
3641,11,eins,german,1,3,19,lang-german_speaker-03_trial-19_digit-1.flac,female,23,174
3642,15,fuenf,german,5,2,24,lang-german_speaker-02_trial-24_digit-5.flac,female,23,158
3643,8,eight,english,8,3,11,lang-english_speaker-03_trial-11_digit-8.flac,female,23,174
3644,5,five,english,5,9,18,lang-english_speaker-09_trial-18_digit-5.flac,male,32,183
3645,4,four,english,4,10,19,lang-english_speaker-10_trial-19_digit-4.flac,female,25,160
3646,6,six,english,6,7,15,lang-english_speaker-07_trial-15_digit-6.flac,male,56,175
3647,11,eins,german,1,1,19,lang-german_speaker-01_trial-19_digit-1.flac,male,22,195
3648,0,zero,english,0,2,23,lang-english_speaker-02_trial-23_digit-0.flac,female,23,158
3649,1,one,english,1,7,16,lang-english_speaker-07_trial-16_digit-1.flac,male,56,175
3650,17,sieben,german,7,9,18,lang-german_speaker-09_trial-18_digit-7.flac,male,32,183
3651,6,six,english,6,9,18,lang-english_speaker-09_trial-18_digit-6.flac,male,32,183
3652,10,null,german,0,8,18,lang-german_speaker-08_trial-18_digit-0.flac,male,21,182
3653,5,five,english,5,1,20,lang-english_speaker-01_trial-20_digit-5.flac,male,22,195
3654,12,zwei,german,2,8,18,lang-german_speaker-08_trial-18_digit-2.flac,male,21,182
3655,12,zwei,german,2,11,29,lang-german_speaker-11_trial-29_digit-2.flac,female,31,163
3656,0,zero,english,0,10,20,lang-english_speaker-10_trial-20_digit-0.flac,female,25,160
3657,6,six,english,6,9,18,lang-english_speaker-09_trial-18_digit-6.flac,male,32,183
3658,18,acht,german,8,2,24,lang-german_speaker-02_trial-24_digit-8.flac,female,23,158
3659,14,vier,german,4,1,19,lang-german_speaker-01_trial-19_digit-4.flac,male,22,195
3660,12,zwei,german,2,0,19,lang-german_speaker-00_trial-19_digit-2.flac,male,24,180
3661,14,vier,german,4,11,29,lang-german_speaker-11_trial-29_digit-4.flac,female,31,163
3662,7,seven,english,7,1,20,lang-english_speaker-01_trial-20_digit-7.flac,male,22,195
3663,10,null,german,0,2,25,lang-german_speaker-02_trial-25_digit-0.flac,female,23,158
3664,19,neun,german,9,2,25,lang-german_speaker-02_trial-25_digit-9.flac,female,23,158
3665,15,fuenf,german,5,10,15,lang-german_speaker-10_trial-15_digit-5.flac,female,25,160
3666,9,nine,english,9,11,17,lang-english_speaker-11_trial-17_digit-9.flac,female,31,163
3667,5,five,english,5,10,20,lang-english_speaker-10_trial-20_digit-5.flac,female,25,160
3668,4,four,english,4,2,23,lang-english_speaker-02_trial-23_digit-4.flac,female,23,158
3669,6,six,english,6,2,23,lang-english_speaker-02_trial-23_digit-6.flac,female,23,158
3670,0,zero,english,0,7,16,lang-english_speaker-07_trial-16_digit-0.flac,male,56,175
3671,8,eight,english,8,6,16,lang-english_speaker-06_trial-16_digit-8.flac,female,35,163
3672,18,acht,german,8,11,29,lang-german_speaker-11_trial-29_digit-8.flac,female,31,163
3673,10,null,german,0,1,20,lang-german_speaker-01_trial-20_digit-0.flac,male,22,195
3674,0,zero,english,0,1,21,lang-english_speaker-01_trial-21_digit-0.flac,male,22,195
3675,19,neun,german,9,3,19,lang-german_speaker-03_trial-19_digit-9.flac,female,23,174
3676,14,vier,german,4,8,18,lang-german_speaker-08_trial-18_digit-4.flac,male,21,182
3677,18,acht,german,8,11,29,lang-german_speaker-11_trial-29_digit-8.flac,female,31,163
3678,9,nine,english,9,7,16,lang-english_speaker-07_trial-16_digit-9.flac,male,56,175
3679,19,neun,german,9,10,15,lang-german_speaker-10_trial-15_digit-9.flac,female,25,160
3680,19,neun,german,9,3,19,lang-german_speaker-03_trial-19_digit-9.flac,female,23,174
3681,7,seven,english,7,2,23,lang-english_speaker-02_trial-23_digit-7.flac,female,23,158
3682,11,eins,german,1,2,26,lang-german_speaker-02_trial-26_digit-1.flac,female,23,158
3683,2,two,english,2,9,18,lang-english_speaker-09_trial-18_digit-2.flac,male,32,183
3684,18,acht,german,8,1,20,lang-german_speaker-01_trial-20_digit-8.flac,male,22,195
3685,4,four,english,4,0,21,lang-english_speaker-00_trial-21_digit-4.flac,male,24,180
3686,3,three,english,3,9,18,lang-english_speaker-09_trial-18_digit-3.flac,male,32,183
3687,14,vier,german,4,10,15,lang-german_speaker-10_trial-15_digit-4.flac,female,25,160
3688,11,eins,german,1,9,18,lang-german_speaker-09_trial-18_digit-1.flac,male,32,183
3689,6,six,english,6,6,16,lang-english_speaker-06_trial-16_digit-6.flac,female,35,163
3690,3,three,english,3,8,16,lang-english_speaker-08_trial-16_digit-3.flac,male,21,182
3691,12,zwei,german,2,2,26,lang-german_speaker-02_trial-26_digit-2.flac,female,23,158
3692,17,sieben,german,7,7,16,lang-german_speaker-07_trial-16_digit-7.flac,male,56,175
3693,7,seven,english,7,6,16,lang-english_speaker-06_trial-16_digit-7.flac,female,35,163
3694,12,zwei,german,2,0,19,lang-german_speaker-00_trial-19_digit-2.flac,male,24,180
3695,5,five,english,5,7,16,lang-english_speaker-07_trial-16_digit-5.flac,male,56,175
3696,10,null,german,0,11,30,lang-german_speaker-11_trial-30_digit-0.flac,female,31,163
3697,16,sechs,german,6,0,19,lang-german_speaker-00_trial-19_digit-6.flac,male,24,180
3698,12,zwei,german,2,1,20,lang-german_speaker-01_trial-20_digit-2.flac,male,22,195
3699,17,sieben,german,7,7,16,lang-german_speaker-07_trial-16_digit-7.flac,male,56,175
3700,10,null,german,0,0,19,lang-german_speaker-00_trial-19_digit-0.flac,male,24,180
3701,19,neun,german,9,0,19,lang-german_speaker-00_trial-19_digit-9.flac,male,24,180
3702,16,sechs,german,6,2,26,lang-german_speaker-02_trial-26_digit-6.flac,female,23,158
3703,15,fuenf,german,5,9,18,lang-german_speaker-09_trial-18_digit-5.flac,male,32,183
3704,18,acht,german,8,10,15,lang-german_speaker-10_trial-15_digit-8.flac,female,25,160
3705,0,zero,english,0,9,19,lang-english_speaker-09_trial-19_digit-0.flac,male,32,183
3706,2,two,english,2,11,17,lang-english_speaker-11_trial-17_digit-2.flac,female,31,163
3707,19,neun,german,9,0,19,lang-german_speaker-00_trial-19_digit-9.flac,male,24,180
3708,18,acht,german,8,11,30,lang-german_speaker-11_trial-30_digit-8.flac,female,31,163
3709,10,null,german,0,8,18,lang-german_speaker-08_trial-18_digit-0.flac,male,21,182
3710,17,sieben,german,7,1,20,lang-german_speaker-01_trial-20_digit-7.flac,male,22,195
3711,12,zwei,german,2,9,18,lang-german_speaker-09_trial-18_digit-2.flac,male,32,183
3712,2,two,english,2,11,17,lang-english_speaker-11_trial-17_digit-2.flac,female,31,163
3713,4,four,english,4,1,21,lang-english_speaker-01_trial-21_digit-4.flac,male,22,195
3714,7,seven,english,7,11,17,lang-english_speaker-11_trial-17_digit-7.flac,female,31,163
3715,0,zero,english,0,0,22,lang-english_speaker-00_trial-22_digit-0.flac,male,24,180
3716,6,six,english,6,0,22,lang-english_speaker-00_trial-22_digit-6.flac,male,24,180
3717,18,acht,german,8,6,6,lang-german_speaker-06_trial-6_digit-8.flac,female,35,163
3718,11,eins,german,1,3,20,lang-german_speaker-03_trial-20_digit-1.flac,female,23,174
3719,7,seven,english,7,11,17,lang-english_speaker-11_trial-17_digit-7.flac,female,31,163
3720,10,null,german,0,6,7,lang-german_speaker-06_trial-7_digit-0.flac,female,35,163
3721,11,eins,german,1,0,20,lang-german_speaker-00_trial-20_digit-1.flac,male,24,180
3722,16,sechs,german,6,1,20,lang-german_speaker-01_trial-20_digit-6.flac,male,22,195
3723,5,five,english,5,10,20,lang-english_speaker-10_trial-20_digit-5.flac,female,25,160
3724,4,four,english,4,8,16,lang-english_speaker-08_trial-16_digit-4.flac,male,21,182
3725,16,sechs,german,6,8,18,lang-german_speaker-08_trial-18_digit-6.flac,male,21,182
3726,12,zwei,german,2,11,30,lang-german_speaker-11_trial-30_digit-2.flac,female,31,163
3727,13,drei,german,3,7,16,lang-german_speaker-07_trial-16_digit-3.flac,male,56,175
3728,8,eight,english,8,9,19,lang-english_speaker-09_trial-19_digit-8.flac,male,32,183
3729,17,sieben,german,7,2,26,lang-german_speaker-02_trial-26_digit-7.flac,female,23,158
3730,0,zero,english,0,9,20,lang-english_speaker-09_trial-20_digit-0.flac,male,32,183
3731,3,three,english,3,3,11,lang-english_speaker-03_trial-11_digit-3.flac,female,23,174
3732,17,sieben,german,7,7,16,lang-german_speaker-07_trial-16_digit-7.flac,male,56,175
3733,3,three,english,3,10,20,lang-english_speaker-10_trial-20_digit-3.flac,female,25,160
3734,16,sechs,german,6,6,7,lang-german_speaker-06_trial-7_digit-6.flac,female,35,163
3735,19,neun,german,9,6,7,lang-german_speaker-06_trial-7_digit-9.flac,female,35,163
3736,11,eins,german,1,9,18,lang-german_speaker-09_trial-18_digit-1.flac,male,32,183
3737,4,four,english,4,6,16,lang-english_speaker-06_trial-16_digit-4.flac,female,35,163
3738,6,six,english,6,3,11,lang-english_speaker-03_trial-11_digit-6.flac,female,23,174
3739,5,five,english,5,0,22,lang-english_speaker-00_trial-22_digit-5.flac,male,24,180
3740,15,fuenf,german,5,8,18,lang-german_speaker-08_trial-18_digit-5.flac,male,21,182
3741,6,six,english,6,6,16,lang-english_speaker-06_trial-16_digit-6.flac,female,35,163
3742,6,six,english,6,3,11,lang-english_speaker-03_trial-11_digit-6.flac,female,23,174
3743,18,acht,german,8,0,20,lang-german_speaker-00_trial-20_digit-8.flac,male,24,180
3744,13,drei,german,3,3,20,lang-german_speaker-03_trial-20_digit-3.flac,female,23,174
3745,17,sieben,german,7,6,7,lang-german_speaker-06_trial-7_digit-7.flac,female,35,163
3746,2,two,english,2,8,16,lang-english_speaker-08_trial-16_digit-2.flac,male,21,182
3747,3,three,english,3,11,17,lang-english_speaker-11_trial-17_digit-3.flac,female,31,163
3748,0,zero,english,0,11,18,lang-english_speaker-11_trial-18_digit-0.flac,female,31,163
3749,18,acht,german,8,1,20,lang-german_speaker-01_trial-20_digit-8.flac,male,22,195
3750,5,five,english,5,7,16,lang-english_speaker-07_trial-16_digit-5.flac,male,56,175
3751,5,five,english,5,2,23,lang-english_speaker-02_trial-23_digit-5.flac,female,23,158
3752,7,seven,english,7,0,22,lang-english_speaker-00_trial-22_digit-7.flac,male,24,180
3753,8,eight,english,8,3,11,lang-english_speaker-03_trial-11_digit-8.flac,female,23,174
3754,13,drei,german,3,2,26,lang-german_speaker-02_trial-26_digit-3.flac,female,23,158
3755,9,nine,english,9,1,21,lang-english_speaker-01_trial-21_digit-9.flac,male,22,195
3756,10,null,german,0,2,27,lang-german_speaker-02_trial-27_digit-0.flac,female,23,158
3757,9,nine,english,9,2,23,lang-english_speaker-02_trial-23_digit-9.flac,female,23,158
3758,2,two,english,2,7,16,lang-english_speaker-07_trial-16_digit-2.flac,male,56,175
3759,13,drei,german,3,10,15,lang-german_speaker-10_trial-15_digit-3.flac,female,25,160
3760,15,fuenf,german,5,7,16,lang-german_speaker-07_trial-16_digit-5.flac,male,56,175
3761,5,five,english,5,10,20,lang-english_speaker-10_trial-20_digit-5.flac,female,25,160
3762,9,nine,english,9,9,20,lang-english_speaker-09_trial-20_digit-9.flac,male,32,183
3763,9,nine,english,9,3,11,lang-english_speaker-03_trial-11_digit-9.flac,female,23,174
3764,2,two,english,2,7,16,lang-english_speaker-07_trial-16_digit-2.flac,male,56,175
3765,5,five,english,5,10,20,lang-english_speaker-10_trial-20_digit-5.flac,female,25,160
3766,11,eins,german,1,2,27,lang-german_speaker-02_trial-27_digit-1.flac,female,23,158
3767,1,one,english,1,8,16,lang-english_speaker-08_trial-16_digit-1.flac,male,21,182
3768,12,zwei,german,2,2,27,lang-german_speaker-02_trial-27_digit-2.flac,female,23,158
3769,3,three,english,3,1,21,lang-english_speaker-01_trial-21_digit-3.flac,male,22,195
3770,15,fuenf,german,5,11,30,lang-german_speaker-11_trial-30_digit-5.flac,female,31,163
3771,19,neun,german,9,0,20,lang-german_speaker-00_trial-20_digit-9.flac,male,24,180
3772,15,fuenf,german,5,7,16,lang-german_speaker-07_trial-16_digit-5.flac,male,56,175
3773,12,zwei,german,2,8,18,lang-german_speaker-08_trial-18_digit-2.flac,male,21,182
3774,16,sechs,german,6,1,20,lang-german_speaker-01_trial-20_digit-6.flac,male,22,195
3775,6,six,english,6,8,16,lang-english_speaker-08_trial-16_digit-6.flac,male,21,182
3776,4,four,english,4,8,16,lang-english_speaker-08_trial-16_digit-4.flac,male,21,182
3777,6,six,english,6,0,22,lang-english_speaker-00_trial-22_digit-6.flac,male,24,180
3778,16,sechs,german,6,11,30,lang-german_speaker-11_trial-30_digit-6.flac,female,31,163
3779,0,zero,english,0,10,20,lang-english_speaker-10_trial-20_digit-0.flac,female,25,160
3780,15,fuenf,german,5,10,15,lang-german_speaker-10_trial-15_digit-5.flac,female,25,160
3781,15,fuenf,german,5,2,27,lang-german_speaker-02_trial-27_digit-5.flac,female,23,158
3782,15,fuenf,german,5,2,27,lang-german_speaker-02_trial-27_digit-5.flac,female,23,158
3783,14,vier,german,4,10,15,lang-german_speaker-10_trial-15_digit-4.flac,female,25,160
3784,9,nine,english,9,8,16,lang-english_speaker-08_trial-16_digit-9.flac,male,21,182
3785,15,fuenf,german,5,2,27,lang-german_speaker-02_trial-27_digit-5.flac,female,23,158
3786,15,fuenf,german,5,8,18,lang-german_speaker-08_trial-18_digit-5.flac,male,21,182
3787,9,nine,english,9,2,23,lang-english_speaker-02_trial-23_digit-9.flac,female,23,158
3788,6,six,english,6,11,18,lang-english_speaker-11_trial-18_digit-6.flac,female,31,163
3789,16,sechs,german,6,7,16,lang-german_speaker-07_trial-16_digit-6.flac,male,56,175
3790,18,acht,german,8,8,18,lang-german_speaker-08_trial-18_digit-8.flac,male,21,182
3791,1,one,english,1,0,22,lang-english_speaker-00_trial-22_digit-1.flac,male,24,180
3792,13,drei,german,3,11,30,lang-german_speaker-11_trial-30_digit-3.flac,female,31,163
3793,3,three,english,3,3,11,lang-english_speaker-03_trial-11_digit-3.flac,female,23,174
3794,4,four,english,4,10,20,lang-english_speaker-10_trial-20_digit-4.flac,female,25,160
3795,4,four,english,4,11,18,lang-english_speaker-11_trial-18_digit-4.flac,female,31,163
3796,10,null,german,0,2,27,lang-german_speaker-02_trial-27_digit-0.flac,female,23,158
3797,19,neun,german,9,1,20,lang-german_speaker-01_trial-20_digit-9.flac,male,22,195
3798,10,null,german,0,3,20,lang-german_speaker-03_trial-20_digit-0.flac,female,23,174
3799,19,neun,german,9,11,30,lang-german_speaker-11_trial-30_digit-9.flac,female,31,163
3800,4,four,english,4,8,16,lang-english_speaker-08_trial-16_digit-4.flac,male,21,182
3801,19,neun,german,9,11,30,lang-german_speaker-11_trial-30_digit-9.flac,female,31,163
3802,6,six,english,6,9,20,lang-english_speaker-09_trial-20_digit-6.flac,male,32,183
3803,2,two,english,2,7,16,lang-english_speaker-07_trial-16_digit-2.flac,male,56,175
3804,5,five,english,5,2,23,lang-english_speaker-02_trial-23_digit-5.flac,female,23,158
3805,7,seven,english,7,8,16,lang-english_speaker-08_trial-16_digit-7.flac,male,21,182
3806,13,drei,german,3,2,27,lang-german_speaker-02_trial-27_digit-3.flac,female,23,158
3807,6,six,english,6,3,11,lang-english_speaker-03_trial-11_digit-6.flac,female,23,174
3808,3,three,english,3,2,23,lang-english_speaker-02_trial-23_digit-3.flac,female,23,158
3809,1,one,english,1,7,17,lang-english_speaker-07_trial-17_digit-1.flac,male,56,175
3810,13,drei,german,3,11,30,lang-german_speaker-11_trial-30_digit-3.flac,female,31,163
3811,18,acht,german,8,1,20,lang-german_speaker-01_trial-20_digit-8.flac,male,22,195
3812,9,nine,english,9,0,22,lang-english_speaker-00_trial-22_digit-9.flac,male,24,180
3813,17,sieben,german,7,8,18,lang-german_speaker-08_trial-18_digit-7.flac,male,21,182
3814,14,vier,german,4,0,20,lang-german_speaker-00_trial-20_digit-4.flac,male,24,180
3815,16,sechs,german,6,7,16,lang-german_speaker-07_trial-16_digit-6.flac,male,56,175
3816,14,vier,german,4,10,15,lang-german_speaker-10_trial-15_digit-4.flac,female,25,160
3817,11,eins,german,1,6,8,lang-german_speaker-06_trial-8_digit-1.flac,female,35,163
3818,1,one,english,1,10,20,lang-english_speaker-10_trial-20_digit-1.flac,female,25,160
3819,14,vier,german,4,11,30,lang-german_speaker-11_trial-30_digit-4.flac,female,31,163
3820,9,nine,english,9,10,20,lang-english_speaker-10_trial-20_digit-9.flac,female,25,160
3821,8,eight,english,8,2,23,lang-english_speaker-02_trial-23_digit-8.flac,female,23,158
3822,18,acht,german,8,3,20,lang-german_speaker-03_trial-20_digit-8.flac,female,23,174
3823,9,nine,english,9,2,23,lang-english_speaker-02_trial-23_digit-9.flac,female,23,158
3824,12,zwei,german,2,11,30,lang-german_speaker-11_trial-30_digit-2.flac,female,31,163
3825,19,neun,german,9,6,8,lang-german_speaker-06_trial-8_digit-9.flac,female,35,163
3826,7,seven,english,7,10,20,lang-english_speaker-10_trial-20_digit-7.flac,female,25,160
3827,13,drei,german,3,1,20,lang-german_speaker-01_trial-20_digit-3.flac,male,22,195
3828,16,sechs,german,6,0,20,lang-german_speaker-00_trial-20_digit-6.flac,male,24,180
3829,6,six,english,6,9,20,lang-english_speaker-09_trial-20_digit-6.flac,male,32,183
3830,1,one,english,1,0,23,lang-english_speaker-00_trial-23_digit-1.flac,male,24,180
3831,2,two,english,2,8,16,lang-english_speaker-08_trial-16_digit-2.flac,male,21,182
3832,8,eight,english,8,11,18,lang-english_speaker-11_trial-18_digit-8.flac,female,31,163
3833,9,nine,english,9,11,18,lang-english_speaker-11_trial-18_digit-9.flac,female,31,163
3834,6,six,english,6,0,23,lang-english_speaker-00_trial-23_digit-6.flac,male,24,180
3835,11,eins,german,1,10,16,lang-german_speaker-10_trial-16_digit-1.flac,female,25,160
3836,10,null,german,0,11,31,lang-german_speaker-11_trial-31_digit-0.flac,female,31,163
3837,13,drei,german,3,9,18,lang-german_speaker-09_trial-18_digit-3.flac,male,32,183
3838,9,nine,english,9,10,20,lang-english_speaker-10_trial-20_digit-9.flac,female,25,160
3839,4,four,english,4,11,18,lang-english_speaker-11_trial-18_digit-4.flac,female,31,163
3840,1,one,english,1,2,24,lang-english_speaker-02_trial-24_digit-1.flac,female,23,158
3841,13,drei,german,3,1,20,lang-german_speaker-01_trial-20_digit-3.flac,male,22,195
3842,12,zwei,german,2,7,16,lang-german_speaker-07_trial-16_digit-2.flac,male,56,175
3843,9,nine,english,9,9,20,lang-english_speaker-09_trial-20_digit-9.flac,male,32,183
3844,16,sechs,german,6,9,18,lang-german_speaker-09_trial-18_digit-6.flac,male,32,183
3845,19,neun,german,9,1,20,lang-german_speaker-01_trial-20_digit-9.flac,male,22,195
3846,14,vier,german,4,0,20,lang-german_speaker-00_trial-20_digit-4.flac,male,24,180
3847,6,six,english,6,9,20,lang-english_speaker-09_trial-20_digit-6.flac,male,32,183
3848,3,three,english,3,8,16,lang-english_speaker-08_trial-16_digit-3.flac,male,21,182
3849,16,sechs,german,6,8,18,lang-german_speaker-08_trial-18_digit-6.flac,male,21,182
3850,17,sieben,german,7,11,31,lang-german_speaker-11_trial-31_digit-7.flac,female,31,163
3851,2,two,english,2,11,18,lang-english_speaker-11_trial-18_digit-2.flac,female,31,163
3852,0,zero,english,0,8,17,lang-english_speaker-08_trial-17_digit-0.flac,male,21,182
3853,10,null,german,0,0,21,lang-german_speaker-00_trial-21_digit-0.flac,male,24,180
3854,15,fuenf,german,5,11,31,lang-german_speaker-11_trial-31_digit-5.flac,female,31,163
3855,0,zero,english,0,9,21,lang-english_speaker-09_trial-21_digit-0.flac,male,32,183
3856,1,one,english,1,11,19,lang-english_speaker-11_trial-19_digit-1.flac,female,31,163
3857,9,nine,english,9,9,21,lang-english_speaker-09_trial-21_digit-9.flac,male,32,183
3858,17,sieben,german,7,3,20,lang-german_speaker-03_trial-20_digit-7.flac,female,23,174
3859,14,vier,german,4,1,20,lang-german_speaker-01_trial-20_digit-4.flac,male,22,195
3860,14,vier,german,4,0,21,lang-german_speaker-00_trial-21_digit-4.flac,male,24,180
3861,4,four,english,4,1,21,lang-english_speaker-01_trial-21_digit-4.flac,male,22,195
3862,0,zero,english,0,1,22,lang-english_speaker-01_trial-22_digit-0.flac,male,22,195
3863,9,nine,english,9,0,23,lang-english_speaker-00_trial-23_digit-9.flac,male,24,180
3864,12,zwei,german,2,1,20,lang-german_speaker-01_trial-20_digit-2.flac,male,22,195
3865,5,five,english,5,7,17,lang-english_speaker-07_trial-17_digit-5.flac,male,56,175
3866,13,drei,german,3,8,18,lang-german_speaker-08_trial-18_digit-3.flac,male,21,182
3867,3,three,english,3,0,23,lang-english_speaker-00_trial-23_digit-3.flac,male,24,180
3868,14,vier,german,4,0,21,lang-german_speaker-00_trial-21_digit-4.flac,male,24,180
3869,18,acht,german,8,2,27,lang-german_speaker-02_trial-27_digit-8.flac,female,23,158
3870,6,six,english,6,7,17,lang-english_speaker-07_trial-17_digit-6.flac,male,56,175
3871,4,four,english,4,10,20,lang-english_speaker-10_trial-20_digit-4.flac,female,25,160
3872,8,eight,english,8,10,20,lang-english_speaker-10_trial-20_digit-8.flac,female,25,160
3873,8,eight,english,8,0,23,lang-english_speaker-00_trial-23_digit-8.flac,male,24,180
3874,5,five,english,5,8,17,lang-english_speaker-08_trial-17_digit-5.flac,male,21,182
3875,10,null,german,0,9,19,lang-german_speaker-09_trial-19_digit-0.flac,male,32,183
3876,10,null,german,0,0,21,lang-german_speaker-00_trial-21_digit-0.flac,male,24,180
3877,14,vier,german,4,10,16,lang-german_speaker-10_trial-16_digit-4.flac,female,25,160
3878,13,drei,german,3,6,8,lang-german_speaker-06_trial-8_digit-3.flac,female,35,163
3879,0,zero,english,0,7,17,lang-english_speaker-07_trial-17_digit-0.flac,male,56,175
3880,2,two,english,2,10,20,lang-english_speaker-10_trial-20_digit-2.flac,female,25,160
3881,3,three,english,3,11,19,lang-english_speaker-11_trial-19_digit-3.flac,female,31,163
3882,6,six,english,6,10,20,lang-english_speaker-10_trial-20_digit-6.flac,female,25,160
3883,15,fuenf,german,5,2,27,lang-german_speaker-02_trial-27_digit-5.flac,female,23,158
3884,5,five,english,5,9,21,lang-english_speaker-09_trial-21_digit-5.flac,male,32,183
3885,11,eins,german,1,3,20,lang-german_speaker-03_trial-20_digit-1.flac,female,23,174
3886,12,zwei,german,2,11,31,lang-german_speaker-11_trial-31_digit-2.flac,female,31,163
3887,10,null,german,0,3,21,lang-german_speaker-03_trial-21_digit-0.flac,female,23,174
3888,19,neun,german,9,10,16,lang-german_speaker-10_trial-16_digit-9.flac,female,25,160
3889,17,sieben,german,7,2,27,lang-german_speaker-02_trial-27_digit-7.flac,female,23,158
3890,2,two,english,2,3,11,lang-english_speaker-03_trial-11_digit-2.flac,female,23,174
3891,15,fuenf,german,5,6,8,lang-german_speaker-06_trial-8_digit-5.flac,female,35,163
3892,3,three,english,3,0,23,lang-english_speaker-00_trial-23_digit-3.flac,male,24,180
3893,10,null,german,0,1,21,lang-german_speaker-01_trial-21_digit-0.flac,male,22,195
3894,1,one,english,1,10,21,lang-english_speaker-10_trial-21_digit-1.flac,female,25,160
3895,18,acht,german,8,1,21,lang-german_speaker-01_trial-21_digit-8.flac,male,22,195
3896,1,one,english,1,11,19,lang-english_speaker-11_trial-19_digit-1.flac,female,31,163
3897,0,zero,english,0,1,22,lang-english_speaker-01_trial-22_digit-0.flac,male,22,195
3898,10,null,german,0,3,21,lang-german_speaker-03_trial-21_digit-0.flac,female,23,174
3899,5,five,english,5,11,19,lang-english_speaker-11_trial-19_digit-5.flac,female,31,163
3900,3,three,english,3,1,22,lang-english_speaker-01_trial-22_digit-3.flac,male,22,195
3901,1,one,english,1,3,12,lang-english_speaker-03_trial-12_digit-1.flac,female,23,174
3902,12,zwei,german,2,7,16,lang-german_speaker-07_trial-16_digit-2.flac,male,56,175
3903,1,one,english,1,6,16,lang-english_speaker-06_trial-16_digit-1.flac,female,35,163
3904,0,zero,english,0,7,17,lang-english_speaker-07_trial-17_digit-0.flac,male,56,175
3905,12,zwei,german,2,1,21,lang-german_speaker-01_trial-21_digit-2.flac,male,22,195
3906,4,four,english,4,0,23,lang-english_speaker-00_trial-23_digit-4.flac,male,24,180
3907,10,null,german,0,2,28,lang-german_speaker-02_trial-28_digit-0.flac,female,23,158
3908,16,sechs,german,6,8,18,lang-german_speaker-08_trial-18_digit-6.flac,male,21,182
3909,9,nine,english,9,9,21,lang-english_speaker-09_trial-21_digit-9.flac,male,32,183
3910,9,nine,english,9,8,17,lang-english_speaker-08_trial-17_digit-9.flac,male,21,182
3911,19,neun,german,9,8,18,lang-german_speaker-08_trial-18_digit-9.flac,male,21,182
3912,0,zero,english,0,6,17,lang-english_speaker-06_trial-17_digit-0.flac,female,35,163
3913,5,five,english,5,2,24,lang-english_speaker-02_trial-24_digit-5.flac,female,23,158
3914,10,null,german,0,1,22,lang-german_speaker-01_trial-22_digit-0.flac,male,22,195
3915,7,seven,english,7,0,23,lang-english_speaker-00_trial-23_digit-7.flac,male,24,180
3916,1,one,english,1,8,18,lang-english_speaker-08_trial-18_digit-1.flac,male,21,182
3917,13,drei,german,3,0,21,lang-german_speaker-00_trial-21_digit-3.flac,male,24,180
3918,6,six,english,6,11,19,lang-english_speaker-11_trial-19_digit-6.flac,female,31,163
3919,11,eins,german,1,9,19,lang-german_speaker-09_trial-19_digit-1.flac,male,32,183
3920,9,nine,english,9,10,21,lang-english_speaker-10_trial-21_digit-9.flac,female,25,160
3921,19,neun,german,9,1,22,lang-german_speaker-01_trial-22_digit-9.flac,male,22,195
3922,16,sechs,german,6,11,31,lang-german_speaker-11_trial-31_digit-6.flac,female,31,163
3923,19,neun,german,9,2,28,lang-german_speaker-02_trial-28_digit-9.flac,female,23,158
3924,9,nine,english,9,2,24,lang-english_speaker-02_trial-24_digit-9.flac,female,23,158
3925,1,one,english,1,11,19,lang-english_speaker-11_trial-19_digit-1.flac,female,31,163
3926,14,vier,german,4,1,22,lang-german_speaker-01_trial-22_digit-4.flac,male,22,195
3927,3,three,english,3,2,24,lang-english_speaker-02_trial-24_digit-3.flac,female,23,158
3928,16,sechs,german,6,1,22,lang-german_speaker-01_trial-22_digit-6.flac,male,22,195
3929,0,zero,english,0,2,25,lang-english_speaker-02_trial-25_digit-0.flac,female,23,158
3930,12,zwei,german,2,10,16,lang-german_speaker-10_trial-16_digit-2.flac,female,25,160
3931,16,sechs,german,6,2,28,lang-german_speaker-02_trial-28_digit-6.flac,female,23,158
3932,11,eins,german,1,1,23,lang-german_speaker-01_trial-23_digit-1.flac,male,22,195
3933,12,zwei,german,2,6,8,lang-german_speaker-06_trial-8_digit-2.flac,female,35,163
3934,13,drei,german,3,7,16,lang-german_speaker-07_trial-16_digit-3.flac,male,56,175
3935,7,seven,english,7,0,23,lang-english_speaker-00_trial-23_digit-7.flac,male,24,180
3936,12,zwei,german,2,10,16,lang-german_speaker-10_trial-16_digit-2.flac,female,25,160
3937,6,six,english,6,2,25,lang-english_speaker-02_trial-25_digit-6.flac,female,23,158
3938,7,seven,english,7,3,12,lang-english_speaker-03_trial-12_digit-7.flac,female,23,174
3939,0,zero,english,0,10,22,lang-english_speaker-10_trial-22_digit-0.flac,female,25,160
3940,6,six,english,6,7,17,lang-english_speaker-07_trial-17_digit-6.flac,male,56,175
3941,15,fuenf,german,5,9,19,lang-german_speaker-09_trial-19_digit-5.flac,male,32,183
3942,12,zwei,german,2,10,16,lang-german_speaker-10_trial-16_digit-2.flac,female,25,160
3943,9,nine,english,9,8,18,lang-english_speaker-08_trial-18_digit-9.flac,male,21,182
3944,5,five,english,5,10,22,lang-english_speaker-10_trial-22_digit-5.flac,female,25,160
3945,3,three,english,3,3,12,lang-english_speaker-03_trial-12_digit-3.flac,female,23,174
3946,16,sechs,german,6,11,31,lang-german_speaker-11_trial-31_digit-6.flac,female,31,163
3947,10,null,german,0,9,19,lang-german_speaker-09_trial-19_digit-0.flac,male,32,183
3948,2,two,english,2,8,18,lang-english_speaker-08_trial-18_digit-2.flac,male,21,182
3949,8,eight,english,8,0,23,lang-english_speaker-00_trial-23_digit-8.flac,male,24,180
3950,13,drei,german,3,8,18,lang-german_speaker-08_trial-18_digit-3.flac,male,21,182
3951,14,vier,german,4,7,16,lang-german_speaker-07_trial-16_digit-4.flac,male,56,175
3952,17,sieben,german,7,11,31,lang-german_speaker-11_trial-31_digit-7.flac,female,31,163
3953,15,fuenf,german,5,8,18,lang-german_speaker-08_trial-18_digit-5.flac,male,21,182
3954,19,neun,german,9,7,16,lang-german_speaker-07_trial-16_digit-9.flac,male,56,175
3955,15,fuenf,german,5,2,28,lang-german_speaker-02_trial-28_digit-5.flac,female,23,158
3956,7,seven,english,7,6,17,lang-english_speaker-06_trial-17_digit-7.flac,female,35,163
3957,8,eight,english,8,1,22,lang-english_speaker-01_trial-22_digit-8.flac,male,22,195
3958,1,one,english,1,11,19,lang-english_speaker-11_trial-19_digit-1.flac,female,31,163
3959,15,fuenf,german,5,3,21,lang-german_speaker-03_trial-21_digit-5.flac,female,23,174
3960,14,vier,german,4,3,21,lang-german_speaker-03_trial-21_digit-4.flac,female,23,174
3961,10,null,german,0,2,29,lang-german_speaker-02_trial-29_digit-0.flac,female,23,158
3962,15,fuenf,german,5,1,23,lang-german_speaker-01_trial-23_digit-5.flac,male,22,195
3963,14,vier,german,4,3,21,lang-german_speaker-03_trial-21_digit-4.flac,female,23,174
3964,17,sieben,german,7,8,18,lang-german_speaker-08_trial-18_digit-7.flac,male,21,182
3965,8,eight,english,8,3,12,lang-english_speaker-03_trial-12_digit-8.flac,female,23,174
3966,11,eins,german,1,1,23,lang-german_speaker-01_trial-23_digit-1.flac,male,22,195
3967,7,seven,english,7,1,22,lang-english_speaker-01_trial-22_digit-7.flac,male,22,195
3968,7,seven,english,7,9,21,lang-english_speaker-09_trial-21_digit-7.flac,male,32,183
3969,0,zero,english,0,3,13,lang-english_speaker-03_trial-13_digit-0.flac,female,23,174
3970,6,six,english,6,9,21,lang-english_speaker-09_trial-21_digit-6.flac,male,32,183
3971,17,sieben,german,7,10,16,lang-german_speaker-10_trial-16_digit-7.flac,female,25,160
3972,12,zwei,german,2,10,16,lang-german_speaker-10_trial-16_digit-2.flac,female,25,160
3973,3,three,english,3,1,22,lang-english_speaker-01_trial-22_digit-3.flac,male,22,195
3974,4,four,english,4,0,23,lang-english_speaker-00_trial-23_digit-4.flac,male,24,180
3975,17,sieben,german,7,11,31,lang-german_speaker-11_trial-31_digit-7.flac,female,31,163
3976,7,seven,english,7,10,22,lang-english_speaker-10_trial-22_digit-7.flac,female,25,160
3977,6,six,english,6,11,19,lang-english_speaker-11_trial-19_digit-6.flac,female,31,163
3978,12,zwei,german,2,0,21,lang-german_speaker-00_trial-21_digit-2.flac,male,24,180
3979,11,eins,german,1,1,23,lang-german_speaker-01_trial-23_digit-1.flac,male,22,195
3980,13,drei,german,3,7,16,lang-german_speaker-07_trial-16_digit-3.flac,male,56,175
3981,12,zwei,german,2,0,21,lang-german_speaker-00_trial-21_digit-2.flac,male,24,180
3982,4,four,english,4,1,22,lang-english_speaker-01_trial-22_digit-4.flac,male,22,195
3983,16,sechs,german,6,0,21,lang-german_speaker-00_trial-21_digit-6.flac,male,24,180
3984,8,eight,english,8,11,19,lang-english_speaker-11_trial-19_digit-8.flac,female,31,163
3985,2,two,english,2,7,17,lang-english_speaker-07_trial-17_digit-2.flac,male,56,175
3986,17,sieben,german,7,7,16,lang-german_speaker-07_trial-16_digit-7.flac,male,56,175
3987,14,vier,german,4,10,16,lang-german_speaker-10_trial-16_digit-4.flac,female,25,160
3988,10,null,german,0,8,19,lang-german_speaker-08_trial-19_digit-0.flac,male,21,182
3989,6,six,english,6,9,21,lang-english_speaker-09_trial-21_digit-6.flac,male,32,183
3990,15,fuenf,german,5,11,31,lang-german_speaker-11_trial-31_digit-5.flac,female,31,163
3991,18,acht,german,8,3,21,lang-german_speaker-03_trial-21_digit-8.flac,female,23,174
3992,5,five,english,5,10,22,lang-english_speaker-10_trial-22_digit-5.flac,female,25,160
3993,12,zwei,german,2,11,31,lang-german_speaker-11_trial-31_digit-2.flac,female,31,163
3994,10,null,german,0,7,17,lang-german_speaker-07_trial-17_digit-0.flac,male,56,175
3995,0,zero,english,0,3,13,lang-english_speaker-03_trial-13_digit-0.flac,female,23,174
3996,17,sieben,german,7,11,31,lang-german_speaker-11_trial-31_digit-7.flac,female,31,163
3997,7,seven,english,7,7,17,lang-english_speaker-07_trial-17_digit-7.flac,male,56,175
3998,12,zwei,german,2,11,31,lang-german_speaker-11_trial-31_digit-2.flac,female,31,163
3999,10,null,german,0,3,22,lang-german_speaker-03_trial-22_digit-0.flac,female,23,174
4000,13,drei,german,3,1,23,lang-german_speaker-01_trial-23_digit-3.flac,male,22,195
4001,4,four,english,4,2,25,lang-english_speaker-02_trial-25_digit-4.flac,female,23,158
4002,2,two,english,2,0,23,lang-english_speaker-00_trial-23_digit-2.flac,male,24,180
4003,18,acht,german,8,3,22,lang-german_speaker-03_trial-22_digit-8.flac,female,23,174
4004,1,one,english,1,3,13,lang-english_speaker-03_trial-13_digit-1.flac,female,23,174
4005,17,sieben,german,7,9,19,lang-german_speaker-09_trial-19_digit-7.flac,male,32,183
4006,18,acht,german,8,11,31,lang-german_speaker-11_trial-31_digit-8.flac,female,31,163
4007,10,null,german,0,8,19,lang-german_speaker-08_trial-19_digit-0.flac,male,21,182
4008,11,eins,german,1,9,19,lang-german_speaker-09_trial-19_digit-1.flac,male,32,183
4009,15,fuenf,german,5,9,19,lang-german_speaker-09_trial-19_digit-5.flac,male,32,183
4010,0,zero,english,0,10,23,lang-english_speaker-10_trial-23_digit-0.flac,female,25,160
4011,19,neun,german,9,2,29,lang-german_speaker-02_trial-29_digit-9.flac,female,23,158
4012,7,seven,english,7,8,18,lang-english_speaker-08_trial-18_digit-7.flac,male,21,182
4013,13,drei,german,3,7,17,lang-german_speaker-07_trial-17_digit-3.flac,male,56,175
4014,2,two,english,2,11,19,lang-english_speaker-11_trial-19_digit-2.flac,female,31,163
4015,3,three,english,3,11,19,lang-english_speaker-11_trial-19_digit-3.flac,female,31,163
4016,13,drei,german,3,11,31,lang-german_speaker-11_trial-31_digit-3.flac,female,31,163
4017,2,two,english,2,1,22,lang-english_speaker-01_trial-22_digit-2.flac,male,22,195
4018,15,fuenf,german,5,10,16,lang-german_speaker-10_trial-16_digit-5.flac,female,25,160
4019,12,zwei,german,2,1,23,lang-german_speaker-01_trial-23_digit-2.flac,male,22,195
4020,8,eight,english,8,9,21,lang-english_speaker-09_trial-21_digit-8.flac,male,32,183
4021,16,sechs,german,6,10,16,lang-german_speaker-10_trial-16_digit-6.flac,female,25,160
4022,13,drei,german,3,11,31,lang-german_speaker-11_trial-31_digit-3.flac,female,31,163
4023,7,seven,english,7,11,19,lang-english_speaker-11_trial-19_digit-7.flac,female,31,163
4024,7,seven,english,7,9,21,lang-english_speaker-09_trial-21_digit-7.flac,male,32,183
4025,3,three,english,3,0,23,lang-english_speaker-00_trial-23_digit-3.flac,male,24,180
4026,1,one,english,1,2,25,lang-english_speaker-02_trial-25_digit-1.flac,female,23,158
4027,10,null,german,0,0,21,lang-german_speaker-00_trial-21_digit-0.flac,male,24,180
4028,0,zero,english,0,1,23,lang-english_speaker-01_trial-23_digit-0.flac,male,22,195
4029,0,zero,english,0,10,23,lang-english_speaker-10_trial-23_digit-0.flac,female,25,160
4030,0,zero,english,0,11,20,lang-english_speaker-11_trial-20_digit-0.flac,female,31,163
4031,2,two,english,2,9,21,lang-english_speaker-09_trial-21_digit-2.flac,male,32,183
4032,19,neun,german,9,2,29,lang-german_speaker-02_trial-29_digit-9.flac,female,23,158
4033,10,null,german,0,3,23,lang-german_speaker-03_trial-23_digit-0.flac,female,23,174
4034,2,two,english,2,11,20,lang-english_speaker-11_trial-20_digit-2.flac,female,31,163
4035,5,five,english,5,0,23,lang-english_speaker-00_trial-23_digit-5.flac,male,24,180
4036,11,eins,german,1,0,21,lang-german_speaker-00_trial-21_digit-1.flac,male,24,180
4037,1,one,english,1,2,25,lang-english_speaker-02_trial-25_digit-1.flac,female,23,158
4038,17,sieben,german,7,11,31,lang-german_speaker-11_trial-31_digit-7.flac,female,31,163
4039,13,drei,german,3,11,31,lang-german_speaker-11_trial-31_digit-3.flac,female,31,163
4040,1,one,english,1,7,17,lang-english_speaker-07_trial-17_digit-1.flac,male,56,175
4041,4,four,english,4,7,17,lang-english_speaker-07_trial-17_digit-4.flac,male,56,175
4042,8,eight,english,8,7,17,lang-english_speaker-07_trial-17_digit-8.flac,male,56,175
4043,11,eins,german,1,6,9,lang-german_speaker-06_trial-9_digit-1.flac,female,35,163
4044,15,fuenf,german,5,3,23,lang-german_speaker-03_trial-23_digit-5.flac,female,23,174
4045,19,neun,german,9,8,19,lang-german_speaker-08_trial-19_digit-9.flac,male,21,182
4046,13,drei,german,3,0,21,lang-german_speaker-00_trial-21_digit-3.flac,male,24,180
4047,19,neun,german,9,11,31,lang-german_speaker-11_trial-31_digit-9.flac,female,31,163
4048,8,eight,english,8,11,20,lang-english_speaker-11_trial-20_digit-8.flac,female,31,163
4049,11,eins,german,1,11,32,lang-german_speaker-11_trial-32_digit-1.flac,female,31,163
4050,10,null,german,0,7,17,lang-german_speaker-07_trial-17_digit-0.flac,male,56,175
4051,6,six,english,6,8,18,lang-english_speaker-08_trial-18_digit-6.flac,male,21,182
4052,3,three,english,3,6,17,lang-english_speaker-06_trial-17_digit-3.flac,female,35,163
4053,4,four,english,4,0,23,lang-english_speaker-00_trial-23_digit-4.flac,male,24,180
4054,13,drei,german,3,8,19,lang-german_speaker-08_trial-19_digit-3.flac,male,21,182
4055,5,five,english,5,2,25,lang-english_speaker-02_trial-25_digit-5.flac,female,23,158
4056,19,neun,german,9,2,29,lang-german_speaker-02_trial-29_digit-9.flac,female,23,158
4057,16,sechs,german,6,1,23,lang-german_speaker-01_trial-23_digit-6.flac,male,22,195
4058,17,sieben,german,7,2,29,lang-german_speaker-02_trial-29_digit-7.flac,female,23,158
4059,3,three,english,3,2,25,lang-english_speaker-02_trial-25_digit-3.flac,female,23,158
4060,5,five,english,5,9,21,lang-english_speaker-09_trial-21_digit-5.flac,male,32,183
4061,9,nine,english,9,11,20,lang-english_speaker-11_trial-20_digit-9.flac,female,31,163
4062,8,eight,english,8,10,23,lang-english_speaker-10_trial-23_digit-8.flac,female,25,160
4063,3,three,english,3,3,13,lang-english_speaker-03_trial-13_digit-3.flac,female,23,174
4064,15,fuenf,german,5,3,23,lang-german_speaker-03_trial-23_digit-5.flac,female,23,174
4065,3,three,english,3,2,25,lang-english_speaker-02_trial-25_digit-3.flac,female,23,158
4066,18,acht,german,8,10,16,lang-german_speaker-10_trial-16_digit-8.flac,female,25,160
4067,0,zero,english,0,10,24,lang-english_speaker-10_trial-24_digit-0.flac,female,25,160
4068,16,sechs,german,6,10,16,lang-german_speaker-10_trial-16_digit-6.flac,female,25,160
4069,18,acht,german,8,11,32,lang-german_speaker-11_trial-32_digit-8.flac,female,31,163
4070,10,null,german,0,0,21,lang-german_speaker-00_trial-21_digit-0.flac,male,24,180
4071,9,nine,english,9,9,21,lang-english_speaker-09_trial-21_digit-9.flac,male,32,183
4072,12,zwei,german,2,0,21,lang-german_speaker-00_trial-21_digit-2.flac,male,24,180
4073,0,zero,english,0,0,24,lang-english_speaker-00_trial-24_digit-0.flac,male,24,180
4074,11,eins,german,1,11,32,lang-german_speaker-11_trial-32_digit-1.flac,female,31,163
4075,2,two,english,2,10,24,lang-english_speaker-10_trial-24_digit-2.flac,female,25,160
4076,13,drei,german,3,9,19,lang-german_speaker-09_trial-19_digit-3.flac,male,32,183
4077,3,three,english,3,0,24,lang-english_speaker-00_trial-24_digit-3.flac,male,24,180
4078,12,zwei,german,2,9,19,lang-german_speaker-09_trial-19_digit-2.flac,male,32,183
4079,19,neun,german,9,9,19,lang-german_speaker-09_trial-19_digit-9.flac,male,32,183
4080,12,zwei,german,2,0,21,lang-german_speaker-00_trial-21_digit-2.flac,male,24,180
4081,15,fuenf,german,5,11,32,lang-german_speaker-11_trial-32_digit-5.flac,female,31,163
4082,5,five,english,5,10,24,lang-english_speaker-10_trial-24_digit-5.flac,female,25,160
4083,7,seven,english,7,10,24,lang-english_speaker-10_trial-24_digit-7.flac,female,25,160
4084,13,drei,german,3,9,19,lang-german_speaker-09_trial-19_digit-3.flac,male,32,183
4085,12,zwei,german,2,0,21,lang-german_speaker-00_trial-21_digit-2.flac,male,24,180
4086,18,acht,german,8,11,32,lang-german_speaker-11_trial-32_digit-8.flac,female,31,163
4087,5,five,english,5,7,17,lang-english_speaker-07_trial-17_digit-5.flac,male,56,175
4088,14,vier,german,4,11,32,lang-german_speaker-11_trial-32_digit-4.flac,female,31,163
4089,13,drei,german,3,11,32,lang-german_speaker-11_trial-32_digit-3.flac,female,31,163
4090,2,two,english,2,3,13,lang-english_speaker-03_trial-13_digit-2.flac,female,23,174
4091,9,nine,english,9,11,20,lang-english_speaker-11_trial-20_digit-9.flac,female,31,163
4092,4,four,english,4,9,21,lang-english_speaker-09_trial-21_digit-4.flac,male,32,183
4093,15,fuenf,german,5,7,17,lang-german_speaker-07_trial-17_digit-5.flac,male,56,175
4094,18,acht,german,8,9,19,lang-german_speaker-09_trial-19_digit-8.flac,male,32,183
4095,6,six,english,6,6,17,lang-english_speaker-06_trial-17_digit-6.flac,female,35,163
4096,0,zero,english,0,8,19,lang-english_speaker-08_trial-19_digit-0.flac,male,21,182
4097,15,fuenf,german,5,7,17,lang-german_speaker-07_trial-17_digit-5.flac,male,56,175
4098,17,sieben,german,7,11,32,lang-german_speaker-11_trial-32_digit-7.flac,female,31,163
4099,2,two,english,2,7,17,lang-english_speaker-07_trial-17_digit-2.flac,male,56,175
4100,13,drei,german,3,7,17,lang-german_speaker-07_trial-17_digit-3.flac,male,56,175
4101,19,neun,german,9,8,19,lang-german_speaker-08_trial-19_digit-9.flac,male,21,182
4102,9,nine,english,9,11,20,lang-english_speaker-11_trial-20_digit-9.flac,female,31,163
4103,17,sieben,german,7,2,29,lang-german_speaker-02_trial-29_digit-7.flac,female,23,158
4104,4,four,english,4,10,24,lang-english_speaker-10_trial-24_digit-4.flac,female,25,160
4105,9,nine,english,9,2,25,lang-english_speaker-02_trial-25_digit-9.flac,female,23,158
4106,0,zero,english,0,6,18,lang-english_speaker-06_trial-18_digit-0.flac,female,35,163
4107,18,acht,german,8,10,16,lang-german_speaker-10_trial-16_digit-8.flac,female,25,160
4108,16,sechs,german,6,8,19,lang-german_speaker-08_trial-19_digit-6.flac,male,21,182
4109,0,zero,english,0,8,19,lang-english_speaker-08_trial-19_digit-0.flac,male,21,182
4110,7,seven,english,7,10,24,lang-english_speaker-10_trial-24_digit-7.flac,female,25,160
4111,16,sechs,german,6,7,17,lang-german_speaker-07_trial-17_digit-6.flac,male,56,175
4112,19,neun,german,9,7,17,lang-german_speaker-07_trial-17_digit-9.flac,male,56,175
4113,1,one,english,1,10,24,lang-english_speaker-10_trial-24_digit-1.flac,female,25,160
4114,19,neun,german,9,11,32,lang-german_speaker-11_trial-32_digit-9.flac,female,31,163
4115,14,vier,german,4,9,19,lang-german_speaker-09_trial-19_digit-4.flac,male,32,183
4116,13,drei,german,3,8,19,lang-german_speaker-08_trial-19_digit-3.flac,male,21,182
4117,11,eins,german,1,3,23,lang-german_speaker-03_trial-23_digit-1.flac,female,23,174
4118,0,zero,english,0,0,24,lang-english_speaker-00_trial-24_digit-0.flac,male,24,180
4119,9,nine,english,9,3,13,lang-english_speaker-03_trial-13_digit-9.flac,female,23,174
4120,15,fuenf,german,5,7,17,lang-german_speaker-07_trial-17_digit-5.flac,male,56,175
4121,18,acht,german,8,3,23,lang-german_speaker-03_trial-23_digit-8.flac,female,23,174
4122,17,sieben,german,7,7,17,lang-german_speaker-07_trial-17_digit-7.flac,male,56,175
4123,17,sieben,german,7,11,32,lang-german_speaker-11_trial-32_digit-7.flac,female,31,163
4124,7,seven,english,7,11,20,lang-english_speaker-11_trial-20_digit-7.flac,female,31,163
4125,13,drei,german,3,7,17,lang-german_speaker-07_trial-17_digit-3.flac,male,56,175
4126,15,fuenf,german,5,1,23,lang-german_speaker-01_trial-23_digit-5.flac,male,22,195
4127,8,eight,english,8,7,17,lang-english_speaker-07_trial-17_digit-8.flac,male,56,175
4128,2,two,english,2,3,13,lang-english_speaker-03_trial-13_digit-2.flac,female,23,174
4129,0,zero,english,0,1,23,lang-english_speaker-01_trial-23_digit-0.flac,male,22,195
4130,13,drei,german,3,2,29,lang-german_speaker-02_trial-29_digit-3.flac,female,23,158
4131,7,seven,english,7,8,19,lang-english_speaker-08_trial-19_digit-7.flac,male,21,182
4132,6,six,english,6,9,21,lang-english_speaker-09_trial-21_digit-6.flac,male,32,183
4133,11,eins,german,1,10,17,lang-german_speaker-10_trial-17_digit-1.flac,female,25,160
4134,17,sieben,german,7,3,23,lang-german_speaker-03_trial-23_digit-7.flac,female,23,174
4135,3,three,english,3,2,25,lang-english_speaker-02_trial-25_digit-3.flac,female,23,158
4136,18,acht,german,8,3,23,lang-german_speaker-03_trial-23_digit-8.flac,female,23,174
4137,10,null,german,0,3,24,lang-german_speaker-03_trial-24_digit-0.flac,female,23,174
4138,8,eight,english,8,2,25,lang-english_speaker-02_trial-25_digit-8.flac,female,23,158
4139,4,four,english,4,0,24,lang-english_speaker-00_trial-24_digit-4.flac,male,24,180
4140,3,three,english,3,1,23,lang-english_speaker-01_trial-23_digit-3.flac,male,22,195
4141,13,drei,german,3,1,23,lang-german_speaker-01_trial-23_digit-3.flac,male,22,195
4142,14,vier,german,4,8,19,lang-german_speaker-08_trial-19_digit-4.flac,male,21,182
4143,6,six,english,6,6,18,lang-english_speaker-06_trial-18_digit-6.flac,female,35,163
4144,10,null,german,0,11,33,lang-german_speaker-11_trial-33_digit-0.flac,female,31,163
4145,0,zero,english,0,9,22,lang-english_speaker-09_trial-22_digit-0.flac,male,32,183
4146,2,two,english,2,7,17,lang-english_speaker-07_trial-17_digit-2.flac,male,56,175
4147,13,drei,german,3,3,24,lang-german_speaker-03_trial-24_digit-3.flac,female,23,174
4148,7,seven,english,7,2,25,lang-english_speaker-02_trial-25_digit-7.flac,female,23,158
4149,10,null,german,0,1,23,lang-german_speaker-01_trial-23_digit-0.flac,male,22,195
4150,0,zero,english,0,8,20,lang-english_speaker-08_trial-20_digit-0.flac,male,21,182
4151,9,nine,english,9,2,25,lang-english_speaker-02_trial-25_digit-9.flac,female,23,158
4152,8,eight,english,8,1,23,lang-english_speaker-01_trial-23_digit-8.flac,male,22,195
4153,2,two,english,2,11,20,lang-english_speaker-11_trial-20_digit-2.flac,female,31,163
4154,10,null,german,0,1,23,lang-german_speaker-01_trial-23_digit-0.flac,male,22,195
4155,16,sechs,german,6,8,19,lang-german_speaker-08_trial-19_digit-6.flac,male,21,182
4156,1,one,english,1,11,21,lang-english_speaker-11_trial-21_digit-1.flac,female,31,163
4157,14,vier,german,4,6,9,lang-german_speaker-06_trial-9_digit-4.flac,female,35,163
4158,6,six,english,6,9,22,lang-english_speaker-09_trial-22_digit-6.flac,male,32,183
4159,4,four,english,4,7,17,lang-english_speaker-07_trial-17_digit-4.flac,male,56,175
4160,17,sieben,german,7,7,17,lang-german_speaker-07_trial-17_digit-7.flac,male,56,175
4161,8,eight,english,8,3,13,lang-english_speaker-03_trial-13_digit-8.flac,female,23,174
4162,8,eight,english,8,7,17,lang-english_speaker-07_trial-17_digit-8.flac,male,56,175
4163,9,nine,english,9,9,22,lang-english_speaker-09_trial-22_digit-9.flac,male,32,183
4164,1,one,english,1,9,23,lang-english_speaker-09_trial-23_digit-1.flac,male,32,183
4165,7,seven,english,7,11,21,lang-english_speaker-11_trial-21_digit-7.flac,female,31,163
4166,13,drei,german,3,9,19,lang-german_speaker-09_trial-19_digit-3.flac,male,32,183
4167,4,four,english,4,10,24,lang-english_speaker-10_trial-24_digit-4.flac,female,25,160
4168,14,vier,german,4,11,33,lang-german_speaker-11_trial-33_digit-4.flac,female,31,163
4169,14,vier,german,4,2,29,lang-german_speaker-02_trial-29_digit-4.flac,female,23,158
4170,15,fuenf,german,5,1,23,lang-german_speaker-01_trial-23_digit-5.flac,male,22,195
4171,3,three,english,3,7,17,lang-english_speaker-07_trial-17_digit-3.flac,male,56,175
4172,13,drei,german,3,10,17,lang-german_speaker-10_trial-17_digit-3.flac,female,25,160
4173,4,four,english,4,10,24,lang-english_speaker-10_trial-24_digit-4.flac,female,25,160
4174,4,four,english,4,10,24,lang-english_speaker-10_trial-24_digit-4.flac,female,25,160
4175,18,acht,german,8,6,9,lang-german_speaker-06_trial-9_digit-8.flac,female,35,163
4176,12,zwei,german,2,1,23,lang-german_speaker-01_trial-23_digit-2.flac,male,22,195
4177,2,two,english,2,1,23,lang-english_speaker-01_trial-23_digit-2.flac,male,22,195
4178,15,fuenf,german,5,8,19,lang-german_speaker-08_trial-19_digit-5.flac,male,21,182
4179,7,seven,english,7,2,25,lang-english_speaker-02_trial-25_digit-7.flac,female,23,158
4180,15,fuenf,german,5,0,21,lang-german_speaker-00_trial-21_digit-5.flac,male,24,180
4181,11,eins,german,1,9,20,lang-german_speaker-09_trial-20_digit-1.flac,male,32,183
4182,9,nine,english,9,11,21,lang-english_speaker-11_trial-21_digit-9.flac,female,31,163
4183,18,acht,german,8,2,29,lang-german_speaker-02_trial-29_digit-8.flac,female,23,158
4184,10,null,german,0,10,17,lang-german_speaker-10_trial-17_digit-0.flac,female,25,160
4185,6,six,english,6,2,25,lang-english_speaker-02_trial-25_digit-6.flac,female,23,158
4186,0,zero,english,0,8,20,lang-english_speaker-08_trial-20_digit-0.flac,male,21,182
4187,6,six,english,6,10,24,lang-english_speaker-10_trial-24_digit-6.flac,female,25,160
4188,4,four,english,4,10,24,lang-english_speaker-10_trial-24_digit-4.flac,female,25,160
4189,17,sieben,german,7,8,19,lang-german_speaker-08_trial-19_digit-7.flac,male,21,182
4190,2,two,english,2,8,20,lang-english_speaker-08_trial-20_digit-2.flac,male,21,182
4191,3,three,english,3,7,17,lang-english_speaker-07_trial-17_digit-3.flac,male,56,175
4192,14,vier,german,4,1,23,lang-german_speaker-01_trial-23_digit-4.flac,male,22,195
4193,17,sieben,german,7,1,23,lang-german_speaker-01_trial-23_digit-7.flac,male,22,195
4194,17,sieben,german,7,6,9,lang-german_speaker-06_trial-9_digit-7.flac,female,35,163
4195,7,seven,english,7,8,20,lang-english_speaker-08_trial-20_digit-7.flac,male,21,182
4196,1,one,english,1,1,23,lang-english_speaker-01_trial-23_digit-1.flac,male,22,195
4197,12,zwei,german,2,0,21,lang-german_speaker-00_trial-21_digit-2.flac,male,24,180
4198,5,five,english,5,10,24,lang-english_speaker-10_trial-24_digit-5.flac,female,25,160
4199,7,seven,english,7,8,20,lang-english_speaker-08_trial-20_digit-7.flac,male,21,182
4200,9,nine,english,9,10,24,lang-english_speaker-10_trial-24_digit-9.flac,female,25,160
4201,6,six,english,6,10,24,lang-english_speaker-10_trial-24_digit-6.flac,female,25,160
4202,13,drei,german,3,10,17,lang-german_speaker-10_trial-17_digit-3.flac,female,25,160
4203,6,six,english,6,6,18,lang-english_speaker-06_trial-18_digit-6.flac,female,35,163
4204,18,acht,german,8,2,29,lang-german_speaker-02_trial-29_digit-8.flac,female,23,158
4205,1,one,english,1,11,22,lang-english_speaker-11_trial-22_digit-1.flac,female,31,163
4206,3,three,english,3,9,23,lang-english_speaker-09_trial-23_digit-3.flac,male,32,183
4207,11,eins,german,1,2,30,lang-german_speaker-02_trial-30_digit-1.flac,female,23,158
4208,12,zwei,german,2,11,33,lang-german_speaker-11_trial-33_digit-2.flac,female,31,163
4209,12,zwei,german,2,9,20,lang-german_speaker-09_trial-20_digit-2.flac,male,32,183
4210,10,null,german,0,3,24,lang-german_speaker-03_trial-24_digit-0.flac,female,23,174
4211,16,sechs,german,6,0,21,lang-german_speaker-00_trial-21_digit-6.flac,male,24,180
4212,19,neun,german,9,11,33,lang-german_speaker-11_trial-33_digit-9.flac,female,31,163
4213,16,sechs,german,6,8,19,lang-german_speaker-08_trial-19_digit-6.flac,male,21,182
4214,10,null,german,0,0,21,lang-german_speaker-00_trial-21_digit-0.flac,male,24,180
4215,10,null,german,0,6,10,lang-german_speaker-06_trial-10_digit-0.flac,female,35,163
4216,9,nine,english,9,11,22,lang-english_speaker-11_trial-22_digit-9.flac,female,31,163
4217,3,three,english,3,1,23,lang-english_speaker-01_trial-23_digit-3.flac,male,22,195
4218,15,fuenf,german,5,9,20,lang-german_speaker-09_trial-20_digit-5.flac,male,32,183
4219,14,vier,german,4,8,19,lang-german_speaker-08_trial-19_digit-4.flac,male,21,182
4220,18,acht,german,8,7,17,lang-german_speaker-07_trial-17_digit-8.flac,male,56,175
4221,15,fuenf,german,5,1,23,lang-german_speaker-01_trial-23_digit-5.flac,male,22,195
4222,5,five,english,5,11,22,lang-english_speaker-11_trial-22_digit-5.flac,female,31,163
4223,2,two,english,2,2,25,lang-english_speaker-02_trial-25_digit-2.flac,female,23,158
4224,16,sechs,german,6,3,24,lang-german_speaker-03_trial-24_digit-6.flac,female,23,174
4225,8,eight,english,8,1,23,lang-english_speaker-01_trial-23_digit-8.flac,male,22,195
4226,9,nine,english,9,2,25,lang-english_speaker-02_trial-25_digit-9.flac,female,23,158
4227,9,nine,english,9,3,13,lang-english_speaker-03_trial-13_digit-9.flac,female,23,174
4228,19,neun,german,9,8,19,lang-german_speaker-08_trial-19_digit-9.flac,male,21,182
4229,3,three,english,3,7,17,lang-english_speaker-07_trial-17_digit-3.flac,male,56,175
4230,8,eight,english,8,0,24,lang-english_speaker-00_trial-24_digit-8.flac,male,24,180
4231,19,neun,german,9,1,23,lang-german_speaker-01_trial-23_digit-9.flac,male,22,195
4232,0,zero,english,0,0,25,lang-english_speaker-00_trial-25_digit-0.flac,male,24,180
4233,8,eight,english,8,1,23,lang-english_speaker-01_trial-23_digit-8.flac,male,22,195
4234,3,three,english,3,9,23,lang-english_speaker-09_trial-23_digit-3.flac,male,32,183
4235,1,one,english,1,2,26,lang-english_speaker-02_trial-26_digit-1.flac,female,23,158
4236,1,one,english,1,9,23,lang-english_speaker-09_trial-23_digit-1.flac,male,32,183
4237,1,one,english,1,11,23,lang-english_speaker-11_trial-23_digit-1.flac,female,31,163
4238,10,null,german,0,7,18,lang-german_speaker-07_trial-18_digit-0.flac,male,56,175
4239,14,vier,german,4,10,17,lang-german_speaker-10_trial-17_digit-4.flac,female,25,160
4240,4,four,english,4,2,26,lang-english_speaker-02_trial-26_digit-4.flac,female,23,158
4241,18,acht,german,8,2,30,lang-german_speaker-02_trial-30_digit-8.flac,female,23,158
4242,7,seven,english,7,0,25,lang-english_speaker-00_trial-25_digit-7.flac,male,24,180
4243,5,five,english,5,9,23,lang-english_speaker-09_trial-23_digit-5.flac,male,32,183
4244,16,sechs,german,6,8,19,lang-german_speaker-08_trial-19_digit-6.flac,male,21,182
4245,7,seven,english,7,7,17,lang-english_speaker-07_trial-17_digit-7.flac,male,56,175
4246,16,sechs,german,6,7,18,lang-german_speaker-07_trial-18_digit-6.flac,male,56,175
4247,0,zero,english,0,0,26,lang-english_speaker-00_trial-26_digit-0.flac,male,24,180
4248,9,nine,english,9,6,18,lang-english_speaker-06_trial-18_digit-9.flac,female,35,163
4249,11,eins,german,1,6,10,lang-german_speaker-06_trial-10_digit-1.flac,female,35,163
4250,5,five,english,5,8,20,lang-english_speaker-08_trial-20_digit-5.flac,male,21,182
4251,11,eins,german,1,10,17,lang-german_speaker-10_trial-17_digit-1.flac,female,25,160
4252,3,three,english,3,2,26,lang-english_speaker-02_trial-26_digit-3.flac,female,23,158
4253,17,sieben,german,7,0,21,lang-german_speaker-00_trial-21_digit-7.flac,male,24,180
4254,16,sechs,german,6,10,17,lang-german_speaker-10_trial-17_digit-6.flac,female,25,160
4255,14,vier,german,4,8,19,lang-german_speaker-08_trial-19_digit-4.flac,male,21,182
4256,1,one,english,1,11,23,lang-english_speaker-11_trial-23_digit-1.flac,female,31,163
4257,7,seven,english,7,1,23,lang-english_speaker-01_trial-23_digit-7.flac,male,22,195
4258,18,acht,german,8,0,21,lang-german_speaker-00_trial-21_digit-8.flac,male,24,180
4259,3,three,english,3,10,24,lang-english_speaker-10_trial-24_digit-3.flac,female,25,160
4260,19,neun,german,9,1,23,lang-german_speaker-01_trial-23_digit-9.flac,male,22,195
4261,7,seven,english,7,9,23,lang-english_speaker-09_trial-23_digit-7.flac,male,32,183
4262,1,one,english,1,3,14,lang-english_speaker-03_trial-14_digit-1.flac,female,23,174
4263,9,nine,english,9,9,23,lang-english_speaker-09_trial-23_digit-9.flac,male,32,183
4264,18,acht,german,8,2,30,lang-german_speaker-02_trial-30_digit-8.flac,female,23,158
4265,14,vier,german,4,2,30,lang-german_speaker-02_trial-30_digit-4.flac,female,23,158
4266,13,drei,german,3,1,23,lang-german_speaker-01_trial-23_digit-3.flac,male,22,195
4267,10,null,german,0,3,24,lang-german_speaker-03_trial-24_digit-0.flac,female,23,174
4268,5,five,english,5,10,24,lang-english_speaker-10_trial-24_digit-5.flac,female,25,160
4269,12,zwei,german,2,11,33,lang-german_speaker-11_trial-33_digit-2.flac,female,31,163
4270,7,seven,english,7,0,26,lang-english_speaker-00_trial-26_digit-7.flac,male,24,180
4271,19,neun,german,9,9,20,lang-german_speaker-09_trial-20_digit-9.flac,male,32,183
4272,15,fuenf,german,5,1,23,lang-german_speaker-01_trial-23_digit-5.flac,male,22,195
4273,0,zero,english,0,11,23,lang-english_speaker-11_trial-23_digit-0.flac,female,31,163
4274,18,acht,german,8,8,19,lang-german_speaker-08_trial-19_digit-8.flac,male,21,182
4275,0,zero,english,0,0,27,lang-english_speaker-00_trial-27_digit-0.flac,male,24,180
4276,6,six,english,6,2,26,lang-english_speaker-02_trial-26_digit-6.flac,female,23,158
4277,10,null,german,0,11,34,lang-german_speaker-11_trial-34_digit-0.flac,female,31,163
4278,15,fuenf,german,5,8,19,lang-german_speaker-08_trial-19_digit-5.flac,male,21,182
4279,6,six,english,6,7,17,lang-english_speaker-07_trial-17_digit-6.flac,male,56,175
4280,19,neun,german,9,7,18,lang-german_speaker-07_trial-18_digit-9.flac,male,56,175
4281,3,three,english,3,8,20,lang-english_speaker-08_trial-20_digit-3.flac,male,21,182
4282,16,sechs,german,6,3,24,lang-german_speaker-03_trial-24_digit-6.flac,female,23,174
4283,5,five,english,5,0,27,lang-english_speaker-00_trial-27_digit-5.flac,male,24,180
4284,19,neun,german,9,2,30,lang-german_speaker-02_trial-30_digit-9.flac,female,23,158
4285,6,six,english,6,7,17,lang-english_speaker-07_trial-17_digit-6.flac,male,56,175
4286,3,three,english,3,2,26,lang-english_speaker-02_trial-26_digit-3.flac,female,23,158
4287,4,four,english,4,1,23,lang-english_speaker-01_trial-23_digit-4.flac,male,22,195
4288,4,four,english,4,9,23,lang-english_speaker-09_trial-23_digit-4.flac,male,32,183
4289,12,zwei,german,2,7,18,lang-german_speaker-07_trial-18_digit-2.flac,male,56,175
4290,18,acht,german,8,11,34,lang-german_speaker-11_trial-34_digit-8.flac,female,31,163
4291,18,acht,german,8,8,19,lang-german_speaker-08_trial-19_digit-8.flac,male,21,182
4292,15,fuenf,german,5,9,20,lang-german_speaker-09_trial-20_digit-5.flac,male,32,183
4293,6,six,english,6,1,23,lang-english_speaker-01_trial-23_digit-6.flac,male,22,195
4294,13,drei,german,3,2,30,lang-german_speaker-02_trial-30_digit-3.flac,female,23,158
4295,18,acht,german,8,8,19,lang-german_speaker-08_trial-19_digit-8.flac,male,21,182
4296,2,two,english,2,3,14,lang-english_speaker-03_trial-14_digit-2.flac,female,23,174
4297,8,eight,english,8,10,24,lang-english_speaker-10_trial-24_digit-8.flac,female,25,160
4298,16,sechs,german,6,11,34,lang-german_speaker-11_trial-34_digit-6.flac,female,31,163
4299,15,fuenf,german,5,1,23,lang-german_speaker-01_trial-23_digit-5.flac,male,22,195
4300,16,sechs,german,6,6,10,lang-german_speaker-06_trial-10_digit-6.flac,female,35,163
4301,14,vier,german,4,11,34,lang-german_speaker-11_trial-34_digit-4.flac,female,31,163
4302,3,three,english,3,3,14,lang-english_speaker-03_trial-14_digit-3.flac,female,23,174
4303,3,three,english,3,10,24,lang-english_speaker-10_trial-24_digit-3.flac,female,25,160
4304,2,two,english,2,7,17,lang-english_speaker-07_trial-17_digit-2.flac,male,56,175
4305,17,sieben,german,7,11,34,lang-german_speaker-11_trial-34_digit-7.flac,female,31,163
4306,13,drei,german,3,2,30,lang-german_speaker-02_trial-30_digit-3.flac,female,23,158
4307,2,two,english,2,8,20,lang-english_speaker-08_trial-20_digit-2.flac,male,21,182
4308,19,neun,german,9,2,30,lang-german_speaker-02_trial-30_digit-9.flac,female,23,158
4309,2,two,english,2,0,27,lang-english_speaker-00_trial-27_digit-2.flac,male,24,180
4310,18,acht,german,8,0,21,lang-german_speaker-00_trial-21_digit-8.flac,male,24,180
4311,13,drei,german,3,10,17,lang-german_speaker-10_trial-17_digit-3.flac,female,25,160
4312,7,seven,english,7,6,18,lang-english_speaker-06_trial-18_digit-7.flac,female,35,163
4313,9,nine,english,9,2,26,lang-english_speaker-02_trial-26_digit-9.flac,female,23,158
4314,3,three,english,3,11,23,lang-english_speaker-11_trial-23_digit-3.flac,female,31,163
4315,19,neun,german,9,3,24,lang-german_speaker-03_trial-24_digit-9.flac,female,23,174
4316,9,nine,english,9,3,14,lang-english_speaker-03_trial-14_digit-9.flac,female,23,174
4317,11,eins,german,1,1,24,lang-german_speaker-01_trial-24_digit-1.flac,male,22,195
4318,0,zero,english,0,6,19,lang-english_speaker-06_trial-19_digit-0.flac,female,35,163
4319,19,neun,german,9,1,24,lang-german_speaker-01_trial-24_digit-9.flac,male,22,195
4320,13,drei,german,3,2,30,lang-german_speaker-02_trial-30_digit-3.flac,female,23,158
4321,16,sechs,german,6,10,17,lang-german_speaker-10_trial-17_digit-6.flac,female,25,160
4322,9,nine,english,9,9,23,lang-english_speaker-09_trial-23_digit-9.flac,male,32,183
4323,19,neun,german,9,0,21,lang-german_speaker-00_trial-21_digit-9.flac,male,24,180
4324,2,two,english,2,11,23,lang-english_speaker-11_trial-23_digit-2.flac,female,31,163
4325,5,five,english,5,1,23,lang-english_speaker-01_trial-23_digit-5.flac,male,22,195
4326,1,one,english,1,8,20,lang-english_speaker-08_trial-20_digit-1.flac,male,21,182
4327,5,five,english,5,11,23,lang-english_speaker-11_trial-23_digit-5.flac,female,31,163
4328,7,seven,english,7,8,20,lang-english_speaker-08_trial-20_digit-7.flac,male,21,182
4329,6,six,english,6,8,20,lang-english_speaker-08_trial-20_digit-6.flac,male,21,182
4330,17,sieben,german,7,7,18,lang-german_speaker-07_trial-18_digit-7.flac,male,56,175
4331,18,acht,german,8,8,19,lang-german_speaker-08_trial-19_digit-8.flac,male,21,182
4332,10,null,german,0,0,22,lang-german_speaker-00_trial-22_digit-0.flac,male,24,180
4333,17,sieben,german,7,9,20,lang-german_speaker-09_trial-20_digit-7.flac,male,32,183
4334,1,one,english,1,0,27,lang-english_speaker-00_trial-27_digit-1.flac,male,24,180
4335,0,zero,english,0,7,18,lang-english_speaker-07_trial-18_digit-0.flac,male,56,175
4336,10,null,german,0,7,19,lang-german_speaker-07_trial-19_digit-0.flac,male,56,175
4337,11,eins,german,1,8,20,lang-german_speaker-08_trial-20_digit-1.flac,male,21,182
4338,9,nine,english,9,0,27,lang-english_speaker-00_trial-27_digit-9.flac,male,24,180
4339,2,two,english,2,0,27,lang-english_speaker-00_trial-27_digit-2.flac,male,24,180
4340,17,sieben,german,7,8,20,lang-german_speaker-08_trial-20_digit-7.flac,male,21,182
4341,5,five,english,5,11,23,lang-english_speaker-11_trial-23_digit-5.flac,female,31,163
4342,6,six,english,6,8,20,lang-english_speaker-08_trial-20_digit-6.flac,male,21,182
4343,8,eight,english,8,11,23,lang-english_speaker-11_trial-23_digit-8.flac,female,31,163
4344,11,eins,german,1,8,20,lang-german_speaker-08_trial-20_digit-1.flac,male,21,182
4345,5,five,english,5,1,23,lang-english_speaker-01_trial-23_digit-5.flac,male,22,195
4346,7,seven,english,7,9,23,lang-english_speaker-09_trial-23_digit-7.flac,male,32,183
4347,7,seven,english,7,2,26,lang-english_speaker-02_trial-26_digit-7.flac,female,23,158
4348,19,neun,german,9,3,24,lang-german_speaker-03_trial-24_digit-9.flac,female,23,174
4349,6,six,english,6,8,20,lang-english_speaker-08_trial-20_digit-6.flac,male,21,182
4350,5,five,english,5,9,23,lang-english_speaker-09_trial-23_digit-5.flac,male,32,183
4351,1,one,english,1,1,23,lang-english_speaker-01_trial-23_digit-1.flac,male,22,195
4352,8,eight,english,8,7,18,lang-english_speaker-07_trial-18_digit-8.flac,male,56,175
4353,6,six,english,6,9,23,lang-english_speaker-09_trial-23_digit-6.flac,male,32,183
4354,7,seven,english,7,8,20,lang-english_speaker-08_trial-20_digit-7.flac,male,21,182
4355,0,zero,english,0,10,25,lang-english_speaker-10_trial-25_digit-0.flac,female,25,160
4356,15,fuenf,german,5,0,22,lang-german_speaker-00_trial-22_digit-5.flac,male,24,180
4357,2,two,english,2,7,18,lang-english_speaker-07_trial-18_digit-2.flac,male,56,175
4358,7,seven,english,7,2,26,lang-english_speaker-02_trial-26_digit-7.flac,female,23,158
4359,5,five,english,5,0,27,lang-english_speaker-00_trial-27_digit-5.flac,male,24,180
4360,10,null,german,0,7,19,lang-german_speaker-07_trial-19_digit-0.flac,male,56,175
4361,7,seven,english,7,1,23,lang-english_speaker-01_trial-23_digit-7.flac,male,22,195
4362,2,two,english,2,9,23,lang-english_speaker-09_trial-23_digit-2.flac,male,32,183
4363,7,seven,english,7,10,25,lang-english_speaker-10_trial-25_digit-7.flac,female,25,160
4364,6,six,english,6,10,25,lang-english_speaker-10_trial-25_digit-6.flac,female,25,160
4365,0,zero,english,0,9,24,lang-english_speaker-09_trial-24_digit-0.flac,male,32,183
4366,15,fuenf,german,5,9,20,lang-german_speaker-09_trial-20_digit-5.flac,male,32,183
4367,5,five,english,5,0,27,lang-english_speaker-00_trial-27_digit-5.flac,male,24,180
4368,5,five,english,5,0,27,lang-english_speaker-00_trial-27_digit-5.flac,male,24,180
4369,9,nine,english,9,0,27,lang-english_speaker-00_trial-27_digit-9.flac,male,24,180
4370,17,sieben,german,7,8,20,lang-german_speaker-08_trial-20_digit-7.flac,male,21,182
4371,14,vier,german,4,10,17,lang-german_speaker-10_trial-17_digit-4.flac,female,25,160
4372,1,one,english,1,7,18,lang-english_speaker-07_trial-18_digit-1.flac,male,56,175
4373,11,eins,german,1,9,21,lang-german_speaker-09_trial-21_digit-1.flac,male,32,183
4374,7,seven,english,7,8,20,lang-english_speaker-08_trial-20_digit-7.flac,male,21,182
4375,18,acht,german,8,10,17,lang-german_speaker-10_trial-17_digit-8.flac,female,25,160
4376,6,six,english,6,6,19,lang-english_speaker-06_trial-19_digit-6.flac,female,35,163
4377,7,seven,english,7,9,24,lang-english_speaker-09_trial-24_digit-7.flac,male,32,183
4378,10,null,german,0,1,25,lang-german_speaker-01_trial-25_digit-0.flac,male,22,195
4379,7,seven,english,7,1,23,lang-english_speaker-01_trial-23_digit-7.flac,male,22,195
4380,18,acht,german,8,3,24,lang-german_speaker-03_trial-24_digit-8.flac,female,23,174
4381,12,zwei,german,2,2,30,lang-german_speaker-02_trial-30_digit-2.flac,female,23,158
4382,8,eight,english,8,7,18,lang-english_speaker-07_trial-18_digit-8.flac,male,56,175
4383,12,zwei,german,2,2,30,lang-german_speaker-02_trial-30_digit-2.flac,female,23,158
4384,0,zero,english,0,2,27,lang-english_speaker-02_trial-27_digit-0.flac,female,23,158
4385,9,nine,english,9,1,23,lang-english_speaker-01_trial-23_digit-9.flac,male,22,195
4386,3,three,english,3,8,20,lang-english_speaker-08_trial-20_digit-3.flac,male,21,182
4387,7,seven,english,7,6,19,lang-english_speaker-06_trial-19_digit-7.flac,female,35,163
4388,12,zwei,german,2,7,19,lang-german_speaker-07_trial-19_digit-2.flac,male,56,175
4389,11,eins,german,1,0,22,lang-german_speaker-00_trial-22_digit-1.flac,male,24,180
4390,12,zwei,german,2,9,21,lang-german_speaker-09_trial-21_digit-2.flac,male,32,183
4391,8,eight,english,8,1,23,lang-english_speaker-01_trial-23_digit-8.flac,male,22,195
4392,15,fuenf,german,5,6,10,lang-german_speaker-06_trial-10_digit-5.flac,female,35,163
4393,11,eins,german,1,0,22,lang-german_speaker-00_trial-22_digit-1.flac,male,24,180
4394,16,sechs,german,6,9,21,lang-german_speaker-09_trial-21_digit-6.flac,male,32,183
4395,11,eins,german,1,11,34,lang-german_speaker-11_trial-34_digit-1.flac,female,31,163
4396,17,sieben,german,7,11,34,lang-german_speaker-11_trial-34_digit-7.flac,female,31,163
4397,17,sieben,german,7,3,24,lang-german_speaker-03_trial-24_digit-7.flac,female,23,174
4398,9,nine,english,9,6,19,lang-english_speaker-06_trial-19_digit-9.flac,female,35,163
4399,18,acht,german,8,1,25,lang-german_speaker-01_trial-25_digit-8.flac,male,22,195
4400,14,vier,german,4,2,30,lang-german_speaker-02_trial-30_digit-4.flac,female,23,158
4401,9,nine,english,9,9,24,lang-english_speaker-09_trial-24_digit-9.flac,male,32,183
4402,19,neun,german,9,8,20,lang-german_speaker-08_trial-20_digit-9.flac,male,21,182
4403,5,five,english,5,9,24,lang-english_speaker-09_trial-24_digit-5.flac,male,32,183
4404,13,drei,german,3,3,24,lang-german_speaker-03_trial-24_digit-3.flac,female,23,174
4405,1,one,english,1,9,25,lang-english_speaker-09_trial-25_digit-1.flac,male,32,183
4406,5,five,english,5,3,14,lang-english_speaker-03_trial-14_digit-5.flac,female,23,174
4407,17,sieben,german,7,6,10,lang-german_speaker-06_trial-10_digit-7.flac,female,35,163
4408,7,seven,english,7,8,20,lang-english_speaker-08_trial-20_digit-7.flac,male,21,182
4409,11,eins,german,1,7,19,lang-german_speaker-07_trial-19_digit-1.flac,male,56,175
4410,2,two,english,2,2,27,lang-english_speaker-02_trial-27_digit-2.flac,female,23,158
4411,11,eins,german,1,1,25,lang-german_speaker-01_trial-25_digit-1.flac,male,22,195
4412,19,neun,german,9,10,17,lang-german_speaker-10_trial-17_digit-9.flac,female,25,160
4413,18,acht,german,8,2,30,lang-german_speaker-02_trial-30_digit-8.flac,female,23,158
4414,1,one,english,1,2,27,lang-english_speaker-02_trial-27_digit-1.flac,female,23,158
4415,12,zwei,german,2,1,25,lang-german_speaker-01_trial-25_digit-2.flac,male,22,195
4416,12,zwei,german,2,11,34,lang-german_speaker-11_trial-34_digit-2.flac,female,31,163
4417,13,drei,german,3,0,22,lang-german_speaker-00_trial-22_digit-3.flac,male,24,180
4418,8,eight,english,8,0,27,lang-english_speaker-00_trial-27_digit-8.flac,male,24,180
4419,16,sechs,german,6,8,20,lang-german_speaker-08_trial-20_digit-6.flac,male,21,182
4420,14,vier,german,4,2,30,lang-german_speaker-02_trial-30_digit-4.flac,female,23,158
4421,6,six,english,6,1,23,lang-english_speaker-01_trial-23_digit-6.flac,male,22,195
4422,3,three,english,3,8,20,lang-english_speaker-08_trial-20_digit-3.flac,male,21,182
4423,9,nine,english,9,10,25,lang-english_speaker-10_trial-25_digit-9.flac,female,25,160
4424,17,sieben,german,7,11,34,lang-german_speaker-11_trial-34_digit-7.flac,female,31,163
4425,0,zero,english,0,10,26,lang-english_speaker-10_trial-26_digit-0.flac,female,25,160
4426,16,sechs,german,6,2,30,lang-german_speaker-02_trial-30_digit-6.flac,female,23,158
4427,10,null,german,0,0,22,lang-german_speaker-00_trial-22_digit-0.flac,male,24,180
4428,1,one,english,1,1,24,lang-english_speaker-01_trial-24_digit-1.flac,male,22,195
4429,18,acht,german,8,8,20,lang-german_speaker-08_trial-20_digit-8.flac,male,21,182
4430,17,sieben,german,7,0,22,lang-german_speaker-00_trial-22_digit-7.flac,male,24,180
4431,6,six,english,6,8,20,lang-english_speaker-08_trial-20_digit-6.flac,male,21,182
4432,7,seven,english,7,1,24,lang-english_speaker-01_trial-24_digit-7.flac,male,22,195
4433,13,drei,german,3,11,34,lang-german_speaker-11_trial-34_digit-3.flac,female,31,163
4434,5,five,english,5,7,18,lang-english_speaker-07_trial-18_digit-5.flac,male,56,175
4435,1,one,english,1,9,25,lang-english_speaker-09_trial-25_digit-1.flac,male,32,183
4436,4,four,english,4,10,26,lang-english_speaker-10_trial-26_digit-4.flac,female,25,160
4437,7,seven,english,7,2,27,lang-english_speaker-02_trial-27_digit-7.flac,female,23,158
4438,5,five,english,5,10,26,lang-english_speaker-10_trial-26_digit-5.flac,female,25,160
4439,17,sieben,german,7,9,21,lang-german_speaker-09_trial-21_digit-7.flac,male,32,183
4440,9,nine,english,9,8,20,lang-english_speaker-08_trial-20_digit-9.flac,male,21,182
4441,7,seven,english,7,9,25,lang-english_speaker-09_trial-25_digit-7.flac,male,32,183
4442,4,four,english,4,9,25,lang-english_speaker-09_trial-25_digit-4.flac,male,32,183
4443,1,one,english,1,9,25,lang-english_speaker-09_trial-25_digit-1.flac,male,32,183
4444,16,sechs,german,6,1,25,lang-german_speaker-01_trial-25_digit-6.flac,male,22,195
4445,18,acht,german,8,9,21,lang-german_speaker-09_trial-21_digit-8.flac,male,32,183
4446,13,drei,german,3,11,34,lang-german_speaker-11_trial-34_digit-3.flac,female,31,163
4447,19,neun,german,9,10,17,lang-german_speaker-10_trial-17_digit-9.flac,female,25,160
4448,10,null,german,0,10,18,lang-german_speaker-10_trial-18_digit-0.flac,female,25,160
4449,4,four,english,4,6,19,lang-english_speaker-06_trial-19_digit-4.flac,female,35,163
4450,4,four,english,4,11,23,lang-english_speaker-11_trial-23_digit-4.flac,female,31,163
4451,3,three,english,3,7,18,lang-english_speaker-07_trial-18_digit-3.flac,male,56,175
4452,14,vier,german,4,7,19,lang-german_speaker-07_trial-19_digit-4.flac,male,56,175
4453,8,eight,english,8,1,24,lang-english_speaker-01_trial-24_digit-8.flac,male,22,195
4454,17,sieben,german,7,10,18,lang-german_speaker-10_trial-18_digit-7.flac,female,25,160
4455,19,neun,german,9,1,25,lang-german_speaker-01_trial-25_digit-9.flac,male,22,195
4456,0,zero,english,0,7,19,lang-english_speaker-07_trial-19_digit-0.flac,male,56,175
4457,7,seven,english,7,8,20,lang-english_speaker-08_trial-20_digit-7.flac,male,21,182
4458,8,eight,english,8,1,24,lang-english_speaker-01_trial-24_digit-8.flac,male,22,195
4459,17,sieben,german,7,8,20,lang-german_speaker-08_trial-20_digit-7.flac,male,21,182
4460,4,four,english,4,2,27,lang-english_speaker-02_trial-27_digit-4.flac,female,23,158
4461,16,sechs,german,6,2,30,lang-german_speaker-02_trial-30_digit-6.flac,female,23,158
4462,12,zwei,german,2,9,21,lang-german_speaker-09_trial-21_digit-2.flac,male,32,183
4463,16,sechs,german,6,3,24,lang-german_speaker-03_trial-24_digit-6.flac,female,23,174
4464,12,zwei,german,2,9,21,lang-german_speaker-09_trial-21_digit-2.flac,male,32,183
4465,8,eight,english,8,6,19,lang-english_speaker-06_trial-19_digit-8.flac,female,35,163
4466,1,one,english,1,0,28,lang-english_speaker-00_trial-28_digit-1.flac,male,24,180
4467,14,vier,german,4,1,25,lang-german_speaker-01_trial-25_digit-4.flac,male,22,195
4468,4,four,english,4,11,23,lang-english_speaker-11_trial-23_digit-4.flac,female,31,163
4469,0,zero,english,0,11,24,lang-english_speaker-11_trial-24_digit-0.flac,female,31,163
4470,16,sechs,german,6,2,30,lang-german_speaker-02_trial-30_digit-6.flac,female,23,158
4471,10,null,german,0,2,31,lang-german_speaker-02_trial-31_digit-0.flac,female,23,158
4472,14,vier,german,4,3,24,lang-german_speaker-03_trial-24_digit-4.flac,female,23,174
4473,6,six,english,6,11,24,lang-english_speaker-11_trial-24_digit-6.flac,female,31,163
4474,11,eins,german,1,8,21,lang-german_speaker-08_trial-21_digit-1.flac,male,21,182
4475,12,zwei,german,2,11,34,lang-german_speaker-11_trial-34_digit-2.flac,female,31,163
4476,13,drei,german,3,3,24,lang-german_speaker-03_trial-24_digit-3.flac,female,23,174
4477,3,three,english,3,6,19,lang-english_speaker-06_trial-19_digit-3.flac,female,35,163
4478,15,fuenf,german,5,9,21,lang-german_speaker-09_trial-21_digit-5.flac,male,32,183
4479,9,nine,english,9,7,19,lang-english_speaker-07_trial-19_digit-9.flac,male,56,175
4480,7,seven,english,7,9,25,lang-english_speaker-09_trial-25_digit-7.flac,male,32,183
4481,13,drei,german,3,0,22,lang-german_speaker-00_trial-22_digit-3.flac,male,24,180
4482,5,five,english,5,6,19,lang-english_speaker-06_trial-19_digit-5.flac,female,35,163
4483,6,six,english,6,8,20,lang-english_speaker-08_trial-20_digit-6.flac,male,21,182
4484,7,seven,english,7,1,24,lang-english_speaker-01_trial-24_digit-7.flac,male,22,195
4485,12,zwei,german,2,0,22,lang-german_speaker-00_trial-22_digit-2.flac,male,24,180
4486,8,eight,english,8,10,26,lang-english_speaker-10_trial-26_digit-8.flac,female,25,160
4487,14,vier,german,4,1,25,lang-german_speaker-01_trial-25_digit-4.flac,male,22,195
4488,14,vier,german,4,2,31,lang-german_speaker-02_trial-31_digit-4.flac,female,23,158
4489,4,four,english,4,7,19,lang-english_speaker-07_trial-19_digit-4.flac,male,56,175
4490,13,drei,german,3,2,31,lang-german_speaker-02_trial-31_digit-3.flac,female,23,158
4491,4,four,english,4,11,24,lang-english_speaker-11_trial-24_digit-4.flac,female,31,163
4492,11,eins,german,1,11,34,lang-german_speaker-11_trial-34_digit-1.flac,female,31,163
4493,10,null,german,0,6,11,lang-german_speaker-06_trial-11_digit-0.flac,female,35,163
4494,16,sechs,german,6,2,31,lang-german_speaker-02_trial-31_digit-6.flac,female,23,158
4495,1,one,english,1,2,27,lang-english_speaker-02_trial-27_digit-1.flac,female,23,158
4496,6,six,english,6,7,19,lang-english_speaker-07_trial-19_digit-6.flac,male,56,175
4497,11,eins,german,1,11,34,lang-german_speaker-11_trial-34_digit-1.flac,female,31,163
4498,15,fuenf,german,5,9,21,lang-german_speaker-09_trial-21_digit-5.flac,male,32,183
4499,8,eight,english,8,2,27,lang-english_speaker-02_trial-27_digit-8.flac,female,23,158
4500,15,fuenf,german,5,0,22,lang-german_speaker-00_trial-22_digit-5.flac,male,24,180
4501,8,eight,english,8,1,24,lang-english_speaker-01_trial-24_digit-8.flac,male,22,195
4502,1,one,english,1,8,21,lang-english_speaker-08_trial-21_digit-1.flac,male,21,182
4503,11,eins,german,1,2,31,lang-german_speaker-02_trial-31_digit-1.flac,female,23,158
4504,2,two,english,2,9,25,lang-english_speaker-09_trial-25_digit-2.flac,male,32,183
4505,3,three,english,3,3,14,lang-english_speaker-03_trial-14_digit-3.flac,female,23,174
4506,1,one,english,1,0,28,lang-english_speaker-00_trial-28_digit-1.flac,male,24,180
4507,4,four,english,4,3,14,lang-english_speaker-03_trial-14_digit-4.flac,female,23,174
4508,1,one,english,1,1,24,lang-english_speaker-01_trial-24_digit-1.flac,male,22,195
4509,19,neun,german,9,0,22,lang-german_speaker-00_trial-22_digit-9.flac,male,24,180
4510,6,six,english,6,7,19,lang-english_speaker-07_trial-19_digit-6.flac,male,56,175
4511,19,neun,german,9,11,34,lang-german_speaker-11_trial-34_digit-9.flac,female,31,163
4512,0,zero,english,0,6,20,lang-english_speaker-06_trial-20_digit-0.flac,female,35,163
4513,1,one,english,1,1,24,lang-english_speaker-01_trial-24_digit-1.flac,male,22,195
4514,14,vier,german,4,8,21,lang-german_speaker-08_trial-21_digit-4.flac,male,21,182
4515,9,nine,english,9,1,24,lang-english_speaker-01_trial-24_digit-9.flac,male,22,195
4516,8,eight,english,8,7,19,lang-english_speaker-07_trial-19_digit-8.flac,male,56,175
4517,16,sechs,german,6,11,34,lang-german_speaker-11_trial-34_digit-6.flac,female,31,163
4518,2,two,english,2,10,26,lang-english_speaker-10_trial-26_digit-2.flac,female,25,160
4519,6,six,english,6,9,25,lang-english_speaker-09_trial-25_digit-6.flac,male,32,183
4520,11,eins,german,1,7,19,lang-german_speaker-07_trial-19_digit-1.flac,male,56,175
4521,7,seven,english,7,7,19,lang-english_speaker-07_trial-19_digit-7.flac,male,56,175
4522,11,eins,german,1,9,21,lang-german_speaker-09_trial-21_digit-1.flac,male,32,183
4523,11,eins,german,1,1,26,lang-german_speaker-01_trial-26_digit-1.flac,male,22,195
4524,12,zwei,german,2,7,19,lang-german_speaker-07_trial-19_digit-2.flac,male,56,175
4525,15,fuenf,german,5,3,24,lang-german_speaker-03_trial-24_digit-5.flac,female,23,174
4526,0,zero,english,0,0,28,lang-english_speaker-00_trial-28_digit-0.flac,male,24,180
4527,19,neun,german,9,3,24,lang-german_speaker-03_trial-24_digit-9.flac,female,23,174
4528,17,sieben,german,7,11,34,lang-german_speaker-11_trial-34_digit-7.flac,female,31,163
4529,14,vier,german,4,11,34,lang-german_speaker-11_trial-34_digit-4.flac,female,31,163
4530,10,null,german,0,10,19,lang-german_speaker-10_trial-19_digit-0.flac,female,25,160
4531,15,fuenf,german,5,10,19,lang-german_speaker-10_trial-19_digit-5.flac,female,25,160
4532,12,zwei,german,2,11,34,lang-german_speaker-11_trial-34_digit-2.flac,female,31,163
4533,19,neun,german,9,11,34,lang-german_speaker-11_trial-34_digit-9.flac,female,31,163
4534,16,sechs,german,6,9,21,lang-german_speaker-09_trial-21_digit-6.flac,male,32,183
4535,18,acht,german,8,10,19,lang-german_speaker-10_trial-19_digit-8.flac,female,25,160
4536,6,six,english,6,11,24,lang-english_speaker-11_trial-24_digit-6.flac,female,31,163
4537,8,eight,english,8,0,28,lang-english_speaker-00_trial-28_digit-8.flac,male,24,180
4538,16,sechs,german,6,7,19,lang-german_speaker-07_trial-19_digit-6.flac,male,56,175
4539,5,five,english,5,6,20,lang-english_speaker-06_trial-20_digit-5.flac,female,35,163
4540,0,zero,english,0,0,29,lang-english_speaker-00_trial-29_digit-0.flac,male,24,180
4541,10,null,german,0,0,23,lang-german_speaker-00_trial-23_digit-0.flac,male,24,180
4542,17,sieben,german,7,10,19,lang-german_speaker-10_trial-19_digit-7.flac,female,25,160
4543,6,six,english,6,11,24,lang-english_speaker-11_trial-24_digit-6.flac,female,31,163
4544,6,six,english,6,11,24,lang-english_speaker-11_trial-24_digit-6.flac,female,31,163
4545,4,four,english,4,2,27,lang-english_speaker-02_trial-27_digit-4.flac,female,23,158
4546,7,seven,english,7,3,14,lang-english_speaker-03_trial-14_digit-7.flac,female,23,174
4547,14,vier,german,4,11,34,lang-german_speaker-11_trial-34_digit-4.flac,female,31,163
4548,4,four,english,4,11,24,lang-english_speaker-11_trial-24_digit-4.flac,female,31,163
4549,17,sieben,german,7,6,11,lang-german_speaker-06_trial-11_digit-7.flac,female,35,163
4550,16,sechs,german,6,11,34,lang-german_speaker-11_trial-34_digit-6.flac,female,31,163
4551,8,eight,english,8,9,25,lang-english_speaker-09_trial-25_digit-8.flac,male,32,183
4552,14,vier,german,4,0,23,lang-german_speaker-00_trial-23_digit-4.flac,male,24,180
4553,14,vier,german,4,9,21,lang-german_speaker-09_trial-21_digit-4.flac,male,32,183
4554,5,five,english,5,11,24,lang-english_speaker-11_trial-24_digit-5.flac,female,31,163
4555,14,vier,german,4,3,24,lang-german_speaker-03_trial-24_digit-4.flac,female,23,174
4556,7,seven,english,7,1,24,lang-english_speaker-01_trial-24_digit-7.flac,male,22,195
4557,10,null,german,0,10,20,lang-german_speaker-10_trial-20_digit-0.flac,female,25,160
4558,11,eins,german,1,3,25,lang-german_speaker-03_trial-25_digit-1.flac,female,23,174
4559,13,drei,german,3,8,21,lang-german_speaker-08_trial-21_digit-3.flac,male,21,182
4560,1,one,english,1,1,25,lang-english_speaker-01_trial-25_digit-1.flac,male,22,195
4561,5,five,english,5,1,25,lang-english_speaker-01_trial-25_digit-5.flac,male,22,195
4562,10,null,german,0,9,22,lang-german_speaker-09_trial-22_digit-0.flac,male,32,183
4563,14,vier,german,4,3,25,lang-german_speaker-03_trial-25_digit-4.flac,female,23,174
4564,17,sieben,german,7,3,25,lang-german_speaker-03_trial-25_digit-7.flac,female,23,174
4565,5,five,english,5,9,25,lang-english_speaker-09_trial-25_digit-5.flac,male,32,183
4566,0,zero,english,0,1,25,lang-english_speaker-01_trial-25_digit-0.flac,male,22,195
4567,9,nine,english,9,0,29,lang-english_speaker-00_trial-29_digit-9.flac,male,24,180
4568,5,five,english,5,7,19,lang-english_speaker-07_trial-19_digit-5.flac,male,56,175
4569,11,eins,german,1,3,25,lang-german_speaker-03_trial-25_digit-1.flac,female,23,174
4570,14,vier,german,4,1,26,lang-german_speaker-01_trial-26_digit-4.flac,male,22,195
4571,13,drei,german,3,3,25,lang-german_speaker-03_trial-25_digit-3.flac,female,23,174
4572,10,null,german,0,11,35,lang-german_speaker-11_trial-35_digit-0.flac,female,31,163
4573,10,null,german,0,3,26,lang-german_speaker-03_trial-26_digit-0.flac,female,23,174
4574,11,eins,german,1,0,23,lang-german_speaker-00_trial-23_digit-1.flac,male,24,180
4575,16,sechs,german,6,10,20,lang-german_speaker-10_trial-20_digit-6.flac,female,25,160
4576,3,three,english,3,0,29,lang-english_speaker-00_trial-29_digit-3.flac,male,24,180
4577,11,eins,german,1,1,26,lang-german_speaker-01_trial-26_digit-1.flac,male,22,195
4578,16,sechs,german,6,0,23,lang-german_speaker-00_trial-23_digit-6.flac,male,24,180
4579,6,six,english,6,9,25,lang-english_speaker-09_trial-25_digit-6.flac,male,32,183
4580,17,sieben,german,7,10,20,lang-german_speaker-10_trial-20_digit-7.flac,female,25,160
4581,16,sechs,german,6,0,23,lang-german_speaker-00_trial-23_digit-6.flac,male,24,180
4582,9,nine,english,9,2,27,lang-english_speaker-02_trial-27_digit-9.flac,female,23,158
4583,9,nine,english,9,1,25,lang-english_speaker-01_trial-25_digit-9.flac,male,22,195
4584,9,nine,english,9,7,19,lang-english_speaker-07_trial-19_digit-9.flac,male,56,175
4585,19,neun,german,9,0,23,lang-german_speaker-00_trial-23_digit-9.flac,male,24,180
4586,14,vier,german,4,7,19,lang-german_speaker-07_trial-19_digit-4.flac,male,56,175
4587,2,two,english,2,1,25,lang-english_speaker-01_trial-25_digit-2.flac,male,22,195
4588,19,neun,german,9,7,19,lang-german_speaker-07_trial-19_digit-9.flac,male,56,175
4589,13,drei,german,3,7,19,lang-german_speaker-07_trial-19_digit-3.flac,male,56,175
4590,12,zwei,german,2,7,19,lang-german_speaker-07_trial-19_digit-2.flac,male,56,175
4591,2,two,english,2,0,29,lang-english_speaker-00_trial-29_digit-2.flac,male,24,180
4592,5,five,english,5,2,27,lang-english_speaker-02_trial-27_digit-5.flac,female,23,158
4593,12,zwei,german,2,10,20,lang-german_speaker-10_trial-20_digit-2.flac,female,25,160
4594,1,one,english,1,11,24,lang-english_speaker-11_trial-24_digit-1.flac,female,31,163
4595,11,eins,german,1,8,21,lang-german_speaker-08_trial-21_digit-1.flac,male,21,182
4596,11,eins,german,1,2,31,lang-german_speaker-02_trial-31_digit-1.flac,female,23,158
4597,8,eight,english,8,1,25,lang-english_speaker-01_trial-25_digit-8.flac,male,22,195
4598,8,eight,english,8,2,27,lang-english_speaker-02_trial-27_digit-8.flac,female,23,158
4599,17,sieben,german,7,1,26,lang-german_speaker-01_trial-26_digit-7.flac,male,22,195
4600,19,neun,german,9,2,31,lang-german_speaker-02_trial-31_digit-9.flac,female,23,158
4601,18,acht,german,8,7,19,lang-german_speaker-07_trial-19_digit-8.flac,male,56,175
4602,10,null,german,0,10,21,lang-german_speaker-10_trial-21_digit-0.flac,female,25,160
4603,1,one,english,1,11,24,lang-english_speaker-11_trial-24_digit-1.flac,female,31,163
4604,14,vier,german,4,3,26,lang-german_speaker-03_trial-26_digit-4.flac,female,23,174
4605,4,four,english,4,10,26,lang-english_speaker-10_trial-26_digit-4.flac,female,25,160
4606,11,eins,german,1,10,21,lang-german_speaker-10_trial-21_digit-1.flac,female,25,160
4607,17,sieben,german,7,1,26,lang-german_speaker-01_trial-26_digit-7.flac,male,22,195
4608,1,one,english,1,7,20,lang-english_speaker-07_trial-20_digit-1.flac,male,56,175
4609,8,eight,english,8,11,24,lang-english_speaker-11_trial-24_digit-8.flac,female,31,163
4610,10,null,german,0,9,22,lang-german_speaker-09_trial-22_digit-0.flac,male,32,183
4611,15,fuenf,german,5,2,31,lang-german_speaker-02_trial-31_digit-5.flac,female,23,158
4612,13,drei,german,3,7,19,lang-german_speaker-07_trial-19_digit-3.flac,male,56,175
4613,15,fuenf,german,5,0,23,lang-german_speaker-00_trial-23_digit-5.flac,male,24,180
4614,15,fuenf,german,5,2,31,lang-german_speaker-02_trial-31_digit-5.flac,female,23,158
4615,3,three,english,3,11,24,lang-english_speaker-11_trial-24_digit-3.flac,female,31,163
4616,4,four,english,4,2,27,lang-english_speaker-02_trial-27_digit-4.flac,female,23,158
4617,13,drei,german,3,7,19,lang-german_speaker-07_trial-19_digit-3.flac,male,56,175
4618,2,two,english,2,2,27,lang-english_speaker-02_trial-27_digit-2.flac,female,23,158
4619,1,one,english,1,3,15,lang-english_speaker-03_trial-15_digit-1.flac,female,23,174
4620,8,eight,english,8,11,24,lang-english_speaker-11_trial-24_digit-8.flac,female,31,163
4621,12,zwei,german,2,10,21,lang-german_speaker-10_trial-21_digit-2.flac,female,25,160
4622,4,four,english,4,1,25,lang-english_speaker-01_trial-25_digit-4.flac,male,22,195
4623,7,seven,english,7,7,20,lang-english_speaker-07_trial-20_digit-7.flac,male,56,175
4624,12,zwei,german,2,7,19,lang-german_speaker-07_trial-19_digit-2.flac,male,56,175
4625,16,sechs,german,6,8,21,lang-german_speaker-08_trial-21_digit-6.flac,male,21,182
4626,13,drei,german,3,2,31,lang-german_speaker-02_trial-31_digit-3.flac,female,23,158
4627,10,null,german,0,8,21,lang-german_speaker-08_trial-21_digit-0.flac,male,21,182
4628,14,vier,german,4,11,35,lang-german_speaker-11_trial-35_digit-4.flac,female,31,163
4629,10,null,german,0,2,32,lang-german_speaker-02_trial-32_digit-0.flac,female,23,158
4630,7,seven,english,7,11,24,lang-english_speaker-11_trial-24_digit-7.flac,female,31,163
4631,19,neun,german,9,7,19,lang-german_speaker-07_trial-19_digit-9.flac,male,56,175
4632,19,neun,german,9,10,21,lang-german_speaker-10_trial-21_digit-9.flac,female,25,160
4633,19,neun,german,9,2,32,lang-german_speaker-02_trial-32_digit-9.flac,female,23,158
4634,3,three,english,3,8,21,lang-english_speaker-08_trial-21_digit-3.flac,male,21,182
4635,6,six,english,6,6,20,lang-english_speaker-06_trial-20_digit-6.flac,female,35,163
4636,10,null,german,0,3,26,lang-german_speaker-03_trial-26_digit-0.flac,female,23,174
4637,4,four,english,4,7,20,lang-english_speaker-07_trial-20_digit-4.flac,male,56,175
4638,8,eight,english,8,9,25,lang-english_speaker-09_trial-25_digit-8.flac,male,32,183
4639,10,null,german,0,2,33,lang-german_speaker-02_trial-33_digit-0.flac,female,23,158
4640,15,fuenf,german,5,6,11,lang-german_speaker-06_trial-11_digit-5.flac,female,35,163
4641,12,zwei,german,2,1,26,lang-german_speaker-01_trial-26_digit-2.flac,male,22,195
4642,18,acht,german,8,11,35,lang-german_speaker-11_trial-35_digit-8.flac,female,31,163
4643,9,nine,english,9,7,20,lang-english_speaker-07_trial-20_digit-9.flac,male,56,175
4644,14,vier,german,4,11,35,lang-german_speaker-11_trial-35_digit-4.flac,female,31,163
4645,7,seven,english,7,8,21,lang-english_speaker-08_trial-21_digit-7.flac,male,21,182
4646,0,zero,english,0,8,22,lang-english_speaker-08_trial-22_digit-0.flac,male,21,182
4647,7,seven,english,7,10,26,lang-english_speaker-10_trial-26_digit-7.flac,female,25,160
4648,17,sieben,german,7,1,26,lang-german_speaker-01_trial-26_digit-7.flac,male,22,195
4649,1,one,english,1,7,21,lang-english_speaker-07_trial-21_digit-1.flac,male,56,175
4650,15,fuenf,german,5,9,22,lang-german_speaker-09_trial-22_digit-5.flac,male,32,183
4651,16,sechs,german,6,0,23,lang-german_speaker-00_trial-23_digit-6.flac,male,24,180
4652,2,two,english,2,0,29,lang-english_speaker-00_trial-29_digit-2.flac,male,24,180
4653,7,seven,english,7,6,20,lang-english_speaker-06_trial-20_digit-7.flac,female,35,163
4654,12,zwei,german,2,0,23,lang-german_speaker-00_trial-23_digit-2.flac,male,24,180
4655,12,zwei,german,2,10,21,lang-german_speaker-10_trial-21_digit-2.flac,female,25,160
4656,16,sechs,german,6,1,26,lang-german_speaker-01_trial-26_digit-6.flac,male,22,195
4657,7,seven,english,7,8,22,lang-english_speaker-08_trial-22_digit-7.flac,male,21,182
4658,12,zwei,german,2,3,26,lang-german_speaker-03_trial-26_digit-2.flac,female,23,174
4659,14,vier,german,4,0,23,lang-german_speaker-00_trial-23_digit-4.flac,male,24,180
4660,13,drei,german,3,11,35,lang-german_speaker-11_trial-35_digit-3.flac,female,31,163
4661,11,eins,german,1,11,35,lang-german_speaker-11_trial-35_digit-1.flac,female,31,163
4662,11,eins,german,1,8,21,lang-german_speaker-08_trial-21_digit-1.flac,male,21,182
4663,7,seven,english,7,10,26,lang-english_speaker-10_trial-26_digit-7.flac,female,25,160
4664,9,nine,english,9,8,22,lang-english_speaker-08_trial-22_digit-9.flac,male,21,182
4665,3,three,english,3,1,25,lang-english_speaker-01_trial-25_digit-3.flac,male,22,195
4666,18,acht,german,8,3,26,lang-german_speaker-03_trial-26_digit-8.flac,female,23,174
4667,13,drei,german,3,11,35,lang-german_speaker-11_trial-35_digit-3.flac,female,31,163
4668,14,vier,german,4,8,21,lang-german_speaker-08_trial-21_digit-4.flac,male,21,182
4669,12,zwei,german,2,8,21,lang-german_speaker-08_trial-21_digit-2.flac,male,21,182
4670,9,nine,english,9,7,21,lang-english_speaker-07_trial-21_digit-9.flac,male,56,175
4671,18,acht,german,8,0,23,lang-german_speaker-00_trial-23_digit-8.flac,male,24,180
4672,4,four,english,4,7,21,lang-english_speaker-07_trial-21_digit-4.flac,male,56,175
4673,11,eins,german,1,10,22,lang-german_speaker-10_trial-22_digit-1.flac,female,25,160
4674,4,four,english,4,1,25,lang-english_speaker-01_trial-25_digit-4.flac,male,22,195
4675,8,eight,english,8,0,29,lang-english_speaker-00_trial-29_digit-8.flac,male,24,180
4676,8,eight,english,8,11,24,lang-english_speaker-11_trial-24_digit-8.flac,female,31,163
4677,8,eight,english,8,2,27,lang-english_speaker-02_trial-27_digit-8.flac,female,23,158
4678,10,null,german,0,2,33,lang-german_speaker-02_trial-33_digit-0.flac,female,23,158
4679,3,three,english,3,8,22,lang-english_speaker-08_trial-22_digit-3.flac,male,21,182
4680,11,eins,german,1,2,33,lang-german_speaker-02_trial-33_digit-1.flac,female,23,158
4681,6,six,english,6,10,26,lang-english_speaker-10_trial-26_digit-6.flac,female,25,160
4682,15,fuenf,german,5,9,22,lang-german_speaker-09_trial-22_digit-5.flac,male,32,183
4683,6,six,english,6,9,25,lang-english_speaker-09_trial-25_digit-6.flac,male,32,183
4684,13,drei,german,3,11,35,lang-german_speaker-11_trial-35_digit-3.flac,female,31,163
4685,3,three,english,3,0,29,lang-english_speaker-00_trial-29_digit-3.flac,male,24,180
4686,5,five,english,5,0,29,lang-english_speaker-00_trial-29_digit-5.flac,male,24,180
4687,14,vier,german,4,2,33,lang-german_speaker-02_trial-33_digit-4.flac,female,23,158
4688,17,sieben,german,7,9,22,lang-german_speaker-09_trial-22_digit-7.flac,male,32,183
4689,10,null,german,0,3,27,lang-german_speaker-03_trial-27_digit-0.flac,female,23,174
4690,10,null,german,0,0,24,lang-german_speaker-00_trial-24_digit-0.flac,male,24,180
4691,6,six,english,6,7,21,lang-english_speaker-07_trial-21_digit-6.flac,male,56,175
4692,8,eight,english,8,11,24,lang-english_speaker-11_trial-24_digit-8.flac,female,31,163
4693,10,null,german,0,3,27,lang-german_speaker-03_trial-27_digit-0.flac,female,23,174
4694,7,seven,english,7,2,27,lang-english_speaker-02_trial-27_digit-7.flac,female,23,158
4695,2,two,english,2,10,26,lang-english_speaker-10_trial-26_digit-2.flac,female,25,160
4696,19,neun,german,9,3,27,lang-german_speaker-03_trial-27_digit-9.flac,female,23,174
4697,18,acht,german,8,0,24,lang-german_speaker-00_trial-24_digit-8.flac,male,24,180
4698,3,three,english,3,7,21,lang-english_speaker-07_trial-21_digit-3.flac,male,56,175
4699,11,eins,german,1,2,33,lang-german_speaker-02_trial-33_digit-1.flac,female,23,158
4700,5,five,english,5,7,21,lang-english_speaker-07_trial-21_digit-5.flac,male,56,175
4701,11,eins,german,1,3,28,lang-german_speaker-03_trial-28_digit-1.flac,female,23,174
4702,10,null,german,0,1,27,lang-german_speaker-01_trial-27_digit-0.flac,male,22,195
4703,3,three,english,3,1,25,lang-english_speaker-01_trial-25_digit-3.flac,male,22,195
4704,15,fuenf,german,5,7,19,lang-german_speaker-07_trial-19_digit-5.flac,male,56,175
4705,5,five,english,5,1,25,lang-english_speaker-01_trial-25_digit-5.flac,male,22,195
4706,19,neun,german,9,8,21,lang-german_speaker-08_trial-21_digit-9.flac,male,21,182
4707,3,three,english,3,1,25,lang-english_speaker-01_trial-25_digit-3.flac,male,22,195
4708,14,vier,german,4,1,27,lang-german_speaker-01_trial-27_digit-4.flac,male,22,195
4709,5,five,english,5,2,27,lang-english_speaker-02_trial-27_digit-5.flac,female,23,158
4710,6,six,english,6,7,21,lang-english_speaker-07_trial-21_digit-6.flac,male,56,175
4711,4,four,english,4,8,22,lang-english_speaker-08_trial-22_digit-4.flac,male,21,182
4712,1,one,english,1,11,24,lang-english_speaker-11_trial-24_digit-1.flac,female,31,163
4713,13,drei,german,3,10,22,lang-german_speaker-10_trial-22_digit-3.flac,female,25,160
4714,5,five,english,5,8,22,lang-english_speaker-08_trial-22_digit-5.flac,male,21,182
4715,16,sechs,german,6,3,28,lang-german_speaker-03_trial-28_digit-6.flac,female,23,174
4716,17,sieben,german,7,0,24,lang-german_speaker-00_trial-24_digit-7.flac,male,24,180
4717,8,eight,english,8,2,27,lang-english_speaker-02_trial-27_digit-8.flac,female,23,158
4718,14,vier,german,4,3,28,lang-german_speaker-03_trial-28_digit-4.flac,female,23,174
4719,5,five,english,5,0,29,lang-english_speaker-00_trial-29_digit-5.flac,male,24,180
4720,19,neun,german,9,8,21,lang-german_speaker-08_trial-21_digit-9.flac,male,21,182
4721,5,five,english,5,2,27,lang-english_speaker-02_trial-27_digit-5.flac,female,23,158
4722,19,neun,german,9,6,11,lang-german_speaker-06_trial-11_digit-9.flac,female,35,163
4723,3,three,english,3,9,25,lang-english_speaker-09_trial-25_digit-3.flac,male,32,183
4724,8,eight,english,8,7,21,lang-english_speaker-07_trial-21_digit-8.flac,male,56,175
4725,5,five,english,5,3,15,lang-english_speaker-03_trial-15_digit-5.flac,female,23,174
4726,16,sechs,german,6,3,28,lang-german_speaker-03_trial-28_digit-6.flac,female,23,174
4727,12,zwei,german,2,6,11,lang-german_speaker-06_trial-11_digit-2.flac,female,35,163
4728,3,three,english,3,8,22,lang-english_speaker-08_trial-22_digit-3.flac,male,21,182
4729,15,fuenf,german,5,11,35,lang-german_speaker-11_trial-35_digit-5.flac,female,31,163
4730,16,sechs,german,6,11,35,lang-german_speaker-11_trial-35_digit-6.flac,female,31,163
4731,3,three,english,3,0,29,lang-english_speaker-00_trial-29_digit-3.flac,male,24,180
4732,15,fuenf,german,5,6,11,lang-german_speaker-06_trial-11_digit-5.flac,female,35,163
4733,10,null,german,0,8,22,lang-german_speaker-08_trial-22_digit-0.flac,male,21,182
4734,11,eins,german,1,1,27,lang-german_speaker-01_trial-27_digit-1.flac,male,22,195
4735,18,acht,german,8,8,22,lang-german_speaker-08_trial-22_digit-8.flac,male,21,182
4736,10,null,german,0,3,28,lang-german_speaker-03_trial-28_digit-0.flac,female,23,174
4737,13,drei,german,3,1,27,lang-german_speaker-01_trial-27_digit-3.flac,male,22,195
4738,16,sechs,german,6,8,22,lang-german_speaker-08_trial-22_digit-6.flac,male,21,182
4739,7,seven,english,7,10,26,lang-english_speaker-10_trial-26_digit-7.flac,female,25,160
4740,17,sieben,german,7,0,24,lang-german_speaker-00_trial-24_digit-7.flac,male,24,180
4741,4,four,english,4,0,29,lang-english_speaker-00_trial-29_digit-4.flac,male,24,180
4742,13,drei,german,3,3,28,lang-german_speaker-03_trial-28_digit-3.flac,female,23,174
4743,5,five,english,5,10,26,lang-english_speaker-10_trial-26_digit-5.flac,female,25,160
4744,12,zwei,german,2,3,28,lang-german_speaker-03_trial-28_digit-2.flac,female,23,174
4745,6,six,english,6,1,25,lang-english_speaker-01_trial-25_digit-6.flac,male,22,195
4746,0,zero,english,0,7,22,lang-english_speaker-07_trial-22_digit-0.flac,male,56,175
4747,12,zwei,german,2,2,33,lang-german_speaker-02_trial-33_digit-2.flac,female,23,158
4748,2,two,english,2,3,15,lang-english_speaker-03_trial-15_digit-2.flac,female,23,174
4749,19,neun,german,9,11,35,lang-german_speaker-11_trial-35_digit-9.flac,female,31,163
4750,19,neun,german,9,3,28,lang-german_speaker-03_trial-28_digit-9.flac,female,23,174
4751,1,one,english,1,7,22,lang-english_speaker-07_trial-22_digit-1.flac,male,56,175
4752,5,five,english,5,1,25,lang-english_speaker-01_trial-25_digit-5.flac,male,22,195
4753,14,vier,german,4,11,35,lang-german_speaker-11_trial-35_digit-4.flac,female,31,163
4754,1,one,english,1,7,22,lang-english_speaker-07_trial-22_digit-1.flac,male,56,175
4755,3,three,english,3,9,25,lang-english_speaker-09_trial-25_digit-3.flac,male,32,183
4756,6,six,english,6,3,15,lang-english_speaker-03_trial-15_digit-6.flac,female,23,174
4757,18,acht,german,8,9,22,lang-german_speaker-09_trial-22_digit-8.flac,male,32,183
4758,1,one,english,1,0,30,lang-english_speaker-00_trial-30_digit-1.flac,male,24,180
4759,16,sechs,german,6,2,33,lang-german_speaker-02_trial-33_digit-6.flac,female,23,158
4760,12,zwei,german,2,10,22,lang-german_speaker-10_trial-22_digit-2.flac,female,25,160
4761,5,five,english,5,0,30,lang-english_speaker-00_trial-30_digit-5.flac,male,24,180
4762,16,sechs,german,6,0,24,lang-german_speaker-00_trial-24_digit-6.flac,male,24,180
4763,0,zero,english,0,7,22,lang-english_speaker-07_trial-22_digit-0.flac,male,56,175
4764,1,one,english,1,8,23,lang-english_speaker-08_trial-23_digit-1.flac,male,21,182
4765,3,three,english,3,9,25,lang-english_speaker-09_trial-25_digit-3.flac,male,32,183
4766,13,drei,german,3,2,33,lang-german_speaker-02_trial-33_digit-3.flac,female,23,158
4767,4,four,english,4,9,25,lang-english_speaker-09_trial-25_digit-4.flac,male,32,183
4768,4,four,english,4,11,24,lang-english_speaker-11_trial-24_digit-4.flac,female,31,163
4769,13,drei,german,3,11,35,lang-german_speaker-11_trial-35_digit-3.flac,female,31,163
4770,13,drei,german,3,1,27,lang-german_speaker-01_trial-27_digit-3.flac,male,22,195
4771,18,acht,german,8,0,24,lang-german_speaker-00_trial-24_digit-8.flac,male,24,180
4772,6,six,english,6,2,27,lang-english_speaker-02_trial-27_digit-6.flac,female,23,158
4773,8,eight,english,8,10,26,lang-english_speaker-10_trial-26_digit-8.flac,female,25,160
4774,13,drei,german,3,10,22,lang-german_speaker-10_trial-22_digit-3.flac,female,25,160
4775,14,vier,german,4,1,27,lang-german_speaker-01_trial-27_digit-4.flac,male,22,195
4776,5,five,english,5,2,27,lang-english_speaker-02_trial-27_digit-5.flac,female,23,158
4777,8,eight,english,8,6,20,lang-english_speaker-06_trial-20_digit-8.flac,female,35,163
4778,11,eins,german,1,8,22,lang-german_speaker-08_trial-22_digit-1.flac,male,21,182
4779,15,fuenf,german,5,2,33,lang-german_speaker-02_trial-33_digit-5.flac,female,23,158
4780,6,six,english,6,1,25,lang-english_speaker-01_trial-25_digit-6.flac,male,22,195
4781,4,four,english,4,9,25,lang-english_speaker-09_trial-25_digit-4.flac,male,32,183
4782,10,null,german,0,6,12,lang-german_speaker-06_trial-12_digit-0.flac,female,35,163
4783,0,zero,english,0,3,15,lang-english_speaker-03_trial-15_digit-0.flac,female,23,174
4784,9,nine,english,9,9,25,lang-english_speaker-09_trial-25_digit-9.flac,male,32,183
4785,12,zwei,german,2,7,19,lang-german_speaker-07_trial-19_digit-2.flac,male,56,175
4786,10,null,german,0,10,22,lang-german_speaker-10_trial-22_digit-0.flac,female,25,160
4787,12,zwei,german,2,9,22,lang-german_speaker-09_trial-22_digit-2.flac,male,32,183
4788,2,two,english,2,7,22,lang-english_speaker-07_trial-22_digit-2.flac,male,56,175
4789,6,six,english,6,3,15,lang-english_speaker-03_trial-15_digit-6.flac,female,23,174
4790,16,sechs,german,6,2,33,lang-german_speaker-02_trial-33_digit-6.flac,female,23,158
4791,19,neun,german,9,11,35,lang-german_speaker-11_trial-35_digit-9.flac,female,31,163
4792,8,eight,english,8,10,26,lang-english_speaker-10_trial-26_digit-8.flac,female,25,160
4793,5,five,english,5,1,25,lang-english_speaker-01_trial-25_digit-5.flac,male,22,195
4794,3,three,english,3,9,25,lang-english_speaker-09_trial-25_digit-3.flac,male,32,183
4795,8,eight,english,8,8,23,lang-english_speaker-08_trial-23_digit-8.flac,male,21,182
4796,7,seven,english,7,7,22,lang-english_speaker-07_trial-22_digit-7.flac,male,56,175
4797,12,zwei,german,2,8,22,lang-german_speaker-08_trial-22_digit-2.flac,male,21,182
4798,5,five,english,5,9,25,lang-english_speaker-09_trial-25_digit-5.flac,male,32,183
4799,1,one,english,1,11,24,lang-english_speaker-11_trial-24_digit-1.flac,female,31,163
4800,18,acht,german,8,3,28,lang-german_speaker-03_trial-28_digit-8.flac,female,23,174
4801,10,null,german,0,9,23,lang-german_speaker-09_trial-23_digit-0.flac,male,32,183
4802,10,null,german,0,11,36,lang-german_speaker-11_trial-36_digit-0.flac,female,31,163
4803,17,sieben,german,7,3,28,lang-german_speaker-03_trial-28_digit-7.flac,female,23,174
4804,5,five,english,5,9,25,lang-english_speaker-09_trial-25_digit-5.flac,male,32,183
4805,0,zero,english,0,10,27,lang-english_speaker-10_trial-27_digit-0.flac,female,25,160
4806,0,zero,english,0,9,26,lang-english_speaker-09_trial-26_digit-0.flac,male,32,183
4807,14,vier,german,4,9,23,lang-german_speaker-09_trial-23_digit-4.flac,male,32,183
4808,15,fuenf,german,5,1,27,lang-german_speaker-01_trial-27_digit-5.flac,male,22,195
4809,2,two,english,2,2,27,lang-english_speaker-02_trial-27_digit-2.flac,female,23,158
4810,18,acht,german,8,0,24,lang-german_speaker-00_trial-24_digit-8.flac,male,24,180
4811,19,neun,german,9,1,27,lang-german_speaker-01_trial-27_digit-9.flac,male,22,195
4812,18,acht,german,8,0,24,lang-german_speaker-00_trial-24_digit-8.flac,male,24,180
4813,9,nine,english,9,11,24,lang-english_speaker-11_trial-24_digit-9.flac,female,31,163
4814,17,sieben,german,7,2,33,lang-german_speaker-02_trial-33_digit-7.flac,female,23,158
4815,18,acht,german,8,2,33,lang-german_speaker-02_trial-33_digit-8.flac,female,23,158
4816,10,null,german,0,0,25,lang-german_speaker-00_trial-25_digit-0.flac,male,24,180
4817,3,three,english,3,7,22,lang-english_speaker-07_trial-22_digit-3.flac,male,56,175
4818,11,eins,german,1,11,36,lang-german_speaker-11_trial-36_digit-1.flac,female,31,163
4819,13,drei,german,3,10,22,lang-german_speaker-10_trial-22_digit-3.flac,female,25,160
4820,3,three,english,3,10,27,lang-english_speaker-10_trial-27_digit-3.flac,female,25,160
4821,5,five,english,5,1,25,lang-english_speaker-01_trial-25_digit-5.flac,male,22,195
4822,17,sieben,german,7,1,27,lang-german_speaker-01_trial-27_digit-7.flac,male,22,195
4823,1,one,english,1,10,27,lang-english_speaker-10_trial-27_digit-1.flac,female,25,160
4824,16,sechs,german,6,10,22,lang-german_speaker-10_trial-22_digit-6.flac,female,25,160
4825,15,fuenf,german,5,3,28,lang-german_speaker-03_trial-28_digit-5.flac,female,23,174
4826,16,sechs,german,6,11,36,lang-german_speaker-11_trial-36_digit-6.flac,female,31,163
4827,1,one,english,1,3,15,lang-english_speaker-03_trial-15_digit-1.flac,female,23,174
4828,11,eins,german,1,1,28,lang-german_speaker-01_trial-28_digit-1.flac,male,22,195
4829,15,fuenf,german,5,10,22,lang-german_speaker-10_trial-22_digit-5.flac,female,25,160
4830,13,drei,german,3,11,36,lang-german_speaker-11_trial-36_digit-3.flac,female,31,163
4831,4,four,english,4,11,24,lang-english_speaker-11_trial-24_digit-4.flac,female,31,163
4832,3,three,english,3,6,20,lang-english_speaker-06_trial-20_digit-3.flac,female,35,163
4833,19,neun,german,9,3,28,lang-german_speaker-03_trial-28_digit-9.flac,female,23,174
4834,11,eins,german,1,3,29,lang-german_speaker-03_trial-29_digit-1.flac,female,23,174
4835,8,eight,english,8,11,24,lang-english_speaker-11_trial-24_digit-8.flac,female,31,163
4836,15,fuenf,german,5,6,12,lang-german_speaker-06_trial-12_digit-5.flac,female,35,163
4837,3,three,english,3,6,20,lang-english_speaker-06_trial-20_digit-3.flac,female,35,163
4838,9,nine,english,9,1,25,lang-english_speaker-01_trial-25_digit-9.flac,male,22,195
4839,4,four,english,4,0,30,lang-english_speaker-00_trial-30_digit-4.flac,male,24,180
4840,0,zero,english,0,2,28,lang-english_speaker-02_trial-28_digit-0.flac,female,23,158
4841,8,eight,english,8,3,15,lang-english_speaker-03_trial-15_digit-8.flac,female,23,174
4842,11,eins,german,1,6,12,lang-german_speaker-06_trial-12_digit-1.flac,female,35,163
4843,13,drei,german,3,3,29,lang-german_speaker-03_trial-29_digit-3.flac,female,23,174
4844,13,drei,german,3,1,28,lang-german_speaker-01_trial-28_digit-3.flac,male,22,195
4845,16,sechs,german,6,6,12,lang-german_speaker-06_trial-12_digit-6.flac,female,35,163
4846,10,null,german,0,1,28,lang-german_speaker-01_trial-28_digit-0.flac,male,22,195
4847,3,three,english,3,7,22,lang-english_speaker-07_trial-22_digit-3.flac,male,56,175
4848,16,sechs,german,6,2,33,lang-german_speaker-02_trial-33_digit-6.flac,female,23,158
4849,12,zwei,german,2,9,23,lang-german_speaker-09_trial-23_digit-2.flac,male,32,183
4850,0,zero,english,0,2,28,lang-english_speaker-02_trial-28_digit-0.flac,female,23,158
4851,10,null,german,0,1,28,lang-german_speaker-01_trial-28_digit-0.flac,male,22,195
4852,15,fuenf,german,5,9,23,lang-german_speaker-09_trial-23_digit-5.flac,male,32,183
4853,3,three,english,3,9,26,lang-english_speaker-09_trial-26_digit-3.flac,male,32,183
4854,16,sechs,german,6,9,23,lang-german_speaker-09_trial-23_digit-6.flac,male,32,183
4855,7,seven,english,7,11,24,lang-english_speaker-11_trial-24_digit-7.flac,female,31,163
4856,15,fuenf,german,5,9,23,lang-german_speaker-09_trial-23_digit-5.flac,male,32,183
4857,10,null,german,0,7,20,lang-german_speaker-07_trial-20_digit-0.flac,male,56,175
4858,12,zwei,german,2,3,29,lang-german_speaker-03_trial-29_digit-2.flac,female,23,174
4859,14,vier,german,4,0,25,lang-german_speaker-00_trial-25_digit-4.flac,male,24,180
4860,12,zwei,german,2,1,28,lang-german_speaker-01_trial-28_digit-2.flac,male,22,195
4861,4,four,english,4,6,20,lang-english_speaker-06_trial-20_digit-4.flac,female,35,163
4862,2,two,english,2,0,30,lang-english_speaker-00_trial-30_digit-2.flac,male,24,180
4863,14,vier,german,4,0,25,lang-german_speaker-00_trial-25_digit-4.flac,male,24,180
4864,7,seven,english,7,2,28,lang-english_speaker-02_trial-28_digit-7.flac,female,23,158
4865,9,nine,english,9,11,24,lang-english_speaker-11_trial-24_digit-9.flac,female,31,163
4866,4,four,english,4,7,22,lang-english_speaker-07_trial-22_digit-4.flac,male,56,175
4867,11,eins,german,1,0,25,lang-german_speaker-00_trial-25_digit-1.flac,male,24,180
4868,16,sechs,german,6,6,12,lang-german_speaker-06_trial-12_digit-6.flac,female,35,163
4869,11,eins,german,1,0,25,lang-german_speaker-00_trial-25_digit-1.flac,male,24,180
4870,5,five,english,5,10,27,lang-english_speaker-10_trial-27_digit-5.flac,female,25,160
4871,5,five,english,5,9,26,lang-english_speaker-09_trial-26_digit-5.flac,male,32,183
4872,15,fuenf,german,5,11,36,lang-german_speaker-11_trial-36_digit-5.flac,female,31,163
4873,5,five,english,5,0,30,lang-english_speaker-00_trial-30_digit-5.flac,male,24,180
4874,2,two,english,2,1,25,lang-english_speaker-01_trial-25_digit-2.flac,male,22,195
4875,11,eins,german,1,9,23,lang-german_speaker-09_trial-23_digit-1.flac,male,32,183
4876,3,three,english,3,7,22,lang-english_speaker-07_trial-22_digit-3.flac,male,56,175
4877,1,one,english,1,10,27,lang-english_speaker-10_trial-27_digit-1.flac,female,25,160
4878,13,drei,german,3,8,22,lang-german_speaker-08_trial-22_digit-3.flac,male,21,182
4879,18,acht,german,8,2,33,lang-german_speaker-02_trial-33_digit-8.flac,female,23,158
4880,19,neun,german,9,2,33,lang-german_speaker-02_trial-33_digit-9.flac,female,23,158
4881,14,vier,german,4,1,28,lang-german_speaker-01_trial-28_digit-4.flac,male,22,195
4882,2,two,english,2,8,23,lang-english_speaker-08_trial-23_digit-2.flac,male,21,182
4883,10,null,german,0,6,12,lang-german_speaker-06_trial-12_digit-0.flac,female,35,163
4884,7,seven,english,7,10,27,lang-english_speaker-10_trial-27_digit-7.flac,female,25,160
4885,2,two,english,2,9,26,lang-english_speaker-09_trial-26_digit-2.flac,male,32,183
4886,6,six,english,6,2,28,lang-english_speaker-02_trial-28_digit-6.flac,female,23,158
4887,15,fuenf,german,5,0,25,lang-german_speaker-00_trial-25_digit-5.flac,male,24,180
4888,12,zwei,german,2,0,25,lang-german_speaker-00_trial-25_digit-2.flac,male,24,180
4889,5,five,english,5,1,25,lang-english_speaker-01_trial-25_digit-5.flac,male,22,195
4890,4,four,english,4,1,25,lang-english_speaker-01_trial-25_digit-4.flac,male,22,195
4891,12,zwei,german,2,0,25,lang-german_speaker-00_trial-25_digit-2.flac,male,24,180
4892,12,zwei,german,2,0,25,lang-german_speaker-00_trial-25_digit-2.flac,male,24,180
4893,13,drei,german,3,8,22,lang-german_speaker-08_trial-22_digit-3.flac,male,21,182
4894,3,three,english,3,3,15,lang-english_speaker-03_trial-15_digit-3.flac,female,23,174
4895,5,five,english,5,7,22,lang-english_speaker-07_trial-22_digit-5.flac,male,56,175
4896,10,null,german,0,2,34,lang-german_speaker-02_trial-34_digit-0.flac,female,23,158
4897,3,three,english,3,1,25,lang-english_speaker-01_trial-25_digit-3.flac,male,22,195
4898,3,three,english,3,8,23,lang-english_speaker-08_trial-23_digit-3.flac,male,21,182
4899,5,five,english,5,2,28,lang-english_speaker-02_trial-28_digit-5.flac,female,23,158
4900,10,null,german,0,6,12,lang-german_speaker-06_trial-12_digit-0.flac,female,35,163
4901,6,six,english,6,8,23,lang-english_speaker-08_trial-23_digit-6.flac,male,21,182
4902,0,zero,english,0,7,23,lang-english_speaker-07_trial-23_digit-0.flac,male,56,175
4903,17,sieben,german,7,7,20,lang-german_speaker-07_trial-20_digit-7.flac,male,56,175
4904,7,seven,english,7,3,15,lang-english_speaker-03_trial-15_digit-7.flac,female,23,174
4905,5,five,english,5,3,15,lang-english_speaker-03_trial-15_digit-5.flac,female,23,174
4906,18,acht,german,8,2,34,lang-german_speaker-02_trial-34_digit-8.flac,female,23,158
4907,11,eins,german,1,10,22,lang-german_speaker-10_trial-22_digit-1.flac,female,25,160
4908,14,vier,german,4,7,20,lang-german_speaker-07_trial-20_digit-4.flac,male,56,175
4909,1,one,english,1,2,28,lang-english_speaker-02_trial-28_digit-1.flac,female,23,158
4910,5,five,english,5,9,26,lang-english_speaker-09_trial-26_digit-5.flac,male,32,183
4911,0,zero,english,0,9,26,lang-english_speaker-09_trial-26_digit-0.flac,male,32,183
4912,17,sieben,german,7,3,29,lang-german_speaker-03_trial-29_digit-7.flac,female,23,174
4913,12,zwei,german,2,0,25,lang-german_speaker-00_trial-25_digit-2.flac,male,24,180
4914,17,sieben,german,7,1,28,lang-german_speaker-01_trial-28_digit-7.flac,male,22,195
4915,6,six,english,6,11,24,lang-english_speaker-11_trial-24_digit-6.flac,female,31,163
4916,9,nine,english,9,9,26,lang-english_speaker-09_trial-26_digit-9.flac,male,32,183
4917,15,fuenf,german,5,1,28,lang-german_speaker-01_trial-28_digit-5.flac,male,22,195
4918,17,sieben,german,7,7,20,lang-german_speaker-07_trial-20_digit-7.flac,male,56,175
4919,9,nine,english,9,8,23,lang-english_speaker-08_trial-23_digit-9.flac,male,21,182
4920,5,five,english,5,10,27,lang-english_speaker-10_trial-27_digit-5.flac,female,25,160
4921,11,eins,german,1,0,25,lang-german_speaker-00_trial-25_digit-1.flac,male,24,180
4922,9,nine,english,9,6,20,lang-english_speaker-06_trial-20_digit-9.flac,female,35,163
4923,16,sechs,german,6,8,22,lang-german_speaker-08_trial-22_digit-6.flac,male,21,182
4924,6,six,english,6,0,30,lang-english_speaker-00_trial-30_digit-6.flac,male,24,180
4925,17,sieben,german,7,9,23,lang-german_speaker-09_trial-23_digit-7.flac,male,32,183
4926,1,one,english,1,8,24,lang-english_speaker-08_trial-24_digit-1.flac,male,21,182
4927,10,null,german,0,6,12,lang-german_speaker-06_trial-12_digit-0.flac,female,35,163
4928,12,zwei,german,2,9,23,lang-german_speaker-09_trial-23_digit-2.flac,male,32,183
4929,7,seven,english,7,8,24,lang-english_speaker-08_trial-24_digit-7.flac,male,21,182
4930,13,drei,german,3,0,25,lang-german_speaker-00_trial-25_digit-3.flac,male,24,180
4931,10,null,german,0,3,30,lang-german_speaker-03_trial-30_digit-0.flac,female,23,174
4932,2,two,english,2,10,27,lang-english_speaker-10_trial-27_digit-2.flac,female,25,160
4933,10,null,german,0,11,36,lang-german_speaker-11_trial-36_digit-0.flac,female,31,163
4934,3,three,english,3,6,20,lang-english_speaker-06_trial-20_digit-3.flac,female,35,163
4935,2,two,english,2,7,23,lang-english_speaker-07_trial-23_digit-2.flac,male,56,175
4936,6,six,english,6,10,27,lang-english_speaker-10_trial-27_digit-6.flac,female,25,160
4937,0,zero,english,0,11,25,lang-english_speaker-11_trial-25_digit-0.flac,female,31,163
4938,16,sechs,german,6,8,22,lang-german_speaker-08_trial-22_digit-6.flac,male,21,182
4939,18,acht,german,8,0,25,lang-german_speaker-00_trial-25_digit-8.flac,male,24,180
4940,2,two,english,2,8,24,lang-english_speaker-08_trial-24_digit-2.flac,male,21,182
4941,11,eins,german,1,7,20,lang-german_speaker-07_trial-20_digit-1.flac,male,56,175
4942,19,neun,german,9,1,28,lang-german_speaker-01_trial-28_digit-9.flac,male,22,195
4943,17,sieben,german,7,1,28,lang-german_speaker-01_trial-28_digit-7.flac,male,22,195
4944,8,eight,english,8,10,27,lang-english_speaker-10_trial-27_digit-8.flac,female,25,160
4945,3,three,english,3,7,23,lang-english_speaker-07_trial-23_digit-3.flac,male,56,175
4946,15,fuenf,german,5,1,28,lang-german_speaker-01_trial-28_digit-5.flac,male,22,195
4947,0,zero,english,0,11,25,lang-english_speaker-11_trial-25_digit-0.flac,female,31,163
4948,14,vier,german,4,7,20,lang-german_speaker-07_trial-20_digit-4.flac,male,56,175
4949,3,three,english,3,3,15,lang-english_speaker-03_trial-15_digit-3.flac,female,23,174
4950,18,acht,german,8,9,23,lang-german_speaker-09_trial-23_digit-8.flac,male,32,183
4951,15,fuenf,german,5,7,20,lang-german_speaker-07_trial-20_digit-5.flac,male,56,175
4952,6,six,english,6,7,23,lang-english_speaker-07_trial-23_digit-6.flac,male,56,175
4953,4,four,english,4,11,25,lang-english_speaker-11_trial-25_digit-4.flac,female,31,163
4954,7,seven,english,7,6,20,lang-english_speaker-06_trial-20_digit-7.flac,female,35,163
4955,12,zwei,german,2,9,23,lang-german_speaker-09_trial-23_digit-2.flac,male,32,183
4956,15,fuenf,german,5,1,28,lang-german_speaker-01_trial-28_digit-5.flac,male,22,195
4957,16,sechs,german,6,9,23,lang-german_speaker-09_trial-23_digit-6.flac,male,32,183
4958,6,six,english,6,6,20,lang-english_speaker-06_trial-20_digit-6.flac,female,35,163
4959,13,drei,german,3,11,36,lang-german_speaker-11_trial-36_digit-3.flac,female,31,163
4960,13,drei,german,3,3,30,lang-german_speaker-03_trial-30_digit-3.flac,female,23,174
4961,0,zero,english,0,9,27,lang-english_speaker-09_trial-27_digit-0.flac,male,32,183
4962,3,three,english,3,2,28,lang-english_speaker-02_trial-28_digit-3.flac,female,23,158
4963,10,null,german,0,9,24,lang-german_speaker-09_trial-24_digit-0.flac,male,32,183
4964,7,seven,english,7,11,25,lang-english_speaker-11_trial-25_digit-7.flac,female,31,163
4965,12,zwei,german,2,2,34,lang-german_speaker-02_trial-34_digit-2.flac,female,23,158
4966,0,zero,english,0,11,26,lang-english_speaker-11_trial-26_digit-0.flac,female,31,163
4967,16,sechs,german,6,7,20,lang-german_speaker-07_trial-20_digit-6.flac,male,56,175
4968,14,vier,german,4,7,20,lang-german_speaker-07_trial-20_digit-4.flac,male,56,175
4969,3,three,english,3,10,27,lang-english_speaker-10_trial-27_digit-3.flac,female,25,160
4970,14,vier,german,4,11,36,lang-german_speaker-11_trial-36_digit-4.flac,female,31,163
4971,14,vier,german,4,2,34,lang-german_speaker-02_trial-34_digit-4.flac,female,23,158
4972,13,drei,german,3,9,24,lang-german_speaker-09_trial-24_digit-3.flac,male,32,183
4973,11,eins,german,1,3,30,lang-german_speaker-03_trial-30_digit-1.flac,female,23,174
4974,3,three,english,3,2,28,lang-english_speaker-02_trial-28_digit-3.flac,female,23,158
4975,19,neun,german,9,0,25,lang-german_speaker-00_trial-25_digit-9.flac,male,24,180
4976,16,sechs,german,6,2,34,lang-german_speaker-02_trial-34_digit-6.flac,female,23,158
4977,10,null,german,0,11,36,lang-german_speaker-11_trial-36_digit-0.flac,female,31,163
4978,1,one,english,1,10,27,lang-english_speaker-10_trial-27_digit-1.flac,female,25,160
4979,14,vier,german,4,11,36,lang-german_speaker-11_trial-36_digit-4.flac,female,31,163
4980,1,one,english,1,1,26,lang-english_speaker-01_trial-26_digit-1.flac,male,22,195
4981,0,zero,english,0,3,16,lang-english_speaker-03_trial-16_digit-0.flac,female,23,174
4982,9,nine,english,9,11,26,lang-english_speaker-11_trial-26_digit-9.flac,female,31,163
4983,10,null,german,0,3,30,lang-german_speaker-03_trial-30_digit-0.flac,female,23,174
4984,16,sechs,german,6,11,36,lang-german_speaker-11_trial-36_digit-6.flac,female,31,163
4985,18,acht,german,8,3,30,lang-german_speaker-03_trial-30_digit-8.flac,female,23,174
4986,18,acht,german,8,11,36,lang-german_speaker-11_trial-36_digit-8.flac,female,31,163
4987,16,sechs,german,6,9,24,lang-german_speaker-09_trial-24_digit-6.flac,male,32,183
4988,4,four,english,4,0,30,lang-english_speaker-00_trial-30_digit-4.flac,male,24,180
4989,12,zwei,german,2,8,22,lang-german_speaker-08_trial-22_digit-2.flac,male,21,182
4990,16,sechs,german,6,1,28,lang-german_speaker-01_trial-28_digit-6.flac,male,22,195
4991,19,neun,german,9,7,20,lang-german_speaker-07_trial-20_digit-9.flac,male,56,175
4992,10,null,german,0,10,22,lang-german_speaker-10_trial-22_digit-0.flac,female,25,160
4993,19,neun,german,9,0,25,lang-german_speaker-00_trial-25_digit-9.flac,male,24,180
4994,2,two,english,2,2,28,lang-english_speaker-02_trial-28_digit-2.flac,female,23,158
4995,8,eight,english,8,1,26,lang-english_speaker-01_trial-26_digit-8.flac,male,22,195
4996,0,zero,english,0,11,27,lang-english_speaker-11_trial-27_digit-0.flac,female,31,163
4997,12,zwei,german,2,0,25,lang-german_speaker-00_trial-25_digit-2.flac,male,24,180
4998,15,fuenf,german,5,11,36,lang-german_speaker-11_trial-36_digit-5.flac,female,31,163
4999,7,seven,english,7,2,28,lang-english_speaker-02_trial-28_digit-7.flac,female,23,158
5000,15,fuenf,german,5,0,25,lang-german_speaker-00_trial-25_digit-5.flac,male,24,180
5001,11,eins,german,1,10,22,lang-german_speaker-10_trial-22_digit-1.flac,female,25,160
5002,1,one,english,1,6,21,lang-english_speaker-06_trial-21_digit-1.flac,female,35,163
5003,4,four,english,4,10,27,lang-english_speaker-10_trial-27_digit-4.flac,female,25,160
5004,7,seven,english,7,8,24,lang-english_speaker-08_trial-24_digit-7.flac,male,21,182
5005,10,null,german,0,10,22,lang-german_speaker-10_trial-22_digit-0.flac,female,25,160
5006,7,seven,english,7,1,26,lang-english_speaker-01_trial-26_digit-7.flac,male,22,195
5007,9,nine,english,9,0,30,lang-english_speaker-00_trial-30_digit-9.flac,male,24,180
5008,18,acht,german,8,2,34,lang-german_speaker-02_trial-34_digit-8.flac,female,23,158
5009,12,zwei,german,2,2,34,lang-german_speaker-02_trial-34_digit-2.flac,female,23,158
5010,17,sieben,german,7,8,22,lang-german_speaker-08_trial-22_digit-7.flac,male,21,182
5011,11,eins,german,1,2,34,lang-german_speaker-02_trial-34_digit-1.flac,female,23,158
5012,2,two,english,2,2,28,lang-english_speaker-02_trial-28_digit-2.flac,female,23,158
5013,1,one,english,1,3,16,lang-english_speaker-03_trial-16_digit-1.flac,female,23,174
5014,10,null,german,0,1,29,lang-german_speaker-01_trial-29_digit-0.flac,male,22,195
5015,16,sechs,german,6,2,34,lang-german_speaker-02_trial-34_digit-6.flac,female,23,158
5016,19,neun,german,9,10,22,lang-german_speaker-10_trial-22_digit-9.flac,female,25,160
5017,2,two,english,2,11,27,lang-english_speaker-11_trial-27_digit-2.flac,female,31,163
5018,9,nine,english,9,0,30,lang-english_speaker-00_trial-30_digit-9.flac,male,24,180
5019,5,five,english,5,3,16,lang-english_speaker-03_trial-16_digit-5.flac,female,23,174
5020,4,four,english,4,1,26,lang-english_speaker-01_trial-26_digit-4.flac,male,22,195
5021,18,acht,german,8,0,25,lang-german_speaker-00_trial-25_digit-8.flac,male,24,180
5022,0,zero,english,0,3,16,lang-english_speaker-03_trial-16_digit-0.flac,female,23,174
5023,15,fuenf,german,5,0,25,lang-german_speaker-00_trial-25_digit-5.flac,male,24,180
5024,17,sieben,german,7,3,30,lang-german_speaker-03_trial-30_digit-7.flac,female,23,174
5025,17,sieben,german,7,2,34,lang-german_speaker-02_trial-34_digit-7.flac,female,23,158
5026,14,vier,german,4,9,24,lang-german_speaker-09_trial-24_digit-4.flac,male,32,183
5027,7,seven,english,7,1,26,lang-english_speaker-01_trial-26_digit-7.flac,male,22,195
5028,13,drei,german,3,1,29,lang-german_speaker-01_trial-29_digit-3.flac,male,22,195
5029,1,one,english,1,8,24,lang-english_speaker-08_trial-24_digit-1.flac,male,21,182
5030,8,eight,english,8,9,27,lang-english_speaker-09_trial-27_digit-8.flac,male,32,183
5031,7,seven,english,7,0,30,lang-english_speaker-00_trial-30_digit-7.flac,male,24,180
5032,13,drei,german,3,2,34,lang-german_speaker-02_trial-34_digit-3.flac,female,23,158
5033,19,neun,german,9,3,30,lang-german_speaker-03_trial-30_digit-9.flac,female,23,174
5034,18,acht,german,8,10,22,lang-german_speaker-10_trial-22_digit-8.flac,female,25,160
5035,3,three,english,3,8,24,lang-english_speaker-08_trial-24_digit-3.flac,male,21,182
5036,13,drei,german,3,11,36,lang-german_speaker-11_trial-36_digit-3.flac,female,31,163
5037,13,drei,german,3,8,22,lang-german_speaker-08_trial-22_digit-3.flac,male,21,182
5038,0,zero,english,0,11,27,lang-english_speaker-11_trial-27_digit-0.flac,female,31,163
5039,7,seven,english,7,6,21,lang-english_speaker-06_trial-21_digit-7.flac,female,35,163
5040,18,acht,german,8,7,20,lang-german_speaker-07_trial-20_digit-8.flac,male,56,175
5041,15,fuenf,german,5,8,22,lang-german_speaker-08_trial-22_digit-5.flac,male,21,182
5042,18,acht,german,8,3,30,lang-german_speaker-03_trial-30_digit-8.flac,female,23,174
5043,4,four,english,4,7,23,lang-english_speaker-07_trial-23_digit-4.flac,male,56,175
5044,9,nine,english,9,0,30,lang-english_speaker-00_trial-30_digit-9.flac,male,24,180
5045,18,acht,german,8,3,30,lang-german_speaker-03_trial-30_digit-8.flac,female,23,174
5046,5,five,english,5,9,27,lang-english_speaker-09_trial-27_digit-5.flac,male,32,183
5047,19,neun,german,9,8,22,lang-german_speaker-08_trial-22_digit-9.flac,male,21,182
5048,19,neun,german,9,0,25,lang-german_speaker-00_trial-25_digit-9.flac,male,24,180
5049,15,fuenf,german,5,1,29,lang-german_speaker-01_trial-29_digit-5.flac,male,22,195
5050,5,five,english,5,2,28,lang-english_speaker-02_trial-28_digit-5.flac,female,23,158
5051,17,sieben,german,7,11,36,lang-german_speaker-11_trial-36_digit-7.flac,female,31,163
5052,5,five,english,5,1,26,lang-english_speaker-01_trial-26_digit-5.flac,male,22,195
5053,12,zwei,german,2,7,20,lang-german_speaker-07_trial-20_digit-2.flac,male,56,175
5054,8,eight,english,8,10,27,lang-english_speaker-10_trial-27_digit-8.flac,female,25,160
5055,19,neun,german,9,10,22,lang-german_speaker-10_trial-22_digit-9.flac,female,25,160
5056,0,zero,english,0,11,27,lang-english_speaker-11_trial-27_digit-0.flac,female,31,163
5057,14,vier,german,4,11,36,lang-german_speaker-11_trial-36_digit-4.flac,female,31,163
5058,12,zwei,german,2,2,34,lang-german_speaker-02_trial-34_digit-2.flac,female,23,158
5059,10,null,german,0,10,23,lang-german_speaker-10_trial-23_digit-0.flac,female,25,160
5060,15,fuenf,german,5,2,34,lang-german_speaker-02_trial-34_digit-5.flac,female,23,158
5061,19,neun,german,9,9,24,lang-german_speaker-09_trial-24_digit-9.flac,male,32,183
5062,0,zero,english,0,1,27,lang-english_speaker-01_trial-27_digit-0.flac,male,22,195
5063,4,four,english,4,11,27,lang-english_speaker-11_trial-27_digit-4.flac,female,31,163
5064,12,zwei,german,2,0,25,lang-german_speaker-00_trial-25_digit-2.flac,male,24,180
5065,5,five,english,5,1,27,lang-english_speaker-01_trial-27_digit-5.flac,male,22,195
5066,15,fuenf,german,5,7,20,lang-german_speaker-07_trial-20_digit-5.flac,male,56,175
5067,16,sechs,german,6,2,34,lang-german_speaker-02_trial-34_digit-6.flac,female,23,158
5068,2,two,english,2,0,30,lang-english_speaker-00_trial-30_digit-2.flac,male,24,180
5069,11,eins,german,1,9,25,lang-german_speaker-09_trial-25_digit-1.flac,male,32,183
5070,14,vier,german,4,9,25,lang-german_speaker-09_trial-25_digit-4.flac,male,32,183
5071,1,one,english,1,7,23,lang-english_speaker-07_trial-23_digit-1.flac,male,56,175
5072,13,drei,german,3,1,29,lang-german_speaker-01_trial-29_digit-3.flac,male,22,195
5073,10,null,german,0,0,26,lang-german_speaker-00_trial-26_digit-0.flac,male,24,180
5074,17,sieben,german,7,1,29,lang-german_speaker-01_trial-29_digit-7.flac,male,22,195
5075,15,fuenf,german,5,11,36,lang-german_speaker-11_trial-36_digit-5.flac,female,31,163
5076,15,fuenf,german,5,9,25,lang-german_speaker-09_trial-25_digit-5.flac,male,32,183
5077,8,eight,english,8,2,28,lang-english_speaker-02_trial-28_digit-8.flac,female,23,158
5078,17,sieben,german,7,0,26,lang-german_speaker-00_trial-26_digit-7.flac,male,24,180
5079,10,null,german,0,8,23,lang-german_speaker-08_trial-23_digit-0.flac,male,21,182
5080,1,one,english,1,11,27,lang-english_speaker-11_trial-27_digit-1.flac,female,31,163
5081,14,vier,german,4,10,23,lang-german_speaker-10_trial-23_digit-4.flac,female,25,160
5082,10,null,german,0,3,31,lang-german_speaker-03_trial-31_digit-0.flac,female,23,174
5083,9,nine,english,9,1,27,lang-english_speaker-01_trial-27_digit-9.flac,male,22,195
5084,1,one,english,1,1,28,lang-english_speaker-01_trial-28_digit-1.flac,male,22,195
5085,11,eins,german,1,2,34,lang-german_speaker-02_trial-34_digit-1.flac,female,23,158
5086,5,five,english,5,10,27,lang-english_speaker-10_trial-27_digit-5.flac,female,25,160
5087,13,drei,german,3,0,26,lang-german_speaker-00_trial-26_digit-3.flac,male,24,180
5088,13,drei,german,3,7,20,lang-german_speaker-07_trial-20_digit-3.flac,male,56,175
5089,11,eins,german,1,2,34,lang-german_speaker-02_trial-34_digit-1.flac,female,23,158
5090,8,eight,english,8,2,28,lang-english_speaker-02_trial-28_digit-8.flac,female,23,158
5091,9,nine,english,9,2,28,lang-english_speaker-02_trial-28_digit-9.flac,female,23,158
5092,8,eight,english,8,9,27,lang-english_speaker-09_trial-27_digit-8.flac,male,32,183
5093,4,four,english,4,10,27,lang-english_speaker-10_trial-27_digit-4.flac,female,25,160
5094,0,zero,english,0,0,31,lang-english_speaker-00_trial-31_digit-0.flac,male,24,180
5095,11,eins,german,1,0,26,lang-german_speaker-00_trial-26_digit-1.flac,male,24,180
5096,0,zero,english,0,2,29,lang-english_speaker-02_trial-29_digit-0.flac,female,23,158
5097,18,acht,german,8,0,26,lang-german_speaker-00_trial-26_digit-8.flac,male,24,180
5098,16,sechs,german,6,9,25,lang-german_speaker-09_trial-25_digit-6.flac,male,32,183
5099,11,eins,german,1,9,25,lang-german_speaker-09_trial-25_digit-1.flac,male,32,183
5100,2,two,english,2,6,21,lang-english_speaker-06_trial-21_digit-2.flac,female,35,163
5101,13,drei,german,3,11,36,lang-german_speaker-11_trial-36_digit-3.flac,female,31,163
5102,6,six,english,6,8,24,lang-english_speaker-08_trial-24_digit-6.flac,male,21,182
5103,3,three,english,3,9,27,lang-english_speaker-09_trial-27_digit-3.flac,male,32,183
5104,8,eight,english,8,1,28,lang-english_speaker-01_trial-28_digit-8.flac,male,22,195
5105,15,fuenf,german,5,2,34,lang-german_speaker-02_trial-34_digit-5.flac,female,23,158
5106,2,two,english,2,1,28,lang-english_speaker-01_trial-28_digit-2.flac,male,22,195
5107,3,three,english,3,9,27,lang-english_speaker-09_trial-27_digit-3.flac,male,32,183
5108,17,sieben,german,7,6,12,lang-german_speaker-06_trial-12_digit-7.flac,female,35,163
5109,2,two,english,2,10,27,lang-english_speaker-10_trial-27_digit-2.flac,female,25,160
5110,2,two,english,2,11,27,lang-english_speaker-11_trial-27_digit-2.flac,female,31,163
5111,0,zero,english,0,9,28,lang-english_speaker-09_trial-28_digit-0.flac,male,32,183
5112,14,vier,german,4,2,34,lang-german_speaker-02_trial-34_digit-4.flac,female,23,158
5113,3,three,english,3,9,28,lang-english_speaker-09_trial-28_digit-3.flac,male,32,183
5114,13,drei,german,3,8,23,lang-german_speaker-08_trial-23_digit-3.flac,male,21,182
5115,19,neun,german,9,7,20,lang-german_speaker-07_trial-20_digit-9.flac,male,56,175
5116,14,vier,german,4,1,29,lang-german_speaker-01_trial-29_digit-4.flac,male,22,195
5117,15,fuenf,german,5,8,23,lang-german_speaker-08_trial-23_digit-5.flac,male,21,182
5118,2,two,english,2,1,28,lang-english_speaker-01_trial-28_digit-2.flac,male,22,195
5119,19,neun,german,9,10,23,lang-german_speaker-10_trial-23_digit-9.flac,female,25,160
5120,17,sieben,german,7,3,31,lang-german_speaker-03_trial-31_digit-7.flac,female,23,174
5121,9,nine,english,9,2,29,lang-english_speaker-02_trial-29_digit-9.flac,female,23,158
5122,15,fuenf,german,5,7,20,lang-german_speaker-07_trial-20_digit-5.flac,male,56,175
5123,17,sieben,german,7,10,23,lang-german_speaker-10_trial-23_digit-7.flac,female,25,160
5124,18,acht,german,8,11,36,lang-german_speaker-11_trial-36_digit-8.flac,female,31,163
5125,10,null,german,0,1,30,lang-german_speaker-01_trial-30_digit-0.flac,male,22,195
5126,0,zero,english,0,7,23,lang-english_speaker-07_trial-23_digit-0.flac,male,56,175
5127,15,fuenf,german,5,8,23,lang-german_speaker-08_trial-23_digit-5.flac,male,21,182
5128,11,eins,german,1,11,36,lang-german_speaker-11_trial-36_digit-1.flac,female,31,163
5129,17,sieben,german,7,0,26,lang-german_speaker-00_trial-26_digit-7.flac,male,24,180
5130,16,sechs,german,6,0,26,lang-german_speaker-00_trial-26_digit-6.flac,male,24,180
5131,2,two,english,2,8,24,lang-english_speaker-08_trial-24_digit-2.flac,male,21,182
5132,19,neun,german,9,9,25,lang-german_speaker-09_trial-25_digit-9.flac,male,32,183
5133,11,eins,german,1,9,26,lang-german_speaker-09_trial-26_digit-1.flac,male,32,183
5134,19,neun,german,9,9,26,lang-german_speaker-09_trial-26_digit-9.flac,male,32,183
5135,12,zwei,german,2,1,30,lang-german_speaker-01_trial-30_digit-2.flac,male,22,195
5136,0,zero,english,0,11,27,lang-english_speaker-11_trial-27_digit-0.flac,female,31,163
5137,15,fuenf,german,5,2,34,lang-german_speaker-02_trial-34_digit-5.flac,female,23,158
5138,10,null,german,0,11,37,lang-german_speaker-11_trial-37_digit-0.flac,female,31,163
5139,16,sechs,german,6,1,30,lang-german_speaker-01_trial-30_digit-6.flac,male,22,195
5140,12,zwei,german,2,11,37,lang-german_speaker-11_trial-37_digit-2.flac,female,31,163
5141,15,fuenf,german,5,11,37,lang-german_speaker-11_trial-37_digit-5.flac,female,31,163
5142,12,zwei,german,2,11,37,lang-german_speaker-11_trial-37_digit-2.flac,female,31,163
5143,12,zwei,german,2,2,34,lang-german_speaker-02_trial-34_digit-2.flac,female,23,158
5144,4,four,english,4,2,29,lang-english_speaker-02_trial-29_digit-4.flac,female,23,158
5145,2,two,english,2,6,21,lang-english_speaker-06_trial-21_digit-2.flac,female,35,163
5146,7,seven,english,7,0,31,lang-english_speaker-00_trial-31_digit-7.flac,male,24,180
5147,15,fuenf,german,5,11,37,lang-german_speaker-11_trial-37_digit-5.flac,female,31,163
5148,4,four,english,4,7,23,lang-english_speaker-07_trial-23_digit-4.flac,male,56,175
5149,0,zero,english,0,6,22,lang-english_speaker-06_trial-22_digit-0.flac,female,35,163
5150,5,five,english,5,0,31,lang-english_speaker-00_trial-31_digit-5.flac,male,24,180
5151,1,one,english,1,9,28,lang-english_speaker-09_trial-28_digit-1.flac,male,32,183
5152,6,six,english,6,2,29,lang-english_speaker-02_trial-29_digit-6.flac,female,23,158
5153,13,drei,german,3,8,23,lang-german_speaker-08_trial-23_digit-3.flac,male,21,182
5154,0,zero,english,0,0,32,lang-english_speaker-00_trial-32_digit-0.flac,male,24,180
5155,6,six,english,6,1,28,lang-english_speaker-01_trial-28_digit-6.flac,male,22,195
5156,3,three,english,3,0,32,lang-english_speaker-00_trial-32_digit-3.flac,male,24,180
5157,0,zero,english,0,10,28,lang-english_speaker-10_trial-28_digit-0.flac,female,25,160
5158,4,four,english,4,7,23,lang-english_speaker-07_trial-23_digit-4.flac,male,56,175
5159,0,zero,english,0,8,25,lang-english_speaker-08_trial-25_digit-0.flac,male,21,182
5160,8,eight,english,8,10,28,lang-english_speaker-10_trial-28_digit-8.flac,female,25,160
5161,3,three,english,3,7,23,lang-english_speaker-07_trial-23_digit-3.flac,male,56,175
5162,15,fuenf,german,5,11,37,lang-german_speaker-11_trial-37_digit-5.flac,female,31,163
5163,17,sieben,german,7,7,20,lang-german_speaker-07_trial-20_digit-7.flac,male,56,175
5164,14,vier,german,4,3,31,lang-german_speaker-03_trial-31_digit-4.flac,female,23,174
5165,12,zwei,german,2,8,23,lang-german_speaker-08_trial-23_digit-2.flac,male,21,182
5166,1,one,english,1,1,28,lang-english_speaker-01_trial-28_digit-1.flac,male,22,195
5167,11,eins,german,1,8,23,lang-german_speaker-08_trial-23_digit-1.flac,male,21,182
5168,18,acht,german,8,1,30,lang-german_speaker-01_trial-30_digit-8.flac,male,22,195
5169,18,acht,german,8,9,26,lang-german_speaker-09_trial-26_digit-8.flac,male,32,183
5170,12,zwei,german,2,11,37,lang-german_speaker-11_trial-37_digit-2.flac,female,31,163
5171,9,nine,english,9,1,28,lang-english_speaker-01_trial-28_digit-9.flac,male,22,195
5172,1,one,english,1,1,29,lang-english_speaker-01_trial-29_digit-1.flac,male,22,195
5173,17,sieben,german,7,7,20,lang-german_speaker-07_trial-20_digit-7.flac,male,56,175
5174,13,drei,german,3,1,30,lang-german_speaker-01_trial-30_digit-3.flac,male,22,195
5175,7,seven,english,7,3,16,lang-english_speaker-03_trial-16_digit-7.flac,female,23,174
5176,12,zwei,german,2,3,31,lang-german_speaker-03_trial-31_digit-2.flac,female,23,174
5177,6,six,english,6,2,29,lang-english_speaker-02_trial-29_digit-6.flac,female,23,158
5178,6,six,english,6,8,25,lang-english_speaker-08_trial-25_digit-6.flac,male,21,182
5179,1,one,english,1,10,28,lang-english_speaker-10_trial-28_digit-1.flac,female,25,160
5180,8,eight,english,8,8,25,lang-english_speaker-08_trial-25_digit-8.flac,male,21,182
5181,6,six,english,6,1,29,lang-english_speaker-01_trial-29_digit-6.flac,male,22,195
5182,4,four,english,4,2,29,lang-english_speaker-02_trial-29_digit-4.flac,female,23,158
5183,1,one,english,1,3,16,lang-english_speaker-03_trial-16_digit-1.flac,female,23,174
5184,19,neun,german,9,0,26,lang-german_speaker-00_trial-26_digit-9.flac,male,24,180
5185,8,eight,english,8,10,28,lang-english_speaker-10_trial-28_digit-8.flac,female,25,160
5186,10,null,german,0,1,31,lang-german_speaker-01_trial-31_digit-0.flac,male,22,195
5187,6,six,english,6,11,27,lang-english_speaker-11_trial-27_digit-6.flac,female,31,163
5188,14,vier,german,4,0,26,lang-german_speaker-00_trial-26_digit-4.flac,male,24,180
5189,6,six,english,6,7,23,lang-english_speaker-07_trial-23_digit-6.flac,male,56,175
5190,17,sieben,german,7,2,34,lang-german_speaker-02_trial-34_digit-7.flac,female,23,158
5191,10,null,german,0,2,35,lang-german_speaker-02_trial-35_digit-0.flac,female,23,158
5192,15,fuenf,german,5,3,31,lang-german_speaker-03_trial-31_digit-5.flac,female,23,174
5193,11,eins,german,1,8,23,lang-german_speaker-08_trial-23_digit-1.flac,male,21,182
5194,4,four,english,4,8,25,lang-english_speaker-08_trial-25_digit-4.flac,male,21,182
5195,17,sieben,german,7,2,35,lang-german_speaker-02_trial-35_digit-7.flac,female,23,158
5196,19,neun,german,9,0,26,lang-german_speaker-00_trial-26_digit-9.flac,male,24,180
5197,18,acht,german,8,7,20,lang-german_speaker-07_trial-20_digit-8.flac,male,56,175
5198,15,fuenf,german,5,2,35,lang-german_speaker-02_trial-35_digit-5.flac,female,23,158
5199,7,seven,english,7,7,23,lang-english_speaker-07_trial-23_digit-7.flac,male,56,175
5200,18,acht,german,8,1,31,lang-german_speaker-01_trial-31_digit-8.flac,male,22,195
5201,1,one,english,1,11,27,lang-english_speaker-11_trial-27_digit-1.flac,female,31,163
5202,6,six,english,6,10,28,lang-english_speaker-10_trial-28_digit-6.flac,female,25,160
5203,9,nine,english,9,3,16,lang-english_speaker-03_trial-16_digit-9.flac,female,23,174
5204,11,eins,german,1,2,35,lang-german_speaker-02_trial-35_digit-1.flac,female,23,158
5205,16,sechs,german,6,10,23,lang-german_speaker-10_trial-23_digit-6.flac,female,25,160
5206,10,null,german,0,0,27,lang-german_speaker-00_trial-27_digit-0.flac,male,24,180
5207,7,seven,english,7,8,25,lang-english_speaker-08_trial-25_digit-7.flac,male,21,182
5208,1,one,english,1,6,22,lang-english_speaker-06_trial-22_digit-1.flac,female,35,163
5209,7,seven,english,7,3,16,lang-english_speaker-03_trial-16_digit-7.flac,female,23,174
5210,1,one,english,1,0,32,lang-english_speaker-00_trial-32_digit-1.flac,male,24,180
5211,18,acht,german,8,6,12,lang-german_speaker-06_trial-12_digit-8.flac,female,35,163
5212,11,eins,german,1,10,24,lang-german_speaker-10_trial-24_digit-1.flac,female,25,160
5213,5,five,english,5,1,29,lang-english_speaker-01_trial-29_digit-5.flac,male,22,195
5214,1,one,english,1,10,28,lang-english_speaker-10_trial-28_digit-1.flac,female,25,160
5215,14,vier,german,4,10,24,lang-german_speaker-10_trial-24_digit-4.flac,female,25,160
5216,17,sieben,german,7,11,37,lang-german_speaker-11_trial-37_digit-7.flac,female,31,163
5217,4,four,english,4,3,16,lang-english_speaker-03_trial-16_digit-4.flac,female,23,174
5218,1,one,english,1,6,22,lang-english_speaker-06_trial-22_digit-1.flac,female,35,163
5219,8,eight,english,8,3,16,lang-english_speaker-03_trial-16_digit-8.flac,female,23,174
5220,0,zero,english,0,7,24,lang-english_speaker-07_trial-24_digit-0.flac,male,56,175
5221,19,neun,german,9,0,27,lang-german_speaker-00_trial-27_digit-9.flac,male,24,180
5222,4,four,english,4,9,28,lang-english_speaker-09_trial-28_digit-4.flac,male,32,183
5223,8,eight,english,8,2,29,lang-english_speaker-02_trial-29_digit-8.flac,female,23,158
5224,6,six,english,6,10,28,lang-english_speaker-10_trial-28_digit-6.flac,female,25,160
5225,2,two,english,2,7,24,lang-english_speaker-07_trial-24_digit-2.flac,male,56,175
5226,9,nine,english,9,7,24,lang-english_speaker-07_trial-24_digit-9.flac,male,56,175
5227,13,drei,german,3,2,35,lang-german_speaker-02_trial-35_digit-3.flac,female,23,158
5228,16,sechs,german,6,1,31,lang-german_speaker-01_trial-31_digit-6.flac,male,22,195
5229,10,null,german,0,8,23,lang-german_speaker-08_trial-23_digit-0.flac,male,21,182
5230,0,zero,english,0,1,29,lang-english_speaker-01_trial-29_digit-0.flac,male,22,195
5231,7,seven,english,7,11,27,lang-english_speaker-11_trial-27_digit-7.flac,female,31,163
5232,12,zwei,german,2,7,20,lang-german_speaker-07_trial-20_digit-2.flac,male,56,175
5233,15,fuenf,german,5,11,37,lang-german_speaker-11_trial-37_digit-5.flac,female,31,163
5234,6,six,english,6,0,32,lang-english_speaker-00_trial-32_digit-6.flac,male,24,180
5235,12,zwei,german,2,8,23,lang-german_speaker-08_trial-23_digit-2.flac,male,21,182
5236,18,acht,german,8,6,12,lang-german_speaker-06_trial-12_digit-8.flac,female,35,163
5237,3,three,english,3,6,22,lang-english_speaker-06_trial-22_digit-3.flac,female,35,163
5238,11,eins,german,1,7,21,lang-german_speaker-07_trial-21_digit-1.flac,male,56,175
5239,2,two,english,2,0,32,lang-english_speaker-00_trial-32_digit-2.flac,male,24,180
5240,8,eight,english,8,2,29,lang-english_speaker-02_trial-29_digit-8.flac,female,23,158
5241,12,zwei,german,2,7,21,lang-german_speaker-07_trial-21_digit-2.flac,male,56,175
5242,4,four,english,4,9,28,lang-english_speaker-09_trial-28_digit-4.flac,male,32,183
5243,13,drei,german,3,10,24,lang-german_speaker-10_trial-24_digit-3.flac,female,25,160
5244,11,eins,german,1,8,23,lang-german_speaker-08_trial-23_digit-1.flac,male,21,182
5245,11,eins,german,1,0,28,lang-german_speaker-00_trial-28_digit-1.flac,male,24,180
5246,0,zero,english,0,9,28,lang-english_speaker-09_trial-28_digit-0.flac,male,32,183
5247,16,sechs,german,6,2,35,lang-german_speaker-02_trial-35_digit-6.flac,female,23,158
5248,0,zero,english,0,11,28,lang-english_speaker-11_trial-28_digit-0.flac,female,31,163
5249,16,sechs,german,6,11,37,lang-german_speaker-11_trial-37_digit-6.flac,female,31,163
5250,16,sechs,german,6,3,31,lang-german_speaker-03_trial-31_digit-6.flac,female,23,174
5251,18,acht,german,8,11,37,lang-german_speaker-11_trial-37_digit-8.flac,female,31,163
5252,0,zero,english,0,9,28,lang-english_speaker-09_trial-28_digit-0.flac,male,32,183
5253,6,six,english,6,8,25,lang-english_speaker-08_trial-25_digit-6.flac,male,21,182
5254,12,zwei,german,2,3,31,lang-german_speaker-03_trial-31_digit-2.flac,female,23,174
5255,11,eins,german,1,11,37,lang-german_speaker-11_trial-37_digit-1.flac,female,31,163
5256,13,drei,german,3,3,31,lang-german_speaker-03_trial-31_digit-3.flac,female,23,174
5257,16,sechs,german,6,0,28,lang-german_speaker-00_trial-28_digit-6.flac,male,24,180
5258,1,one,english,1,9,28,lang-english_speaker-09_trial-28_digit-1.flac,male,32,183
5259,13,drei,german,3,10,24,lang-german_speaker-10_trial-24_digit-3.flac,female,25,160
5260,3,three,english,3,2,29,lang-english_speaker-02_trial-29_digit-3.flac,female,23,158
5261,16,sechs,german,6,11,37,lang-german_speaker-11_trial-37_digit-6.flac,female,31,163
5262,5,five,english,5,9,28,lang-english_speaker-09_trial-28_digit-5.flac,male,32,183
5263,11,eins,german,1,6,12,lang-german_speaker-06_trial-12_digit-1.flac,female,35,163
5264,11,eins,german,1,0,28,lang-german_speaker-00_trial-28_digit-1.flac,male,24,180
5265,8,eight,english,8,6,22,lang-english_speaker-06_trial-22_digit-8.flac,female,35,163
5266,15,fuenf,german,5,11,37,lang-german_speaker-11_trial-37_digit-5.flac,female,31,163
5267,1,one,english,1,1,29,lang-english_speaker-01_trial-29_digit-1.flac,male,22,195
5268,19,neun,german,9,11,37,lang-german_speaker-11_trial-37_digit-9.flac,female,31,163
5269,1,one,english,1,11,28,lang-english_speaker-11_trial-28_digit-1.flac,female,31,163
5270,1,one,english,1,9,28,lang-english_speaker-09_trial-28_digit-1.flac,male,32,183
5271,12,zwei,german,2,11,37,lang-german_speaker-11_trial-37_digit-2.flac,female,31,163
5272,10,null,german,0,9,27,lang-german_speaker-09_trial-27_digit-0.flac,male,32,183
5273,8,eight,english,8,10,28,lang-english_speaker-10_trial-28_digit-8.flac,female,25,160
5274,18,acht,german,8,3,31,lang-german_speaker-03_trial-31_digit-8.flac,female,23,174
5275,2,two,english,2,2,29,lang-english_speaker-02_trial-29_digit-2.flac,female,23,158
5276,12,zwei,german,2,2,35,lang-german_speaker-02_trial-35_digit-2.flac,female,23,158
5277,14,vier,german,4,10,24,lang-german_speaker-10_trial-24_digit-4.flac,female,25,160
5278,12,zwei,german,2,2,35,lang-german_speaker-02_trial-35_digit-2.flac,female,23,158
5279,5,five,english,5,11,28,lang-english_speaker-11_trial-28_digit-5.flac,female,31,163
5280,16,sechs,german,6,11,37,lang-german_speaker-11_trial-37_digit-6.flac,female,31,163
5281,8,eight,english,8,3,16,lang-english_speaker-03_trial-16_digit-8.flac,female,23,174
5282,19,neun,german,9,11,37,lang-german_speaker-11_trial-37_digit-9.flac,female,31,163
5283,9,nine,english,9,7,24,lang-english_speaker-07_trial-24_digit-9.flac,male,56,175
5284,14,vier,german,4,10,24,lang-german_speaker-10_trial-24_digit-4.flac,female,25,160
5285,2,two,english,2,9,28,lang-english_speaker-09_trial-28_digit-2.flac,male,32,183
5286,7,seven,english,7,10,28,lang-english_speaker-10_trial-28_digit-7.flac,female,25,160
5287,19,neun,german,9,1,31,lang-german_speaker-01_trial-31_digit-9.flac,male,22,195
5288,14,vier,german,4,0,28,lang-german_speaker-00_trial-28_digit-4.flac,male,24,180
5289,13,drei,german,3,8,23,lang-german_speaker-08_trial-23_digit-3.flac,male,21,182
5290,17,sieben,german,7,0,28,lang-german_speaker-00_trial-28_digit-7.flac,male,24,180
5291,7,seven,english,7,2,29,lang-english_speaker-02_trial-29_digit-7.flac,female,23,158
5292,13,drei,german,3,8,23,lang-german_speaker-08_trial-23_digit-3.flac,male,21,182
5293,10,null,german,0,6,13,lang-german_speaker-06_trial-13_digit-0.flac,female,35,163
5294,15,fuenf,german,5,11,37,lang-german_speaker-11_trial-37_digit-5.flac,female,31,163
5295,16,sechs,german,6,7,21,lang-german_speaker-07_trial-21_digit-6.flac,male,56,175
5296,19,neun,german,9,1,31,lang-german_speaker-01_trial-31_digit-9.flac,male,22,195
5297,7,seven,english,7,9,28,lang-english_speaker-09_trial-28_digit-7.flac,male,32,183
5298,10,null,german,0,2,36,lang-german_speaker-02_trial-36_digit-0.flac,female,23,158
5299,14,vier,german,4,11,37,lang-german_speaker-11_trial-37_digit-4.flac,female,31,163
5300,6,six,english,6,0,32,lang-english_speaker-00_trial-32_digit-6.flac,male,24,180
5301,18,acht,german,8,11,37,lang-german_speaker-11_trial-37_digit-8.flac,female,31,163
5302,5,five,english,5,3,16,lang-english_speaker-03_trial-16_digit-5.flac,female,23,174
5303,5,five,english,5,9,28,lang-english_speaker-09_trial-28_digit-5.flac,male,32,183
5304,15,fuenf,german,5,3,31,lang-german_speaker-03_trial-31_digit-5.flac,female,23,174
5305,3,three,english,3,7,24,lang-english_speaker-07_trial-24_digit-3.flac,male,56,175
5306,18,acht,german,8,3,31,lang-german_speaker-03_trial-31_digit-8.flac,female,23,174
5307,8,eight,english,8,7,24,lang-english_speaker-07_trial-24_digit-8.flac,male,56,175
5308,0,zero,english,0,2,30,lang-english_speaker-02_trial-30_digit-0.flac,female,23,158
5309,8,eight,english,8,3,16,lang-english_speaker-03_trial-16_digit-8.flac,female,23,174
5310,8,eight,english,8,9,28,lang-english_speaker-09_trial-28_digit-8.flac,male,32,183
5311,4,four,english,4,2,30,lang-english_speaker-02_trial-30_digit-4.flac,female,23,158
5312,7,seven,english,7,7,24,lang-english_speaker-07_trial-24_digit-7.flac,male,56,175
5313,4,four,english,4,10,28,lang-english_speaker-10_trial-28_digit-4.flac,female,25,160
5314,18,acht,german,8,9,27,lang-german_speaker-09_trial-27_digit-8.flac,male,32,183
5315,3,three,english,3,8,25,lang-english_speaker-08_trial-25_digit-3.flac,male,21,182
5316,2,two,english,2,9,28,lang-english_speaker-09_trial-28_digit-2.flac,male,32,183
5317,7,seven,english,7,10,28,lang-english_speaker-10_trial-28_digit-7.flac,female,25,160
5318,8,eight,english,8,0,32,lang-english_speaker-00_trial-32_digit-8.flac,male,24,180
5319,14,vier,german,4,3,31,lang-german_speaker-03_trial-31_digit-4.flac,female,23,174
5320,14,vier,german,4,7,21,lang-german_speaker-07_trial-21_digit-4.flac,male,56,175
5321,3,three,english,3,9,28,lang-english_speaker-09_trial-28_digit-3.flac,male,32,183
5322,13,drei,german,3,8,23,lang-german_speaker-08_trial-23_digit-3.flac,male,21,182
5323,19,neun,german,9,2,36,lang-german_speaker-02_trial-36_digit-9.flac,female,23,158
5324,6,six,english,6,1,29,lang-english_speaker-01_trial-29_digit-6.flac,male,22,195
5325,19,neun,german,9,8,23,lang-german_speaker-08_trial-23_digit-9.flac,male,21,182
5326,7,seven,english,7,10,28,lang-english_speaker-10_trial-28_digit-7.flac,female,25,160
5327,7,seven,english,7,2,30,lang-english_speaker-02_trial-30_digit-7.flac,female,23,158
5328,9,nine,english,9,8,25,lang-english_speaker-08_trial-25_digit-9.flac,male,21,182
5329,13,drei,german,3,1,31,lang-german_speaker-01_trial-31_digit-3.flac,male,22,195
5330,3,three,english,3,0,32,lang-english_speaker-00_trial-32_digit-3.flac,male,24,180
5331,10,null,german,0,7,21,lang-german_speaker-07_trial-21_digit-0.flac,male,56,175
5332,19,neun,german,9,8,23,lang-german_speaker-08_trial-23_digit-9.flac,male,21,182
5333,6,six,english,6,9,28,lang-english_speaker-09_trial-28_digit-6.flac,male,32,183
5334,12,zwei,german,2,1,31,lang-german_speaker-01_trial-31_digit-2.flac,male,22,195
5335,19,neun,german,9,7,21,lang-german_speaker-07_trial-21_digit-9.flac,male,56,175
5336,13,drei,german,3,8,23,lang-german_speaker-08_trial-23_digit-3.flac,male,21,182
5337,1,one,english,1,9,28,lang-english_speaker-09_trial-28_digit-1.flac,male,32,183
5338,14,vier,german,4,1,31,lang-german_speaker-01_trial-31_digit-4.flac,male,22,195
5339,2,two,english,2,0,32,lang-english_speaker-00_trial-32_digit-2.flac,male,24,180
5340,2,two,english,2,10,28,lang-english_speaker-10_trial-28_digit-2.flac,female,25,160
5341,2,two,english,2,6,22,lang-english_speaker-06_trial-22_digit-2.flac,female,35,163
5342,12,zwei,german,2,2,36,lang-german_speaker-02_trial-36_digit-2.flac,female,23,158
5343,7,seven,english,7,9,28,lang-english_speaker-09_trial-28_digit-7.flac,male,32,183
5344,4,four,english,4,11,28,lang-english_speaker-11_trial-28_digit-4.flac,female,31,163
5345,14,vier,german,4,9,27,lang-german_speaker-09_trial-27_digit-4.flac,male,32,183
5346,8,eight,english,8,8,25,lang-english_speaker-08_trial-25_digit-8.flac,male,21,182
5347,1,one,english,1,2,30,lang-english_speaker-02_trial-30_digit-1.flac,female,23,158
5348,19,neun,german,9,1,31,lang-german_speaker-01_trial-31_digit-9.flac,male,22,195
5349,10,null,german,0,3,32,lang-german_speaker-03_trial-32_digit-0.flac,female,23,174
5350,9,nine,english,9,11,28,lang-english_speaker-11_trial-28_digit-9.flac,female,31,163
5351,5,five,english,5,11,28,lang-english_speaker-11_trial-28_digit-5.flac,female,31,163
5352,3,three,english,3,8,25,lang-english_speaker-08_trial-25_digit-3.flac,male,21,182
5353,12,zwei,german,2,11,37,lang-german_speaker-11_trial-37_digit-2.flac,female,31,163
5354,18,acht,german,8,9,27,lang-german_speaker-09_trial-27_digit-8.flac,male,32,183
5355,3,three,english,3,2,30,lang-english_speaker-02_trial-30_digit-3.flac,female,23,158
5356,14,vier,german,4,3,32,lang-german_speaker-03_trial-32_digit-4.flac,female,23,174
5357,12,zwei,german,2,1,31,lang-german_speaker-01_trial-31_digit-2.flac,male,22,195
5358,6,six,english,6,11,28,lang-english_speaker-11_trial-28_digit-6.flac,female,31,163
5359,9,nine,english,9,7,24,lang-english_speaker-07_trial-24_digit-9.flac,male,56,175
5360,10,null,german,0,9,28,lang-german_speaker-09_trial-28_digit-0.flac,male,32,183
5361,1,one,english,1,9,28,lang-english_speaker-09_trial-28_digit-1.flac,male,32,183
5362,5,five,english,5,11,28,lang-english_speaker-11_trial-28_digit-5.flac,female,31,163
5363,1,one,english,1,7,25,lang-english_speaker-07_trial-25_digit-1.flac,male,56,175
5364,6,six,english,6,2,30,lang-english_speaker-02_trial-30_digit-6.flac,female,23,158
5365,13,drei,german,3,2,36,lang-german_speaker-02_trial-36_digit-3.flac,female,23,158
5366,13,drei,german,3,0,28,lang-german_speaker-00_trial-28_digit-3.flac,male,24,180
5367,16,sechs,german,6,11,37,lang-german_speaker-11_trial-37_digit-6.flac,female,31,163
5368,18,acht,german,8,11,37,lang-german_speaker-11_trial-37_digit-8.flac,female,31,163
5369,3,three,english,3,3,16,lang-english_speaker-03_trial-16_digit-3.flac,female,23,174
5370,19,neun,german,9,7,21,lang-german_speaker-07_trial-21_digit-9.flac,male,56,175
5371,4,four,english,4,7,25,lang-english_speaker-07_trial-25_digit-4.flac,male,56,175
5372,18,acht,german,8,11,37,lang-german_speaker-11_trial-37_digit-8.flac,female,31,163
5373,2,two,english,2,2,30,lang-english_speaker-02_trial-30_digit-2.flac,female,23,158
5374,16,sechs,german,6,10,24,lang-german_speaker-10_trial-24_digit-6.flac,female,25,160
5375,19,neun,german,9,11,37,lang-german_speaker-11_trial-37_digit-9.flac,female,31,163
5376,14,vier,german,4,1,31,lang-german_speaker-01_trial-31_digit-4.flac,male,22,195
5377,7,seven,english,7,9,28,lang-english_speaker-09_trial-28_digit-7.flac,male,32,183
5378,4,four,english,4,11,28,lang-english_speaker-11_trial-28_digit-4.flac,female,31,163
5379,7,seven,english,7,7,25,lang-english_speaker-07_trial-25_digit-7.flac,male,56,175
5380,12,zwei,german,2,6,13,lang-german_speaker-06_trial-13_digit-2.flac,female,35,163
5381,10,null,german,0,1,32,lang-german_speaker-01_trial-32_digit-0.flac,male,22,195
5382,17,sieben,german,7,8,23,lang-german_speaker-08_trial-23_digit-7.flac,male,21,182
5383,17,sieben,german,7,0,28,lang-german_speaker-00_trial-28_digit-7.flac,male,24,180
5384,1,one,english,1,7,25,lang-english_speaker-07_trial-25_digit-1.flac,male,56,175
5385,9,nine,english,9,11,28,lang-english_speaker-11_trial-28_digit-9.flac,female,31,163
5386,6,six,english,6,9,28,lang-english_speaker-09_trial-28_digit-6.flac,male,32,183
5387,5,five,english,5,6,22,lang-english_speaker-06_trial-22_digit-5.flac,female,35,163
5388,18,acht,german,8,3,32,lang-german_speaker-03_trial-32_digit-8.flac,female,23,174
5389,9,nine,english,9,7,25,lang-english_speaker-07_trial-25_digit-9.flac,male,56,175
5390,7,seven,english,7,9,28,lang-english_speaker-09_trial-28_digit-7.flac,male,32,183
5391,19,neun,german,9,9,28,lang-german_speaker-09_trial-28_digit-9.flac,male,32,183
5392,13,drei,german,3,11,37,lang-german_speaker-11_trial-37_digit-3.flac,female,31,163
5393,1,one,english,1,1,29,lang-english_speaker-01_trial-29_digit-1.flac,male,22,195
5394,8,eight,english,8,7,25,lang-english_speaker-07_trial-25_digit-8.flac,male,56,175
5395,1,one,english,1,11,29,lang-english_speaker-11_trial-29_digit-1.flac,female,31,163
5396,7,seven,english,7,7,25,lang-english_speaker-07_trial-25_digit-7.flac,male,56,175
5397,12,zwei,german,2,0,28,lang-german_speaker-00_trial-28_digit-2.flac,male,24,180
5398,17,sieben,german,7,7,21,lang-german_speaker-07_trial-21_digit-7.flac,male,56,175
5399,6,six,english,6,2,30,lang-english_speaker-02_trial-30_digit-6.flac,female,23,158
5400,10,null,german,0,9,29,lang-german_speaker-09_trial-29_digit-0.flac,male,32,183
5401,19,neun,german,9,0,28,lang-german_speaker-00_trial-28_digit-9.flac,male,24,180
5402,4,four,english,4,8,25,lang-english_speaker-08_trial-25_digit-4.flac,male,21,182
5403,10,null,german,0,0,29,lang-german_speaker-00_trial-29_digit-0.flac,male,24,180
5404,3,three,english,3,1,29,lang-english_speaker-01_trial-29_digit-3.flac,male,22,195
5405,2,two,english,2,7,25,lang-english_speaker-07_trial-25_digit-2.flac,male,56,175
5406,9,nine,english,9,10,28,lang-english_speaker-10_trial-28_digit-9.flac,female,25,160
5407,16,sechs,german,6,3,32,lang-german_speaker-03_trial-32_digit-6.flac,female,23,174
5408,1,one,english,1,6,22,lang-english_speaker-06_trial-22_digit-1.flac,female,35,163
5409,8,eight,english,8,0,32,lang-english_speaker-00_trial-32_digit-8.flac,male,24,180
5410,5,five,english,5,10,28,lang-english_speaker-10_trial-28_digit-5.flac,female,25,160
5411,11,eins,german,1,8,24,lang-german_speaker-08_trial-24_digit-1.flac,male,21,182
5412,15,fuenf,german,5,3,32,lang-german_speaker-03_trial-32_digit-5.flac,female,23,174
5413,11,eins,german,1,2,37,lang-german_speaker-02_trial-37_digit-1.flac,female,23,158
5414,19,neun,german,9,7,21,lang-german_speaker-07_trial-21_digit-9.flac,male,56,175
5415,9,nine,english,9,9,28,lang-english_speaker-09_trial-28_digit-9.flac,male,32,183
5416,10,null,german,0,0,29,lang-german_speaker-00_trial-29_digit-0.flac,male,24,180
5417,19,neun,german,9,2,37,lang-german_speaker-02_trial-37_digit-9.flac,female,23,158
5418,17,sieben,german,7,0,29,lang-german_speaker-00_trial-29_digit-7.flac,male,24,180
5419,6,six,english,6,3,16,lang-english_speaker-03_trial-16_digit-6.flac,female,23,174
5420,0,zero,english,0,9,29,lang-english_speaker-09_trial-29_digit-0.flac,male,32,183
5421,17,sieben,german,7,10,24,lang-german_speaker-10_trial-24_digit-7.flac,female,25,160
5422,13,drei,german,3,7,21,lang-german_speaker-07_trial-21_digit-3.flac,male,56,175
5423,19,neun,german,9,8,24,lang-german_speaker-08_trial-24_digit-9.flac,male,21,182
5424,15,fuenf,german,5,9,29,lang-german_speaker-09_trial-29_digit-5.flac,male,32,183
5425,12,zwei,german,2,8,24,lang-german_speaker-08_trial-24_digit-2.flac,male,21,182
5426,14,vier,german,4,3,32,lang-german_speaker-03_trial-32_digit-4.flac,female,23,174
5427,3,three,english,3,7,25,lang-english_speaker-07_trial-25_digit-3.flac,male,56,175
5428,15,fuenf,german,5,6,13,lang-german_speaker-06_trial-13_digit-5.flac,female,35,163
5429,1,one,english,1,6,22,lang-english_speaker-06_trial-22_digit-1.flac,female,35,163
5430,19,neun,german,9,9,29,lang-german_speaker-09_trial-29_digit-9.flac,male,32,183
5431,12,zwei,german,2,11,37,lang-german_speaker-11_trial-37_digit-2.flac,female,31,163
5432,3,three,english,3,0,32,lang-english_speaker-00_trial-32_digit-3.flac,male,24,180
5433,9,nine,english,9,9,29,lang-english_speaker-09_trial-29_digit-9.flac,male,32,183
5434,18,acht,german,8,3,32,lang-german_speaker-03_trial-32_digit-8.flac,female,23,174
5435,12,zwei,german,2,11,37,lang-german_speaker-11_trial-37_digit-2.flac,female,31,163
5436,14,vier,german,4,8,24,lang-german_speaker-08_trial-24_digit-4.flac,male,21,182
5437,4,four,english,4,9,29,lang-english_speaker-09_trial-29_digit-4.flac,male,32,183
5438,14,vier,german,4,2,37,lang-german_speaker-02_trial-37_digit-4.flac,female,23,158
5439,1,one,english,1,6,22,lang-english_speaker-06_trial-22_digit-1.flac,female,35,163
5440,15,fuenf,german,5,11,37,lang-german_speaker-11_trial-37_digit-5.flac,female,31,163
5441,8,eight,english,8,10,28,lang-english_speaker-10_trial-28_digit-8.flac,female,25,160
5442,13,drei,german,3,7,21,lang-german_speaker-07_trial-21_digit-3.flac,male,56,175
5443,7,seven,english,7,9,29,lang-english_speaker-09_trial-29_digit-7.flac,male,32,183
5444,19,neun,german,9,9,29,lang-german_speaker-09_trial-29_digit-9.flac,male,32,183
5445,6,six,english,6,1,29,lang-english_speaker-01_trial-29_digit-6.flac,male,22,195
5446,19,neun,german,9,11,37,lang-german_speaker-11_trial-37_digit-9.flac,female,31,163
5447,6,six,english,6,11,29,lang-english_speaker-11_trial-29_digit-6.flac,female,31,163
5448,2,two,english,2,10,28,lang-english_speaker-10_trial-28_digit-2.flac,female,25,160
5449,15,fuenf,german,5,7,21,lang-german_speaker-07_trial-21_digit-5.flac,male,56,175
5450,1,one,english,1,10,29,lang-english_speaker-10_trial-29_digit-1.flac,female,25,160
5451,13,drei,german,3,7,21,lang-german_speaker-07_trial-21_digit-3.flac,male,56,175
5452,0,zero,english,0,3,17,lang-english_speaker-03_trial-17_digit-0.flac,female,23,174
5453,8,eight,english,8,1,29,lang-english_speaker-01_trial-29_digit-8.flac,male,22,195
5454,3,three,english,3,9,29,lang-english_speaker-09_trial-29_digit-3.flac,male,32,183
5455,11,eins,german,1,8,25,lang-german_speaker-08_trial-25_digit-1.flac,male,21,182
5456,8,eight,english,8,10,29,lang-english_speaker-10_trial-29_digit-8.flac,female,25,160
5457,5,five,english,5,7,25,lang-english_speaker-07_trial-25_digit-5.flac,male,56,175
5458,7,seven,english,7,11,29,lang-english_speaker-11_trial-29_digit-7.flac,female,31,163
5459,4,four,english,4,2,30,lang-english_speaker-02_trial-30_digit-4.flac,female,23,158
5460,14,vier,german,4,1,32,lang-german_speaker-01_trial-32_digit-4.flac,male,22,195
5461,14,vier,german,4,8,25,lang-german_speaker-08_trial-25_digit-4.flac,male,21,182
5462,7,seven,english,7,6,22,lang-english_speaker-06_trial-22_digit-7.flac,female,35,163
5463,19,neun,german,9,2,37,lang-german_speaker-02_trial-37_digit-9.flac,female,23,158
5464,14,vier,german,4,11,37,lang-german_speaker-11_trial-37_digit-4.flac,female,31,163
5465,1,one,english,1,10,29,lang-english_speaker-10_trial-29_digit-1.flac,female,25,160
5466,1,one,english,1,7,26,lang-english_speaker-07_trial-26_digit-1.flac,male,56,175
5467,16,sechs,german,6,11,37,lang-german_speaker-11_trial-37_digit-6.flac,female,31,163
5468,18,acht,german,8,2,37,lang-german_speaker-02_trial-37_digit-8.flac,female,23,158
5469,19,neun,german,9,7,21,lang-german_speaker-07_trial-21_digit-9.flac,male,56,175
5470,12,zwei,german,2,7,21,lang-german_speaker-07_trial-21_digit-2.flac,male,56,175
5471,13,drei,german,3,0,29,lang-german_speaker-00_trial-29_digit-3.flac,male,24,180
5472,10,null,german,0,3,33,lang-german_speaker-03_trial-33_digit-0.flac,female,23,174
5473,8,eight,english,8,0,32,lang-english_speaker-00_trial-32_digit-8.flac,male,24,180
5474,15,fuenf,german,5,3,33,lang-german_speaker-03_trial-33_digit-5.flac,female,23,174
5475,5,five,english,5,11,29,lang-english_speaker-11_trial-29_digit-5.flac,female,31,163
5476,2,two,english,2,11,29,lang-english_speaker-11_trial-29_digit-2.flac,female,31,163
5477,10,null,german,0,11,38,lang-german_speaker-11_trial-38_digit-0.flac,female,31,163
5478,4,four,english,4,11,29,lang-english_speaker-11_trial-29_digit-4.flac,female,31,163
5479,10,null,german,0,2,38,lang-german_speaker-02_trial-38_digit-0.flac,female,23,158
5480,18,acht,german,8,8,25,lang-german_speaker-08_trial-25_digit-8.flac,male,21,182
5481,4,four,english,4,9,29,lang-english_speaker-09_trial-29_digit-4.flac,male,32,183
5482,2,two,english,2,7,26,lang-english_speaker-07_trial-26_digit-2.flac,male,56,175
5483,17,sieben,german,7,11,38,lang-german_speaker-11_trial-38_digit-7.flac,female,31,163
5484,13,drei,german,3,9,29,lang-german_speaker-09_trial-29_digit-3.flac,male,32,183
5485,1,one,english,1,1,29,lang-english_speaker-01_trial-29_digit-1.flac,male,22,195
5486,13,drei,german,3,1,32,lang-german_speaker-01_trial-32_digit-3.flac,male,22,195
5487,3,three,english,3,6,22,lang-english_speaker-06_trial-22_digit-3.flac,female,35,163
5488,1,one,english,1,10,29,lang-english_speaker-10_trial-29_digit-1.flac,female,25,160
5489,19,neun,german,9,2,38,lang-german_speaker-02_trial-38_digit-9.flac,female,23,158
5490,15,fuenf,german,5,1,32,lang-german_speaker-01_trial-32_digit-5.flac,male,22,195
5491,13,drei,german,3,3,33,lang-german_speaker-03_trial-33_digit-3.flac,female,23,174
5492,19,neun,german,9,1,32,lang-german_speaker-01_trial-32_digit-9.flac,male,22,195
5493,15,fuenf,german,5,2,38,lang-german_speaker-02_trial-38_digit-5.flac,female,23,158
5494,6,six,english,6,6,22,lang-english_speaker-06_trial-22_digit-6.flac,female,35,163
5495,16,sechs,german,6,8,25,lang-german_speaker-08_trial-25_digit-6.flac,male,21,182
5496,3,three,english,3,0,32,lang-english_speaker-00_trial-32_digit-3.flac,male,24,180
5497,14,vier,german,4,0,29,lang-german_speaker-00_trial-29_digit-4.flac,male,24,180
5498,10,null,german,0,10,25,lang-german_speaker-10_trial-25_digit-0.flac,female,25,160
5499,3,three,english,3,8,25,lang-english_speaker-08_trial-25_digit-3.flac,male,21,182
5500,11,eins,german,1,11,38,lang-german_speaker-11_trial-38_digit-1.flac,female,31,163
5501,8,eight,english,8,9,29,lang-english_speaker-09_trial-29_digit-8.flac,male,32,183
5502,13,drei,german,3,2,38,lang-german_speaker-02_trial-38_digit-3.flac,female,23,158
5503,14,vier,german,4,7,21,lang-german_speaker-07_trial-21_digit-4.flac,male,56,175
5504,15,fuenf,german,5,9,29,lang-german_speaker-09_trial-29_digit-5.flac,male,32,183
5505,0,zero,english,0,9,30,lang-english_speaker-09_trial-30_digit-0.flac,male,32,183
5506,19,neun,german,9,3,33,lang-german_speaker-03_trial-33_digit-9.flac,female,23,174
5507,3,three,english,3,1,29,lang-english_speaker-01_trial-29_digit-3.flac,male,22,195
5508,13,drei,german,3,0,29,lang-german_speaker-00_trial-29_digit-3.flac,male,24,180
5509,2,two,english,2,3,17,lang-english_speaker-03_trial-17_digit-2.flac,female,23,174
5510,14,vier,german,4,3,33,lang-german_speaker-03_trial-33_digit-4.flac,female,23,174
5511,7,seven,english,7,8,25,lang-english_speaker-08_trial-25_digit-7.flac,male,21,182
5512,1,one,english,1,0,32,lang-english_speaker-00_trial-32_digit-1.flac,male,24,180
5513,9,nine,english,9,11,29,lang-english_speaker-11_trial-29_digit-9.flac,female,31,163
5514,7,seven,english,7,11,29,lang-english_speaker-11_trial-29_digit-7.flac,female,31,163
5515,9,nine,english,9,9,30,lang-english_speaker-09_trial-30_digit-9.flac,male,32,183
5516,17,sieben,german,7,8,25,lang-german_speaker-08_trial-25_digit-7.flac,male,21,182
5517,9,nine,english,9,1,29,lang-english_speaker-01_trial-29_digit-9.flac,male,22,195
5518,18,acht,german,8,1,32,lang-german_speaker-01_trial-32_digit-8.flac,male,22,195
5519,19,neun,german,9,6,13,lang-german_speaker-06_trial-13_digit-9.flac,female,35,163
5520,9,nine,english,9,0,32,lang-english_speaker-00_trial-32_digit-9.flac,male,24,180
5521,3,three,english,3,2,30,lang-english_speaker-02_trial-30_digit-3.flac,female,23,158
5522,9,nine,english,9,8,25,lang-english_speaker-08_trial-25_digit-9.flac,male,21,182
5523,11,eins,german,1,3,34,lang-german_speaker-03_trial-34_digit-1.flac,female,23,174
5524,0,zero,english,0,7,26,lang-english_speaker-07_trial-26_digit-0.flac,male,56,175
5525,11,eins,german,1,7,22,lang-german_speaker-07_trial-22_digit-1.flac,male,56,175
5526,13,drei,german,3,10,25,lang-german_speaker-10_trial-25_digit-3.flac,female,25,160
5527,9,nine,english,9,11,29,lang-english_speaker-11_trial-29_digit-9.flac,female,31,163
5528,7,seven,english,7,2,30,lang-english_speaker-02_trial-30_digit-7.flac,female,23,158
5529,6,six,english,6,8,25,lang-english_speaker-08_trial-25_digit-6.flac,male,21,182
5530,6,six,english,6,0,32,lang-english_speaker-00_trial-32_digit-6.flac,male,24,180
5531,19,neun,german,9,9,29,lang-german_speaker-09_trial-29_digit-9.flac,male,32,183
5532,3,three,english,3,0,32,lang-english_speaker-00_trial-32_digit-3.flac,male,24,180
5533,10,null,german,0,1,33,lang-german_speaker-01_trial-33_digit-0.flac,male,22,195
5534,3,three,english,3,11,29,lang-english_speaker-11_trial-29_digit-3.flac,female,31,163
5535,4,four,english,4,11,29,lang-english_speaker-11_trial-29_digit-4.flac,female,31,163
5536,2,two,english,2,2,30,lang-english_speaker-02_trial-30_digit-2.flac,female,23,158
5537,19,neun,german,9,10,25,lang-german_speaker-10_trial-25_digit-9.flac,female,25,160
5538,0,zero,english,0,2,31,lang-english_speaker-02_trial-31_digit-0.flac,female,23,158
5539,0,zero,english,0,6,23,lang-english_speaker-06_trial-23_digit-0.flac,female,35,163
5540,0,zero,english,0,2,31,lang-english_speaker-02_trial-31_digit-0.flac,female,23,158
5541,0,zero,english,0,8,26,lang-english_speaker-08_trial-26_digit-0.flac,male,21,182
5542,19,neun,german,9,3,34,lang-german_speaker-03_trial-34_digit-9.flac,female,23,174
5543,19,neun,german,9,8,25,lang-german_speaker-08_trial-25_digit-9.flac,male,21,182
5544,12,zwei,german,2,8,25,lang-german_speaker-08_trial-25_digit-2.flac,male,21,182
5545,0,zero,english,0,1,30,lang-english_speaker-01_trial-30_digit-0.flac,male,22,195
5546,5,five,english,5,10,29,lang-english_speaker-10_trial-29_digit-5.flac,female,25,160
5547,9,nine,english,9,0,32,lang-english_speaker-00_trial-32_digit-9.flac,male,24,180
5548,14,vier,german,4,8,25,lang-german_speaker-08_trial-25_digit-4.flac,male,21,182
5549,12,zwei,german,2,7,22,lang-german_speaker-07_trial-22_digit-2.flac,male,56,175
5550,15,fuenf,german,5,6,13,lang-german_speaker-06_trial-13_digit-5.flac,female,35,163
5551,5,five,english,5,8,26,lang-english_speaker-08_trial-26_digit-5.flac,male,21,182
5552,19,neun,german,9,0,29,lang-german_speaker-00_trial-29_digit-9.flac,male,24,180
5553,14,vier,german,4,11,38,lang-german_speaker-11_trial-38_digit-4.flac,female,31,163
5554,14,vier,german,4,1,33,lang-german_speaker-01_trial-33_digit-4.flac,male,22,195
5555,10,null,german,0,9,30,lang-german_speaker-09_trial-30_digit-0.flac,male,32,183
5556,7,seven,english,7,0,32,lang-english_speaker-00_trial-32_digit-7.flac,male,24,180
5557,6,six,english,6,3,17,lang-english_speaker-03_trial-17_digit-6.flac,female,23,174
5558,6,six,english,6,0,32,lang-english_speaker-00_trial-32_digit-6.flac,male,24,180
5559,13,drei,german,3,9,30,lang-german_speaker-09_trial-30_digit-3.flac,male,32,183
5560,16,sechs,german,6,0,29,lang-german_speaker-00_trial-29_digit-6.flac,male,24,180
5561,18,acht,german,8,11,38,lang-german_speaker-11_trial-38_digit-8.flac,female,31,163
5562,8,eight,english,8,8,26,lang-english_speaker-08_trial-26_digit-8.flac,male,21,182
5563,12,zwei,german,2,11,38,lang-german_speaker-11_trial-38_digit-2.flac,female,31,163
5564,2,two,english,2,8,26,lang-english_speaker-08_trial-26_digit-2.flac,male,21,182
5565,9,nine,english,9,10,29,lang-english_speaker-10_trial-29_digit-9.flac,female,25,160
5566,17,sieben,german,7,6,13,lang-german_speaker-06_trial-13_digit-7.flac,female,35,163
5567,11,eins,german,1,8,26,lang-german_speaker-08_trial-26_digit-1.flac,male,21,182
5568,17,sieben,german,7,1,33,lang-german_speaker-01_trial-33_digit-7.flac,male,22,195
5569,6,six,english,6,3,17,lang-english_speaker-03_trial-17_digit-6.flac,female,23,174
5570,9,nine,english,9,10,29,lang-english_speaker-10_trial-29_digit-9.flac,female,25,160
5571,4,four,english,4,0,32,lang-english_speaker-00_trial-32_digit-4.flac,male,24,180
5572,16,sechs,german,6,8,26,lang-german_speaker-08_trial-26_digit-6.flac,male,21,182
5573,2,two,english,2,2,31,lang-english_speaker-02_trial-31_digit-2.flac,female,23,158
5574,18,acht,german,8,11,38,lang-german_speaker-11_trial-38_digit-8.flac,female,31,163
5575,18,acht,german,8,10,25,lang-german_speaker-10_trial-25_digit-8.flac,female,25,160
5576,2,two,english,2,3,17,lang-english_speaker-03_trial-17_digit-2.flac,female,23,174
5577,18,acht,german,8,11,38,lang-german_speaker-11_trial-38_digit-8.flac,female,31,163
5578,15,fuenf,german,5,0,29,lang-german_speaker-00_trial-29_digit-5.flac,male,24,180
5579,0,zero,english,0,10,30,lang-english_speaker-10_trial-30_digit-0.flac,female,25,160
5580,6,six,english,6,10,30,lang-english_speaker-10_trial-30_digit-6.flac,female,25,160
5581,9,nine,english,9,0,32,lang-english_speaker-00_trial-32_digit-9.flac,male,24,180
5582,9,nine,english,9,6,23,lang-english_speaker-06_trial-23_digit-9.flac,female,35,163
5583,5,five,english,5,8,26,lang-english_speaker-08_trial-26_digit-5.flac,male,21,182
5584,9,nine,english,9,3,17,lang-english_speaker-03_trial-17_digit-9.flac,female,23,174
5585,19,neun,german,9,11,38,lang-german_speaker-11_trial-38_digit-9.flac,female,31,163
5586,19,neun,german,9,6,13,lang-german_speaker-06_trial-13_digit-9.flac,female,35,163
5587,19,neun,german,9,2,38,lang-german_speaker-02_trial-38_digit-9.flac,female,23,158
5588,16,sechs,german,6,8,26,lang-german_speaker-08_trial-26_digit-6.flac,male,21,182
5589,6,six,english,6,1,30,lang-english_speaker-01_trial-30_digit-6.flac,male,22,195
5590,12,zwei,german,2,10,25,lang-german_speaker-10_trial-25_digit-2.flac,female,25,160
5591,12,zwei,german,2,11,38,lang-german_speaker-11_trial-38_digit-2.flac,female,31,163
5592,2,two,english,2,11,29,lang-english_speaker-11_trial-29_digit-2.flac,female,31,163
5593,4,four,english,4,0,32,lang-english_speaker-00_trial-32_digit-4.flac,male,24,180
5594,9,nine,english,9,2,31,lang-english_speaker-02_trial-31_digit-9.flac,female,23,158
5595,14,vier,german,4,2,38,lang-german_speaker-02_trial-38_digit-4.flac,female,23,158
5596,9,nine,english,9,1,30,lang-english_speaker-01_trial-30_digit-9.flac,male,22,195
5597,11,eins,german,1,11,39,lang-german_speaker-11_trial-39_digit-1.flac,female,31,163
5598,12,zwei,german,2,8,26,lang-german_speaker-08_trial-26_digit-2.flac,male,21,182
5599,12,zwei,german,2,3,34,lang-german_speaker-03_trial-34_digit-2.flac,female,23,174
5600,7,seven,english,7,3,17,lang-english_speaker-03_trial-17_digit-7.flac,female,23,174
5601,1,one,english,1,2,32,lang-english_speaker-02_trial-32_digit-1.flac,female,23,158
5602,16,sechs,german,6,3,34,lang-german_speaker-03_trial-34_digit-6.flac,female,23,174
5603,1,one,english,1,1,31,lang-english_speaker-01_trial-31_digit-1.flac,male,22,195
5604,11,eins,german,1,8,26,lang-german_speaker-08_trial-26_digit-1.flac,male,21,182
5605,3,three,english,3,2,32,lang-english_speaker-02_trial-32_digit-3.flac,female,23,158
5606,14,vier,german,4,11,39,lang-german_speaker-11_trial-39_digit-4.flac,female,31,163
5607,7,seven,english,7,2,32,lang-english_speaker-02_trial-32_digit-7.flac,female,23,158
5608,6,six,english,6,1,31,lang-english_speaker-01_trial-31_digit-6.flac,male,22,195
5609,2,two,english,2,9,30,lang-english_speaker-09_trial-30_digit-2.flac,male,32,183
5610,4,four,english,4,2,32,lang-english_speaker-02_trial-32_digit-4.flac,female,23,158
5611,19,neun,german,9,2,38,lang-german_speaker-02_trial-38_digit-9.flac,female,23,158
5612,2,two,english,2,3,17,lang-english_speaker-03_trial-17_digit-2.flac,female,23,174
5613,4,four,english,4,1,31,lang-english_speaker-01_trial-31_digit-4.flac,male,22,195
5614,15,fuenf,german,5,8,26,lang-german_speaker-08_trial-26_digit-5.flac,male,21,182
5615,17,sieben,german,7,8,26,lang-german_speaker-08_trial-26_digit-7.flac,male,21,182
5616,5,five,english,5,6,23,lang-english_speaker-06_trial-23_digit-5.flac,female,35,163
5617,1,one,english,1,11,30,lang-english_speaker-11_trial-30_digit-1.flac,female,31,163
5618,9,nine,english,9,3,17,lang-english_speaker-03_trial-17_digit-9.flac,female,23,174
5619,16,sechs,german,6,0,29,lang-german_speaker-00_trial-29_digit-6.flac,male,24,180
5620,19,neun,german,9,1,33,lang-german_speaker-01_trial-33_digit-9.flac,male,22,195
5621,13,drei,german,3,9,30,lang-german_speaker-09_trial-30_digit-3.flac,male,32,183
5622,12,zwei,german,2,1,33,lang-german_speaker-01_trial-33_digit-2.flac,male,22,195
5623,12,zwei,german,2,10,25,lang-german_speaker-10_trial-25_digit-2.flac,female,25,160
5624,8,eight,english,8,3,17,lang-english_speaker-03_trial-17_digit-8.flac,female,23,174
5625,13,drei,german,3,3,34,lang-german_speaker-03_trial-34_digit-3.flac,female,23,174
5626,15,fuenf,german,5,0,29,lang-german_speaker-00_trial-29_digit-5.flac,male,24,180
5627,1,one,english,1,8,26,lang-english_speaker-08_trial-26_digit-1.flac,male,21,182
5628,5,five,english,5,7,26,lang-english_speaker-07_trial-26_digit-5.flac,male,56,175
5629,16,sechs,german,6,9,30,lang-german_speaker-09_trial-30_digit-6.flac,male,32,183
5630,3,three,english,3,1,31,lang-english_speaker-01_trial-31_digit-3.flac,male,22,195
5631,4,four,english,4,2,32,lang-english_speaker-02_trial-32_digit-4.flac,female,23,158
5632,15,fuenf,german,5,9,30,lang-german_speaker-09_trial-30_digit-5.flac,male,32,183
5633,0,zero,english,0,10,30,lang-english_speaker-10_trial-30_digit-0.flac,female,25,160
5634,12,zwei,german,2,8,26,lang-german_speaker-08_trial-26_digit-2.flac,male,21,182
5635,7,seven,english,7,10,30,lang-english_speaker-10_trial-30_digit-7.flac,female,25,160
5636,8,eight,english,8,8,26,lang-english_speaker-08_trial-26_digit-8.flac,male,21,182
5637,4,four,english,4,0,32,lang-english_speaker-00_trial-32_digit-4.flac,male,24,180
5638,19,neun,german,9,2,38,lang-german_speaker-02_trial-38_digit-9.flac,female,23,158
5639,10,null,german,0,7,22,lang-german_speaker-07_trial-22_digit-0.flac,male,56,175
5640,19,neun,german,9,11,39,lang-german_speaker-11_trial-39_digit-9.flac,female,31,163
5641,9,nine,english,9,0,32,lang-english_speaker-00_trial-32_digit-9.flac,male,24,180
5642,3,three,english,3,7,26,lang-english_speaker-07_trial-26_digit-3.flac,male,56,175
5643,5,five,english,5,0,32,lang-english_speaker-00_trial-32_digit-5.flac,male,24,180
5644,16,sechs,german,6,1,33,lang-german_speaker-01_trial-33_digit-6.flac,male,22,195
5645,17,sieben,german,7,8,26,lang-german_speaker-08_trial-26_digit-7.flac,male,21,182
5646,4,four,english,4,11,30,lang-english_speaker-11_trial-30_digit-4.flac,female,31,163
5647,11,eins,german,1,11,40,lang-german_speaker-11_trial-40_digit-1.flac,female,31,163
5648,18,acht,german,8,1,33,lang-german_speaker-01_trial-33_digit-8.flac,male,22,195
5649,3,three,english,3,6,23,lang-english_speaker-06_trial-23_digit-3.flac,female,35,163
5650,8,eight,english,8,7,26,lang-english_speaker-07_trial-26_digit-8.flac,male,56,175
5651,11,eins,german,1,11,40,lang-german_speaker-11_trial-40_digit-1.flac,female,31,163
5652,14,vier,german,4,6,13,lang-german_speaker-06_trial-13_digit-4.flac,female,35,163
5653,16,sechs,german,6,0,29,lang-german_speaker-00_trial-29_digit-6.flac,male,24,180
5654,9,nine,english,9,8,26,lang-english_speaker-08_trial-26_digit-9.flac,male,21,182
5655,0,zero,english,0,8,27,lang-english_speaker-08_trial-27_digit-0.flac,male,21,182
5656,12,zwei,german,2,1,33,lang-german_speaker-01_trial-33_digit-2.flac,male,22,195
5657,11,eins,german,1,6,14,lang-german_speaker-06_trial-14_digit-1.flac,female,35,163
5658,7,seven,english,7,0,32,lang-english_speaker-00_trial-32_digit-7.flac,male,24,180
5659,18,acht,german,8,3,34,lang-german_speaker-03_trial-34_digit-8.flac,female,23,174
5660,1,one,english,1,7,26,lang-english_speaker-07_trial-26_digit-1.flac,male,56,175
5661,14,vier,german,4,9,30,lang-german_speaker-09_trial-30_digit-4.flac,male,32,183
5662,8,eight,english,8,11,30,lang-english_speaker-11_trial-30_digit-8.flac,female,31,163
5663,16,sechs,german,6,0,29,lang-german_speaker-00_trial-29_digit-6.flac,male,24,180
5664,6,six,english,6,8,27,lang-english_speaker-08_trial-27_digit-6.flac,male,21,182
5665,13,drei,german,3,10,25,lang-german_speaker-10_trial-25_digit-3.flac,female,25,160
5666,14,vier,german,4,6,14,lang-german_speaker-06_trial-14_digit-4.flac,female,35,163
5667,5,five,english,5,8,27,lang-english_speaker-08_trial-27_digit-5.flac,male,21,182
5668,5,five,english,5,2,32,lang-english_speaker-02_trial-32_digit-5.flac,female,23,158
5669,11,eins,german,1,7,22,lang-german_speaker-07_trial-22_digit-1.flac,male,56,175
5670,13,drei,german,3,9,30,lang-german_speaker-09_trial-30_digit-3.flac,male,32,183
5671,14,vier,german,4,8,26,lang-german_speaker-08_trial-26_digit-4.flac,male,21,182
5672,3,three,english,3,11,30,lang-english_speaker-11_trial-30_digit-3.flac,female,31,163
5673,4,four,english,4,0,32,lang-english_speaker-00_trial-32_digit-4.flac,male,24,180
5674,14,vier,german,4,2,38,lang-german_speaker-02_trial-38_digit-4.flac,female,23,158
5675,17,sieben,german,7,11,40,lang-german_speaker-11_trial-40_digit-7.flac,female,31,163
5676,17,sieben,german,7,3,34,lang-german_speaker-03_trial-34_digit-7.flac,female,23,174
5677,17,sieben,german,7,3,34,lang-german_speaker-03_trial-34_digit-7.flac,female,23,174
5678,6,six,english,6,1,31,lang-english_speaker-01_trial-31_digit-6.flac,male,22,195
5679,18,acht,german,8,0,29,lang-german_speaker-00_trial-29_digit-8.flac,male,24,180
5680,9,nine,english,9,0,32,lang-english_speaker-00_trial-32_digit-9.flac,male,24,180
5681,18,acht,german,8,1,33,lang-german_speaker-01_trial-33_digit-8.flac,male,22,195
5682,3,three,english,3,6,23,lang-english_speaker-06_trial-23_digit-3.flac,female,35,163
5683,19,neun,german,9,8,26,lang-german_speaker-08_trial-26_digit-9.flac,male,21,182
5684,5,five,english,5,0,32,lang-english_speaker-00_trial-32_digit-5.flac,male,24,180
5685,18,acht,german,8,0,29,lang-german_speaker-00_trial-29_digit-8.flac,male,24,180
5686,12,zwei,german,2,11,40,lang-german_speaker-11_trial-40_digit-2.flac,female,31,163
5687,7,seven,english,7,6,23,lang-english_speaker-06_trial-23_digit-7.flac,female,35,163
5688,19,neun,german,9,0,29,lang-german_speaker-00_trial-29_digit-9.flac,male,24,180
5689,0,zero,english,0,0,33,lang-english_speaker-00_trial-33_digit-0.flac,male,24,180
5690,15,fuenf,german,5,2,38,lang-german_speaker-02_trial-38_digit-5.flac,female,23,158
5691,9,nine,english,9,7,26,lang-english_speaker-07_trial-26_digit-9.flac,male,56,175
5692,16,sechs,german,6,9,30,lang-german_speaker-09_trial-30_digit-6.flac,male,32,183
5693,9,nine,english,9,6,23,lang-english_speaker-06_trial-23_digit-9.flac,female,35,163
5694,11,eins,german,1,1,34,lang-german_speaker-01_trial-34_digit-1.flac,male,22,195
5695,7,seven,english,7,0,33,lang-english_speaker-00_trial-33_digit-7.flac,male,24,180
5696,9,nine,english,9,2,32,lang-english_speaker-02_trial-32_digit-9.flac,female,23,158
5697,1,one,english,1,7,27,lang-english_speaker-07_trial-27_digit-1.flac,male,56,175
5698,16,sechs,german,6,11,40,lang-german_speaker-11_trial-40_digit-6.flac,female,31,163
5699,16,sechs,german,6,0,29,lang-german_speaker-00_trial-29_digit-6.flac,male,24,180
5700,6,six,english,6,7,27,lang-english_speaker-07_trial-27_digit-6.flac,male,56,175
5701,18,acht,german,8,2,38,lang-german_speaker-02_trial-38_digit-8.flac,female,23,158
5702,9,nine,english,9,1,31,lang-english_speaker-01_trial-31_digit-9.flac,male,22,195
5703,19,neun,german,9,1,34,lang-german_speaker-01_trial-34_digit-9.flac,male,22,195
5704,12,zwei,german,2,11,40,lang-german_speaker-11_trial-40_digit-2.flac,female,31,163
5705,10,null,german,0,0,30,lang-german_speaker-00_trial-30_digit-0.flac,male,24,180
5706,6,six,english,6,1,31,lang-english_speaker-01_trial-31_digit-6.flac,male,22,195
5707,3,three,english,3,7,27,lang-english_speaker-07_trial-27_digit-3.flac,male,56,175
5708,3,three,english,3,3,17,lang-english_speaker-03_trial-17_digit-3.flac,female,23,174
5709,10,null,german,0,10,26,lang-german_speaker-10_trial-26_digit-0.flac,female,25,160
5710,2,two,english,2,7,27,lang-english_speaker-07_trial-27_digit-2.flac,male,56,175
5711,19,neun,german,9,3,34,lang-german_speaker-03_trial-34_digit-9.flac,female,23,174
5712,11,eins,german,1,0,30,lang-german_speaker-00_trial-30_digit-1.flac,male,24,180
5713,4,four,english,4,7,27,lang-english_speaker-07_trial-27_digit-4.flac,male,56,175
5714,9,nine,english,9,11,30,lang-english_speaker-11_trial-30_digit-9.flac,female,31,163
5715,9,nine,english,9,0,33,lang-english_speaker-00_trial-33_digit-9.flac,male,24,180
5716,6,six,english,6,7,27,lang-english_speaker-07_trial-27_digit-6.flac,male,56,175
5717,0,zero,english,0,8,27,lang-english_speaker-08_trial-27_digit-0.flac,male,21,182
5718,4,four,english,4,2,32,lang-english_speaker-02_trial-32_digit-4.flac,female,23,158
5719,7,seven,english,7,1,31,lang-english_speaker-01_trial-31_digit-7.flac,male,22,195
5720,16,sechs,german,6,0,30,lang-german_speaker-00_trial-30_digit-6.flac,male,24,180
5721,19,neun,german,9,7,22,lang-german_speaker-07_trial-22_digit-9.flac,male,56,175
5722,13,drei,german,3,10,26,lang-german_speaker-10_trial-26_digit-3.flac,female,25,160
5723,17,sieben,german,7,2,38,lang-german_speaker-02_trial-38_digit-7.flac,female,23,158
5724,12,zwei,german,2,3,34,lang-german_speaker-03_trial-34_digit-2.flac,female,23,174
5725,16,sechs,german,6,6,14,lang-german_speaker-06_trial-14_digit-6.flac,female,35,163
5726,14,vier,german,4,1,34,lang-german_speaker-01_trial-34_digit-4.flac,male,22,195
5727,4,four,english,4,2,32,lang-english_speaker-02_trial-32_digit-4.flac,female,23,158
5728,13,drei,german,3,3,34,lang-german_speaker-03_trial-34_digit-3.flac,female,23,174
5729,5,five,english,5,1,31,lang-english_speaker-01_trial-31_digit-5.flac,male,22,195
5730,9,nine,english,9,3,17,lang-english_speaker-03_trial-17_digit-9.flac,female,23,174
5731,10,null,german,0,0,30,lang-german_speaker-00_trial-30_digit-0.flac,male,24,180
5732,12,zwei,german,2,1,34,lang-german_speaker-01_trial-34_digit-2.flac,male,22,195
5733,11,eins,german,1,2,39,lang-german_speaker-02_trial-39_digit-1.flac,female,23,158
5734,16,sechs,german,6,1,34,lang-german_speaker-01_trial-34_digit-6.flac,male,22,195
5735,17,sieben,german,7,11,40,lang-german_speaker-11_trial-40_digit-7.flac,female,31,163
5736,7,seven,english,7,0,33,lang-english_speaker-00_trial-33_digit-7.flac,male,24,180
5737,18,acht,german,8,11,40,lang-german_speaker-11_trial-40_digit-8.flac,female,31,163
5738,1,one,english,1,0,34,lang-english_speaker-00_trial-34_digit-1.flac,male,24,180
5739,1,one,english,1,9,31,lang-english_speaker-09_trial-31_digit-1.flac,male,32,183
5740,10,null,german,0,1,35,lang-german_speaker-01_trial-35_digit-0.flac,male,22,195
5741,3,three,english,3,2,32,lang-english_speaker-02_trial-32_digit-3.flac,female,23,158
5742,2,two,english,2,10,30,lang-english_speaker-10_trial-30_digit-2.flac,female,25,160
5743,2,two,english,2,7,27,lang-english_speaker-07_trial-27_digit-2.flac,male,56,175
5744,5,five,english,5,9,31,lang-english_speaker-09_trial-31_digit-5.flac,male,32,183
5745,0,zero,english,0,10,31,lang-english_speaker-10_trial-31_digit-0.flac,female,25,160
5746,16,sechs,german,6,11,40,lang-german_speaker-11_trial-40_digit-6.flac,female,31,163
5747,13,drei,german,3,11,40,lang-german_speaker-11_trial-40_digit-3.flac,female,31,163
5748,10,null,german,0,3,35,lang-german_speaker-03_trial-35_digit-0.flac,female,23,174
5749,5,five,english,5,7,27,lang-english_speaker-07_trial-27_digit-5.flac,male,56,175
5750,5,five,english,5,8,27,lang-english_speaker-08_trial-27_digit-5.flac,male,21,182
5751,2,two,english,2,1,31,lang-english_speaker-01_trial-31_digit-2.flac,male,22,195
5752,13,drei,german,3,1,35,lang-german_speaker-01_trial-35_digit-3.flac,male,22,195
5753,12,zwei,german,2,9,30,lang-german_speaker-09_trial-30_digit-2.flac,male,32,183
5754,8,eight,english,8,11,30,lang-english_speaker-11_trial-30_digit-8.flac,female,31,163
5755,16,sechs,german,6,11,40,lang-german_speaker-11_trial-40_digit-6.flac,female,31,163
5756,1,one,english,1,0,34,lang-english_speaker-00_trial-34_digit-1.flac,male,24,180
5757,14,vier,german,4,7,22,lang-german_speaker-07_trial-22_digit-4.flac,male,56,175
5758,3,three,english,3,10,31,lang-english_speaker-10_trial-31_digit-3.flac,female,25,160
5759,13,drei,german,3,11,40,lang-german_speaker-11_trial-40_digit-3.flac,female,31,163
5760,4,four,english,4,9,31,lang-english_speaker-09_trial-31_digit-4.flac,male,32,183
5761,6,six,english,6,3,17,lang-english_speaker-03_trial-17_digit-6.flac,female,23,174
5762,6,six,english,6,8,27,lang-english_speaker-08_trial-27_digit-6.flac,male,21,182
5763,14,vier,german,4,3,35,lang-german_speaker-03_trial-35_digit-4.flac,female,23,174
5764,15,fuenf,german,5,3,35,lang-german_speaker-03_trial-35_digit-5.flac,female,23,174
5765,4,four,english,4,0,34,lang-english_speaker-00_trial-34_digit-4.flac,male,24,180
5766,9,nine,english,9,8,27,lang-english_speaker-08_trial-27_digit-9.flac,male,21,182
5767,18,acht,german,8,11,40,lang-german_speaker-11_trial-40_digit-8.flac,female,31,163
5768,15,fuenf,german,5,0,30,lang-german_speaker-00_trial-30_digit-5.flac,male,24,180
5769,14,vier,german,4,1,35,lang-german_speaker-01_trial-35_digit-4.flac,male,22,195
5770,11,eins,german,1,10,26,lang-german_speaker-10_trial-26_digit-1.flac,female,25,160
5771,16,sechs,german,6,3,35,lang-german_speaker-03_trial-35_digit-6.flac,female,23,174
5772,6,six,english,6,3,17,lang-english_speaker-03_trial-17_digit-6.flac,female,23,174
5773,18,acht,german,8,10,26,lang-german_speaker-10_trial-26_digit-8.flac,female,25,160
5774,0,zero,english,0,0,34,lang-english_speaker-00_trial-34_digit-0.flac,male,24,180
5775,18,acht,german,8,2,39,lang-german_speaker-02_trial-39_digit-8.flac,female,23,158
5776,18,acht,german,8,7,22,lang-german_speaker-07_trial-22_digit-8.flac,male,56,175
5777,12,zwei,german,2,9,30,lang-german_speaker-09_trial-30_digit-2.flac,male,32,183
5778,7,seven,english,7,7,27,lang-english_speaker-07_trial-27_digit-7.flac,male,56,175
5779,6,six,english,6,1,31,lang-english_speaker-01_trial-31_digit-6.flac,male,22,195
5780,3,three,english,3,8,27,lang-english_speaker-08_trial-27_digit-3.flac,male,21,182
5781,17,sieben,german,7,1,35,lang-german_speaker-01_trial-35_digit-7.flac,male,22,195
5782,16,sechs,german,6,1,35,lang-german_speaker-01_trial-35_digit-6.flac,male,22,195
5783,17,sieben,german,7,9,30,lang-german_speaker-09_trial-30_digit-7.flac,male,32,183
5784,5,five,english,5,2,32,lang-english_speaker-02_trial-32_digit-5.flac,female,23,158
5785,16,sechs,german,6,2,39,lang-german_speaker-02_trial-39_digit-6.flac,female,23,158
5786,10,null,german,0,2,40,lang-german_speaker-02_trial-40_digit-0.flac,female,23,158
5787,13,drei,german,3,11,40,lang-german_speaker-11_trial-40_digit-3.flac,female,31,163
5788,12,zwei,german,2,2,40,lang-german_speaker-02_trial-40_digit-2.flac,female,23,158
5789,18,acht,german,8,11,40,lang-german_speaker-11_trial-40_digit-8.flac,female,31,163
5790,17,sieben,german,7,1,35,lang-german_speaker-01_trial-35_digit-7.flac,male,22,195
5791,19,neun,german,9,9,30,lang-german_speaker-09_trial-30_digit-9.flac,male,32,183
5792,15,fuenf,german,5,10,26,lang-german_speaker-10_trial-26_digit-5.flac,female,25,160
5793,17,sieben,german,7,1,35,lang-german_speaker-01_trial-35_digit-7.flac,male,22,195
5794,11,eins,german,1,7,23,lang-german_speaker-07_trial-23_digit-1.flac,male,56,175
5795,6,six,english,6,2,32,lang-english_speaker-02_trial-32_digit-6.flac,female,23,158
5796,15,fuenf,german,5,10,26,lang-german_speaker-10_trial-26_digit-5.flac,female,25,160
5797,15,fuenf,german,5,1,35,lang-german_speaker-01_trial-35_digit-5.flac,male,22,195
5798,13,drei,german,3,10,26,lang-german_speaker-10_trial-26_digit-3.flac,female,25,160
5799,5,five,english,5,2,32,lang-english_speaker-02_trial-32_digit-5.flac,female,23,158
5800,2,two,english,2,3,17,lang-english_speaker-03_trial-17_digit-2.flac,female,23,174
5801,19,neun,german,9,3,35,lang-german_speaker-03_trial-35_digit-9.flac,female,23,174
5802,13,drei,german,3,11,40,lang-german_speaker-11_trial-40_digit-3.flac,female,31,163
5803,2,two,english,2,9,31,lang-english_speaker-09_trial-31_digit-2.flac,male,32,183
5804,8,eight,english,8,0,34,lang-english_speaker-00_trial-34_digit-8.flac,male,24,180
5805,14,vier,german,4,0,30,lang-german_speaker-00_trial-30_digit-4.flac,male,24,180
5806,11,eins,german,1,3,36,lang-german_speaker-03_trial-36_digit-1.flac,female,23,174
5807,16,sechs,german,6,11,40,lang-german_speaker-11_trial-40_digit-6.flac,female,31,163
5808,19,neun,german,9,10,26,lang-german_speaker-10_trial-26_digit-9.flac,female,25,160
5809,3,three,english,3,9,31,lang-english_speaker-09_trial-31_digit-3.flac,male,32,183
5810,11,eins,german,1,10,27,lang-german_speaker-10_trial-27_digit-1.flac,female,25,160
5811,2,two,english,2,2,32,lang-english_speaker-02_trial-32_digit-2.flac,female,23,158
5812,13,drei,german,3,7,23,lang-german_speaker-07_trial-23_digit-3.flac,male,56,175
5813,0,zero,english,0,10,31,lang-english_speaker-10_trial-31_digit-0.flac,female,25,160
5814,0,zero,english,0,7,28,lang-english_speaker-07_trial-28_digit-0.flac,male,56,175
5815,8,eight,english,8,11,30,lang-english_speaker-11_trial-30_digit-8.flac,female,31,163
5816,11,eins,german,1,2,40,lang-german_speaker-02_trial-40_digit-1.flac,female,23,158
5817,11,eins,german,1,8,27,lang-german_speaker-08_trial-27_digit-1.flac,male,21,182
5818,18,acht,german,8,2,40,lang-german_speaker-02_trial-40_digit-8.flac,female,23,158
5819,1,one,english,1,10,31,lang-english_speaker-10_trial-31_digit-1.flac,female,25,160
5820,12,zwei,german,2,1,35,lang-german_speaker-01_trial-35_digit-2.flac,male,22,195
5821,5,five,english,5,0,34,lang-english_speaker-00_trial-34_digit-5.flac,male,24,180
5822,17,sieben,german,7,3,36,lang-german_speaker-03_trial-36_digit-7.flac,female,23,174
5823,15,fuenf,german,5,0,30,lang-german_speaker-00_trial-30_digit-5.flac,male,24,180
5824,6,six,english,6,1,31,lang-english_speaker-01_trial-31_digit-6.flac,male,22,195
5825,4,four,english,4,1,31,lang-english_speaker-01_trial-31_digit-4.flac,male,22,195
5826,11,eins,german,1,0,30,lang-german_speaker-00_trial-30_digit-1.flac,male,24,180
5827,2,two,english,2,9,31,lang-english_speaker-09_trial-31_digit-2.flac,male,32,183
5828,10,null,german,0,1,36,lang-german_speaker-01_trial-36_digit-0.flac,male,22,195
5829,5,five,english,5,9,31,lang-english_speaker-09_trial-31_digit-5.flac,male,32,183
5830,9,nine,english,9,10,31,lang-english_speaker-10_trial-31_digit-9.flac,female,25,160
5831,10,null,german,0,0,30,lang-german_speaker-00_trial-30_digit-0.flac,male,24,180
5832,9,nine,english,9,9,31,lang-english_speaker-09_trial-31_digit-9.flac,male,32,183
5833,14,vier,german,4,9,30,lang-german_speaker-09_trial-30_digit-4.flac,male,32,183
5834,8,eight,english,8,0,34,lang-english_speaker-00_trial-34_digit-8.flac,male,24,180
5835,9,nine,english,9,0,34,lang-english_speaker-00_trial-34_digit-9.flac,male,24,180
5836,17,sieben,german,7,2,40,lang-german_speaker-02_trial-40_digit-7.flac,female,23,158
5837,12,zwei,german,2,7,23,lang-german_speaker-07_trial-23_digit-2.flac,male,56,175
5838,12,zwei,german,2,8,27,lang-german_speaker-08_trial-27_digit-2.flac,male,21,182
5839,5,five,english,5,10,31,lang-english_speaker-10_trial-31_digit-5.flac,female,25,160
5840,1,one,english,1,11,31,lang-english_speaker-11_trial-31_digit-1.flac,female,31,163
5841,16,sechs,german,6,10,27,lang-german_speaker-10_trial-27_digit-6.flac,female,25,160
5842,6,six,english,6,10,31,lang-english_speaker-10_trial-31_digit-6.flac,female,25,160
5843,19,neun,german,9,9,30,lang-german_speaker-09_trial-30_digit-9.flac,male,32,183
5844,0,zero,english,0,0,35,lang-english_speaker-00_trial-35_digit-0.flac,male,24,180
5845,11,eins,german,1,2,40,lang-german_speaker-02_trial-40_digit-1.flac,female,23,158
5846,9,nine,english,9,7,28,lang-english_speaker-07_trial-28_digit-9.flac,male,56,175
5847,10,null,german,0,0,30,lang-german_speaker-00_trial-30_digit-0.flac,male,24,180
5848,8,eight,english,8,2,32,lang-english_speaker-02_trial-32_digit-8.flac,female,23,158
5849,9,nine,english,9,0,35,lang-english_speaker-00_trial-35_digit-9.flac,male,24,180
5850,17,sieben,german,7,10,27,lang-german_speaker-10_trial-27_digit-7.flac,female,25,160
5851,5,five,english,5,9,31,lang-english_speaker-09_trial-31_digit-5.flac,male,32,183
5852,4,four,english,4,0,35,lang-english_speaker-00_trial-35_digit-4.flac,male,24,180
5853,6,six,english,6,1,31,lang-english_speaker-01_trial-31_digit-6.flac,male,22,195
5854,9,nine,english,9,7,28,lang-english_speaker-07_trial-28_digit-9.flac,male,56,175
5855,12,zwei,german,2,3,36,lang-german_speaker-03_trial-36_digit-2.flac,female,23,174
5856,11,eins,german,1,10,27,lang-german_speaker-10_trial-27_digit-1.flac,female,25,160
5857,15,fuenf,german,5,6,14,lang-german_speaker-06_trial-14_digit-5.flac,female,35,163
5858,18,acht,german,8,8,27,lang-german_speaker-08_trial-27_digit-8.flac,male,21,182
5859,2,two,english,2,1,31,lang-english_speaker-01_trial-31_digit-2.flac,male,22,195
5860,16,sechs,german,6,11,40,lang-german_speaker-11_trial-40_digit-6.flac,female,31,163
5861,2,two,english,2,11,31,lang-english_speaker-11_trial-31_digit-2.flac,female,31,163
5862,11,eins,german,1,11,40,lang-german_speaker-11_trial-40_digit-1.flac,female,31,163
5863,17,sieben,german,7,1,36,lang-german_speaker-01_trial-36_digit-7.flac,male,22,195
5864,3,three,english,3,0,35,lang-english_speaker-00_trial-35_digit-3.flac,male,24,180
5865,1,one,english,1,8,28,lang-english_speaker-08_trial-28_digit-1.flac,male,21,182
5866,18,acht,german,8,9,30,lang-german_speaker-09_trial-30_digit-8.flac,male,32,183
5867,19,neun,german,9,9,30,lang-german_speaker-09_trial-30_digit-9.flac,male,32,183
5868,15,fuenf,german,5,10,27,lang-german_speaker-10_trial-27_digit-5.flac,female,25,160
5869,9,nine,english,9,8,28,lang-english_speaker-08_trial-28_digit-9.flac,male,21,182
5870,19,neun,german,9,11,40,lang-german_speaker-11_trial-40_digit-9.flac,female,31,163
5871,17,sieben,german,7,11,40,lang-german_speaker-11_trial-40_digit-7.flac,female,31,163
5872,2,two,english,2,10,31,lang-english_speaker-10_trial-31_digit-2.flac,female,25,160
5873,17,sieben,german,7,0,30,lang-german_speaker-00_trial-30_digit-7.flac,male,24,180
5874,3,three,english,3,2,32,lang-english_speaker-02_trial-32_digit-3.flac,female,23,158
5875,9,nine,english,9,8,28,lang-english_speaker-08_trial-28_digit-9.flac,male,21,182
5876,11,eins,german,1,2,40,lang-german_speaker-02_trial-40_digit-1.flac,female,23,158
5877,1,one,english,1,0,36,lang-english_speaker-00_trial-36_digit-1.flac,male,24,180
5878,13,drei,german,3,9,30,lang-german_speaker-09_trial-30_digit-3.flac,male,32,183
5879,14,vier,german,4,0,30,lang-german_speaker-00_trial-30_digit-4.flac,male,24,180
5880,10,null,german,0,8,28,lang-german_speaker-08_trial-28_digit-0.flac,male,21,182
5881,19,neun,german,9,1,36,lang-german_speaker-01_trial-36_digit-9.flac,male,22,195
5882,6,six,english,6,7,28,lang-english_speaker-07_trial-28_digit-6.flac,male,56,175
5883,10,null,german,0,7,23,lang-german_speaker-07_trial-23_digit-0.flac,male,56,175
5884,1,one,english,1,0,36,lang-english_speaker-00_trial-36_digit-1.flac,male,24,180
5885,0,zero,english,0,9,32,lang-english_speaker-09_trial-32_digit-0.flac,male,32,183
5886,5,five,english,5,3,17,lang-english_speaker-03_trial-17_digit-5.flac,female,23,174
5887,4,four,english,4,6,23,lang-english_speaker-06_trial-23_digit-4.flac,female,35,163
5888,10,null,german,0,2,41,lang-german_speaker-02_trial-41_digit-0.flac,female,23,158
5889,16,sechs,german,6,3,36,lang-german_speaker-03_trial-36_digit-6.flac,female,23,174
5890,18,acht,german,8,9,30,lang-german_speaker-09_trial-30_digit-8.flac,male,32,183
5891,0,zero,english,0,2,33,lang-english_speaker-02_trial-33_digit-0.flac,female,23,158
5892,8,eight,english,8,0,36,lang-english_speaker-00_trial-36_digit-8.flac,male,24,180
5893,4,four,english,4,9,32,lang-english_speaker-09_trial-32_digit-4.flac,male,32,183
5894,17,sieben,german,7,11,40,lang-german_speaker-11_trial-40_digit-7.flac,female,31,163
5895,5,five,english,5,7,28,lang-english_speaker-07_trial-28_digit-5.flac,male,56,175
5896,9,nine,english,9,11,31,lang-english_speaker-11_trial-31_digit-9.flac,female,31,163
5897,0,zero,english,0,2,33,lang-english_speaker-02_trial-33_digit-0.flac,female,23,158
5898,17,sieben,german,7,2,41,lang-german_speaker-02_trial-41_digit-7.flac,female,23,158
5899,15,fuenf,german,5,10,27,lang-german_speaker-10_trial-27_digit-5.flac,female,25,160
5900,5,five,english,5,8,28,lang-english_speaker-08_trial-28_digit-5.flac,male,21,182
5901,7,seven,english,7,2,33,lang-english_speaker-02_trial-33_digit-7.flac,female,23,158
5902,17,sieben,german,7,7,23,lang-german_speaker-07_trial-23_digit-7.flac,male,56,175
5903,14,vier,german,4,1,36,lang-german_speaker-01_trial-36_digit-4.flac,male,22,195
5904,7,seven,english,7,2,33,lang-english_speaker-02_trial-33_digit-7.flac,female,23,158
5905,4,four,english,4,0,36,lang-english_speaker-00_trial-36_digit-4.flac,male,24,180
5906,9,nine,english,9,7,28,lang-english_speaker-07_trial-28_digit-9.flac,male,56,175
5907,8,eight,english,8,10,31,lang-english_speaker-10_trial-31_digit-8.flac,female,25,160
5908,19,neun,german,9,11,40,lang-german_speaker-11_trial-40_digit-9.flac,female,31,163
5909,1,one,english,1,10,32,lang-english_speaker-10_trial-32_digit-1.flac,female,25,160
5910,18,acht,german,8,11,40,lang-german_speaker-11_trial-40_digit-8.flac,female,31,163
5911,2,two,english,2,6,23,lang-english_speaker-06_trial-23_digit-2.flac,female,35,163
5912,16,sechs,german,6,11,40,lang-german_speaker-11_trial-40_digit-6.flac,female,31,163
5913,18,acht,german,8,9,30,lang-german_speaker-09_trial-30_digit-8.flac,male,32,183
5914,12,zwei,german,2,9,30,lang-german_speaker-09_trial-30_digit-2.flac,male,32,183
5915,3,three,english,3,6,23,lang-english_speaker-06_trial-23_digit-3.flac,female,35,163
5916,0,zero,english,0,6,24,lang-english_speaker-06_trial-24_digit-0.flac,female,35,163
5917,7,seven,english,7,7,28,lang-english_speaker-07_trial-28_digit-7.flac,male,56,175
5918,3,three,english,3,0,36,lang-english_speaker-00_trial-36_digit-3.flac,male,24,180
5919,16,sechs,german,6,8,28,lang-german_speaker-08_trial-28_digit-6.flac,male,21,182
5920,3,three,english,3,8,28,lang-english_speaker-08_trial-28_digit-3.flac,male,21,182
5921,14,vier,german,4,3,36,lang-german_speaker-03_trial-36_digit-4.flac,female,23,174
5922,0,zero,english,0,10,32,lang-english_speaker-10_trial-32_digit-0.flac,female,25,160
5923,3,three,english,3,1,31,lang-english_speaker-01_trial-31_digit-3.flac,male,22,195
5924,2,two,english,2,2,33,lang-english_speaker-02_trial-33_digit-2.flac,female,23,158
5925,5,five,english,5,8,28,lang-english_speaker-08_trial-28_digit-5.flac,male,21,182
5926,12,zwei,german,2,2,41,lang-german_speaker-02_trial-41_digit-2.flac,female,23,158
5927,2,two,english,2,6,24,lang-english_speaker-06_trial-24_digit-2.flac,female,35,163
5928,8,eight,english,8,1,31,lang-english_speaker-01_trial-31_digit-8.flac,male,22,195
5929,17,sieben,german,7,1,36,lang-german_speaker-01_trial-36_digit-7.flac,male,22,195
5930,5,five,english,5,3,17,lang-english_speaker-03_trial-17_digit-5.flac,female,23,174
5931,18,acht,german,8,1,36,lang-german_speaker-01_trial-36_digit-8.flac,male,22,195
5932,9,nine,english,9,7,28,lang-english_speaker-07_trial-28_digit-9.flac,male,56,175
5933,10,null,german,0,10,28,lang-german_speaker-10_trial-28_digit-0.flac,female,25,160
5934,2,two,english,2,10,32,lang-english_speaker-10_trial-32_digit-2.flac,female,25,160
5935,18,acht,german,8,3,36,lang-german_speaker-03_trial-36_digit-8.flac,female,23,174
5936,8,eight,english,8,2,33,lang-english_speaker-02_trial-33_digit-8.flac,female,23,158
5937,14,vier,german,4,2,41,lang-german_speaker-02_trial-41_digit-4.flac,female,23,158
5938,1,one,english,1,11,32,lang-english_speaker-11_trial-32_digit-1.flac,female,31,163
5939,10,null,german,0,11,41,lang-german_speaker-11_trial-41_digit-0.flac,female,31,163
5940,17,sieben,german,7,3,36,lang-german_speaker-03_trial-36_digit-7.flac,female,23,174
5941,13,drei,german,3,11,41,lang-german_speaker-11_trial-41_digit-3.flac,female,31,163
5942,10,null,german,0,0,31,lang-german_speaker-00_trial-31_digit-0.flac,male,24,180
5943,19,neun,german,9,9,30,lang-german_speaker-09_trial-30_digit-9.flac,male,32,183
5944,12,zwei,german,2,0,31,lang-german_speaker-00_trial-31_digit-2.flac,male,24,180
5945,12,zwei,german,2,2,41,lang-german_speaker-02_trial-41_digit-2.flac,female,23,158
5946,0,zero,english,0,8,29,lang-english_speaker-08_trial-29_digit-0.flac,male,21,182
5947,14,vier,german,4,7,23,lang-german_speaker-07_trial-23_digit-4.flac,male,56,175
5948,4,four,english,4,2,33,lang-english_speaker-02_trial-33_digit-4.flac,female,23,158
5949,16,sechs,german,6,3,36,lang-german_speaker-03_trial-36_digit-6.flac,female,23,174
5950,19,neun,german,9,0,31,lang-german_speaker-00_trial-31_digit-9.flac,male,24,180
5951,14,vier,german,4,3,36,lang-german_speaker-03_trial-36_digit-4.flac,female,23,174
5952,16,sechs,german,6,7,23,lang-german_speaker-07_trial-23_digit-6.flac,male,56,175
5953,6,six,english,6,3,17,lang-english_speaker-03_trial-17_digit-6.flac,female,23,174
5954,17,sieben,german,7,2,41,lang-german_speaker-02_trial-41_digit-7.flac,female,23,158
5955,1,one,english,1,7,29,lang-english_speaker-07_trial-29_digit-1.flac,male,56,175
5956,10,null,german,0,3,37,lang-german_speaker-03_trial-37_digit-0.flac,female,23,174
5957,16,sechs,german,6,0,31,lang-german_speaker-00_trial-31_digit-6.flac,male,24,180
5958,7,seven,english,7,1,31,lang-english_speaker-01_trial-31_digit-7.flac,male,22,195
5959,9,nine,english,9,0,36,lang-english_speaker-00_trial-36_digit-9.flac,male,24,180
5960,7,seven,english,7,2,33,lang-english_speaker-02_trial-33_digit-7.flac,female,23,158
5961,9,nine,english,9,2,33,lang-english_speaker-02_trial-33_digit-9.flac,female,23,158
5962,19,neun,german,9,1,36,lang-german_speaker-01_trial-36_digit-9.flac,male,22,195
5963,9,nine,english,9,1,31,lang-english_speaker-01_trial-31_digit-9.flac,male,22,195
5964,7,seven,english,7,1,31,lang-english_speaker-01_trial-31_digit-7.flac,male,22,195
5965,5,five,english,5,1,31,lang-english_speaker-01_trial-31_digit-5.flac,male,22,195
5966,5,five,english,5,11,32,lang-english_speaker-11_trial-32_digit-5.flac,female,31,163
5967,7,seven,english,7,10,32,lang-english_speaker-10_trial-32_digit-7.flac,female,25,160
5968,5,five,english,5,0,36,lang-english_speaker-00_trial-36_digit-5.flac,male,24,180
5969,19,neun,german,9,1,36,lang-german_speaker-01_trial-36_digit-9.flac,male,22,195
5970,0,zero,english,0,1,32,lang-english_speaker-01_trial-32_digit-0.flac,male,22,195
5971,6,six,english,6,1,32,lang-english_speaker-01_trial-32_digit-6.flac,male,22,195
5972,1,one,english,1,8,29,lang-english_speaker-08_trial-29_digit-1.flac,male,21,182
5973,17,sieben,german,7,0,31,lang-german_speaker-00_trial-31_digit-7.flac,male,24,180
5974,6,six,english,6,2,33,lang-english_speaker-02_trial-33_digit-6.flac,female,23,158
5975,4,four,english,4,10,32,lang-english_speaker-10_trial-32_digit-4.flac,female,25,160
5976,7,seven,english,7,10,32,lang-english_speaker-10_trial-32_digit-7.flac,female,25,160
5977,11,eins,german,1,10,28,lang-german_speaker-10_trial-28_digit-1.flac,female,25,160
5978,15,fuenf,german,5,11,41,lang-german_speaker-11_trial-41_digit-5.flac,female,31,163
5979,17,sieben,german,7,11,41,lang-german_speaker-11_trial-41_digit-7.flac,female,31,163
5980,14,vier,german,4,7,23,lang-german_speaker-07_trial-23_digit-4.flac,male,56,175
5981,0,zero,english,0,11,32,lang-english_speaker-11_trial-32_digit-0.flac,female,31,163
5982,1,one,english,1,6,24,lang-english_speaker-06_trial-24_digit-1.flac,female,35,163
5983,5,five,english,5,0,36,lang-english_speaker-00_trial-36_digit-5.flac,male,24,180
5984,19,neun,german,9,0,31,lang-german_speaker-00_trial-31_digit-9.flac,male,24,180
5985,0,zero,english,0,9,32,lang-english_speaker-09_trial-32_digit-0.flac,male,32,183
5986,13,drei,german,3,3,37,lang-german_speaker-03_trial-37_digit-3.flac,female,23,174
5987,18,acht,german,8,7,23,lang-german_speaker-07_trial-23_digit-8.flac,male,56,175
5988,15,fuenf,german,5,0,31,lang-german_speaker-00_trial-31_digit-5.flac,male,24,180
5989,11,eins,german,1,7,23,lang-german_speaker-07_trial-23_digit-1.flac,male,56,175
5990,18,acht,german,8,6,14,lang-german_speaker-06_trial-14_digit-8.flac,female,35,163
5991,19,neun,german,9,11,41,lang-german_speaker-11_trial-41_digit-9.flac,female,31,163
5992,8,eight,english,8,8,29,lang-english_speaker-08_trial-29_digit-8.flac,male,21,182
5993,19,neun,german,9,0,31,lang-german_speaker-00_trial-31_digit-9.flac,male,24,180
5994,17,sieben,german,7,8,28,lang-german_speaker-08_trial-28_digit-7.flac,male,21,182
5995,12,zwei,german,2,0,31,lang-german_speaker-00_trial-31_digit-2.flac,male,24,180
5996,9,nine,english,9,9,32,lang-english_speaker-09_trial-32_digit-9.flac,male,32,183
5997,17,sieben,german,7,9,30,lang-german_speaker-09_trial-30_digit-7.flac,male,32,183
5998,13,drei,german,3,8,28,lang-german_speaker-08_trial-28_digit-3.flac,male,21,182
5999,1,one,english,1,9,33,lang-english_speaker-09_trial-33_digit-1.flac,male,32,183
6000,8,eight,english,8,2,33,lang-english_speaker-02_trial-33_digit-8.flac,female,23,158
6001,13,drei,german,3,9,30,lang-german_speaker-09_trial-30_digit-3.flac,male,32,183
6002,15,fuenf,german,5,11,41,lang-german_speaker-11_trial-41_digit-5.flac,female,31,163
6003,14,vier,german,4,9,30,lang-german_speaker-09_trial-30_digit-4.flac,male,32,183
6004,9,nine,english,9,0,36,lang-english_speaker-00_trial-36_digit-9.flac,male,24,180
6005,7,seven,english,7,0,36,lang-english_speaker-00_trial-36_digit-7.flac,male,24,180
6006,1,one,english,1,1,32,lang-english_speaker-01_trial-32_digit-1.flac,male,22,195
6007,7,seven,english,7,6,24,lang-english_speaker-06_trial-24_digit-7.flac,female,35,163
6008,10,null,german,0,9,31,lang-german_speaker-09_trial-31_digit-0.flac,male,32,183
6009,18,acht,german,8,1,36,lang-german_speaker-01_trial-36_digit-8.flac,male,22,195
6010,17,sieben,german,7,1,36,lang-german_speaker-01_trial-36_digit-7.flac,male,22,195
6011,7,seven,english,7,6,24,lang-english_speaker-06_trial-24_digit-7.flac,female,35,163
6012,15,fuenf,german,5,7,23,lang-german_speaker-07_trial-23_digit-5.flac,male,56,175
6013,5,five,english,5,7,29,lang-english_speaker-07_trial-29_digit-5.flac,male,56,175
6014,6,six,english,6,2,33,lang-english_speaker-02_trial-33_digit-6.flac,female,23,158
6015,0,zero,english,0,2,34,lang-english_speaker-02_trial-34_digit-0.flac,female,23,158
6016,15,fuenf,german,5,10,28,lang-german_speaker-10_trial-28_digit-5.flac,female,25,160
6017,4,four,english,4,2,34,lang-english_speaker-02_trial-34_digit-4.flac,female,23,158
6018,12,zwei,german,2,1,36,lang-german_speaker-01_trial-36_digit-2.flac,male,22,195
6019,10,null,german,0,11,42,lang-german_speaker-11_trial-42_digit-0.flac,female,31,163
6020,6,six,english,6,10,32,lang-english_speaker-10_trial-32_digit-6.flac,female,25,160
6021,2,two,english,2,1,32,lang-english_speaker-01_trial-32_digit-2.flac,male,22,195
6022,13,drei,german,3,0,31,lang-german_speaker-00_trial-31_digit-3.flac,male,24,180
6023,1,one,english,1,8,29,lang-english_speaker-08_trial-29_digit-1.flac,male,21,182
6024,9,nine,english,9,1,32,lang-english_speaker-01_trial-32_digit-9.flac,male,22,195
6025,0,zero,english,0,1,33,lang-english_speaker-01_trial-33_digit-0.flac,male,22,195
6026,10,null,german,0,2,42,lang-german_speaker-02_trial-42_digit-0.flac,female,23,158
6027,12,zwei,german,2,2,42,lang-german_speaker-02_trial-42_digit-2.flac,female,23,158
6028,6,six,english,6,8,29,lang-english_speaker-08_trial-29_digit-6.flac,male,21,182
6029,8,eight,english,8,1,33,lang-english_speaker-01_trial-33_digit-8.flac,male,22,195
6030,6,six,english,6,2,34,lang-english_speaker-02_trial-34_digit-6.flac,female,23,158
6031,13,drei,german,3,2,42,lang-german_speaker-02_trial-42_digit-3.flac,female,23,158
6032,15,fuenf,german,5,3,37,lang-german_speaker-03_trial-37_digit-5.flac,female,23,174
6033,17,sieben,german,7,7,23,lang-german_speaker-07_trial-23_digit-7.flac,male,56,175
6034,1,one,english,1,7,29,lang-english_speaker-07_trial-29_digit-1.flac,male,56,175
6035,1,one,english,1,0,37,lang-english_speaker-00_trial-37_digit-1.flac,male,24,180
6036,19,neun,german,9,3,37,lang-german_speaker-03_trial-37_digit-9.flac,female,23,174
6037,18,acht,german,8,0,31,lang-german_speaker-00_trial-31_digit-8.flac,male,24,180
6038,12,zwei,german,2,11,42,lang-german_speaker-11_trial-42_digit-2.flac,female,31,163
6039,6,six,english,6,9,33,lang-english_speaker-09_trial-33_digit-6.flac,male,32,183
6040,18,acht,german,8,1,36,lang-german_speaker-01_trial-36_digit-8.flac,male,22,195
6041,8,eight,english,8,8,29,lang-english_speaker-08_trial-29_digit-8.flac,male,21,182
6042,10,null,german,0,0,32,lang-german_speaker-00_trial-32_digit-0.flac,male,24,180
6043,6,six,english,6,3,17,lang-english_speaker-03_trial-17_digit-6.flac,female,23,174
6044,1,one,english,1,10,32,lang-english_speaker-10_trial-32_digit-1.flac,female,25,160
6045,14,vier,german,4,1,36,lang-german_speaker-01_trial-36_digit-4.flac,male,22,195
6046,15,fuenf,german,5,1,36,lang-german_speaker-01_trial-36_digit-5.flac,male,22,195
6047,6,six,english,6,9,33,lang-english_speaker-09_trial-33_digit-6.flac,male,32,183
6048,4,four,english,4,0,37,lang-english_speaker-00_trial-37_digit-4.flac,male,24,180
6049,0,zero,english,0,7,29,lang-english_speaker-07_trial-29_digit-0.flac,male,56,175
6050,7,seven,english,7,1,33,lang-english_speaker-01_trial-33_digit-7.flac,male,22,195
6051,16,sechs,german,6,2,42,lang-german_speaker-02_trial-42_digit-6.flac,female,23,158
6052,17,sieben,german,7,11,42,lang-german_speaker-11_trial-42_digit-7.flac,female,31,163
6053,12,zwei,german,2,8,28,lang-german_speaker-08_trial-28_digit-2.flac,male,21,182
6054,11,eins,german,1,0,32,lang-german_speaker-00_trial-32_digit-1.flac,male,24,180
6055,7,seven,english,7,11,32,lang-english_speaker-11_trial-32_digit-7.flac,female,31,163
6056,18,acht,german,8,2,42,lang-german_speaker-02_trial-42_digit-8.flac,female,23,158
6057,6,six,english,6,0,37,lang-english_speaker-00_trial-37_digit-6.flac,male,24,180
6058,13,drei,german,3,3,37,lang-german_speaker-03_trial-37_digit-3.flac,female,23,174
6059,13,drei,german,3,0,32,lang-german_speaker-00_trial-32_digit-3.flac,male,24,180
6060,11,eins,german,1,1,37,lang-german_speaker-01_trial-37_digit-1.flac,male,22,195
6061,15,fuenf,german,5,1,37,lang-german_speaker-01_trial-37_digit-5.flac,male,22,195
6062,3,three,english,3,6,24,lang-english_speaker-06_trial-24_digit-3.flac,female,35,163
6063,6,six,english,6,8,29,lang-english_speaker-08_trial-29_digit-6.flac,male,21,182
6064,4,four,english,4,9,33,lang-english_speaker-09_trial-33_digit-4.flac,male,32,183
6065,11,eins,german,1,2,42,lang-german_speaker-02_trial-42_digit-1.flac,female,23,158
6066,14,vier,german,4,0,32,lang-german_speaker-00_trial-32_digit-4.flac,male,24,180
6067,5,five,english,5,1,33,lang-english_speaker-01_trial-33_digit-5.flac,male,22,195
6068,15,fuenf,german,5,1,37,lang-german_speaker-01_trial-37_digit-5.flac,male,22,195
6069,17,sieben,german,7,1,37,lang-german_speaker-01_trial-37_digit-7.flac,male,22,195
6070,10,null,german,0,7,24,lang-german_speaker-07_trial-24_digit-0.flac,male,56,175
6071,8,eight,english,8,10,32,lang-english_speaker-10_trial-32_digit-8.flac,female,25,160
6072,8,eight,english,8,8,29,lang-english_speaker-08_trial-29_digit-8.flac,male,21,182
6073,9,nine,english,9,0,37,lang-english_speaker-00_trial-37_digit-9.flac,male,24,180
6074,4,four,english,4,2,34,lang-english_speaker-02_trial-34_digit-4.flac,female,23,158
6075,18,acht,german,8,10,28,lang-german_speaker-10_trial-28_digit-8.flac,female,25,160
6076,0,zero,english,0,6,25,lang-english_speaker-06_trial-25_digit-0.flac,female,35,163
6077,2,two,english,2,0,37,lang-english_speaker-00_trial-37_digit-2.flac,male,24,180
6078,14,vier,german,4,11,42,lang-german_speaker-11_trial-42_digit-4.flac,female,31,163
6079,5,five,english,5,3,17,lang-english_speaker-03_trial-17_digit-5.flac,female,23,174
6080,10,null,german,0,7,24,lang-german_speaker-07_trial-24_digit-0.flac,male,56,175
6081,6,six,english,6,1,33,lang-english_speaker-01_trial-33_digit-6.flac,male,22,195
6082,9,nine,english,9,7,29,lang-english_speaker-07_trial-29_digit-9.flac,male,56,175
6083,17,sieben,german,7,10,28,lang-german_speaker-10_trial-28_digit-7.flac,female,25,160
6084,4,four,english,4,10,32,lang-english_speaker-10_trial-32_digit-4.flac,female,25,160
6085,3,three,english,3,8,29,lang-english_speaker-08_trial-29_digit-3.flac,male,21,182
6086,0,zero,english,0,7,30,lang-english_speaker-07_trial-30_digit-0.flac,male,56,175
6087,13,drei,german,3,10,28,lang-german_speaker-10_trial-28_digit-3.flac,female,25,160
6088,9,nine,english,9,1,33,lang-english_speaker-01_trial-33_digit-9.flac,male,22,195
6089,3,three,english,3,10,32,lang-english_speaker-10_trial-32_digit-3.flac,female,25,160
6090,11,eins,german,1,11,42,lang-german_speaker-11_trial-42_digit-1.flac,female,31,163
6091,18,acht,german,8,1,37,lang-german_speaker-01_trial-37_digit-8.flac,male,22,195
6092,19,neun,german,9,10,28,lang-german_speaker-10_trial-28_digit-9.flac,female,25,160
6093,18,acht,german,8,8,28,lang-german_speaker-08_trial-28_digit-8.flac,male,21,182
6094,5,five,english,5,6,25,lang-english_speaker-06_trial-25_digit-5.flac,female,35,163
6095,12,zwei,german,2,6,14,lang-german_speaker-06_trial-14_digit-2.flac,female,35,163
6096,9,nine,english,9,9,33,lang-english_speaker-09_trial-33_digit-9.flac,male,32,183
6097,13,drei,german,3,3,37,lang-german_speaker-03_trial-37_digit-3.flac,female,23,174
6098,18,acht,german,8,7,24,lang-german_speaker-07_trial-24_digit-8.flac,male,56,175
6099,11,eins,german,1,3,38,lang-german_speaker-03_trial-38_digit-1.flac,female,23,174
6100,13,drei,german,3,0,32,lang-german_speaker-00_trial-32_digit-3.flac,male,24,180
6101,2,two,english,2,9,33,lang-english_speaker-09_trial-33_digit-2.flac,male,32,183
6102,0,zero,english,0,0,38,lang-english_speaker-00_trial-38_digit-0.flac,male,24,180
6103,2,two,english,2,1,33,lang-english_speaker-01_trial-33_digit-2.flac,male,22,195
6104,18,acht,german,8,3,38,lang-german_speaker-03_trial-38_digit-8.flac,female,23,174
6105,11,eins,german,1,11,42,lang-german_speaker-11_trial-42_digit-1.flac,female,31,163
6106,10,null,german,0,2,43,lang-german_speaker-02_trial-43_digit-0.flac,female,23,158
6107,6,six,english,6,0,38,lang-english_speaker-00_trial-38_digit-6.flac,male,24,180
6108,15,fuenf,german,5,7,24,lang-german_speaker-07_trial-24_digit-5.flac,male,56,175
6109,7,seven,english,7,7,30,lang-english_speaker-07_trial-30_digit-7.flac,male,56,175
6110,2,two,english,2,7,30,lang-english_speaker-07_trial-30_digit-2.flac,male,56,175
6111,11,eins,german,1,2,43,lang-german_speaker-02_trial-43_digit-1.flac,female,23,158
6112,17,sieben,german,7,6,14,lang-german_speaker-06_trial-14_digit-7.flac,female,35,163
6113,5,five,english,5,1,33,lang-english_speaker-01_trial-33_digit-5.flac,male,22,195
6114,8,eight,english,8,10,32,lang-english_speaker-10_trial-32_digit-8.flac,female,25,160
6115,10,null,german,0,11,43,lang-german_speaker-11_trial-43_digit-0.flac,female,31,163
6116,3,three,english,3,9,33,lang-english_speaker-09_trial-33_digit-3.flac,male,32,183
6117,6,six,english,6,7,30,lang-english_speaker-07_trial-30_digit-6.flac,male,56,175
6118,0,zero,english,0,8,30,lang-english_speaker-08_trial-30_digit-0.flac,male,21,182
6119,15,fuenf,german,5,2,43,lang-german_speaker-02_trial-43_digit-5.flac,female,23,158
6120,5,five,english,5,11,32,lang-english_speaker-11_trial-32_digit-5.flac,female,31,163
6121,3,three,english,3,6,25,lang-english_speaker-06_trial-25_digit-3.flac,female,35,163
6122,3,three,english,3,11,32,lang-english_speaker-11_trial-32_digit-3.flac,female,31,163
6123,16,sechs,german,6,9,31,lang-german_speaker-09_trial-31_digit-6.flac,male,32,183
6124,14,vier,german,4,1,37,lang-german_speaker-01_trial-37_digit-4.flac,male,22,195
6125,14,vier,german,4,9,31,lang-german_speaker-09_trial-31_digit-4.flac,male,32,183
6126,1,one,english,1,11,32,lang-english_speaker-11_trial-32_digit-1.flac,female,31,163
6127,2,two,english,2,7,30,lang-english_speaker-07_trial-30_digit-2.flac,male,56,175
6128,0,zero,english,0,7,31,lang-english_speaker-07_trial-31_digit-0.flac,male,56,175
6129,0,zero,english,0,1,34,lang-english_speaker-01_trial-34_digit-0.flac,male,22,195
6130,10,null,german,0,2,43,lang-german_speaker-02_trial-43_digit-0.flac,female,23,158
6131,11,eins,german,1,6,14,lang-german_speaker-06_trial-14_digit-1.flac,female,35,163
6132,4,four,english,4,7,31,lang-english_speaker-07_trial-31_digit-4.flac,male,56,175
6133,13,drei,german,3,7,24,lang-german_speaker-07_trial-24_digit-3.flac,male,56,175
6134,18,acht,german,8,9,31,lang-german_speaker-09_trial-31_digit-8.flac,male,32,183
6135,5,five,english,5,2,34,lang-english_speaker-02_trial-34_digit-5.flac,female,23,158
6136,5,five,english,5,1,34,lang-english_speaker-01_trial-34_digit-5.flac,male,22,195
6137,4,four,english,4,10,32,lang-english_speaker-10_trial-32_digit-4.flac,female,25,160
6138,4,four,english,4,6,25,lang-english_speaker-06_trial-25_digit-4.flac,female,35,163
6139,6,six,english,6,7,31,lang-english_speaker-07_trial-31_digit-6.flac,male,56,175
6140,5,five,english,5,3,17,lang-english_speaker-03_trial-17_digit-5.flac,female,23,174
6141,18,acht,german,8,3,38,lang-german_speaker-03_trial-38_digit-8.flac,female,23,174
6142,15,fuenf,german,5,0,32,lang-german_speaker-00_trial-32_digit-5.flac,male,24,180
6143,1,one,english,1,7,31,lang-english_speaker-07_trial-31_digit-1.flac,male,56,175
6144,3,three,english,3,3,17,lang-english_speaker-03_trial-17_digit-3.flac,female,23,174
6145,17,sieben,german,7,0,32,lang-german_speaker-00_trial-32_digit-7.flac,male,24,180
6146,0,zero,english,0,9,34,lang-english_speaker-09_trial-34_digit-0.flac,male,32,183
6147,17,sieben,german,7,10,28,lang-german_speaker-10_trial-28_digit-7.flac,female,25,160
6148,14,vier,german,4,6,14,lang-german_speaker-06_trial-14_digit-4.flac,female,35,163
6149,17,sieben,german,7,8,28,lang-german_speaker-08_trial-28_digit-7.flac,male,21,182
6150,16,sechs,german,6,8,28,lang-german_speaker-08_trial-28_digit-6.flac,male,21,182
6151,6,six,english,6,0,38,lang-english_speaker-00_trial-38_digit-6.flac,male,24,180
6152,5,five,english,5,10,32,lang-english_speaker-10_trial-32_digit-5.flac,female,25,160
6153,0,zero,english,0,3,18,lang-english_speaker-03_trial-18_digit-0.flac,female,23,174
6154,18,acht,german,8,7,24,lang-german_speaker-07_trial-24_digit-8.flac,male,56,175
6155,14,vier,german,4,7,24,lang-german_speaker-07_trial-24_digit-4.flac,male,56,175
6156,11,eins,german,1,7,24,lang-german_speaker-07_trial-24_digit-1.flac,male,56,175
6157,19,neun,german,9,9,31,lang-german_speaker-09_trial-31_digit-9.flac,male,32,183
6158,14,vier,german,4,8,28,lang-german_speaker-08_trial-28_digit-4.flac,male,21,182
6159,19,neun,german,9,0,32,lang-german_speaker-00_trial-32_digit-9.flac,male,24,180
6160,19,neun,german,9,0,32,lang-german_speaker-00_trial-32_digit-9.flac,male,24,180
6161,1,one,english,1,10,32,lang-english_speaker-10_trial-32_digit-1.flac,female,25,160
6162,15,fuenf,german,5,1,37,lang-german_speaker-01_trial-37_digit-5.flac,male,22,195
6163,15,fuenf,german,5,8,28,lang-german_speaker-08_trial-28_digit-5.flac,male,21,182
6164,6,six,english,6,10,32,lang-english_speaker-10_trial-32_digit-6.flac,female,25,160
6165,5,five,english,5,11,32,lang-english_speaker-11_trial-32_digit-5.flac,female,31,163
6166,11,eins,german,1,3,38,lang-german_speaker-03_trial-38_digit-1.flac,female,23,174
6167,6,six,english,6,2,34,lang-english_speaker-02_trial-34_digit-6.flac,female,23,158
6168,7,seven,english,7,10,32,lang-english_speaker-10_trial-32_digit-7.flac,female,25,160
6169,4,four,english,4,7,31,lang-english_speaker-07_trial-31_digit-4.flac,male,56,175
6170,7,seven,english,7,0,38,lang-english_speaker-00_trial-38_digit-7.flac,male,24,180
6171,16,sechs,german,6,9,31,lang-german_speaker-09_trial-31_digit-6.flac,male,32,183
6172,9,nine,english,9,0,38,lang-english_speaker-00_trial-38_digit-9.flac,male,24,180
6173,1,one,english,1,2,34,lang-english_speaker-02_trial-34_digit-1.flac,female,23,158
6174,14,vier,german,4,9,31,lang-german_speaker-09_trial-31_digit-4.flac,male,32,183
6175,12,zwei,german,2,7,24,lang-german_speaker-07_trial-24_digit-2.flac,male,56,175
6176,18,acht,german,8,0,32,lang-german_speaker-00_trial-32_digit-8.flac,male,24,180
6177,7,seven,english,7,0,38,lang-english_speaker-00_trial-38_digit-7.flac,male,24,180
6178,18,acht,german,8,2,43,lang-german_speaker-02_trial-43_digit-8.flac,female,23,158
6179,9,nine,english,9,8,30,lang-english_speaker-08_trial-30_digit-9.flac,male,21,182
6180,18,acht,german,8,11,43,lang-german_speaker-11_trial-43_digit-8.flac,female,31,163
6181,10,null,german,0,8,29,lang-german_speaker-08_trial-29_digit-0.flac,male,21,182
6182,11,eins,german,1,2,43,lang-german_speaker-02_trial-43_digit-1.flac,female,23,158
6183,8,eight,english,8,6,25,lang-english_speaker-06_trial-25_digit-8.flac,female,35,163
6184,5,five,english,5,7,31,lang-english_speaker-07_trial-31_digit-5.flac,male,56,175
6185,10,null,german,0,0,33,lang-german_speaker-00_trial-33_digit-0.flac,male,24,180
6186,8,eight,english,8,6,25,lang-english_speaker-06_trial-25_digit-8.flac,female,35,163
6187,8,eight,english,8,2,34,lang-english_speaker-02_trial-34_digit-8.flac,female,23,158
6188,19,neun,german,9,0,33,lang-german_speaker-00_trial-33_digit-9.flac,male,24,180
6189,1,one,english,1,0,39,lang-english_speaker-00_trial-39_digit-1.flac,male,24,180
6190,12,zwei,german,2,11,43,lang-german_speaker-11_trial-43_digit-2.flac,female,31,163
6191,19,neun,german,9,2,43,lang-german_speaker-02_trial-43_digit-9.flac,female,23,158
6192,19,neun,german,9,10,28,lang-german_speaker-10_trial-28_digit-9.flac,female,25,160
6193,10,null,german,0,11,44,lang-german_speaker-11_trial-44_digit-0.flac,female,31,163
6194,10,null,german,0,2,44,lang-german_speaker-02_trial-44_digit-0.flac,female,23,158
6195,11,eins,german,1,9,32,lang-german_speaker-09_trial-32_digit-1.flac,male,32,183
6196,2,two,english,2,2,34,lang-english_speaker-02_trial-34_digit-2.flac,female,23,158
6197,18,acht,german,8,10,28,lang-german_speaker-10_trial-28_digit-8.flac,female,25,160
6198,10,null,german,0,2,44,lang-german_speaker-02_trial-44_digit-0.flac,female,23,158
6199,4,four,english,4,9,34,lang-english_speaker-09_trial-34_digit-4.flac,male,32,183
6200,13,drei,german,3,3,38,lang-german_speaker-03_trial-38_digit-3.flac,female,23,174
6201,10,null,german,0,0,34,lang-german_speaker-00_trial-34_digit-0.flac,male,24,180
6202,7,seven,english,7,7,31,lang-english_speaker-07_trial-31_digit-7.flac,male,56,175
6203,9,nine,english,9,1,34,lang-english_speaker-01_trial-34_digit-9.flac,male,22,195
6204,10,null,german,0,10,29,lang-german_speaker-10_trial-29_digit-0.flac,female,25,160
6205,14,vier,german,4,11,44,lang-german_speaker-11_trial-44_digit-4.flac,female,31,163
6206,15,fuenf,german,5,7,24,lang-german_speaker-07_trial-24_digit-5.flac,male,56,175
6207,18,acht,german,8,8,29,lang-german_speaker-08_trial-29_digit-8.flac,male,21,182
6208,14,vier,german,4,7,24,lang-german_speaker-07_trial-24_digit-4.flac,male,56,175
6209,7,seven,english,7,9,34,lang-english_speaker-09_trial-34_digit-7.flac,male,32,183
6210,9,nine,english,9,1,34,lang-english_speaker-01_trial-34_digit-9.flac,male,22,195
6211,5,five,english,5,10,32,lang-english_speaker-10_trial-32_digit-5.flac,female,25,160
6212,6,six,english,6,8,30,lang-english_speaker-08_trial-30_digit-6.flac,male,21,182
6213,9,nine,english,9,6,25,lang-english_speaker-06_trial-25_digit-9.flac,female,35,163
6214,13,drei,german,3,6,14,lang-german_speaker-06_trial-14_digit-3.flac,female,35,163
6215,5,five,english,5,8,30,lang-english_speaker-08_trial-30_digit-5.flac,male,21,182
6216,11,eins,german,1,3,38,lang-german_speaker-03_trial-38_digit-1.flac,female,23,174
6217,17,sieben,german,7,11,44,lang-german_speaker-11_trial-44_digit-7.flac,female,31,163
6218,11,eins,german,1,11,44,lang-german_speaker-11_trial-44_digit-1.flac,female,31,163
6219,15,fuenf,german,5,2,44,lang-german_speaker-02_trial-44_digit-5.flac,female,23,158
6220,15,fuenf,german,5,0,34,lang-german_speaker-00_trial-34_digit-5.flac,male,24,180
6221,9,nine,english,9,10,32,lang-english_speaker-10_trial-32_digit-9.flac,female,25,160
6222,9,nine,english,9,10,32,lang-english_speaker-10_trial-32_digit-9.flac,female,25,160
6223,14,vier,german,4,3,38,lang-german_speaker-03_trial-38_digit-4.flac,female,23,174
6224,5,five,english,5,11,32,lang-english_speaker-11_trial-32_digit-5.flac,female,31,163
6225,7,seven,english,7,7,31,lang-english_speaker-07_trial-31_digit-7.flac,male,56,175
6226,5,five,english,5,11,32,lang-english_speaker-11_trial-32_digit-5.flac,female,31,163
6227,0,zero,english,0,6,26,lang-english_speaker-06_trial-26_digit-0.flac,female,35,163
6228,5,five,english,5,2,34,lang-english_speaker-02_trial-34_digit-5.flac,female,23,158
6229,1,one,english,1,0,39,lang-english_speaker-00_trial-39_digit-1.flac,male,24,180
6230,12,zwei,german,2,8,29,lang-german_speaker-08_trial-29_digit-2.flac,male,21,182
6231,8,eight,english,8,11,32,lang-english_speaker-11_trial-32_digit-8.flac,female,31,163
6232,8,eight,english,8,8,30,lang-english_speaker-08_trial-30_digit-8.flac,male,21,182
6233,4,four,english,4,3,18,lang-english_speaker-03_trial-18_digit-4.flac,female,23,174
6234,11,eins,german,1,11,44,lang-german_speaker-11_trial-44_digit-1.flac,female,31,163
6235,15,fuenf,german,5,10,29,lang-german_speaker-10_trial-29_digit-5.flac,female,25,160
6236,16,sechs,german,6,8,29,lang-german_speaker-08_trial-29_digit-6.flac,male,21,182
6237,17,sieben,german,7,1,37,lang-german_speaker-01_trial-37_digit-7.flac,male,22,195
6238,11,eins,german,1,10,29,lang-german_speaker-10_trial-29_digit-1.flac,female,25,160
6239,18,acht,german,8,0,34,lang-german_speaker-00_trial-34_digit-8.flac,male,24,180
6240,7,seven,english,7,1,34,lang-english_speaker-01_trial-34_digit-7.flac,male,22,195
6241,18,acht,german,8,3,38,lang-german_speaker-03_trial-38_digit-8.flac,female,23,174
6242,2,two,english,2,6,26,lang-english_speaker-06_trial-26_digit-2.flac,female,35,163
6243,11,eins,german,1,1,37,lang-german_speaker-01_trial-37_digit-1.flac,male,22,195
6244,17,sieben,german,7,0,34,lang-german_speaker-00_trial-34_digit-7.flac,male,24,180
6245,5,five,english,5,0,39,lang-english_speaker-00_trial-39_digit-5.flac,male,24,180
6246,6,six,english,6,0,39,lang-english_speaker-00_trial-39_digit-6.flac,male,24,180
6247,15,fuenf,german,5,0,34,lang-german_speaker-00_trial-34_digit-5.flac,male,24,180
6248,0,zero,english,0,0,39,lang-english_speaker-00_trial-39_digit-0.flac,male,24,180
6249,18,acht,german,8,11,44,lang-german_speaker-11_trial-44_digit-8.flac,female,31,163
6250,18,acht,german,8,6,14,lang-german_speaker-06_trial-14_digit-8.flac,female,35,163
6251,12,zwei,german,2,6,14,lang-german_speaker-06_trial-14_digit-2.flac,female,35,163
6252,19,neun,german,9,11,44,lang-german_speaker-11_trial-44_digit-9.flac,female,31,163
6253,7,seven,english,7,2,34,lang-english_speaker-02_trial-34_digit-7.flac,female,23,158
6254,2,two,english,2,8,30,lang-english_speaker-08_trial-30_digit-2.flac,male,21,182
6255,13,drei,german,3,10,29,lang-german_speaker-10_trial-29_digit-3.flac,female,25,160
6256,11,eins,german,1,9,32,lang-german_speaker-09_trial-32_digit-1.flac,male,32,183
6257,19,neun,german,9,3,38,lang-german_speaker-03_trial-38_digit-9.flac,female,23,174
6258,4,four,english,4,1,34,lang-english_speaker-01_trial-34_digit-4.flac,male,22,195
6259,2,two,english,2,9,34,lang-english_speaker-09_trial-34_digit-2.flac,male,32,183
6260,3,three,english,3,11,32,lang-english_speaker-11_trial-32_digit-3.flac,female,31,163
6261,15,fuenf,german,5,10,29,lang-german_speaker-10_trial-29_digit-5.flac,female,25,160
6262,3,three,english,3,10,32,lang-english_speaker-10_trial-32_digit-3.flac,female,25,160
6263,9,nine,english,9,1,34,lang-english_speaker-01_trial-34_digit-9.flac,male,22,195
6264,14,vier,german,4,10,29,lang-german_speaker-10_trial-29_digit-4.flac,female,25,160
6265,1,one,english,1,8,31,lang-english_speaker-08_trial-31_digit-1.flac,male,21,182
6266,18,acht,german,8,2,44,lang-german_speaker-02_trial-44_digit-8.flac,female,23,158
6267,15,fuenf,german,5,7,24,lang-german_speaker-07_trial-24_digit-5.flac,male,56,175
6268,19,neun,german,9,1,37,lang-german_speaker-01_trial-37_digit-9.flac,male,22,195
6269,18,acht,german,8,3,38,lang-german_speaker-03_trial-38_digit-8.flac,female,23,174
6270,4,four,english,4,2,34,lang-english_speaker-02_trial-34_digit-4.flac,female,23,158
6271,7,seven,english,7,2,34,lang-english_speaker-02_trial-34_digit-7.flac,female,23,158
6272,19,neun,german,9,0,34,lang-german_speaker-00_trial-34_digit-9.flac,male,24,180
6273,18,acht,german,8,2,44,lang-german_speaker-02_trial-44_digit-8.flac,female,23,158
6274,4,four,english,4,6,26,lang-english_speaker-06_trial-26_digit-4.flac,female,35,163
6275,11,eins,german,1,10,29,lang-german_speaker-10_trial-29_digit-1.flac,female,25,160
6276,5,five,english,5,1,34,lang-english_speaker-01_trial-34_digit-5.flac,male,22,195
6277,19,neun,german,9,8,29,lang-german_speaker-08_trial-29_digit-9.flac,male,21,182
6278,14,vier,german,4,1,37,lang-german_speaker-01_trial-37_digit-4.flac,male,22,195
6279,11,eins,german,1,3,39,lang-german_speaker-03_trial-39_digit-1.flac,female,23,174
6280,2,two,english,2,6,26,lang-english_speaker-06_trial-26_digit-2.flac,female,35,163
6281,3,three,english,3,2,34,lang-english_speaker-02_trial-34_digit-3.flac,female,23,158
6282,3,three,english,3,9,34,lang-english_speaker-09_trial-34_digit-3.flac,male,32,183
6283,16,sechs,german,6,0,34,lang-german_speaker-00_trial-34_digit-6.flac,male,24,180
6284,13,drei,german,3,11,44,lang-german_speaker-11_trial-44_digit-3.flac,female,31,163
6285,14,vier,german,4,8,29,lang-german_speaker-08_trial-29_digit-4.flac,male,21,182
6286,8,eight,english,8,8,31,lang-english_speaker-08_trial-31_digit-8.flac,male,21,182
6287,12,zwei,german,2,0,34,lang-german_speaker-00_trial-34_digit-2.flac,male,24,180
6288,8,eight,english,8,1,34,lang-english_speaker-01_trial-34_digit-8.flac,male,22,195
6289,12,zwei,german,2,9,32,lang-german_speaker-09_trial-32_digit-2.flac,male,32,183
6290,3,three,english,3,1,34,lang-english_speaker-01_trial-34_digit-3.flac,male,22,195
6291,13,drei,german,3,9,32,lang-german_speaker-09_trial-32_digit-3.flac,male,32,183
6292,14,vier,german,4,11,44,lang-german_speaker-11_trial-44_digit-4.flac,female,31,163
6293,19,neun,german,9,2,44,lang-german_speaker-02_trial-44_digit-9.flac,female,23,158
6294,16,sechs,german,6,8,29,lang-german_speaker-08_trial-29_digit-6.flac,male,21,182
6295,2,two,english,2,6,26,lang-english_speaker-06_trial-26_digit-2.flac,female,35,163
6296,3,three,english,3,3,18,lang-english_speaker-03_trial-18_digit-3.flac,female,23,174
6297,19,neun,german,9,10,29,lang-german_speaker-10_trial-29_digit-9.flac,female,25,160
6298,14,vier,german,4,7,24,lang-german_speaker-07_trial-24_digit-4.flac,male,56,175
6299,2,two,english,2,10,32,lang-english_speaker-10_trial-32_digit-2.flac,female,25,160
6300,13,drei,german,3,1,37,lang-german_speaker-01_trial-37_digit-3.flac,male,22,195
6301,9,nine,english,9,8,31,lang-english_speaker-08_trial-31_digit-9.flac,male,21,182
6302,14,vier,german,4,8,29,lang-german_speaker-08_trial-29_digit-4.flac,male,21,182
6303,9,nine,english,9,1,34,lang-english_speaker-01_trial-34_digit-9.flac,male,22,195
6304,15,fuenf,german,5,1,37,lang-german_speaker-01_trial-37_digit-5.flac,male,22,195
6305,6,six,english,6,9,34,lang-english_speaker-09_trial-34_digit-6.flac,male,32,183
6306,16,sechs,german,6,1,37,lang-german_speaker-01_trial-37_digit-6.flac,male,22,195
6307,15,fuenf,german,5,3,39,lang-german_speaker-03_trial-39_digit-5.flac,female,23,174
6308,19,neun,german,9,10,29,lang-german_speaker-10_trial-29_digit-9.flac,female,25,160
6309,0,zero,english,0,7,32,lang-english_speaker-07_trial-32_digit-0.flac,male,56,175
6310,2,two,english,2,1,34,lang-english_speaker-01_trial-34_digit-2.flac,male,22,195
6311,3,three,english,3,6,26,lang-english_speaker-06_trial-26_digit-3.flac,female,35,163
6312,9,nine,english,9,1,34,lang-english_speaker-01_trial-34_digit-9.flac,male,22,195
6313,10,null,german,0,8,30,lang-german_speaker-08_trial-30_digit-0.flac,male,21,182
6314,13,drei,german,3,1,37,lang-german_speaker-01_trial-37_digit-3.flac,male,22,195
6315,12,zwei,german,2,11,44,lang-german_speaker-11_trial-44_digit-2.flac,female,31,163
6316,14,vier,german,4,10,29,lang-german_speaker-10_trial-29_digit-4.flac,female,25,160
6317,17,sieben,german,7,7,24,lang-german_speaker-07_trial-24_digit-7.flac,male,56,175
6318,19,neun,german,9,9,32,lang-german_speaker-09_trial-32_digit-9.flac,male,32,183
6319,14,vier,german,4,11,44,lang-german_speaker-11_trial-44_digit-4.flac,female,31,163
6320,16,sechs,german,6,11,44,lang-german_speaker-11_trial-44_digit-6.flac,female,31,163
6321,6,six,english,6,9,34,lang-english_speaker-09_trial-34_digit-6.flac,male,32,183
6322,17,sieben,german,7,10,29,lang-german_speaker-10_trial-29_digit-7.flac,female,25,160
6323,9,nine,english,9,11,32,lang-english_speaker-11_trial-32_digit-9.flac,female,31,163
6324,16,sechs,german,6,9,32,lang-german_speaker-09_trial-32_digit-6.flac,male,32,183
6325,14,vier,german,4,9,32,lang-german_speaker-09_trial-32_digit-4.flac,male,32,183
6326,13,drei,german,3,8,30,lang-german_speaker-08_trial-30_digit-3.flac,male,21,182
6327,13,drei,german,3,10,29,lang-german_speaker-10_trial-29_digit-3.flac,female,25,160
6328,1,one,english,1,0,39,lang-english_speaker-00_trial-39_digit-1.flac,male,24,180
6329,2,two,english,2,9,34,lang-english_speaker-09_trial-34_digit-2.flac,male,32,183
6330,3,three,english,3,7,32,lang-english_speaker-07_trial-32_digit-3.flac,male,56,175
6331,2,two,english,2,8,31,lang-english_speaker-08_trial-31_digit-2.flac,male,21,182
6332,4,four,english,4,3,18,lang-english_speaker-03_trial-18_digit-4.flac,female,23,174
6333,19,neun,german,9,0,34,lang-german_speaker-00_trial-34_digit-9.flac,male,24,180
6334,2,two,english,2,2,34,lang-english_speaker-02_trial-34_digit-2.flac,female,23,158
6335,2,two,english,2,10,32,lang-english_speaker-10_trial-32_digit-2.flac,female,25,160
6336,3,three,english,3,0,39,lang-english_speaker-00_trial-39_digit-3.flac,male,24,180
6337,9,nine,english,9,11,32,lang-english_speaker-11_trial-32_digit-9.flac,female,31,163
6338,18,acht,german,8,3,39,lang-german_speaker-03_trial-39_digit-8.flac,female,23,174
6339,13,drei,german,3,1,37,lang-german_speaker-01_trial-37_digit-3.flac,male,22,195
6340,3,three,english,3,2,34,lang-english_speaker-02_trial-34_digit-3.flac,female,23,158
6341,17,sieben,german,7,1,37,lang-german_speaker-01_trial-37_digit-7.flac,male,22,195
6342,0,zero,english,0,2,35,lang-english_speaker-02_trial-35_digit-0.flac,female,23,158
6343,8,eight,english,8,2,35,lang-english_speaker-02_trial-35_digit-8.flac,female,23,158
6344,17,sieben,german,7,1,37,lang-german_speaker-01_trial-37_digit-7.flac,male,22,195
6345,5,five,english,5,9,34,lang-english_speaker-09_trial-34_digit-5.flac,male,32,183
6346,18,acht,german,8,1,37,lang-german_speaker-01_trial-37_digit-8.flac,male,22,195
6347,9,nine,english,9,7,32,lang-english_speaker-07_trial-32_digit-9.flac,male,56,175
6348,8,eight,english,8,7,32,lang-english_speaker-07_trial-32_digit-8.flac,male,56,175
6349,18,acht,german,8,7,24,lang-german_speaker-07_trial-24_digit-8.flac,male,56,175
6350,6,six,english,6,3,18,lang-english_speaker-03_trial-18_digit-6.flac,female,23,174
6351,13,drei,german,3,11,44,lang-german_speaker-11_trial-44_digit-3.flac,female,31,163
6352,7,seven,english,7,0,39,lang-english_speaker-00_trial-39_digit-7.flac,male,24,180
6353,10,null,german,0,11,45,lang-german_speaker-11_trial-45_digit-0.flac,female,31,163
6354,15,fuenf,german,5,3,39,lang-german_speaker-03_trial-39_digit-5.flac,female,23,174
6355,1,one,english,1,1,35,lang-english_speaker-01_trial-35_digit-1.flac,male,22,195
6356,3,three,english,3,6,26,lang-english_speaker-06_trial-26_digit-3.flac,female,35,163
6357,14,vier,german,4,2,44,lang-german_speaker-02_trial-44_digit-4.flac,female,23,158
6358,1,one,english,1,3,18,lang-english_speaker-03_trial-18_digit-1.flac,female,23,174
6359,9,nine,english,9,1,35,lang-english_speaker-01_trial-35_digit-9.flac,male,22,195
6360,15,fuenf,german,5,0,34,lang-german_speaker-00_trial-34_digit-5.flac,male,24,180
6361,17,sieben,german,7,10,29,lang-german_speaker-10_trial-29_digit-7.flac,female,25,160
6362,2,two,english,2,10,32,lang-english_speaker-10_trial-32_digit-2.flac,female,25,160
6363,8,eight,english,8,3,18,lang-english_speaker-03_trial-18_digit-8.flac,female,23,174
6364,11,eins,german,1,11,45,lang-german_speaker-11_trial-45_digit-1.flac,female,31,163
6365,13,drei,german,3,8,30,lang-german_speaker-08_trial-30_digit-3.flac,male,21,182
6366,4,four,english,4,11,32,lang-english_speaker-11_trial-32_digit-4.flac,female,31,163
6367,13,drei,german,3,0,34,lang-german_speaker-00_trial-34_digit-3.flac,male,24,180
6368,5,five,english,5,11,32,lang-english_speaker-11_trial-32_digit-5.flac,female,31,163
6369,6,six,english,6,8,31,lang-english_speaker-08_trial-31_digit-6.flac,male,21,182
6370,15,fuenf,german,5,1,37,lang-german_speaker-01_trial-37_digit-5.flac,male,22,195
6371,5,five,english,5,6,26,lang-english_speaker-06_trial-26_digit-5.flac,female,35,163
6372,13,drei,german,3,8,30,lang-german_speaker-08_trial-30_digit-3.flac,male,21,182
6373,6,six,english,6,1,35,lang-english_speaker-01_trial-35_digit-6.flac,male,22,195
6374,2,two,english,2,9,34,lang-english_speaker-09_trial-34_digit-2.flac,male,32,183
6375,7,seven,english,7,8,31,lang-english_speaker-08_trial-31_digit-7.flac,male,21,182
6376,15,fuenf,german,5,9,32,lang-german_speaker-09_trial-32_digit-5.flac,male,32,183
6377,11,eins,german,1,1,38,lang-german_speaker-01_trial-38_digit-1.flac,male,22,195
6378,16,sechs,german,6,2,44,lang-german_speaker-02_trial-44_digit-6.flac,female,23,158
6379,15,fuenf,german,5,8,30,lang-german_speaker-08_trial-30_digit-5.flac,male,21,182
6380,8,eight,english,8,11,32,lang-english_speaker-11_trial-32_digit-8.flac,female,31,163
6381,11,eins,german,1,8,30,lang-german_speaker-08_trial-30_digit-1.flac,male,21,182
6382,17,sieben,german,7,3,39,lang-german_speaker-03_trial-39_digit-7.flac,female,23,174
6383,8,eight,english,8,0,39,lang-english_speaker-00_trial-39_digit-8.flac,male,24,180
6384,14,vier,german,4,2,44,lang-german_speaker-02_trial-44_digit-4.flac,female,23,158
6385,7,seven,english,7,1,35,lang-english_speaker-01_trial-35_digit-7.flac,male,22,195
6386,19,neun,german,9,6,14,lang-german_speaker-06_trial-14_digit-9.flac,female,35,163
6387,5,five,english,5,1,35,lang-english_speaker-01_trial-35_digit-5.flac,male,22,195
6388,1,one,english,1,3,18,lang-english_speaker-03_trial-18_digit-1.flac,female,23,174
6389,4,four,english,4,0,39,lang-english_speaker-00_trial-39_digit-4.flac,male,24,180
6390,5,five,english,5,9,34,lang-english_speaker-09_trial-34_digit-5.flac,male,32,183
6391,17,sieben,german,7,0,34,lang-german_speaker-00_trial-34_digit-7.flac,male,24,180
6392,14,vier,german,4,9,32,lang-german_speaker-09_trial-32_digit-4.flac,male,32,183
6393,12,zwei,german,2,2,44,lang-german_speaker-02_trial-44_digit-2.flac,female,23,158
6394,14,vier,german,4,3,39,lang-german_speaker-03_trial-39_digit-4.flac,female,23,174
6395,3,three,english,3,3,18,lang-english_speaker-03_trial-18_digit-3.flac,female,23,174
6396,18,acht,german,8,1,38,lang-german_speaker-01_trial-38_digit-8.flac,male,22,195
6397,12,zwei,german,2,7,24,lang-german_speaker-07_trial-24_digit-2.flac,male,56,175
6398,5,five,english,5,8,31,lang-english_speaker-08_trial-31_digit-5.flac,male,21,182
6399,0,zero,english,0,1,36,lang-english_speaker-01_trial-36_digit-0.flac,male,22,195
6400,12,zwei,german,2,8,30,lang-german_speaker-08_trial-30_digit-2.flac,male,21,182
6401,14,vier,german,4,11,45,lang-german_speaker-11_trial-45_digit-4.flac,female,31,163
6402,15,fuenf,german,5,8,30,lang-german_speaker-08_trial-30_digit-5.flac,male,21,182
6403,4,four,english,4,10,32,lang-english_speaker-10_trial-32_digit-4.flac,female,25,160
6404,0,zero,english,0,1,36,lang-english_speaker-01_trial-36_digit-0.flac,male,22,195
6405,13,drei,german,3,1,38,lang-german_speaker-01_trial-38_digit-3.flac,male,22,195
6406,18,acht,german,8,2,44,lang-german_speaker-02_trial-44_digit-8.flac,female,23,158
6407,15,fuenf,german,5,2,44,lang-german_speaker-02_trial-44_digit-5.flac,female,23,158
6408,15,fuenf,german,5,11,45,lang-german_speaker-11_trial-45_digit-5.flac,female,31,163
6409,9,nine,english,9,2,35,lang-english_speaker-02_trial-35_digit-9.flac,female,23,158
6410,0,zero,english,0,1,36,lang-english_speaker-01_trial-36_digit-0.flac,male,22,195
6411,0,zero,english,0,6,26,lang-english_speaker-06_trial-26_digit-0.flac,female,35,163
6412,5,five,english,5,7,32,lang-english_speaker-07_trial-32_digit-5.flac,male,56,175
6413,17,sieben,german,7,11,45,lang-german_speaker-11_trial-45_digit-7.flac,female,31,163
6414,16,sechs,german,6,11,45,lang-german_speaker-11_trial-45_digit-6.flac,female,31,163
6415,10,null,german,0,2,45,lang-german_speaker-02_trial-45_digit-0.flac,female,23,158
6416,3,three,english,3,6,26,lang-english_speaker-06_trial-26_digit-3.flac,female,35,163
6417,16,sechs,german,6,9,32,lang-german_speaker-09_trial-32_digit-6.flac,male,32,183
6418,17,sieben,german,7,0,34,lang-german_speaker-00_trial-34_digit-7.flac,male,24,180
6419,10,null,german,0,7,25,lang-german_speaker-07_trial-25_digit-0.flac,male,56,175
6420,10,null,german,0,3,40,lang-german_speaker-03_trial-40_digit-0.flac,female,23,174
6421,17,sieben,german,7,9,32,lang-german_speaker-09_trial-32_digit-7.flac,male,32,183
6422,6,six,english,6,9,34,lang-english_speaker-09_trial-34_digit-6.flac,male,32,183
6423,5,five,english,5,0,39,lang-english_speaker-00_trial-39_digit-5.flac,male,24,180
6424,3,three,english,3,1,36,lang-english_speaker-01_trial-36_digit-3.flac,male,22,195
6425,18,acht,german,8,2,45,lang-german_speaker-02_trial-45_digit-8.flac,female,23,158
6426,18,acht,german,8,8,30,lang-german_speaker-08_trial-30_digit-8.flac,male,21,182
6427,10,null,german,0,10,30,lang-german_speaker-10_trial-30_digit-0.flac,female,25,160
6428,14,vier,german,4,2,45,lang-german_speaker-02_trial-45_digit-4.flac,female,23,158
6429,5,five,english,5,1,36,lang-english_speaker-01_trial-36_digit-5.flac,male,22,195
6430,6,six,english,6,0,39,lang-english_speaker-00_trial-39_digit-6.flac,male,24,180
6431,12,zwei,german,2,3,40,lang-german_speaker-03_trial-40_digit-2.flac,female,23,174
6432,14,vier,german,4,9,32,lang-german_speaker-09_trial-32_digit-4.flac,male,32,183
6433,18,acht,german,8,7,25,lang-german_speaker-07_trial-25_digit-8.flac,male,56,175
6434,13,drei,german,3,6,14,lang-german_speaker-06_trial-14_digit-3.flac,female,35,163
6435,12,zwei,german,2,11,45,lang-german_speaker-11_trial-45_digit-2.flac,female,31,163
6436,0,zero,english,0,9,35,lang-english_speaker-09_trial-35_digit-0.flac,male,32,183
6437,2,two,english,2,3,18,lang-english_speaker-03_trial-18_digit-2.flac,female,23,174
6438,17,sieben,german,7,3,40,lang-german_speaker-03_trial-40_digit-7.flac,female,23,174
6439,10,null,german,0,11,46,lang-german_speaker-11_trial-46_digit-0.flac,female,31,163
6440,0,zero,english,0,0,40,lang-english_speaker-00_trial-40_digit-0.flac,male,24,180
6441,4,four,english,4,11,32,lang-english_speaker-11_trial-32_digit-4.flac,female,31,163
6442,13,drei,german,3,9,32,lang-german_speaker-09_trial-32_digit-3.flac,male,32,183
6443,0,zero,english,0,8,32,lang-english_speaker-08_trial-32_digit-0.flac,male,21,182
6444,3,three,english,3,6,26,lang-english_speaker-06_trial-26_digit-3.flac,female,35,163
6445,18,acht,german,8,2,45,lang-german_speaker-02_trial-45_digit-8.flac,female,23,158
6446,13,drei,german,3,11,46,lang-german_speaker-11_trial-46_digit-3.flac,female,31,163
6447,4,four,english,4,8,32,lang-english_speaker-08_trial-32_digit-4.flac,male,21,182
6448,0,zero,english,0,8,32,lang-english_speaker-08_trial-32_digit-0.flac,male,21,182
6449,3,three,english,3,6,26,lang-english_speaker-06_trial-26_digit-3.flac,female,35,163
6450,4,four,english,4,3,18,lang-english_speaker-03_trial-18_digit-4.flac,female,23,174
6451,13,drei,german,3,1,38,lang-german_speaker-01_trial-38_digit-3.flac,male,22,195
6452,1,one,english,1,9,35,lang-english_speaker-09_trial-35_digit-1.flac,male,32,183
6453,16,sechs,german,6,7,25,lang-german_speaker-07_trial-25_digit-6.flac,male,56,175
6454,10,null,german,0,3,41,lang-german_speaker-03_trial-41_digit-0.flac,female,23,174
6455,11,eins,german,1,0,35,lang-german_speaker-00_trial-35_digit-1.flac,male,24,180
6456,17,sieben,german,7,0,35,lang-german_speaker-00_trial-35_digit-7.flac,male,24,180
6457,13,drei,german,3,8,30,lang-german_speaker-08_trial-30_digit-3.flac,male,21,182
6458,4,four,english,4,10,32,lang-english_speaker-10_trial-32_digit-4.flac,female,25,160
6459,8,eight,english,8,8,32,lang-english_speaker-08_trial-32_digit-8.flac,male,21,182
6460,5,five,english,5,6,26,lang-english_speaker-06_trial-26_digit-5.flac,female,35,163
6461,16,sechs,german,6,3,41,lang-german_speaker-03_trial-41_digit-6.flac,female,23,174
6462,15,fuenf,german,5,6,14,lang-german_speaker-06_trial-14_digit-5.flac,female,35,163
6463,0,zero,english,0,7,33,lang-english_speaker-07_trial-33_digit-0.flac,male,56,175
6464,15,fuenf,german,5,11,46,lang-german_speaker-11_trial-46_digit-5.flac,female,31,163
6465,10,null,german,0,8,31,lang-german_speaker-08_trial-31_digit-0.flac,male,21,182
6466,17,sieben,german,7,11,46,lang-german_speaker-11_trial-46_digit-7.flac,female,31,163
6467,0,zero,english,0,8,33,lang-english_speaker-08_trial-33_digit-0.flac,male,21,182
6468,13,drei,german,3,9,32,lang-german_speaker-09_trial-32_digit-3.flac,male,32,183
6469,12,zwei,german,2,7,25,lang-german_speaker-07_trial-25_digit-2.flac,male,56,175
6470,15,fuenf,german,5,11,46,lang-german_speaker-11_trial-46_digit-5.flac,female,31,163
6471,2,two,english,2,10,32,lang-english_speaker-10_trial-32_digit-2.flac,female,25,160
6472,14,vier,german,4,6,14,lang-german_speaker-06_trial-14_digit-4.flac,female,35,163
6473,0,zero,english,0,2,36,lang-english_speaker-02_trial-36_digit-0.flac,female,23,158
6474,2,two,english,2,2,36,lang-english_speaker-02_trial-36_digit-2.flac,female,23,158
6475,7,seven,english,7,1,36,lang-english_speaker-01_trial-36_digit-7.flac,male,22,195
6476,16,sechs,german,6,10,30,lang-german_speaker-10_trial-30_digit-6.flac,female,25,160
6477,16,sechs,german,6,3,41,lang-german_speaker-03_trial-41_digit-6.flac,female,23,174
6478,7,seven,english,7,10,32,lang-english_speaker-10_trial-32_digit-7.flac,female,25,160
6479,17,sieben,german,7,8,31,lang-german_speaker-08_trial-31_digit-7.flac,male,21,182
6480,5,five,english,5,10,32,lang-english_speaker-10_trial-32_digit-5.flac,female,25,160
6481,11,eins,german,1,11,46,lang-german_speaker-11_trial-46_digit-1.flac,female,31,163
6482,12,zwei,german,2,8,31,lang-german_speaker-08_trial-31_digit-2.flac,male,21,182
6483,19,neun,german,9,2,45,lang-german_speaker-02_trial-45_digit-9.flac,female,23,158
6484,14,vier,german,4,2,45,lang-german_speaker-02_trial-45_digit-4.flac,female,23,158
6485,9,nine,english,9,2,36,lang-english_speaker-02_trial-36_digit-9.flac,female,23,158
6486,4,four,english,4,0,40,lang-english_speaker-00_trial-40_digit-4.flac,male,24,180
6487,18,acht,german,8,2,45,lang-german_speaker-02_trial-45_digit-8.flac,female,23,158
6488,2,two,english,2,11,32,lang-english_speaker-11_trial-32_digit-2.flac,female,31,163
6489,3,three,english,3,2,36,lang-english_speaker-02_trial-36_digit-3.flac,female,23,158
6490,1,one,english,1,0,40,lang-english_speaker-00_trial-40_digit-1.flac,male,24,180
6491,8,eight,english,8,9,35,lang-english_speaker-09_trial-35_digit-8.flac,male,32,183
6492,0,zero,english,0,7,33,lang-english_speaker-07_trial-33_digit-0.flac,male,56,175
6493,5,five,english,5,3,18,lang-english_speaker-03_trial-18_digit-5.flac,female,23,174
6494,1,one,english,1,0,40,lang-english_speaker-00_trial-40_digit-1.flac,male,24,180
6495,19,neun,german,9,11,46,lang-german_speaker-11_trial-46_digit-9.flac,female,31,163
6496,19,neun,german,9,10,30,lang-german_speaker-10_trial-30_digit-9.flac,female,25,160
6497,6,six,english,6,10,32,lang-english_speaker-10_trial-32_digit-6.flac,female,25,160
6498,13,drei,german,3,2,45,lang-german_speaker-02_trial-45_digit-3.flac,female,23,158
6499,15,fuenf,german,5,10,30,lang-german_speaker-10_trial-30_digit-5.flac,female,25,160
6500,12,zwei,german,2,7,25,lang-german_speaker-07_trial-25_digit-2.flac,male,56,175
6501,4,four,english,4,9,35,lang-english_speaker-09_trial-35_digit-4.flac,male,32,183
6502,14,vier,german,4,0,35,lang-german_speaker-00_trial-35_digit-4.flac,male,24,180
6503,1,one,english,1,2,37,lang-english_speaker-02_trial-37_digit-1.flac,female,23,158
6504,15,fuenf,german,5,2,45,lang-german_speaker-02_trial-45_digit-5.flac,female,23,158
6505,4,four,english,4,10,32,lang-english_speaker-10_trial-32_digit-4.flac,female,25,160
6506,7,seven,english,7,0,40,lang-english_speaker-00_trial-40_digit-7.flac,male,24,180
6507,9,nine,english,9,7,33,lang-english_speaker-07_trial-33_digit-9.flac,male,56,175
6508,9,nine,english,9,8,33,lang-english_speaker-08_trial-33_digit-9.flac,male,21,182
6509,11,eins,german,1,1,38,lang-german_speaker-01_trial-38_digit-1.flac,male,22,195
6510,13,drei,german,3,8,31,lang-german_speaker-08_trial-31_digit-3.flac,male,21,182
6511,10,null,german,0,2,46,lang-german_speaker-02_trial-46_digit-0.flac,female,23,158
6512,6,six,english,6,3,18,lang-english_speaker-03_trial-18_digit-6.flac,female,23,174
6513,0,zero,english,0,2,37,lang-english_speaker-02_trial-37_digit-0.flac,female,23,158
6514,14,vier,german,4,3,41,lang-german_speaker-03_trial-41_digit-4.flac,female,23,174
6515,15,fuenf,german,5,3,41,lang-german_speaker-03_trial-41_digit-5.flac,female,23,174
6516,13,drei,german,3,7,25,lang-german_speaker-07_trial-25_digit-3.flac,male,56,175
6517,19,neun,german,9,11,46,lang-german_speaker-11_trial-46_digit-9.flac,female,31,163
6518,18,acht,german,8,9,32,lang-german_speaker-09_trial-32_digit-8.flac,male,32,183
6519,5,five,english,5,1,36,lang-english_speaker-01_trial-36_digit-5.flac,male,22,195
6520,13,drei,german,3,10,30,lang-german_speaker-10_trial-30_digit-3.flac,female,25,160
6521,14,vier,german,4,8,31,lang-german_speaker-08_trial-31_digit-4.flac,male,21,182
6522,7,seven,english,7,9,35,lang-english_speaker-09_trial-35_digit-7.flac,male,32,183
6523,9,nine,english,9,0,40,lang-english_speaker-00_trial-40_digit-9.flac,male,24,180
6524,10,null,german,0,8,32,lang-german_speaker-08_trial-32_digit-0.flac,male,21,182
6525,13,drei,german,3,3,41,lang-german_speaker-03_trial-41_digit-3.flac,female,23,174
6526,6,six,english,6,0,40,lang-english_speaker-00_trial-40_digit-6.flac,male,24,180
6527,16,sechs,german,6,8,32,lang-german_speaker-08_trial-32_digit-6.flac,male,21,182
6528,10,null,german,0,6,15,lang-german_speaker-06_trial-15_digit-0.flac,female,35,163
6529,19,neun,german,9,0,35,lang-german_speaker-00_trial-35_digit-9.flac,male,24,180
6530,8,eight,english,8,8,33,lang-english_speaker-08_trial-33_digit-8.flac,male,21,182
6531,17,sieben,german,7,9,32,lang-german_speaker-09_trial-32_digit-7.flac,male,32,183
6532,17,sieben,german,7,11,46,lang-german_speaker-11_trial-46_digit-7.flac,female,31,163
6533,8,eight,english,8,0,40,lang-english_speaker-00_trial-40_digit-8.flac,male,24,180
6534,9,nine,english,9,0,40,lang-english_speaker-00_trial-40_digit-9.flac,male,24,180
6535,2,two,english,2,10,32,lang-english_speaker-10_trial-32_digit-2.flac,female,25,160
6536,16,sechs,german,6,11,46,lang-german_speaker-11_trial-46_digit-6.flac,female,31,163
6537,0,zero,english,0,2,37,lang-english_speaker-02_trial-37_digit-0.flac,female,23,158
6538,19,neun,german,9,10,30,lang-german_speaker-10_trial-30_digit-9.flac,female,25,160
6539,7,seven,english,7,2,37,lang-english_speaker-02_trial-37_digit-7.flac,female,23,158
6540,1,one,english,1,0,41,lang-english_speaker-00_trial-41_digit-1.flac,male,24,180
6541,15,fuenf,german,5,1,38,lang-german_speaker-01_trial-38_digit-5.flac,male,22,195
6542,11,eins,german,1,10,31,lang-german_speaker-10_trial-31_digit-1.flac,female,25,160
6543,0,zero,english,0,7,34,lang-english_speaker-07_trial-34_digit-0.flac,male,56,175
6544,19,neun,german,9,3,41,lang-german_speaker-03_trial-41_digit-9.flac,female,23,174
6545,19,neun,german,9,9,32,lang-german_speaker-09_trial-32_digit-9.flac,male,32,183
6546,5,five,english,5,1,36,lang-english_speaker-01_trial-36_digit-5.flac,male,22,195
6547,7,seven,english,7,9,35,lang-english_speaker-09_trial-35_digit-7.flac,male,32,183
6548,13,drei,german,3,11,46,lang-german_speaker-11_trial-46_digit-3.flac,female,31,163
6549,0,zero,english,0,9,36,lang-english_speaker-09_trial-36_digit-0.flac,male,32,183
6550,8,eight,english,8,1,36,lang-english_speaker-01_trial-36_digit-8.flac,male,22,195
6551,0,zero,english,0,2,38,lang-english_speaker-02_trial-38_digit-0.flac,female,23,158
6552,12,zwei,german,2,10,31,lang-german_speaker-10_trial-31_digit-2.flac,female,25,160
6553,15,fuenf,german,5,10,31,lang-german_speaker-10_trial-31_digit-5.flac,female,25,160
6554,17,sieben,german,7,0,35,lang-german_speaker-00_trial-35_digit-7.flac,male,24,180
6555,18,acht,german,8,8,32,lang-german_speaker-08_trial-32_digit-8.flac,male,21,182
6556,14,vier,german,4,8,32,lang-german_speaker-08_trial-32_digit-4.flac,male,21,182
6557,3,three,english,3,7,34,lang-english_speaker-07_trial-34_digit-3.flac,male,56,175
6558,9,nine,english,9,10,32,lang-english_speaker-10_trial-32_digit-9.flac,female,25,160
6559,2,two,english,2,9,36,lang-english_speaker-09_trial-36_digit-2.flac,male,32,183
6560,9,nine,english,9,10,32,lang-english_speaker-10_trial-32_digit-9.flac,female,25,160
6561,3,three,english,3,1,36,lang-english_speaker-01_trial-36_digit-3.flac,male,22,195
6562,4,four,english,4,0,41,lang-english_speaker-00_trial-41_digit-4.flac,male,24,180
6563,5,five,english,5,2,38,lang-english_speaker-02_trial-38_digit-5.flac,female,23,158
6564,6,six,english,6,9,36,lang-english_speaker-09_trial-36_digit-6.flac,male,32,183
6565,9,nine,english,9,6,26,lang-english_speaker-06_trial-26_digit-9.flac,female,35,163
6566,6,six,english,6,1,36,lang-english_speaker-01_trial-36_digit-6.flac,male,22,195
6567,17,sieben,german,7,0,35,lang-german_speaker-00_trial-35_digit-7.flac,male,24,180
6568,16,sechs,german,6,2,46,lang-german_speaker-02_trial-46_digit-6.flac,female,23,158
6569,1,one,english,1,1,36,lang-english_speaker-01_trial-36_digit-1.flac,male,22,195
6570,15,fuenf,german,5,11,46,lang-german_speaker-11_trial-46_digit-5.flac,female,31,163
6571,3,three,english,3,9,36,lang-english_speaker-09_trial-36_digit-3.flac,male,32,183
6572,16,sechs,german,6,1,38,lang-german_speaker-01_trial-38_digit-6.flac,male,22,195
6573,3,three,english,3,10,32,lang-english_speaker-10_trial-32_digit-3.flac,female,25,160
6574,1,one,english,1,10,33,lang-english_speaker-10_trial-33_digit-1.flac,female,25,160
6575,3,three,english,3,6,26,lang-english_speaker-06_trial-26_digit-3.flac,female,35,163
6576,7,seven,english,7,9,36,lang-english_speaker-09_trial-36_digit-7.flac,male,32,183
6577,14,vier,german,4,2,46,lang-german_speaker-02_trial-46_digit-4.flac,female,23,158
6578,12,zwei,german,2,10,31,lang-german_speaker-10_trial-31_digit-2.flac,female,25,160
6579,16,sechs,german,6,11,46,lang-german_speaker-11_trial-46_digit-6.flac,female,31,163
6580,15,fuenf,german,5,10,31,lang-german_speaker-10_trial-31_digit-5.flac,female,25,160
6581,18,acht,german,8,10,31,lang-german_speaker-10_trial-31_digit-8.flac,female,25,160
6582,16,sechs,german,6,6,15,lang-german_speaker-06_trial-15_digit-6.flac,female,35,163
6583,12,zwei,german,2,0,35,lang-german_speaker-00_trial-35_digit-2.flac,male,24,180
6584,11,eins,german,1,11,47,lang-german_speaker-11_trial-47_digit-1.flac,female,31,163
6585,15,fuenf,german,5,1,38,lang-german_speaker-01_trial-38_digit-5.flac,male,22,195
6586,17,sieben,german,7,0,35,lang-german_speaker-00_trial-35_digit-7.flac,male,24,180
6587,16,sechs,german,6,0,35,lang-german_speaker-00_trial-35_digit-6.flac,male,24,180
6588,7,seven,english,7,1,36,lang-english_speaker-01_trial-36_digit-7.flac,male,22,195
6589,11,eins,german,1,7,25,lang-german_speaker-07_trial-25_digit-1.flac,male,56,175
6590,17,sieben,german,7,10,31,lang-german_speaker-10_trial-31_digit-7.flac,female,25,160
6591,10,null,german,0,7,26,lang-german_speaker-07_trial-26_digit-0.flac,male,56,175
6592,17,sieben,german,7,10,31,lang-german_speaker-10_trial-31_digit-7.flac,female,25,160
6593,16,sechs,german,6,9,32,lang-german_speaker-09_trial-32_digit-6.flac,male,32,183
6594,17,sieben,german,7,0,35,lang-german_speaker-00_trial-35_digit-7.flac,male,24,180
6595,18,acht,german,8,11,47,lang-german_speaker-11_trial-47_digit-8.flac,female,31,163
6596,2,two,english,2,9,36,lang-english_speaker-09_trial-36_digit-2.flac,male,32,183
6597,18,acht,german,8,7,26,lang-german_speaker-07_trial-26_digit-8.flac,male,56,175
6598,12,zwei,german,2,2,46,lang-german_speaker-02_trial-46_digit-2.flac,female,23,158
6599,11,eins,german,1,7,26,lang-german_speaker-07_trial-26_digit-1.flac,male,56,175
6600,10,null,german,0,1,39,lang-german_speaker-01_trial-39_digit-0.flac,male,22,195
6601,15,fuenf,german,5,1,39,lang-german_speaker-01_trial-39_digit-5.flac,male,22,195
6602,16,sechs,german,6,8,32,lang-german_speaker-08_trial-32_digit-6.flac,male,21,182
6603,17,sieben,german,7,3,41,lang-german_speaker-03_trial-41_digit-7.flac,female,23,174
6604,19,neun,german,9,0,35,lang-german_speaker-00_trial-35_digit-9.flac,male,24,180
6605,6,six,english,6,6,26,lang-english_speaker-06_trial-26_digit-6.flac,female,35,163
6606,7,seven,english,7,3,18,lang-english_speaker-03_trial-18_digit-7.flac,female,23,174
6607,13,drei,german,3,1,39,lang-german_speaker-01_trial-39_digit-3.flac,male,22,195
6608,1,one,english,1,2,38,lang-english_speaker-02_trial-38_digit-1.flac,female,23,158
6609,2,two,english,2,0,41,lang-english_speaker-00_trial-41_digit-2.flac,male,24,180
6610,5,five,english,5,11,32,lang-english_speaker-11_trial-32_digit-5.flac,female,31,163
6611,4,four,english,4,7,34,lang-english_speaker-07_trial-34_digit-4.flac,male,56,175
6612,6,six,english,6,7,34,lang-english_speaker-07_trial-34_digit-6.flac,male,56,175
6613,10,null,german,0,9,33,lang-german_speaker-09_trial-33_digit-0.flac,male,32,183
6614,1,one,english,1,0,41,lang-english_speaker-00_trial-41_digit-1.flac,male,24,180
6615,10,null,german,0,9,33,lang-german_speaker-09_trial-33_digit-0.flac,male,32,183
6616,19,neun,german,9,7,26,lang-german_speaker-07_trial-26_digit-9.flac,male,56,175
6617,9,nine,english,9,1,36,lang-english_speaker-01_trial-36_digit-9.flac,male,22,195
6618,2,two,english,2,11,32,lang-english_speaker-11_trial-32_digit-2.flac,female,31,163
6619,0,zero,english,0,0,41,lang-english_speaker-00_trial-41_digit-0.flac,male,24,180
6620,13,drei,german,3,8,32,lang-german_speaker-08_trial-32_digit-3.flac,male,21,182
6621,19,neun,german,9,7,26,lang-german_speaker-07_trial-26_digit-9.flac,male,56,175
6622,15,fuenf,german,5,2,46,lang-german_speaker-02_trial-46_digit-5.flac,female,23,158
6623,0,zero,english,0,0,41,lang-english_speaker-00_trial-41_digit-0.flac,male,24,180
6624,13,drei,german,3,0,35,lang-german_speaker-00_trial-35_digit-3.flac,male,24,180
6625,8,eight,english,8,8,33,lang-english_speaker-08_trial-33_digit-8.flac,male,21,182
6626,19,neun,german,9,1,39,lang-german_speaker-01_trial-39_digit-9.flac,male,22,195
6627,6,six,english,6,8,33,lang-english_speaker-08_trial-33_digit-6.flac,male,21,182
6628,12,zwei,german,2,8,32,lang-german_speaker-08_trial-32_digit-2.flac,male,21,182
6629,3,three,english,3,0,41,lang-english_speaker-00_trial-41_digit-3.flac,male,24,180
6630,12,zwei,german,2,10,31,lang-german_speaker-10_trial-31_digit-2.flac,female,25,160
6631,6,six,english,6,0,41,lang-english_speaker-00_trial-41_digit-6.flac,male,24,180
6632,6,six,english,6,9,36,lang-english_speaker-09_trial-36_digit-6.flac,male,32,183
6633,6,six,english,6,10,33,lang-english_speaker-10_trial-33_digit-6.flac,female,25,160
6634,12,zwei,german,2,8,32,lang-german_speaker-08_trial-32_digit-2.flac,male,21,182
6635,9,nine,english,9,3,18,lang-english_speaker-03_trial-18_digit-9.flac,female,23,174
6636,16,sechs,german,6,1,39,lang-german_speaker-01_trial-39_digit-6.flac,male,22,195
6637,17,sieben,german,7,3,41,lang-german_speaker-03_trial-41_digit-7.flac,female,23,174
6638,15,fuenf,german,5,11,47,lang-german_speaker-11_trial-47_digit-5.flac,female,31,163
6639,6,six,english,6,1,36,lang-english_speaker-01_trial-36_digit-6.flac,male,22,195
6640,0,zero,english,0,10,33,lang-english_speaker-10_trial-33_digit-0.flac,female,25,160
6641,19,neun,german,9,1,39,lang-german_speaker-01_trial-39_digit-9.flac,male,22,195
6642,7,seven,english,7,10,33,lang-english_speaker-10_trial-33_digit-7.flac,female,25,160
6643,2,two,english,2,0,41,lang-english_speaker-00_trial-41_digit-2.flac,male,24,180
6644,13,drei,german,3,11,47,lang-german_speaker-11_trial-47_digit-3.flac,female,31,163
6645,7,seven,english,7,8,33,lang-english_speaker-08_trial-33_digit-7.flac,male,21,182
6646,10,null,german,0,2,46,lang-german_speaker-02_trial-46_digit-0.flac,female,23,158
6647,1,one,english,1,11,33,lang-english_speaker-11_trial-33_digit-1.flac,female,31,163
6648,18,acht,german,8,3,41,lang-german_speaker-03_trial-41_digit-8.flac,female,23,174
6649,5,five,english,5,11,33,lang-english_speaker-11_trial-33_digit-5.flac,female,31,163
6650,1,one,english,1,8,34,lang-english_speaker-08_trial-34_digit-1.flac,male,21,182
6651,12,zwei,german,2,2,46,lang-german_speaker-02_trial-46_digit-2.flac,female,23,158
6652,11,eins,german,1,10,31,lang-german_speaker-10_trial-31_digit-1.flac,female,25,160
6653,13,drei,german,3,1,39,lang-german_speaker-01_trial-39_digit-3.flac,male,22,195
6654,11,eins,german,1,6,15,lang-german_speaker-06_trial-15_digit-1.flac,female,35,163
6655,15,fuenf,german,5,0,35,lang-german_speaker-00_trial-35_digit-5.flac,male,24,180
6656,18,acht,german,8,0,35,lang-german_speaker-00_trial-35_digit-8.flac,male,24,180
6657,5,five,english,5,9,36,lang-english_speaker-09_trial-36_digit-5.flac,male,32,183
6658,10,null,german,0,6,15,lang-german_speaker-06_trial-15_digit-0.flac,female,35,163
6659,6,six,english,6,0,41,lang-english_speaker-00_trial-41_digit-6.flac,male,24,180
6660,4,four,english,4,9,36,lang-english_speaker-09_trial-36_digit-4.flac,male,32,183
6661,12,zwei,german,2,8,32,lang-german_speaker-08_trial-32_digit-2.flac,male,21,182
6662,3,three,english,3,6,26,lang-english_speaker-06_trial-26_digit-3.flac,female,35,163
6663,2,two,english,2,9,36,lang-english_speaker-09_trial-36_digit-2.flac,male,32,183
6664,12,zwei,german,2,11,47,lang-german_speaker-11_trial-47_digit-2.flac,female,31,163
6665,1,one,english,1,0,41,lang-english_speaker-00_trial-41_digit-1.flac,male,24,180
6666,4,four,english,4,2,38,lang-english_speaker-02_trial-38_digit-4.flac,female,23,158
6667,8,eight,english,8,1,36,lang-english_speaker-01_trial-36_digit-8.flac,male,22,195
6668,9,nine,english,9,0,41,lang-english_speaker-00_trial-41_digit-9.flac,male,24,180
6669,16,sechs,german,6,1,39,lang-german_speaker-01_trial-39_digit-6.flac,male,22,195
6670,8,eight,english,8,3,18,lang-english_speaker-03_trial-18_digit-8.flac,female,23,174
6671,2,two,english,2,9,36,lang-english_speaker-09_trial-36_digit-2.flac,male,32,183
6672,14,vier,german,4,7,26,lang-german_speaker-07_trial-26_digit-4.flac,male,56,175
6673,10,null,german,0,0,36,lang-german_speaker-00_trial-36_digit-0.flac,male,24,180
6674,4,four,english,4,8,34,lang-english_speaker-08_trial-34_digit-4.flac,male,21,182
6675,15,fuenf,german,5,9,33,lang-german_speaker-09_trial-33_digit-5.flac,male,32,183
6676,1,one,english,1,2,38,lang-english_speaker-02_trial-38_digit-1.flac,female,23,158
6677,1,one,english,1,6,27,lang-english_speaker-06_trial-27_digit-1.flac,female,35,163
6678,5,five,english,5,1,36,lang-english_speaker-01_trial-36_digit-5.flac,male,22,195
6679,6,six,english,6,8,34,lang-english_speaker-08_trial-34_digit-6.flac,male,21,182
6680,4,four,english,4,10,33,lang-english_speaker-10_trial-33_digit-4.flac,female,25,160
6681,2,two,english,2,8,34,lang-english_speaker-08_trial-34_digit-2.flac,male,21,182
6682,1,one,english,1,0,42,lang-english_speaker-00_trial-42_digit-1.flac,male,24,180
6683,8,eight,english,8,6,27,lang-english_speaker-06_trial-27_digit-8.flac,female,35,163
6684,11,eins,german,1,9,33,lang-german_speaker-09_trial-33_digit-1.flac,male,32,183
6685,19,neun,german,9,1,39,lang-german_speaker-01_trial-39_digit-9.flac,male,22,195
6686,5,five,english,5,2,38,lang-english_speaker-02_trial-38_digit-5.flac,female,23,158
6687,8,eight,english,8,10,33,lang-english_speaker-10_trial-33_digit-8.flac,female,25,160
6688,19,neun,german,9,3,41,lang-german_speaker-03_trial-41_digit-9.flac,female,23,174
6689,19,neun,german,9,7,26,lang-german_speaker-07_trial-26_digit-9.flac,male,56,175
6690,18,acht,german,8,11,47,lang-german_speaker-11_trial-47_digit-8.flac,female,31,163
6691,15,fuenf,german,5,9,33,lang-german_speaker-09_trial-33_digit-5.flac,male,32,183
6692,11,eins,german,1,7,27,lang-german_speaker-07_trial-27_digit-1.flac,male,56,175
6693,3,three,english,3,9,36,lang-english_speaker-09_trial-36_digit-3.flac,male,32,183
6694,7,seven,english,7,10,33,lang-english_speaker-10_trial-33_digit-7.flac,female,25,160
6695,11,eins,german,1,8,32,lang-german_speaker-08_trial-32_digit-1.flac,male,21,182
6696,17,sieben,german,7,2,46,lang-german_speaker-02_trial-46_digit-7.flac,female,23,158
6697,3,three,english,3,2,38,lang-english_speaker-02_trial-38_digit-3.flac,female,23,158
6698,18,acht,german,8,7,27,lang-german_speaker-07_trial-27_digit-8.flac,male,56,175
6699,11,eins,german,1,10,31,lang-german_speaker-10_trial-31_digit-1.flac,female,25,160
6700,8,eight,english,8,3,18,lang-english_speaker-03_trial-18_digit-8.flac,female,23,174
6701,2,two,english,2,3,18,lang-english_speaker-03_trial-18_digit-2.flac,female,23,174
6702,1,one,english,1,2,38,lang-english_speaker-02_trial-38_digit-1.flac,female,23,158
6703,19,neun,german,9,1,39,lang-german_speaker-01_trial-39_digit-9.flac,male,22,195
6704,0,zero,english,0,9,37,lang-english_speaker-09_trial-37_digit-0.flac,male,32,183
6705,15,fuenf,german,5,9,33,lang-german_speaker-09_trial-33_digit-5.flac,male,32,183
6706,7,seven,english,7,7,34,lang-english_speaker-07_trial-34_digit-7.flac,male,56,175
6707,11,eins,german,1,3,42,lang-german_speaker-03_trial-42_digit-1.flac,female,23,174
6708,12,zwei,german,2,2,46,lang-german_speaker-02_trial-46_digit-2.flac,female,23,158
6709,9,nine,english,9,9,37,lang-english_speaker-09_trial-37_digit-9.flac,male,32,183
6710,7,seven,english,7,8,34,lang-english_speaker-08_trial-34_digit-7.flac,male,21,182
6711,6,six,english,6,8,34,lang-english_speaker-08_trial-34_digit-6.flac,male,21,182
6712,3,three,english,3,10,33,lang-english_speaker-10_trial-33_digit-3.flac,female,25,160
6713,19,neun,german,9,9,33,lang-german_speaker-09_trial-33_digit-9.flac,male,32,183
6714,10,null,german,0,10,32,lang-german_speaker-10_trial-32_digit-0.flac,female,25,160
6715,17,sieben,german,7,1,39,lang-german_speaker-01_trial-39_digit-7.flac,male,22,195
6716,9,nine,english,9,11,33,lang-english_speaker-11_trial-33_digit-9.flac,female,31,163
6717,2,two,english,2,2,38,lang-english_speaker-02_trial-38_digit-2.flac,female,23,158
6718,3,three,english,3,2,38,lang-english_speaker-02_trial-38_digit-3.flac,female,23,158
6719,13,drei,german,3,0,36,lang-german_speaker-00_trial-36_digit-3.flac,male,24,180
6720,19,neun,german,9,10,32,lang-german_speaker-10_trial-32_digit-9.flac,female,25,160
6721,15,fuenf,german,5,3,42,lang-german_speaker-03_trial-42_digit-5.flac,female,23,174
6722,8,eight,english,8,7,34,lang-english_speaker-07_trial-34_digit-8.flac,male,56,175
6723,4,four,english,4,8,34,lang-english_speaker-08_trial-34_digit-4.flac,male,21,182
6724,11,eins,german,1,6,15,lang-german_speaker-06_trial-15_digit-1.flac,female,35,163
6725,11,eins,german,1,2,46,lang-german_speaker-02_trial-46_digit-1.flac,female,23,158
6726,15,fuenf,german,5,0,36,lang-german_speaker-00_trial-36_digit-5.flac,male,24,180
6727,17,sieben,german,7,11,47,lang-german_speaker-11_trial-47_digit-7.flac,female,31,163
6728,12,zwei,german,2,11,47,lang-german_speaker-11_trial-47_digit-2.flac,female,31,163
6729,8,eight,english,8,2,38,lang-english_speaker-02_trial-38_digit-8.flac,female,23,158
6730,4,four,english,4,0,42,lang-english_speaker-00_trial-42_digit-4.flac,male,24,180
6731,16,sechs,german,6,3,42,lang-german_speaker-03_trial-42_digit-6.flac,female,23,174
6732,1,one,english,1,2,38,lang-english_speaker-02_trial-38_digit-1.flac,female,23,158
6733,7,seven,english,7,11,33,lang-english_speaker-11_trial-33_digit-7.flac,female,31,163
6734,9,nine,english,9,0,42,lang-english_speaker-00_trial-42_digit-9.flac,male,24,180
6735,12,zwei,german,2,7,27,lang-german_speaker-07_trial-27_digit-2.flac,male,56,175
6736,0,zero,english,0,3,19,lang-english_speaker-03_trial-19_digit-0.flac,female,23,174
6737,1,one,english,1,2,38,lang-english_speaker-02_trial-38_digit-1.flac,female,23,158
6738,6,six,english,6,9,37,lang-english_speaker-09_trial-37_digit-6.flac,male,32,183
6739,17,sieben,german,7,10,32,lang-german_speaker-10_trial-32_digit-7.flac,female,25,160
6740,12,zwei,german,2,10,32,lang-german_speaker-10_trial-32_digit-2.flac,female,25,160
6741,16,sechs,german,6,7,27,lang-german_speaker-07_trial-27_digit-6.flac,male,56,175
6742,4,four,english,4,2,38,lang-english_speaker-02_trial-38_digit-4.flac,female,23,158
6743,18,acht,german,8,6,15,lang-german_speaker-06_trial-15_digit-8.flac,female,35,163
6744,0,zero,english,0,1,37,lang-english_speaker-01_trial-37_digit-0.flac,male,22,195
6745,12,zwei,german,2,11,47,lang-german_speaker-11_trial-47_digit-2.flac,female,31,163
6746,8,eight,english,8,7,34,lang-english_speaker-07_trial-34_digit-8.flac,male,56,175
6747,17,sieben,german,7,9,33,lang-german_speaker-09_trial-33_digit-7.flac,male,32,183
6748,10,null,german,0,10,33,lang-german_speaker-10_trial-33_digit-0.flac,female,25,160
6749,19,neun,german,9,2,46,lang-german_speaker-02_trial-46_digit-9.flac,female,23,158
6750,5,five,english,5,2,38,lang-english_speaker-02_trial-38_digit-5.flac,female,23,158
6751,8,eight,english,8,7,34,lang-english_speaker-07_trial-34_digit-8.flac,male,56,175
6752,19,neun,german,9,11,47,lang-german_speaker-11_trial-47_digit-9.flac,female,31,163
6753,7,seven,english,7,9,37,lang-english_speaker-09_trial-37_digit-7.flac,male,32,183
6754,14,vier,german,4,1,39,lang-german_speaker-01_trial-39_digit-4.flac,male,22,195
6755,5,five,english,5,6,27,lang-english_speaker-06_trial-27_digit-5.flac,female,35,163
6756,18,acht,german,8,7,27,lang-german_speaker-07_trial-27_digit-8.flac,male,56,175
6757,0,zero,english,0,0,43,lang-english_speaker-00_trial-43_digit-0.flac,male,24,180
6758,17,sieben,german,7,1,39,lang-german_speaker-01_trial-39_digit-7.flac,male,22,195
6759,2,two,english,2,3,19,lang-english_speaker-03_trial-19_digit-2.flac,female,23,174
6760,9,nine,english,9,8,34,lang-english_speaker-08_trial-34_digit-9.flac,male,21,182
6761,16,sechs,german,6,2,46,lang-german_speaker-02_trial-46_digit-6.flac,female,23,158
6762,15,fuenf,german,5,8,32,lang-german_speaker-08_trial-32_digit-5.flac,male,21,182
6763,5,five,english,5,9,37,lang-english_speaker-09_trial-37_digit-5.flac,male,32,183
6764,18,acht,german,8,2,46,lang-german_speaker-02_trial-46_digit-8.flac,female,23,158
6765,15,fuenf,german,5,0,36,lang-german_speaker-00_trial-36_digit-5.flac,male,24,180
6766,14,vier,german,4,2,46,lang-german_speaker-02_trial-46_digit-4.flac,female,23,158
6767,5,five,english,5,3,19,lang-english_speaker-03_trial-19_digit-5.flac,female,23,174
6768,15,fuenf,german,5,0,36,lang-german_speaker-00_trial-36_digit-5.flac,male,24,180
6769,10,null,german,0,11,48,lang-german_speaker-11_trial-48_digit-0.flac,female,31,163
6770,19,neun,german,9,2,46,lang-german_speaker-02_trial-46_digit-9.flac,female,23,158
6771,19,neun,german,9,3,42,lang-german_speaker-03_trial-42_digit-9.flac,female,23,174
6772,18,acht,german,8,9,33,lang-german_speaker-09_trial-33_digit-8.flac,male,32,183
6773,0,zero,english,0,2,39,lang-english_speaker-02_trial-39_digit-0.flac,female,23,158
6774,1,one,english,1,11,34,lang-english_speaker-11_trial-34_digit-1.flac,female,31,163
6775,3,three,english,3,10,33,lang-english_speaker-10_trial-33_digit-3.flac,female,25,160
6776,14,vier,german,4,8,32,lang-german_speaker-08_trial-32_digit-4.flac,male,21,182
6777,4,four,english,4,1,37,lang-english_speaker-01_trial-37_digit-4.flac,male,22,195
6778,6,six,english,6,10,33,lang-english_speaker-10_trial-33_digit-6.flac,female,25,160
6779,8,eight,english,8,7,34,lang-english_speaker-07_trial-34_digit-8.flac,male,56,175
6780,16,sechs,german,6,11,48,lang-german_speaker-11_trial-48_digit-6.flac,female,31,163
6781,17,sieben,german,7,6,15,lang-german_speaker-06_trial-15_digit-7.flac,female,35,163
6782,19,neun,german,9,2,46,lang-german_speaker-02_trial-46_digit-9.flac,female,23,158
6783,10,null,german,0,2,47,lang-german_speaker-02_trial-47_digit-0.flac,female,23,158
6784,10,null,german,0,9,34,lang-german_speaker-09_trial-34_digit-0.flac,male,32,183
6785,0,zero,english,0,0,43,lang-english_speaker-00_trial-43_digit-0.flac,male,24,180
6786,16,sechs,german,6,10,33,lang-german_speaker-10_trial-33_digit-6.flac,female,25,160
6787,6,six,english,6,6,27,lang-english_speaker-06_trial-27_digit-6.flac,female,35,163
6788,7,seven,english,7,0,43,lang-english_speaker-00_trial-43_digit-7.flac,male,24,180
6789,15,fuenf,german,5,10,33,lang-german_speaker-10_trial-33_digit-5.flac,female,25,160
6790,3,three,english,3,1,37,lang-english_speaker-01_trial-37_digit-3.flac,male,22,195
6791,1,one,english,1,3,19,lang-english_speaker-03_trial-19_digit-1.flac,female,23,174
6792,2,two,english,2,3,19,lang-english_speaker-03_trial-19_digit-2.flac,female,23,174
6793,7,seven,english,7,2,39,lang-english_speaker-02_trial-39_digit-7.flac,female,23,158
6794,17,sieben,german,7,8,32,lang-german_speaker-08_trial-32_digit-7.flac,male,21,182
6795,4,four,english,4,9,37,lang-english_speaker-09_trial-37_digit-4.flac,male,32,183
6796,13,drei,german,3,1,39,lang-german_speaker-01_trial-39_digit-3.flac,male,22,195
6797,16,sechs,german,6,2,47,lang-german_speaker-02_trial-47_digit-6.flac,female,23,158
6798,12,zwei,german,2,1,39,lang-german_speaker-01_trial-39_digit-2.flac,male,22,195
6799,6,six,english,6,10,33,lang-english_speaker-10_trial-33_digit-6.flac,female,25,160
6800,15,fuenf,german,5,2,47,lang-german_speaker-02_trial-47_digit-5.flac,female,23,158
6801,2,two,english,2,3,19,lang-english_speaker-03_trial-19_digit-2.flac,female,23,174
6802,16,sechs,german,6,1,39,lang-german_speaker-01_trial-39_digit-6.flac,male,22,195
6803,10,null,german,0,2,47,lang-german_speaker-02_trial-47_digit-0.flac,female,23,158
6804,8,eight,english,8,9,37,lang-english_speaker-09_trial-37_digit-8.flac,male,32,183
6805,19,neun,german,9,2,47,lang-german_speaker-02_trial-47_digit-9.flac,female,23,158
6806,18,acht,german,8,1,39,lang-german_speaker-01_trial-39_digit-8.flac,male,22,195
6807,3,three,english,3,0,43,lang-english_speaker-00_trial-43_digit-3.flac,male,24,180
6808,17,sieben,german,7,8,32,lang-german_speaker-08_trial-32_digit-7.flac,male,21,182
6809,0,zero,english,0,3,19,lang-english_speaker-03_trial-19_digit-0.flac,female,23,174
6810,13,drei,german,3,1,39,lang-german_speaker-01_trial-39_digit-3.flac,male,22,195
6811,13,drei,german,3,10,33,lang-german_speaker-10_trial-33_digit-3.flac,female,25,160
6812,4,four,english,4,8,34,lang-english_speaker-08_trial-34_digit-4.flac,male,21,182
6813,5,five,english,5,6,27,lang-english_speaker-06_trial-27_digit-5.flac,female,35,163
6814,1,one,english,1,9,38,lang-english_speaker-09_trial-38_digit-1.flac,male,32,183
6815,1,one,english,1,2,39,lang-english_speaker-02_trial-39_digit-1.flac,female,23,158
6816,0,zero,english,0,10,34,lang-english_speaker-10_trial-34_digit-0.flac,female,25,160
6817,0,zero,english,0,1,37,lang-english_speaker-01_trial-37_digit-0.flac,male,22,195
6818,9,nine,english,9,7,34,lang-english_speaker-07_trial-34_digit-9.flac,male,56,175
6819,2,two,english,2,7,34,lang-english_speaker-07_trial-34_digit-2.flac,male,56,175
6820,17,sieben,german,7,3,42,lang-german_speaker-03_trial-42_digit-7.flac,female,23,174
6821,18,acht,german,8,2,47,lang-german_speaker-02_trial-47_digit-8.flac,female,23,158
6822,18,acht,german,8,7,27,lang-german_speaker-07_trial-27_digit-8.flac,male,56,175
6823,6,six,english,6,0,43,lang-english_speaker-00_trial-43_digit-6.flac,male,24,180
6824,3,three,english,3,10,34,lang-english_speaker-10_trial-34_digit-3.flac,female,25,160
6825,7,seven,english,7,6,27,lang-english_speaker-06_trial-27_digit-7.flac,female,35,163
6826,9,nine,english,9,9,38,lang-english_speaker-09_trial-38_digit-9.flac,male,32,183
6827,13,drei,german,3,7,27,lang-german_speaker-07_trial-27_digit-3.flac,male,56,175
6828,18,acht,german,8,9,34,lang-german_speaker-09_trial-34_digit-8.flac,male,32,183
6829,3,three,english,3,2,39,lang-english_speaker-02_trial-39_digit-3.flac,female,23,158
6830,10,null,german,0,8,33,lang-german_speaker-08_trial-33_digit-0.flac,male,21,182
6831,11,eins,german,1,6,15,lang-german_speaker-06_trial-15_digit-1.flac,female,35,163
6832,9,nine,english,9,1,37,lang-english_speaker-01_trial-37_digit-9.flac,male,22,195
6833,9,nine,english,9,7,34,lang-english_speaker-07_trial-34_digit-9.flac,male,56,175
6834,17,sieben,german,7,1,39,lang-german_speaker-01_trial-39_digit-7.flac,male,22,195
6835,5,five,english,5,6,27,lang-english_speaker-06_trial-27_digit-5.flac,female,35,163
6836,6,six,english,6,6,27,lang-english_speaker-06_trial-27_digit-6.flac,female,35,163
6837,15,fuenf,german,5,6,15,lang-german_speaker-06_trial-15_digit-5.flac,female,35,163
6838,0,zero,english,0,9,39,lang-english_speaker-09_trial-39_digit-0.flac,male,32,183
6839,9,nine,english,9,9,39,lang-english_speaker-09_trial-39_digit-9.flac,male,32,183
6840,16,sechs,german,6,11,48,lang-german_speaker-11_trial-48_digit-6.flac,female,31,163
6841,9,nine,english,9,11,34,lang-english_speaker-11_trial-34_digit-9.flac,female,31,163
6842,8,eight,english,8,1,37,lang-english_speaker-01_trial-37_digit-8.flac,male,22,195
6843,8,eight,english,8,1,37,lang-english_speaker-01_trial-37_digit-8.flac,male,22,195
6844,17,sieben,german,7,11,48,lang-german_speaker-11_trial-48_digit-7.flac,female,31,163
6845,13,drei,german,3,9,34,lang-german_speaker-09_trial-34_digit-3.flac,male,32,183
6846,16,sechs,german,6,0,36,lang-german_speaker-00_trial-36_digit-6.flac,male,24,180
6847,14,vier,german,4,7,27,lang-german_speaker-07_trial-27_digit-4.flac,male,56,175
6848,12,zwei,german,2,7,27,lang-german_speaker-07_trial-27_digit-2.flac,male,56,175
6849,6,six,english,6,1,37,lang-english_speaker-01_trial-37_digit-6.flac,male,22,195
6850,7,seven,english,7,9,39,lang-english_speaker-09_trial-39_digit-7.flac,male,32,183
6851,11,eins,german,1,7,27,lang-german_speaker-07_trial-27_digit-1.flac,male,56,175
6852,10,null,german,0,11,49,lang-german_speaker-11_trial-49_digit-0.flac,female,31,163
6853,15,fuenf,german,5,9,34,lang-german_speaker-09_trial-34_digit-5.flac,male,32,183
6854,5,five,english,5,9,39,lang-english_speaker-09_trial-39_digit-5.flac,male,32,183
6855,5,five,english,5,7,34,lang-english_speaker-07_trial-34_digit-5.flac,male,56,175
6856,5,five,english,5,10,34,lang-english_speaker-10_trial-34_digit-5.flac,female,25,160
6857,6,six,english,6,2,39,lang-english_speaker-02_trial-39_digit-6.flac,female,23,158
6858,12,zwei,german,2,0,36,lang-german_speaker-00_trial-36_digit-2.flac,male,24,180
6859,11,eins,german,1,10,33,lang-german_speaker-10_trial-33_digit-1.flac,female,25,160
6860,11,eins,german,1,2,48,lang-german_speaker-02_trial-48_digit-1.flac,female,23,158
6861,0,zero,english,0,2,40,lang-english_speaker-02_trial-40_digit-0.flac,female,23,158
6862,4,four,english,4,10,34,lang-english_speaker-10_trial-34_digit-4.flac,female,25,160
6863,7,seven,english,7,0,43,lang-english_speaker-00_trial-43_digit-7.flac,male,24,180
6864,11,eins,german,1,3,43,lang-german_speaker-03_trial-43_digit-1.flac,female,23,174
6865,6,six,english,6,9,39,lang-english_speaker-09_trial-39_digit-6.flac,male,32,183
6866,13,drei,german,3,10,33,lang-german_speaker-10_trial-33_digit-3.flac,female,25,160
6867,11,eins,german,1,7,27,lang-german_speaker-07_trial-27_digit-1.flac,male,56,175
6868,17,sieben,german,7,6,15,lang-german_speaker-06_trial-15_digit-7.flac,female,35,163
6869,11,eins,german,1,11,49,lang-german_speaker-11_trial-49_digit-1.flac,female,31,163
6870,7,seven,english,7,11,34,lang-english_speaker-11_trial-34_digit-7.flac,female,31,163
6871,5,five,english,5,11,34,lang-english_speaker-11_trial-34_digit-5.flac,female,31,163
6872,15,fuenf,german,5,7,27,lang-german_speaker-07_trial-27_digit-5.flac,male,56,175
6873,2,two,english,2,0,43,lang-english_speaker-00_trial-43_digit-2.flac,male,24,180
6874,7,seven,english,7,0,43,lang-english_speaker-00_trial-43_digit-7.flac,male,24,180
6875,14,vier,german,4,8,33,lang-german_speaker-08_trial-33_digit-4.flac,male,21,182
6876,19,neun,german,9,0,36,lang-german_speaker-00_trial-36_digit-9.flac,male,24,180
6877,8,eight,english,8,0,43,lang-english_speaker-00_trial-43_digit-8.flac,male,24,180
6878,1,one,english,1,9,40,lang-english_speaker-09_trial-40_digit-1.flac,male,32,183
6879,3,three,english,3,6,27,lang-english_speaker-06_trial-27_digit-3.flac,female,35,163
6880,18,acht,german,8,7,27,lang-german_speaker-07_trial-27_digit-8.flac,male,56,175
6881,17,sieben,german,7,1,39,lang-german_speaker-01_trial-39_digit-7.flac,male,22,195
6882,15,fuenf,german,5,10,33,lang-german_speaker-10_trial-33_digit-5.flac,female,25,160
6883,7,seven,english,7,10,34,lang-english_speaker-10_trial-34_digit-7.flac,female,25,160
6884,9,nine,english,9,0,43,lang-english_speaker-00_trial-43_digit-9.flac,male,24,180
6885,16,sechs,german,6,11,49,lang-german_speaker-11_trial-49_digit-6.flac,female,31,163
6886,14,vier,german,4,11,49,lang-german_speaker-11_trial-49_digit-4.flac,female,31,163
6887,18,acht,german,8,8,33,lang-german_speaker-08_trial-33_digit-8.flac,male,21,182
6888,7,seven,english,7,3,19,lang-english_speaker-03_trial-19_digit-7.flac,female,23,174
6889,2,two,english,2,7,34,lang-english_speaker-07_trial-34_digit-2.flac,male,56,175
6890,17,sieben,german,7,3,43,lang-german_speaker-03_trial-43_digit-7.flac,female,23,174
6891,15,fuenf,german,5,0,36,lang-german_speaker-00_trial-36_digit-5.flac,male,24,180
6892,4,four,english,4,3,19,lang-english_speaker-03_trial-19_digit-4.flac,female,23,174
6893,16,sechs,german,6,3,43,lang-german_speaker-03_trial-43_digit-6.flac,female,23,174
6894,3,three,english,3,3,19,lang-english_speaker-03_trial-19_digit-3.flac,female,23,174
6895,10,null,german,0,1,40,lang-german_speaker-01_trial-40_digit-0.flac,male,22,195
6896,17,sieben,german,7,2,48,lang-german_speaker-02_trial-48_digit-7.flac,female,23,158
6897,15,fuenf,german,5,9,34,lang-german_speaker-09_trial-34_digit-5.flac,male,32,183
6898,1,one,english,1,0,44,lang-english_speaker-00_trial-44_digit-1.flac,male,24,180
6899,0,zero,english,0,7,35,lang-english_speaker-07_trial-35_digit-0.flac,male,56,175
6900,15,fuenf,german,5,2,48,lang-german_speaker-02_trial-48_digit-5.flac,female,23,158
6901,15,fuenf,german,5,3,43,lang-german_speaker-03_trial-43_digit-5.flac,female,23,174
6902,14,vier,german,4,3,43,lang-german_speaker-03_trial-43_digit-4.flac,female,23,174
6903,8,eight,english,8,2,40,lang-english_speaker-02_trial-40_digit-8.flac,female,23,158
6904,17,sieben,german,7,11,49,lang-german_speaker-11_trial-49_digit-7.flac,female,31,163
6905,9,nine,english,9,2,40,lang-english_speaker-02_trial-40_digit-9.flac,female,23,158
6906,5,five,english,5,3,19,lang-english_speaker-03_trial-19_digit-5.flac,female,23,174
6907,14,vier,german,4,3,43,lang-german_speaker-03_trial-43_digit-4.flac,female,23,174
6908,3,three,english,3,11,34,lang-english_speaker-11_trial-34_digit-3.flac,female,31,163
6909,1,one,english,1,1,38,lang-english_speaker-01_trial-38_digit-1.flac,male,22,195
6910,7,seven,english,7,9,40,lang-english_speaker-09_trial-40_digit-7.flac,male,32,183
6911,19,neun,german,9,8,33,lang-german_speaker-08_trial-33_digit-9.flac,male,21,182
6912,0,zero,english,0,0,44,lang-english_speaker-00_trial-44_digit-0.flac,male,24,180
6913,10,null,german,0,11,50,lang-german_speaker-11_trial-50_digit-0.flac,female,31,163
6914,18,acht,german,8,0,36,lang-german_speaker-00_trial-36_digit-8.flac,male,24,180
6915,10,null,german,0,3,44,lang-german_speaker-03_trial-44_digit-0.flac,female,23,174
6916,3,three,english,3,8,34,lang-english_speaker-08_trial-34_digit-3.flac,male,21,182
6917,6,six,english,6,0,44,lang-english_speaker-00_trial-44_digit-6.flac,male,24,180
6918,5,five,english,5,6,27,lang-english_speaker-06_trial-27_digit-5.flac,female,35,163
6919,2,two,english,2,8,34,lang-english_speaker-08_trial-34_digit-2.flac,male,21,182
6920,14,vier,german,4,1,40,lang-german_speaker-01_trial-40_digit-4.flac,male,22,195
6921,17,sieben,german,7,9,34,lang-german_speaker-09_trial-34_digit-7.flac,male,32,183
6922,18,acht,german,8,2,48,lang-german_speaker-02_trial-48_digit-8.flac,female,23,158
6923,0,zero,english,0,9,41,lang-english_speaker-09_trial-41_digit-0.flac,male,32,183
6924,11,eins,german,1,10,33,lang-german_speaker-10_trial-33_digit-1.flac,female,25,160
6925,18,acht,german,8,11,50,lang-german_speaker-11_trial-50_digit-8.flac,female,31,163
6926,3,three,english,3,3,19,lang-english_speaker-03_trial-19_digit-3.flac,female,23,174
6927,3,three,english,3,10,34,lang-english_speaker-10_trial-34_digit-3.flac,female,25,160
6928,11,eins,german,1,0,37,lang-german_speaker-00_trial-37_digit-1.flac,male,24,180
6929,4,four,english,4,7,35,lang-english_speaker-07_trial-35_digit-4.flac,male,56,175
6930,0,zero,english,0,8,35,lang-english_speaker-08_trial-35_digit-0.flac,male,21,182
6931,2,two,english,2,10,34,lang-english_speaker-10_trial-34_digit-2.flac,female,25,160
6932,15,fuenf,german,5,10,33,lang-german_speaker-10_trial-33_digit-5.flac,female,25,160
6933,12,zwei,german,2,8,33,lang-german_speaker-08_trial-33_digit-2.flac,male,21,182
6934,6,six,english,6,10,34,lang-english_speaker-10_trial-34_digit-6.flac,female,25,160
6935,14,vier,german,4,0,37,lang-german_speaker-00_trial-37_digit-4.flac,male,24,180
6936,6,six,english,6,7,35,lang-english_speaker-07_trial-35_digit-6.flac,male,56,175
6937,17,sieben,german,7,0,37,lang-german_speaker-00_trial-37_digit-7.flac,male,24,180
6938,14,vier,german,4,7,27,lang-german_speaker-07_trial-27_digit-4.flac,male,56,175
6939,10,null,german,0,10,33,lang-german_speaker-10_trial-33_digit-0.flac,female,25,160
6940,15,fuenf,german,5,3,44,lang-german_speaker-03_trial-44_digit-5.flac,female,23,174
6941,4,four,english,4,6,27,lang-english_speaker-06_trial-27_digit-4.flac,female,35,163
6942,3,three,english,3,2,40,lang-english_speaker-02_trial-40_digit-3.flac,female,23,158
6943,9,nine,english,9,1,38,lang-english_speaker-01_trial-38_digit-9.flac,male,22,195
6944,14,vier,german,4,9,34,lang-german_speaker-09_trial-34_digit-4.flac,male,32,183
6945,19,neun,german,9,2,48,lang-german_speaker-02_trial-48_digit-9.flac,female,23,158
6946,6,six,english,6,10,34,lang-english_speaker-10_trial-34_digit-6.flac,female,25,160
6947,13,drei,german,3,9,34,lang-german_speaker-09_trial-34_digit-3.flac,male,32,183
6948,7,seven,english,7,6,27,lang-english_speaker-06_trial-27_digit-7.flac,female,35,163
6949,18,acht,german,8,10,33,lang-german_speaker-10_trial-33_digit-8.flac,female,25,160
6950,11,eins,german,1,2,49,lang-german_speaker-02_trial-49_digit-1.flac,female,23,158
6951,16,sechs,german,6,11,50,lang-german_speaker-11_trial-50_digit-6.flac,female,31,163
6952,15,fuenf,german,5,1,40,lang-german_speaker-01_trial-40_digit-5.flac,male,22,195
6953,15,fuenf,german,5,2,49,lang-german_speaker-02_trial-49_digit-5.flac,female,23,158
6954,9,nine,english,9,10,34,lang-english_speaker-10_trial-34_digit-9.flac,female,25,160
6955,18,acht,german,8,3,44,lang-german_speaker-03_trial-44_digit-8.flac,female,23,174
6956,11,eins,german,1,11,50,lang-german_speaker-11_trial-50_digit-1.flac,female,31,163
6957,12,zwei,german,2,6,15,lang-german_speaker-06_trial-15_digit-2.flac,female,35,163
6958,19,neun,german,9,2,49,lang-german_speaker-02_trial-49_digit-9.flac,female,23,158
6959,17,sieben,german,7,2,49,lang-german_speaker-02_trial-49_digit-7.flac,female,23,158
6960,2,two,english,2,11,34,lang-english_speaker-11_trial-34_digit-2.flac,female,31,163
6961,5,five,english,5,2,40,lang-english_speaker-02_trial-40_digit-5.flac,female,23,158
6962,14,vier,german,4,1,40,lang-german_speaker-01_trial-40_digit-4.flac,male,22,195
6963,12,zwei,german,2,0,37,lang-german_speaker-00_trial-37_digit-2.flac,male,24,180
6964,1,one,english,1,9,41,lang-english_speaker-09_trial-41_digit-1.flac,male,32,183
6965,2,two,english,2,2,40,lang-english_speaker-02_trial-40_digit-2.flac,female,23,158
6966,15,fuenf,german,5,1,40,lang-german_speaker-01_trial-40_digit-5.flac,male,22,195
6967,11,eins,german,1,2,50,lang-german_speaker-02_trial-50_digit-1.flac,female,23,158
6968,3,three,english,3,10,34,lang-english_speaker-10_trial-34_digit-3.flac,female,25,160
6969,11,eins,german,1,7,27,lang-german_speaker-07_trial-27_digit-1.flac,male,56,175
6970,19,neun,german,9,8,33,lang-german_speaker-08_trial-33_digit-9.flac,male,21,182
6971,19,neun,german,9,8,33,lang-german_speaker-08_trial-33_digit-9.flac,male,21,182
6972,14,vier,german,4,1,40,lang-german_speaker-01_trial-40_digit-4.flac,male,22,195
6973,10,null,german,0,1,40,lang-german_speaker-01_trial-40_digit-0.flac,male,22,195
6974,4,four,english,4,0,44,lang-english_speaker-00_trial-44_digit-4.flac,male,24,180
6975,3,three,english,3,8,35,lang-english_speaker-08_trial-35_digit-3.flac,male,21,182
6976,8,eight,english,8,1,38,lang-english_speaker-01_trial-38_digit-8.flac,male,22,195
6977,19,neun,german,9,3,44,lang-german_speaker-03_trial-44_digit-9.flac,female,23,174
6978,16,sechs,german,6,3,44,lang-german_speaker-03_trial-44_digit-6.flac,female,23,174
6979,2,two,english,2,0,44,lang-english_speaker-00_trial-44_digit-2.flac,male,24,180
6980,4,four,english,4,11,34,lang-english_speaker-11_trial-34_digit-4.flac,female,31,163
6981,12,zwei,german,2,1,40,lang-german_speaker-01_trial-40_digit-2.flac,male,22,195
6982,2,two,english,2,0,44,lang-english_speaker-00_trial-44_digit-2.flac,male,24,180
6983,4,four,english,4,11,34,lang-english_speaker-11_trial-34_digit-4.flac,female,31,163
6984,0,zero,english,0,1,39,lang-english_speaker-01_trial-39_digit-0.flac,male,22,195
6985,11,eins,german,1,7,27,lang-german_speaker-07_trial-27_digit-1.flac,male,56,175
6986,0,zero,english,0,11,35,lang-english_speaker-11_trial-35_digit-0.flac,female,31,163
6987,1,one,english,1,1,39,lang-english_speaker-01_trial-39_digit-1.flac,male,22,195
6988,6,six,english,6,11,35,lang-english_speaker-11_trial-35_digit-6.flac,female,31,163
6989,13,drei,german,3,7,27,lang-german_speaker-07_trial-27_digit-3.flac,male,56,175
6990,8,eight,english,8,6,27,lang-english_speaker-06_trial-27_digit-8.flac,female,35,163
6991,0,zero,english,0,8,35,lang-english_speaker-08_trial-35_digit-0.flac,male,21,182
6992,4,four,english,4,6,27,lang-english_speaker-06_trial-27_digit-4.flac,female,35,163
6993,15,fuenf,german,5,2,50,lang-german_speaker-02_trial-50_digit-5.flac,female,23,158
6994,12,zwei,german,2,9,34,lang-german_speaker-09_trial-34_digit-2.flac,male,32,183
6995,17,sieben,german,7,10,33,lang-german_speaker-10_trial-33_digit-7.flac,female,25,160
6996,15,fuenf,german,5,7,27,lang-german_speaker-07_trial-27_digit-5.flac,male,56,175
6997,19,neun,german,9,9,34,lang-german_speaker-09_trial-34_digit-9.flac,male,32,183
6998,9,nine,english,9,1,39,lang-english_speaker-01_trial-39_digit-9.flac,male,22,195
6999,9,nine,english,9,2,40,lang-english_speaker-02_trial-40_digit-9.flac,female,23,158
7000,15,fuenf,german,5,11,50,lang-german_speaker-11_trial-50_digit-5.flac,female,31,163
7001,9,nine,english,9,2,40,lang-english_speaker-02_trial-40_digit-9.flac,female,23,158
7002,2,two,english,2,2,40,lang-english_speaker-02_trial-40_digit-2.flac,female,23,158
7003,13,drei,german,3,11,50,lang-german_speaker-11_trial-50_digit-3.flac,female,31,163
7004,6,six,english,6,9,41,lang-english_speaker-09_trial-41_digit-6.flac,male,32,183
7005,13,drei,german,3,3,44,lang-german_speaker-03_trial-44_digit-3.flac,female,23,174
7006,12,zwei,german,2,11,50,lang-german_speaker-11_trial-50_digit-2.flac,female,31,163
7007,12,zwei,german,2,7,27,lang-german_speaker-07_trial-27_digit-2.flac,male,56,175
7008,15,fuenf,german,5,3,44,lang-german_speaker-03_trial-44_digit-5.flac,female,23,174
7009,5,five,english,5,2,40,lang-english_speaker-02_trial-40_digit-5.flac,female,23,158
7010,3,three,english,3,10,34,lang-english_speaker-10_trial-34_digit-3.flac,female,25,160
7011,13,drei,german,3,0,37,lang-german_speaker-00_trial-37_digit-3.flac,male,24,180
7012,3,three,english,3,11,35,lang-english_speaker-11_trial-35_digit-3.flac,female,31,163
7013,1,one,english,1,3,19,lang-english_speaker-03_trial-19_digit-1.flac,female,23,174
7014,0,zero,english,0,11,35,lang-english_speaker-11_trial-35_digit-0.flac,female,31,163
7015,10,null,german,0,7,28,lang-german_speaker-07_trial-28_digit-0.flac,male,56,175
7016,17,sieben,german,7,0,37,lang-german_speaker-00_trial-37_digit-7.flac,male,24,180
7017,11,eins,german,1,7,28,lang-german_speaker-07_trial-28_digit-1.flac,male,56,175
7018,19,neun,german,9,1,40,lang-german_speaker-01_trial-40_digit-9.flac,male,22,195
7019,14,vier,german,4,10,33,lang-german_speaker-10_trial-33_digit-4.flac,female,25,160
7020,14,vier,german,4,11,50,lang-german_speaker-11_trial-50_digit-4.flac,female,31,163
7021,0,zero,english,0,8,35,lang-english_speaker-08_trial-35_digit-0.flac,male,21,182
7022,8,eight,english,8,9,41,lang-english_speaker-09_trial-41_digit-8.flac,male,32,183
7023,0,zero,english,0,1,40,lang-english_speaker-01_trial-40_digit-0.flac,male,22,195
7024,18,acht,german,8,6,15,lang-german_speaker-06_trial-15_digit-8.flac,female,35,163
7025,2,two,english,2,2,40,lang-english_speaker-02_trial-40_digit-2.flac,female,23,158
7026,8,eight,english,8,8,35,lang-english_speaker-08_trial-35_digit-8.flac,male,21,182
7027,12,zwei,german,2,2,50,lang-german_speaker-02_trial-50_digit-2.flac,female,23,158
7028,4,four,english,4,0,44,lang-english_speaker-00_trial-44_digit-4.flac,male,24,180
7029,14,vier,german,4,11,50,lang-german_speaker-11_trial-50_digit-4.flac,female,31,163
7030,1,one,english,1,7,35,lang-english_speaker-07_trial-35_digit-1.flac,male,56,175
7031,6,six,english,6,2,40,lang-english_speaker-02_trial-40_digit-6.flac,female,23,158
7032,9,nine,english,9,7,35,lang-english_speaker-07_trial-35_digit-9.flac,male,56,175
7033,0,zero,english,0,0,44,lang-english_speaker-00_trial-44_digit-0.flac,male,24,180
7034,4,four,english,4,0,44,lang-english_speaker-00_trial-44_digit-4.flac,male,24,180
7035,5,five,english,5,9,41,lang-english_speaker-09_trial-41_digit-5.flac,male,32,183
7036,1,one,english,1,9,41,lang-english_speaker-09_trial-41_digit-1.flac,male,32,183
7037,19,neun,german,9,11,50,lang-german_speaker-11_trial-50_digit-9.flac,female,31,163
7038,6,six,english,6,7,35,lang-english_speaker-07_trial-35_digit-6.flac,male,56,175
7039,2,two,english,2,1,40,lang-english_speaker-01_trial-40_digit-2.flac,male,22,195
7040,15,fuenf,german,5,0,37,lang-german_speaker-00_trial-37_digit-5.flac,male,24,180
7041,10,null,german,0,11,51,lang-german_speaker-11_trial-51_digit-0.flac,female,31,163
7042,6,six,english,6,11,35,lang-english_speaker-11_trial-35_digit-6.flac,female,31,163
7043,7,seven,english,7,11,35,lang-english_speaker-11_trial-35_digit-7.flac,female,31,163
7044,0,zero,english,0,9,42,lang-english_speaker-09_trial-42_digit-0.flac,male,32,183
7045,15,fuenf,german,5,1,40,lang-german_speaker-01_trial-40_digit-5.flac,male,22,195
7046,9,nine,english,9,7,35,lang-english_speaker-07_trial-35_digit-9.flac,male,56,175
7047,3,three,english,3,9,42,lang-english_speaker-09_trial-42_digit-3.flac,male,32,183
7048,2,two,english,2,2,40,lang-english_speaker-02_trial-40_digit-2.flac,female,23,158
7049,2,two,english,2,7,35,lang-english_speaker-07_trial-35_digit-2.flac,male,56,175
7050,15,fuenf,german,5,11,51,lang-german_speaker-11_trial-51_digit-5.flac,female,31,163
7051,6,six,english,6,2,40,lang-english_speaker-02_trial-40_digit-6.flac,female,23,158
7052,3,three,english,3,10,34,lang-english_speaker-10_trial-34_digit-3.flac,female,25,160
7053,19,neun,german,9,3,44,lang-german_speaker-03_trial-44_digit-9.flac,female,23,174
7054,3,three,english,3,9,42,lang-english_speaker-09_trial-42_digit-3.flac,male,32,183
7055,16,sechs,german,6,9,34,lang-german_speaker-09_trial-34_digit-6.flac,male,32,183
7056,5,five,english,5,9,42,lang-english_speaker-09_trial-42_digit-5.flac,male,32,183
7057,8,eight,english,8,9,42,lang-english_speaker-09_trial-42_digit-8.flac,male,32,183
7058,13,drei,german,3,9,34,lang-german_speaker-09_trial-34_digit-3.flac,male,32,183
7059,7,seven,english,7,0,44,lang-english_speaker-00_trial-44_digit-7.flac,male,24,180
7060,4,four,english,4,7,35,lang-english_speaker-07_trial-35_digit-4.flac,male,56,175
7061,18,acht,german,8,10,33,lang-german_speaker-10_trial-33_digit-8.flac,female,25,160
7062,13,drei,german,3,3,44,lang-german_speaker-03_trial-44_digit-3.flac,female,23,174
7063,13,drei,german,3,2,50,lang-german_speaker-02_trial-50_digit-3.flac,female,23,158
7064,8,eight,english,8,9,42,lang-english_speaker-09_trial-42_digit-8.flac,male,32,183
7065,0,zero,english,0,2,41,lang-english_speaker-02_trial-41_digit-0.flac,female,23,158
7066,14,vier,german,4,8,33,lang-german_speaker-08_trial-33_digit-4.flac,male,21,182
7067,16,sechs,german,6,9,34,lang-german_speaker-09_trial-34_digit-6.flac,male,32,183
7068,6,six,english,6,11,35,lang-english_speaker-11_trial-35_digit-6.flac,female,31,163
7069,7,seven,english,7,1,40,lang-english_speaker-01_trial-40_digit-7.flac,male,22,195
7070,19,neun,german,9,1,40,lang-german_speaker-01_trial-40_digit-9.flac,male,22,195
7071,12,zwei,german,2,9,34,lang-german_speaker-09_trial-34_digit-2.flac,male,32,183
7072,15,fuenf,german,5,1,40,lang-german_speaker-01_trial-40_digit-5.flac,male,22,195
7073,8,eight,english,8,10,34,lang-english_speaker-10_trial-34_digit-8.flac,female,25,160
7074,10,null,german,0,9,35,lang-german_speaker-09_trial-35_digit-0.flac,male,32,183
7075,0,zero,english,0,1,41,lang-english_speaker-01_trial-41_digit-0.flac,male,22,195
7076,7,seven,english,7,7,35,lang-english_speaker-07_trial-35_digit-7.flac,male,56,175
7077,6,six,english,6,10,34,lang-english_speaker-10_trial-34_digit-6.flac,female,25,160
7078,5,five,english,5,11,35,lang-english_speaker-11_trial-35_digit-5.flac,female,31,163
7079,14,vier,german,4,2,50,lang-german_speaker-02_trial-50_digit-4.flac,female,23,158
7080,2,two,english,2,9,42,lang-english_speaker-09_trial-42_digit-2.flac,male,32,183
7081,16,sechs,german,6,10,33,lang-german_speaker-10_trial-33_digit-6.flac,female,25,160
7082,10,null,german,0,10,34,lang-german_speaker-10_trial-34_digit-0.flac,female,25,160
7083,6,six,english,6,7,35,lang-english_speaker-07_trial-35_digit-6.flac,male,56,175
7084,14,vier,german,4,9,35,lang-german_speaker-09_trial-35_digit-4.flac,male,32,183
7085,15,fuenf,german,5,10,34,lang-german_speaker-10_trial-34_digit-5.flac,female,25,160
7086,4,four,english,4,6,27,lang-english_speaker-06_trial-27_digit-4.flac,female,35,163
7087,1,one,english,1,0,44,lang-english_speaker-00_trial-44_digit-1.flac,male,24,180
7088,0,zero,english,0,8,36,lang-english_speaker-08_trial-36_digit-0.flac,male,21,182
7089,17,sieben,german,7,2,50,lang-german_speaker-02_trial-50_digit-7.flac,female,23,158
7090,8,eight,english,8,6,27,lang-english_speaker-06_trial-27_digit-8.flac,female,35,163
7091,12,zwei,german,2,6,15,lang-german_speaker-06_trial-15_digit-2.flac,female,35,163
7092,18,acht,german,8,11,51,lang-german_speaker-11_trial-51_digit-8.flac,female,31,163
7093,8,eight,english,8,2,41,lang-english_speaker-02_trial-41_digit-8.flac,female,23,158
7094,1,one,english,1,8,36,lang-english_speaker-08_trial-36_digit-1.flac,male,21,182
7095,10,null,german,0,11,52,lang-german_speaker-11_trial-52_digit-0.flac,female,31,163
7096,15,fuenf,german,5,9,35,lang-german_speaker-09_trial-35_digit-5.flac,male,32,183
7097,5,five,english,5,0,44,lang-english_speaker-00_trial-44_digit-5.flac,male,24,180
7098,4,four,english,4,7,35,lang-english_speaker-07_trial-35_digit-4.flac,male,56,175
7099,18,acht,german,8,10,34,lang-german_speaker-10_trial-34_digit-8.flac,female,25,160
7100,18,acht,german,8,9,35,lang-german_speaker-09_trial-35_digit-8.flac,male,32,183
7101,11,eins,german,1,2,50,lang-german_speaker-02_trial-50_digit-1.flac,female,23,158
7102,8,eight,english,8,3,19,lang-english_speaker-03_trial-19_digit-8.flac,female,23,174
7103,12,zwei,german,2,9,35,lang-german_speaker-09_trial-35_digit-2.flac,male,32,183
7104,0,zero,english,0,0,45,lang-english_speaker-00_trial-45_digit-0.flac,male,24,180
7105,0,zero,english,0,2,42,lang-english_speaker-02_trial-42_digit-0.flac,female,23,158
7106,17,sieben,german,7,11,52,lang-german_speaker-11_trial-52_digit-7.flac,female,31,163
7107,15,fuenf,german,5,0,37,lang-german_speaker-00_trial-37_digit-5.flac,male,24,180
7108,17,sieben,german,7,2,50,lang-german_speaker-02_trial-50_digit-7.flac,female,23,158
7109,3,three,english,3,8,36,lang-english_speaker-08_trial-36_digit-3.flac,male,21,182
7110,0,zero,english,0,2,42,lang-english_speaker-02_trial-42_digit-0.flac,female,23,158
7111,1,one,english,1,8,36,lang-english_speaker-08_trial-36_digit-1.flac,male,21,182
7112,14,vier,german,4,1,40,lang-german_speaker-01_trial-40_digit-4.flac,male,22,195
7113,14,vier,german,4,9,35,lang-german_speaker-09_trial-35_digit-4.flac,male,32,183
7114,16,sechs,german,6,2,50,lang-german_speaker-02_trial-50_digit-6.flac,female,23,158
7115,10,null,german,0,1,41,lang-german_speaker-01_trial-41_digit-0.flac,male,22,195
7116,17,sieben,german,7,1,41,lang-german_speaker-01_trial-41_digit-7.flac,male,22,195
7117,2,two,english,2,11,35,lang-english_speaker-11_trial-35_digit-2.flac,female,31,163
7118,6,six,english,6,10,34,lang-english_speaker-10_trial-34_digit-6.flac,female,25,160
7119,7,seven,english,7,11,35,lang-english_speaker-11_trial-35_digit-7.flac,female,31,163
7120,17,sieben,german,7,2,50,lang-german_speaker-02_trial-50_digit-7.flac,female,23,158
7121,4,four,english,4,9,42,lang-english_speaker-09_trial-42_digit-4.flac,male,32,183
7122,13,drei,german,3,1,41,lang-german_speaker-01_trial-41_digit-3.flac,male,22,195
7123,10,null,german,0,7,28,lang-german_speaker-07_trial-28_digit-0.flac,male,56,175
7124,9,nine,english,9,6,27,lang-english_speaker-06_trial-27_digit-9.flac,female,35,163
7125,10,null,german,0,0,38,lang-german_speaker-00_trial-38_digit-0.flac,male,24,180
7126,5,five,english,5,1,41,lang-english_speaker-01_trial-41_digit-5.flac,male,22,195
7127,1,one,english,1,0,45,lang-english_speaker-00_trial-45_digit-1.flac,male,24,180
7128,11,eins,german,1,0,38,lang-german_speaker-00_trial-38_digit-1.flac,male,24,180
7129,5,five,english,5,9,42,lang-english_speaker-09_trial-42_digit-5.flac,male,32,183
7130,0,zero,english,0,3,20,lang-english_speaker-03_trial-20_digit-0.flac,female,23,174
7131,15,fuenf,german,5,3,44,lang-german_speaker-03_trial-44_digit-5.flac,female,23,174
7132,16,sechs,german,6,7,28,lang-german_speaker-07_trial-28_digit-6.flac,male,56,175
7133,2,two,english,2,1,41,lang-english_speaker-01_trial-41_digit-2.flac,male,22,195
7134,17,sieben,german,7,1,41,lang-german_speaker-01_trial-41_digit-7.flac,male,22,195
7135,13,drei,german,3,6,15,lang-german_speaker-06_trial-15_digit-3.flac,female,35,163
7136,12,zwei,german,2,2,50,lang-german_speaker-02_trial-50_digit-2.flac,female,23,158
7137,8,eight,english,8,1,41,lang-english_speaker-01_trial-41_digit-8.flac,male,22,195
7138,9,nine,english,9,2,42,lang-english_speaker-02_trial-42_digit-9.flac,female,23,158
7139,9,nine,english,9,2,42,lang-english_speaker-02_trial-42_digit-9.flac,female,23,158
7140,13,drei,german,3,9,35,lang-german_speaker-09_trial-35_digit-3.flac,male,32,183
7141,0,zero,english,0,3,20,lang-english_speaker-03_trial-20_digit-0.flac,female,23,174
7142,19,neun,german,9,2,50,lang-german_speaker-02_trial-50_digit-9.flac,female,23,158
7143,19,neun,german,9,10,34,lang-german_speaker-10_trial-34_digit-9.flac,female,25,160
7144,17,sieben,german,7,0,38,lang-german_speaker-00_trial-38_digit-7.flac,male,24,180
7145,10,null,german,0,11,53,lang-german_speaker-11_trial-53_digit-0.flac,female,31,163
7146,11,eins,german,1,8,34,lang-german_speaker-08_trial-34_digit-1.flac,male,21,182
7147,8,eight,english,8,0,45,lang-english_speaker-00_trial-45_digit-8.flac,male,24,180
7148,16,sechs,german,6,6,15,lang-german_speaker-06_trial-15_digit-6.flac,female,35,163
7149,3,three,english,3,0,45,lang-english_speaker-00_trial-45_digit-3.flac,male,24,180
7150,2,two,english,2,6,27,lang-english_speaker-06_trial-27_digit-2.flac,female,35,163
7151,19,neun,german,9,9,35,lang-german_speaker-09_trial-35_digit-9.flac,male,32,183
7152,10,null,german,0,8,34,lang-german_speaker-08_trial-34_digit-0.flac,male,21,182
7153,2,two,english,2,0,45,lang-english_speaker-00_trial-45_digit-2.flac,male,24,180
7154,19,neun,german,9,8,34,lang-german_speaker-08_trial-34_digit-9.flac,male,21,182
7155,16,sechs,german,6,8,34,lang-german_speaker-08_trial-34_digit-6.flac,male,21,182
7156,12,zwei,german,2,10,34,lang-german_speaker-10_trial-34_digit-2.flac,female,25,160
7157,13,drei,german,3,0,38,lang-german_speaker-00_trial-38_digit-3.flac,male,24,180
7158,9,nine,english,9,2,42,lang-english_speaker-02_trial-42_digit-9.flac,female,23,158
7159,15,fuenf,german,5,10,34,lang-german_speaker-10_trial-34_digit-5.flac,female,25,160
7160,10,null,german,0,9,36,lang-german_speaker-09_trial-36_digit-0.flac,male,32,183
7161,7,seven,english,7,2,42,lang-english_speaker-02_trial-42_digit-7.flac,female,23,158
7162,2,two,english,2,7,35,lang-english_speaker-07_trial-35_digit-2.flac,male,56,175
7163,1,one,english,1,9,42,lang-english_speaker-09_trial-42_digit-1.flac,male,32,183
7164,2,two,english,2,2,42,lang-english_speaker-02_trial-42_digit-2.flac,female,23,158
7165,5,five,english,5,10,34,lang-english_speaker-10_trial-34_digit-5.flac,female,25,160
7166,10,null,german,0,7,28,lang-german_speaker-07_trial-28_digit-0.flac,male,56,175
7167,15,fuenf,german,5,11,53,lang-german_speaker-11_trial-53_digit-5.flac,female,31,163
7168,16,sechs,german,6,8,34,lang-german_speaker-08_trial-34_digit-6.flac,male,21,182
7169,14,vier,german,4,6,15,lang-german_speaker-06_trial-15_digit-4.flac,female,35,163
7170,13,drei,german,3,11,53,lang-german_speaker-11_trial-53_digit-3.flac,female,31,163
7171,19,neun,german,9,1,41,lang-german_speaker-01_trial-41_digit-9.flac,male,22,195
7172,18,acht,german,8,8,34,lang-german_speaker-08_trial-34_digit-8.flac,male,21,182
7173,9,nine,english,9,7,35,lang-english_speaker-07_trial-35_digit-9.flac,male,56,175
7174,8,eight,english,8,7,35,lang-english_speaker-07_trial-35_digit-8.flac,male,56,175
7175,13,drei,german,3,9,36,lang-german_speaker-09_trial-36_digit-3.flac,male,32,183
7176,7,seven,english,7,7,35,lang-english_speaker-07_trial-35_digit-7.flac,male,56,175
7177,3,three,english,3,0,45,lang-english_speaker-00_trial-45_digit-3.flac,male,24,180
7178,11,eins,german,1,10,35,lang-german_speaker-10_trial-35_digit-1.flac,female,25,160
7179,13,drei,german,3,1,41,lang-german_speaker-01_trial-41_digit-3.flac,male,22,195
7180,18,acht,german,8,8,34,lang-german_speaker-08_trial-34_digit-8.flac,male,21,182
7181,2,two,english,2,9,42,lang-english_speaker-09_trial-42_digit-2.flac,male,32,183
7182,7,seven,english,7,1,41,lang-english_speaker-01_trial-41_digit-7.flac,male,22,195
7183,18,acht,german,8,10,35,lang-german_speaker-10_trial-35_digit-8.flac,female,25,160
7184,12,zwei,german,2,1,41,lang-german_speaker-01_trial-41_digit-2.flac,male,22,195
7185,4,four,english,4,9,42,lang-english_speaker-09_trial-42_digit-4.flac,male,32,183
7186,13,drei,german,3,2,50,lang-german_speaker-02_trial-50_digit-3.flac,female,23,158
7187,15,fuenf,german,5,10,35,lang-german_speaker-10_trial-35_digit-5.flac,female,25,160
7188,9,nine,english,9,8,36,lang-english_speaker-08_trial-36_digit-9.flac,male,21,182
7189,8,eight,english,8,3,20,lang-english_speaker-03_trial-20_digit-8.flac,female,23,174
7190,15,fuenf,german,5,11,53,lang-german_speaker-11_trial-53_digit-5.flac,female,31,163
7191,1,one,english,1,2,43,lang-english_speaker-02_trial-43_digit-1.flac,female,23,158
7192,2,two,english,2,1,41,lang-english_speaker-01_trial-41_digit-2.flac,male,22,195
7193,14,vier,german,4,0,38,lang-german_speaker-00_trial-38_digit-4.flac,male,24,180
7194,4,four,english,4,9,42,lang-english_speaker-09_trial-42_digit-4.flac,male,32,183
7195,0,zero,english,0,1,42,lang-english_speaker-01_trial-42_digit-0.flac,male,22,195
7196,7,seven,english,7,9,42,lang-english_speaker-09_trial-42_digit-7.flac,male,32,183
7197,0,zero,english,0,11,36,lang-english_speaker-11_trial-36_digit-0.flac,female,31,163
7198,14,vier,german,4,11,53,lang-german_speaker-11_trial-53_digit-4.flac,female,31,163
7199,19,neun,german,9,8,34,lang-german_speaker-08_trial-34_digit-9.flac,male,21,182
7200,11,eins,german,1,2,51,lang-german_speaker-02_trial-51_digit-1.flac,female,23,158
7201,11,eins,german,1,2,51,lang-german_speaker-02_trial-51_digit-1.flac,female,23,158
7202,12,zwei,german,2,0,38,lang-german_speaker-00_trial-38_digit-2.flac,male,24,180
7203,0,zero,english,0,7,36,lang-english_speaker-07_trial-36_digit-0.flac,male,56,175
7204,9,nine,english,9,7,36,lang-english_speaker-07_trial-36_digit-9.flac,male,56,175
7205,17,sieben,german,7,3,44,lang-german_speaker-03_trial-44_digit-7.flac,female,23,174
7206,9,nine,english,9,8,36,lang-english_speaker-08_trial-36_digit-9.flac,male,21,182
7207,7,seven,english,7,1,42,lang-english_speaker-01_trial-42_digit-7.flac,male,22,195
7208,6,six,english,6,0,45,lang-english_speaker-00_trial-45_digit-6.flac,male,24,180
7209,16,sechs,german,6,8,34,lang-german_speaker-08_trial-34_digit-6.flac,male,21,182
7210,15,fuenf,german,5,11,53,lang-german_speaker-11_trial-53_digit-5.flac,female,31,163
7211,14,vier,german,4,0,38,lang-german_speaker-00_trial-38_digit-4.flac,male,24,180
7212,3,three,english,3,0,45,lang-english_speaker-00_trial-45_digit-3.flac,male,24,180
7213,5,five,english,5,7,36,lang-english_speaker-07_trial-36_digit-5.flac,male,56,175
7214,19,neun,german,9,3,44,lang-german_speaker-03_trial-44_digit-9.flac,female,23,174
7215,17,sieben,german,7,1,41,lang-german_speaker-01_trial-41_digit-7.flac,male,22,195
7216,4,four,english,4,6,27,lang-english_speaker-06_trial-27_digit-4.flac,female,35,163
7217,0,zero,english,0,9,43,lang-english_speaker-09_trial-43_digit-0.flac,male,32,183
7218,14,vier,german,4,7,28,lang-german_speaker-07_trial-28_digit-4.flac,male,56,175
7219,16,sechs,german,6,9,36,lang-german_speaker-09_trial-36_digit-6.flac,male,32,183
7220,1,one,english,1,2,43,lang-english_speaker-02_trial-43_digit-1.flac,female,23,158
7221,0,zero,english,0,0,46,lang-english_speaker-00_trial-46_digit-0.flac,male,24,180
7222,14,vier,german,4,1,41,lang-german_speaker-01_trial-41_digit-4.flac,male,22,195
7223,9,nine,english,9,7,36,lang-english_speaker-07_trial-36_digit-9.flac,male,56,175
7224,19,neun,german,9,10,35,lang-german_speaker-10_trial-35_digit-9.flac,female,25,160
7225,16,sechs,german,6,0,38,lang-german_speaker-00_trial-38_digit-6.flac,male,24,180
7226,12,zwei,german,2,2,51,lang-german_speaker-02_trial-51_digit-2.flac,female,23,158
7227,15,fuenf,german,5,1,41,lang-german_speaker-01_trial-41_digit-5.flac,male,22,195
7228,1,one,english,1,9,43,lang-english_speaker-09_trial-43_digit-1.flac,male,32,183
7229,0,zero,english,0,10,35,lang-english_speaker-10_trial-35_digit-0.flac,female,25,160
7230,18,acht,german,8,10,35,lang-german_speaker-10_trial-35_digit-8.flac,female,25,160
7231,18,acht,german,8,2,51,lang-german_speaker-02_trial-51_digit-8.flac,female,23,158
7232,15,fuenf,german,5,7,28,lang-german_speaker-07_trial-28_digit-5.flac,male,56,175
7233,11,eins,german,1,3,45,lang-german_speaker-03_trial-45_digit-1.flac,female,23,174
7234,5,five,english,5,6,27,lang-english_speaker-06_trial-27_digit-5.flac,female,35,163
7235,18,acht,german,8,0,38,lang-german_speaker-00_trial-38_digit-8.flac,male,24,180
7236,6,six,english,6,10,35,lang-english_speaker-10_trial-35_digit-6.flac,female,25,160
7237,15,fuenf,german,5,1,41,lang-german_speaker-01_trial-41_digit-5.flac,male,22,195
7238,17,sieben,german,7,11,53,lang-german_speaker-11_trial-53_digit-7.flac,female,31,163
7239,2,two,english,2,11,36,lang-english_speaker-11_trial-36_digit-2.flac,female,31,163
7240,16,sechs,german,6,9,36,lang-german_speaker-09_trial-36_digit-6.flac,male,32,183
7241,15,fuenf,german,5,7,28,lang-german_speaker-07_trial-28_digit-5.flac,male,56,175
7242,11,eins,german,1,1,42,lang-german_speaker-01_trial-42_digit-1.flac,male,22,195
7243,4,four,english,4,9,43,lang-english_speaker-09_trial-43_digit-4.flac,male,32,183
7244,16,sechs,german,6,6,15,lang-german_speaker-06_trial-15_digit-6.flac,female,35,163
7245,1,one,english,1,9,43,lang-english_speaker-09_trial-43_digit-1.flac,male,32,183
7246,6,six,english,6,6,27,lang-english_speaker-06_trial-27_digit-6.flac,female,35,163
7247,12,zwei,german,2,7,28,lang-german_speaker-07_trial-28_digit-2.flac,male,56,175
7248,9,nine,english,9,2,43,lang-english_speaker-02_trial-43_digit-9.flac,female,23,158
7249,7,seven,english,7,2,43,lang-english_speaker-02_trial-43_digit-7.flac,female,23,158
7250,17,sieben,german,7,1,42,lang-german_speaker-01_trial-42_digit-7.flac,male,22,195
7251,6,six,english,6,11,36,lang-english_speaker-11_trial-36_digit-6.flac,female,31,163
7252,0,zero,english,0,10,35,lang-english_speaker-10_trial-35_digit-0.flac,female,25,160
7253,2,two,english,2,11,36,lang-english_speaker-11_trial-36_digit-2.flac,female,31,163
7254,5,five,english,5,8,36,lang-english_speaker-08_trial-36_digit-5.flac,male,21,182
7255,7,seven,english,7,2,43,lang-english_speaker-02_trial-43_digit-7.flac,female,23,158
7256,14,vier,german,4,1,42,lang-german_speaker-01_trial-42_digit-4.flac,male,22,195
7257,1,one,english,1,0,46,lang-english_speaker-00_trial-46_digit-1.flac,male,24,180
7258,14,vier,german,4,2,51,lang-german_speaker-02_trial-51_digit-4.flac,female,23,158
7259,14,vier,german,4,0,38,lang-german_speaker-00_trial-38_digit-4.flac,male,24,180
7260,16,sechs,german,6,11,53,lang-german_speaker-11_trial-53_digit-6.flac,female,31,163
7261,13,drei,german,3,9,36,lang-german_speaker-09_trial-36_digit-3.flac,male,32,183
7262,5,five,english,5,1,42,lang-english_speaker-01_trial-42_digit-5.flac,male,22,195
7263,9,nine,english,9,8,36,lang-english_speaker-08_trial-36_digit-9.flac,male,21,182
7264,11,eins,german,1,10,36,lang-german_speaker-10_trial-36_digit-1.flac,female,25,160
7265,12,zwei,german,2,0,38,lang-german_speaker-00_trial-38_digit-2.flac,male,24,180
7266,15,fuenf,german,5,9,36,lang-german_speaker-09_trial-36_digit-5.flac,male,32,183
7267,8,eight,english,8,11,36,lang-english_speaker-11_trial-36_digit-8.flac,female,31,163
7268,0,zero,english,0,1,43,lang-english_speaker-01_trial-43_digit-0.flac,male,22,195
7269,16,sechs,german,6,11,53,lang-german_speaker-11_trial-53_digit-6.flac,female,31,163
7270,14,vier,german,4,3,45,lang-german_speaker-03_trial-45_digit-4.flac,female,23,174
7271,8,eight,english,8,0,46,lang-english_speaker-00_trial-46_digit-8.flac,male,24,180
7272,8,eight,english,8,6,27,lang-english_speaker-06_trial-27_digit-8.flac,female,35,163
7273,19,neun,german,9,1,42,lang-german_speaker-01_trial-42_digit-9.flac,male,22,195
7274,7,seven,english,7,2,43,lang-english_speaker-02_trial-43_digit-7.flac,female,23,158
7275,2,two,english,2,0,46,lang-english_speaker-00_trial-46_digit-2.flac,male,24,180
7276,18,acht,german,8,0,38,lang-german_speaker-00_trial-38_digit-8.flac,male,24,180
7277,7,seven,english,7,6,27,lang-english_speaker-06_trial-27_digit-7.flac,female,35,163
7278,3,three,english,3,3,20,lang-english_speaker-03_trial-20_digit-3.flac,female,23,174
7279,8,eight,english,8,0,46,lang-english_speaker-00_trial-46_digit-8.flac,male,24,180
7280,5,five,english,5,2,43,lang-english_speaker-02_trial-43_digit-5.flac,female,23,158
7281,12,zwei,german,2,7,28,lang-german_speaker-07_trial-28_digit-2.flac,male,56,175
7282,13,drei,german,3,2,51,lang-german_speaker-02_trial-51_digit-3.flac,female,23,158
7283,15,fuenf,german,5,8,34,lang-german_speaker-08_trial-34_digit-5.flac,male,21,182
7284,2,two,english,2,2,43,lang-english_speaker-02_trial-43_digit-2.flac,female,23,158
7285,14,vier,german,4,11,53,lang-german_speaker-11_trial-53_digit-4.flac,female,31,163
7286,1,one,english,1,1,43,lang-english_speaker-01_trial-43_digit-1.flac,male,22,195
7287,12,zwei,german,2,3,45,lang-german_speaker-03_trial-45_digit-2.flac,female,23,174
7288,2,two,english,2,10,35,lang-english_speaker-10_trial-35_digit-2.flac,female,25,160
7289,12,zwei,german,2,9,36,lang-german_speaker-09_trial-36_digit-2.flac,male,32,183
7290,14,vier,german,4,9,36,lang-german_speaker-09_trial-36_digit-4.flac,male,32,183
7291,9,nine,english,9,6,27,lang-english_speaker-06_trial-27_digit-9.flac,female,35,163
7292,2,two,english,2,0,46,lang-english_speaker-00_trial-46_digit-2.flac,male,24,180
7293,15,fuenf,german,5,6,15,lang-german_speaker-06_trial-15_digit-5.flac,female,35,163
7294,14,vier,german,4,2,51,lang-german_speaker-02_trial-51_digit-4.flac,female,23,158
7295,6,six,english,6,9,43,lang-english_speaker-09_trial-43_digit-6.flac,male,32,183
7296,12,zwei,german,2,2,51,lang-german_speaker-02_trial-51_digit-2.flac,female,23,158
7297,2,two,english,2,0,46,lang-english_speaker-00_trial-46_digit-2.flac,male,24,180
7298,15,fuenf,german,5,11,53,lang-german_speaker-11_trial-53_digit-5.flac,female,31,163
7299,12,zwei,german,2,2,51,lang-german_speaker-02_trial-51_digit-2.flac,female,23,158
7300,6,six,english,6,2,43,lang-english_speaker-02_trial-43_digit-6.flac,female,23,158
7301,11,eins,german,1,3,45,lang-german_speaker-03_trial-45_digit-1.flac,female,23,174
7302,11,eins,german,1,8,35,lang-german_speaker-08_trial-35_digit-1.flac,male,21,182
7303,15,fuenf,german,5,9,36,lang-german_speaker-09_trial-36_digit-5.flac,male,32,183
7304,5,five,english,5,9,43,lang-english_speaker-09_trial-43_digit-5.flac,male,32,183
7305,17,sieben,german,7,1,42,lang-german_speaker-01_trial-42_digit-7.flac,male,22,195
7306,17,sieben,german,7,2,51,lang-german_speaker-02_trial-51_digit-7.flac,female,23,158
7307,8,eight,english,8,10,35,lang-english_speaker-10_trial-35_digit-8.flac,female,25,160
7308,18,acht,german,8,11,53,lang-german_speaker-11_trial-53_digit-8.flac,female,31,163
7309,11,eins,german,1,11,53,lang-german_speaker-11_trial-53_digit-1.flac,female,31,163
7310,2,two,english,2,2,43,lang-english_speaker-02_trial-43_digit-2.flac,female,23,158
7311,9,nine,english,9,7,36,lang-english_speaker-07_trial-36_digit-9.flac,male,56,175
7312,2,two,english,2,9,43,lang-english_speaker-09_trial-43_digit-2.flac,male,32,183
7313,12,zwei,german,2,11,53,lang-german_speaker-11_trial-53_digit-2.flac,female,31,163
7314,9,nine,english,9,9,43,lang-english_speaker-09_trial-43_digit-9.flac,male,32,183
7315,17,sieben,german,7,8,35,lang-german_speaker-08_trial-35_digit-7.flac,male,21,182
7316,5,five,english,5,3,20,lang-english_speaker-03_trial-20_digit-5.flac,female,23,174
7317,13,drei,german,3,11,53,lang-german_speaker-11_trial-53_digit-3.flac,female,31,163
7318,9,nine,english,9,10,35,lang-english_speaker-10_trial-35_digit-9.flac,female,25,160
7319,10,null,german,0,1,43,lang-german_speaker-01_trial-43_digit-0.flac,male,22,195
7320,3,three,english,3,1,43,lang-english_speaker-01_trial-43_digit-3.flac,male,22,195
7321,10,null,german,0,6,16,lang-german_speaker-06_trial-16_digit-0.flac,female,35,163
7322,17,sieben,german,7,3,45,lang-german_speaker-03_trial-45_digit-7.flac,female,23,174
7323,17,sieben,german,7,6,16,lang-german_speaker-06_trial-16_digit-7.flac,female,35,163
7324,3,three,english,3,2,43,lang-english_speaker-02_trial-43_digit-3.flac,female,23,158
7325,13,drei,german,3,8,35,lang-german_speaker-08_trial-35_digit-3.flac,male,21,182
7326,6,six,english,6,2,43,lang-english_speaker-02_trial-43_digit-6.flac,female,23,158
7327,10,null,german,0,11,54,lang-german_speaker-11_trial-54_digit-0.flac,female,31,163
7328,16,sechs,german,6,3,45,lang-german_speaker-03_trial-45_digit-6.flac,female,23,174
7329,14,vier,german,4,0,38,lang-german_speaker-00_trial-38_digit-4.flac,male,24,180
7330,10,null,german,0,11,54,lang-german_speaker-11_trial-54_digit-0.flac,female,31,163
7331,18,acht,german,8,0,38,lang-german_speaker-00_trial-38_digit-8.flac,male,24,180
7332,17,sieben,german,7,0,38,lang-german_speaker-00_trial-38_digit-7.flac,male,24,180
7333,16,sechs,german,6,7,28,lang-german_speaker-07_trial-28_digit-6.flac,male,56,175
7334,19,neun,german,9,1,43,lang-german_speaker-01_trial-43_digit-9.flac,male,22,195
7335,3,three,english,3,10,35,lang-english_speaker-10_trial-35_digit-3.flac,female,25,160
7336,9,nine,english,9,0,46,lang-english_speaker-00_trial-46_digit-9.flac,male,24,180
7337,13,drei,german,3,1,43,lang-german_speaker-01_trial-43_digit-3.flac,male,22,195
7338,6,six,english,6,7,36,lang-english_speaker-07_trial-36_digit-6.flac,male,56,175
7339,1,one,english,1,1,43,lang-english_speaker-01_trial-43_digit-1.flac,male,22,195
7340,1,one,english,1,3,20,lang-english_speaker-03_trial-20_digit-1.flac,female,23,174
7341,15,fuenf,german,5,1,43,lang-german_speaker-01_trial-43_digit-5.flac,male,22,195
7342,2,two,english,2,7,36,lang-english_speaker-07_trial-36_digit-2.flac,male,56,175
7343,5,five,english,5,9,43,lang-english_speaker-09_trial-43_digit-5.flac,male,32,183
7344,1,one,english,1,0,47,lang-english_speaker-00_trial-47_digit-1.flac,male,24,180
7345,19,neun,german,9,1,43,lang-german_speaker-01_trial-43_digit-9.flac,male,22,195
7346,12,zwei,german,2,0,38,lang-german_speaker-00_trial-38_digit-2.flac,male,24,180
7347,2,two,english,2,11,36,lang-english_speaker-11_trial-36_digit-2.flac,female,31,163
7348,5,five,english,5,0,47,lang-english_speaker-00_trial-47_digit-5.flac,male,24,180
7349,12,zwei,german,2,3,45,lang-german_speaker-03_trial-45_digit-2.flac,female,23,174
7350,1,one,english,1,3,20,lang-english_speaker-03_trial-20_digit-1.flac,female,23,174
7351,12,zwei,german,2,8,35,lang-german_speaker-08_trial-35_digit-2.flac,male,21,182
7352,11,eins,german,1,1,44,lang-german_speaker-01_trial-44_digit-1.flac,male,22,195
7353,11,eins,german,1,7,28,lang-german_speaker-07_trial-28_digit-1.flac,male,56,175
7354,12,zwei,german,2,6,16,lang-german_speaker-06_trial-16_digit-2.flac,female,35,163
7355,7,seven,english,7,7,36,lang-english_speaker-07_trial-36_digit-7.flac,male,56,175
7356,5,five,english,5,3,20,lang-english_speaker-03_trial-20_digit-5.flac,female,23,174
7357,1,one,english,1,6,28,lang-english_speaker-06_trial-28_digit-1.flac,female,35,163
7358,11,eins,german,1,8,35,lang-german_speaker-08_trial-35_digit-1.flac,male,21,182
7359,6,six,english,6,6,28,lang-english_speaker-06_trial-28_digit-6.flac,female,35,163
7360,13,drei,german,3,7,28,lang-german_speaker-07_trial-28_digit-3.flac,male,56,175
7361,16,sechs,german,6,9,36,lang-german_speaker-09_trial-36_digit-6.flac,male,32,183
7362,10,null,german,0,10,36,lang-german_speaker-10_trial-36_digit-0.flac,female,25,160
7363,0,zero,english,0,10,36,lang-english_speaker-10_trial-36_digit-0.flac,female,25,160
7364,19,neun,german,9,9,36,lang-german_speaker-09_trial-36_digit-9.flac,male,32,183
7365,10,null,german,0,7,28,lang-german_speaker-07_trial-28_digit-0.flac,male,56,175
7366,19,neun,german,9,10,36,lang-german_speaker-10_trial-36_digit-9.flac,female,25,160
7367,7,seven,english,7,10,36,lang-english_speaker-10_trial-36_digit-7.flac,female,25,160
7368,18,acht,german,8,10,36,lang-german_speaker-10_trial-36_digit-8.flac,female,25,160
7369,7,seven,english,7,3,20,lang-english_speaker-03_trial-20_digit-7.flac,female,23,174
7370,2,two,english,2,3,20,lang-english_speaker-03_trial-20_digit-2.flac,female,23,174
7371,1,one,english,1,1,43,lang-english_speaker-01_trial-43_digit-1.flac,male,22,195
7372,0,zero,english,0,11,37,lang-english_speaker-11_trial-37_digit-0.flac,female,31,163
7373,15,fuenf,german,5,8,35,lang-german_speaker-08_trial-35_digit-5.flac,male,21,182
7374,7,seven,english,7,2,43,lang-english_speaker-02_trial-43_digit-7.flac,female,23,158
7375,19,neun,german,9,2,51,lang-german_speaker-02_trial-51_digit-9.flac,female,23,158
7376,11,eins,german,1,9,37,lang-german_speaker-09_trial-37_digit-1.flac,male,32,183
7377,10,null,german,0,9,37,lang-german_speaker-09_trial-37_digit-0.flac,male,32,183
7378,6,six,english,6,10,36,lang-english_speaker-10_trial-36_digit-6.flac,female,25,160
7379,7,seven,english,7,3,20,lang-english_speaker-03_trial-20_digit-7.flac,female,23,174
7380,14,vier,german,4,2,51,lang-german_speaker-02_trial-51_digit-4.flac,female,23,158
7381,1,one,english,1,1,43,lang-english_speaker-01_trial-43_digit-1.flac,male,22,195
7382,12,zwei,german,2,10,36,lang-german_speaker-10_trial-36_digit-2.flac,female,25,160
7383,9,nine,english,9,3,20,lang-english_speaker-03_trial-20_digit-9.flac,female,23,174
7384,19,neun,german,9,10,36,lang-german_speaker-10_trial-36_digit-9.flac,female,25,160
7385,18,acht,german,8,0,38,lang-german_speaker-00_trial-38_digit-8.flac,male,24,180
7386,7,seven,english,7,2,43,lang-english_speaker-02_trial-43_digit-7.flac,female,23,158
7387,4,four,english,4,2,43,lang-english_speaker-02_trial-43_digit-4.flac,female,23,158
7388,1,one,english,1,8,37,lang-english_speaker-08_trial-37_digit-1.flac,male,21,182
7389,14,vier,german,4,1,44,lang-german_speaker-01_trial-44_digit-4.flac,male,22,195
7390,7,seven,english,7,6,28,lang-english_speaker-06_trial-28_digit-7.flac,female,35,163
7391,6,six,english,6,7,36,lang-english_speaker-07_trial-36_digit-6.flac,male,56,175
7392,4,four,english,4,0,47,lang-english_speaker-00_trial-47_digit-4.flac,male,24,180
7393,19,neun,german,9,1,44,lang-german_speaker-01_trial-44_digit-9.flac,male,22,195
7394,12,zwei,german,2,0,38,lang-german_speaker-00_trial-38_digit-2.flac,male,24,180
7395,7,seven,english,7,2,43,lang-english_speaker-02_trial-43_digit-7.flac,female,23,158
7396,7,seven,english,7,3,20,lang-english_speaker-03_trial-20_digit-7.flac,female,23,174
7397,18,acht,german,8,1,44,lang-german_speaker-01_trial-44_digit-8.flac,male,22,195
7398,11,eins,german,1,6,16,lang-german_speaker-06_trial-16_digit-1.flac,female,35,163
7399,12,zwei,german,2,2,51,lang-german_speaker-02_trial-51_digit-2.flac,female,23,158
7400,12,zwei,german,2,9,37,lang-german_speaker-09_trial-37_digit-2.flac,male,32,183
7401,8,eight,english,8,2,43,lang-english_speaker-02_trial-43_digit-8.flac,female,23,158
7402,4,four,english,4,10,36,lang-english_speaker-10_trial-36_digit-4.flac,female,25,160
7403,5,five,english,5,9,43,lang-english_speaker-09_trial-43_digit-5.flac,male,32,183
7404,9,nine,english,9,7,36,lang-english_speaker-07_trial-36_digit-9.flac,male,56,175
7405,13,drei,german,3,3,45,lang-german_speaker-03_trial-45_digit-3.flac,female,23,174
7406,18,acht,german,8,10,36,lang-german_speaker-10_trial-36_digit-8.flac,female,25,160
7407,6,six,english,6,0,47,lang-english_speaker-00_trial-47_digit-6.flac,male,24,180
7408,4,four,english,4,3,20,lang-english_speaker-03_trial-20_digit-4.flac,female,23,174
7409,10,null,german,0,8,36,lang-german_speaker-08_trial-36_digit-0.flac,male,21,182
7410,10,null,german,0,11,54,lang-german_speaker-11_trial-54_digit-0.flac,female,31,163
7411,15,fuenf,german,5,2,51,lang-german_speaker-02_trial-51_digit-5.flac,female,23,158
7412,12,zwei,german,2,2,51,lang-german_speaker-02_trial-51_digit-2.flac,female,23,158
7413,13,drei,german,3,8,36,lang-german_speaker-08_trial-36_digit-3.flac,male,21,182
7414,5,five,english,5,11,37,lang-english_speaker-11_trial-37_digit-5.flac,female,31,163
7415,2,two,english,2,8,37,lang-english_speaker-08_trial-37_digit-2.flac,male,21,182
7416,15,fuenf,german,5,10,36,lang-german_speaker-10_trial-36_digit-5.flac,female,25,160
7417,10,null,german,0,11,54,lang-german_speaker-11_trial-54_digit-0.flac,female,31,163
7418,2,two,english,2,9,43,lang-english_speaker-09_trial-43_digit-2.flac,male,32,183
7419,12,zwei,german,2,8,36,lang-german_speaker-08_trial-36_digit-2.flac,male,21,182
7420,8,eight,english,8,10,36,lang-english_speaker-10_trial-36_digit-8.flac,female,25,160
7421,17,sieben,german,7,7,28,lang-german_speaker-07_trial-28_digit-7.flac,male,56,175
7422,16,sechs,german,6,9,37,lang-german_speaker-09_trial-37_digit-6.flac,male,32,183
7423,16,sechs,german,6,11,54,lang-german_speaker-11_trial-54_digit-6.flac,female,31,163
7424,6,six,english,6,3,20,lang-english_speaker-03_trial-20_digit-6.flac,female,23,174
7425,13,drei,german,3,2,51,lang-german_speaker-02_trial-51_digit-3.flac,female,23,158
7426,4,four,english,4,10,36,lang-english_speaker-10_trial-36_digit-4.flac,female,25,160
7427,16,sechs,german,6,7,28,lang-german_speaker-07_trial-28_digit-6.flac,male,56,175
7428,18,acht,german,8,7,28,lang-german_speaker-07_trial-28_digit-8.flac,male,56,175
7429,11,eins,german,1,1,45,lang-german_speaker-01_trial-45_digit-1.flac,male,22,195
7430,14,vier,german,4,3,45,lang-german_speaker-03_trial-45_digit-4.flac,female,23,174
7431,12,zwei,german,2,1,45,lang-german_speaker-01_trial-45_digit-2.flac,male,22,195
7432,10,null,german,0,10,37,lang-german_speaker-10_trial-37_digit-0.flac,female,25,160
7433,17,sieben,german,7,8,36,lang-german_speaker-08_trial-36_digit-7.flac,male,21,182
7434,14,vier,german,4,3,45,lang-german_speaker-03_trial-45_digit-4.flac,female,23,174
7435,17,sieben,german,7,10,37,lang-german_speaker-10_trial-37_digit-7.flac,female,25,160
7436,19,neun,german,9,7,28,lang-german_speaker-07_trial-28_digit-9.flac,male,56,175
7437,12,zwei,german,2,7,28,lang-german_speaker-07_trial-28_digit-2.flac,male,56,175
7438,7,seven,english,7,8,37,lang-english_speaker-08_trial-37_digit-7.flac,male,21,182
7439,12,zwei,german,2,2,51,lang-german_speaker-02_trial-51_digit-2.flac,female,23,158
7440,2,two,english,2,2,43,lang-english_speaker-02_trial-43_digit-2.flac,female,23,158
7441,3,three,english,3,0,47,lang-english_speaker-00_trial-47_digit-3.flac,male,24,180
7442,18,acht,german,8,6,16,lang-german_speaker-06_trial-16_digit-8.flac,female,35,163
7443,5,five,english,5,11,37,lang-english_speaker-11_trial-37_digit-5.flac,female,31,163
7444,18,acht,german,8,2,51,lang-german_speaker-02_trial-51_digit-8.flac,female,23,158
7445,9,nine,english,9,6,28,lang-english_speaker-06_trial-28_digit-9.flac,female,35,163
7446,4,four,english,4,3,20,lang-english_speaker-03_trial-20_digit-4.flac,female,23,174
7447,9,nine,english,9,1,43,lang-english_speaker-01_trial-43_digit-9.flac,male,22,195
7448,3,three,english,3,0,47,lang-english_speaker-00_trial-47_digit-3.flac,male,24,180
7449,9,nine,english,9,2,43,lang-english_speaker-02_trial-43_digit-9.flac,female,23,158
7450,4,four,english,4,11,37,lang-english_speaker-11_trial-37_digit-4.flac,female,31,163
7451,15,fuenf,german,5,8,36,lang-german_speaker-08_trial-36_digit-5.flac,male,21,182
7452,4,four,english,4,1,43,lang-english_speaker-01_trial-43_digit-4.flac,male,22,195
7453,13,drei,german,3,10,37,lang-german_speaker-10_trial-37_digit-3.flac,female,25,160
7454,18,acht,german,8,10,37,lang-german_speaker-10_trial-37_digit-8.flac,female,25,160
7455,14,vier,german,4,2,51,lang-german_speaker-02_trial-51_digit-4.flac,female,23,158
7456,5,five,english,5,7,36,lang-english_speaker-07_trial-36_digit-5.flac,male,56,175
7457,6,six,english,6,11,37,lang-english_speaker-11_trial-37_digit-6.flac,female,31,163
7458,12,zwei,german,2,9,37,lang-german_speaker-09_trial-37_digit-2.flac,male,32,183
7459,18,acht,german,8,8,36,lang-german_speaker-08_trial-36_digit-8.flac,male,21,182
7460,11,eins,german,1,3,45,lang-german_speaker-03_trial-45_digit-1.flac,female,23,174
7461,0,zero,english,0,10,37,lang-english_speaker-10_trial-37_digit-0.flac,female,25,160
7462,19,neun,german,9,8,36,lang-german_speaker-08_trial-36_digit-9.flac,male,21,182
7463,9,nine,english,9,3,20,lang-english_speaker-03_trial-20_digit-9.flac,female,23,174
7464,17,sieben,german,7,3,45,lang-german_speaker-03_trial-45_digit-7.flac,female,23,174
7465,10,null,german,0,10,38,lang-german_speaker-10_trial-38_digit-0.flac,female,25,160
7466,2,two,english,2,2,43,lang-english_speaker-02_trial-43_digit-2.flac,female,23,158
7467,6,six,english,6,2,43,lang-english_speaker-02_trial-43_digit-6.flac,female,23,158
7468,17,sieben,german,7,0,38,lang-german_speaker-00_trial-38_digit-7.flac,male,24,180
7469,11,eins,german,1,11,54,lang-german_speaker-11_trial-54_digit-1.flac,female,31,163
7470,7,seven,english,7,9,43,lang-english_speaker-09_trial-43_digit-7.flac,male,32,183
7471,11,eins,german,1,2,52,lang-german_speaker-02_trial-52_digit-1.flac,female,23,158
7472,13,drei,german,3,0,38,lang-german_speaker-00_trial-38_digit-3.flac,male,24,180
7473,10,null,german,0,0,39,lang-german_speaker-00_trial-39_digit-0.flac,male,24,180
7474,9,nine,english,9,1,43,lang-english_speaker-01_trial-43_digit-9.flac,male,22,195
7475,5,five,english,5,9,43,lang-english_speaker-09_trial-43_digit-5.flac,male,32,183
7476,13,drei,german,3,1,45,lang-german_speaker-01_trial-45_digit-3.flac,male,22,195
7477,17,sieben,german,7,3,45,lang-german_speaker-03_trial-45_digit-7.flac,female,23,174
7478,14,vier,german,4,1,45,lang-german_speaker-01_trial-45_digit-4.flac,male,22,195
7479,13,drei,german,3,11,54,lang-german_speaker-11_trial-54_digit-3.flac,female,31,163
7480,6,six,english,6,1,43,lang-english_speaker-01_trial-43_digit-6.flac,male,22,195
7481,5,five,english,5,7,36,lang-english_speaker-07_trial-36_digit-5.flac,male,56,175
7482,7,seven,english,7,7,36,lang-english_speaker-07_trial-36_digit-7.flac,male,56,175
7483,14,vier,german,4,10,38,lang-german_speaker-10_trial-38_digit-4.flac,female,25,160
7484,13,drei,german,3,9,37,lang-german_speaker-09_trial-37_digit-3.flac,male,32,183
7485,11,eins,german,1,0,39,lang-german_speaker-00_trial-39_digit-1.flac,male,24,180
7486,14,vier,german,4,10,38,lang-german_speaker-10_trial-38_digit-4.flac,female,25,160
7487,14,vier,german,4,1,45,lang-german_speaker-01_trial-45_digit-4.flac,male,22,195
7488,19,neun,german,9,3,45,lang-german_speaker-03_trial-45_digit-9.flac,female,23,174
7489,1,one,english,1,10,37,lang-english_speaker-10_trial-37_digit-1.flac,female,25,160
7490,1,one,english,1,1,44,lang-english_speaker-01_trial-44_digit-1.flac,male,22,195
7491,13,drei,german,3,6,16,lang-german_speaker-06_trial-16_digit-3.flac,female,35,163
7492,8,eight,english,8,6,28,lang-english_speaker-06_trial-28_digit-8.flac,female,35,163
7493,0,zero,english,0,11,37,lang-english_speaker-11_trial-37_digit-0.flac,female,31,163
7494,2,two,english,2,0,47,lang-english_speaker-00_trial-47_digit-2.flac,male,24,180
7495,11,eins,german,1,11,54,lang-german_speaker-11_trial-54_digit-1.flac,female,31,163
7496,10,null,german,0,7,29,lang-german_speaker-07_trial-29_digit-0.flac,male,56,175
7497,3,three,english,3,11,37,lang-english_speaker-11_trial-37_digit-3.flac,female,31,163
7498,1,one,english,1,2,44,lang-english_speaker-02_trial-44_digit-1.flac,female,23,158
7499,17,sieben,german,7,10,38,lang-german_speaker-10_trial-38_digit-7.flac,female,25,160
7500,10,null,german,0,11,54,lang-german_speaker-11_trial-54_digit-0.flac,female,31,163
7501,8,eight,english,8,9,43,lang-english_speaker-09_trial-43_digit-8.flac,male,32,183
7502,18,acht,german,8,0,39,lang-german_speaker-00_trial-39_digit-8.flac,male,24,180
7503,15,fuenf,german,5,7,29,lang-german_speaker-07_trial-29_digit-5.flac,male,56,175
7504,7,seven,english,7,6,28,lang-english_speaker-06_trial-28_digit-7.flac,female,35,163
7505,14,vier,german,4,2,52,lang-german_speaker-02_trial-52_digit-4.flac,female,23,158
7506,11,eins,german,1,9,37,lang-german_speaker-09_trial-37_digit-1.flac,male,32,183
7507,2,two,english,2,3,20,lang-english_speaker-03_trial-20_digit-2.flac,female,23,174
7508,8,eight,english,8,3,20,lang-english_speaker-03_trial-20_digit-8.flac,female,23,174
7509,7,seven,english,7,6,28,lang-english_speaker-06_trial-28_digit-7.flac,female,35,163
7510,15,fuenf,german,5,3,45,lang-german_speaker-03_trial-45_digit-5.flac,female,23,174
7511,12,zwei,german,2,11,54,lang-german_speaker-11_trial-54_digit-2.flac,female,31,163
7512,0,zero,english,0,2,44,lang-english_speaker-02_trial-44_digit-0.flac,female,23,158
7513,15,fuenf,german,5,10,38,lang-german_speaker-10_trial-38_digit-5.flac,female,25,160
7514,14,vier,german,4,11,54,lang-german_speaker-11_trial-54_digit-4.flac,female,31,163
7515,0,zero,english,0,11,37,lang-english_speaker-11_trial-37_digit-0.flac,female,31,163
7516,9,nine,english,9,2,44,lang-english_speaker-02_trial-44_digit-9.flac,female,23,158
7517,3,three,english,3,10,37,lang-english_speaker-10_trial-37_digit-3.flac,female,25,160
7518,16,sechs,german,6,11,54,lang-german_speaker-11_trial-54_digit-6.flac,female,31,163
7519,3,three,english,3,8,37,lang-english_speaker-08_trial-37_digit-3.flac,male,21,182
7520,6,six,english,6,1,44,lang-english_speaker-01_trial-44_digit-6.flac,male,22,195
7521,2,two,english,2,7,36,lang-english_speaker-07_trial-36_digit-2.flac,male,56,175
7522,12,zwei,german,2,7,29,lang-german_speaker-07_trial-29_digit-2.flac,male,56,175
7523,5,five,english,5,8,37,lang-english_speaker-08_trial-37_digit-5.flac,male,21,182
7524,13,drei,german,3,1,45,lang-german_speaker-01_trial-45_digit-3.flac,male,22,195
7525,17,sieben,german,7,11,54,lang-german_speaker-11_trial-54_digit-7.flac,female,31,163
7526,14,vier,german,4,0,39,lang-german_speaker-00_trial-39_digit-4.flac,male,24,180
7527,15,fuenf,german,5,8,36,lang-german_speaker-08_trial-36_digit-5.flac,male,21,182
7528,14,vier,german,4,2,52,lang-german_speaker-02_trial-52_digit-4.flac,female,23,158
7529,4,four,english,4,2,44,lang-english_speaker-02_trial-44_digit-4.flac,female,23,158
7530,14,vier,german,4,11,54,lang-german_speaker-11_trial-54_digit-4.flac,female,31,163
7531,16,sechs,german,6,2,52,lang-german_speaker-02_trial-52_digit-6.flac,female,23,158
7532,19,neun,german,9,9,37,lang-german_speaker-09_trial-37_digit-9.flac,male,32,183
7533,12,zwei,german,2,8,36,lang-german_speaker-08_trial-36_digit-2.flac,male,21,182
7534,1,one,english,1,3,21,lang-english_speaker-03_trial-21_digit-1.flac,female,23,174
7535,7,seven,english,7,3,21,lang-english_speaker-03_trial-21_digit-7.flac,female,23,174
7536,12,zwei,german,2,9,37,lang-german_speaker-09_trial-37_digit-2.flac,male,32,183
7537,10,null,german,0,6,17,lang-german_speaker-06_trial-17_digit-0.flac,female,35,163
7538,6,six,english,6,7,36,lang-english_speaker-07_trial-36_digit-6.flac,male,56,175
7539,19,neun,german,9,8,36,lang-german_speaker-08_trial-36_digit-9.flac,male,21,182
7540,10,null,german,0,9,38,lang-german_speaker-09_trial-38_digit-0.flac,male,32,183
7541,10,null,german,0,7,29,lang-german_speaker-07_trial-29_digit-0.flac,male,56,175
7542,8,eight,english,8,11,37,lang-english_speaker-11_trial-37_digit-8.flac,female,31,163
7543,14,vier,german,4,0,39,lang-german_speaker-00_trial-39_digit-4.flac,male,24,180
7544,12,zwei,german,2,9,38,lang-german_speaker-09_trial-38_digit-2.flac,male,32,183
7545,9,nine,english,9,0,47,lang-english_speaker-00_trial-47_digit-9.flac,male,24,180
7546,15,fuenf,german,5,11,54,lang-german_speaker-11_trial-54_digit-5.flac,female,31,163
7547,13,drei,german,3,9,38,lang-german_speaker-09_trial-38_digit-3.flac,male,32,183
7548,9,nine,english,9,10,37,lang-english_speaker-10_trial-37_digit-9.flac,female,25,160
7549,11,eins,german,1,9,38,lang-german_speaker-09_trial-38_digit-1.flac,male,32,183
7550,4,four,english,4,7,36,lang-english_speaker-07_trial-36_digit-4.flac,male,56,175
7551,8,eight,english,8,10,37,lang-english_speaker-10_trial-37_digit-8.flac,female,25,160
7552,6,six,english,6,2,44,lang-english_speaker-02_trial-44_digit-6.flac,female,23,158
7553,3,three,english,3,0,47,lang-english_speaker-00_trial-47_digit-3.flac,male,24,180
7554,7,seven,english,7,1,44,lang-english_speaker-01_trial-44_digit-7.flac,male,22,195
7555,3,three,english,3,8,37,lang-english_speaker-08_trial-37_digit-3.flac,male,21,182
7556,18,acht,german,8,10,38,lang-german_speaker-10_trial-38_digit-8.flac,female,25,160
7557,16,sechs,german,6,9,38,lang-german_speaker-09_trial-38_digit-6.flac,male,32,183
7558,11,eins,german,1,11,54,lang-german_speaker-11_trial-54_digit-1.flac,female,31,163
7559,1,one,english,1,7,37,lang-english_speaker-07_trial-37_digit-1.flac,male,56,175
7560,11,eins,german,1,3,46,lang-german_speaker-03_trial-46_digit-1.flac,female,23,174
7561,8,eight,english,8,1,44,lang-english_speaker-01_trial-44_digit-8.flac,male,22,195
7562,1,one,english,1,9,44,lang-english_speaker-09_trial-44_digit-1.flac,male,32,183
7563,18,acht,german,8,1,45,lang-german_speaker-01_trial-45_digit-8.flac,male,22,195
7564,4,four,english,4,0,47,lang-english_speaker-00_trial-47_digit-4.flac,male,24,180
7565,16,sechs,german,6,7,29,lang-german_speaker-07_trial-29_digit-6.flac,male,56,175
7566,7,seven,english,7,8,37,lang-english_speaker-08_trial-37_digit-7.flac,male,21,182
7567,14,vier,german,4,10,38,lang-german_speaker-10_trial-38_digit-4.flac,female,25,160
7568,6,six,english,6,2,44,lang-english_speaker-02_trial-44_digit-6.flac,female,23,158
7569,6,six,english,6,3,21,lang-english_speaker-03_trial-21_digit-6.flac,female,23,174
7570,12,zwei,german,2,1,45,lang-german_speaker-01_trial-45_digit-2.flac,male,22,195
7571,2,two,english,2,8,37,lang-english_speaker-08_trial-37_digit-2.flac,male,21,182
7572,14,vier,german,4,7,29,lang-german_speaker-07_trial-29_digit-4.flac,male,56,175
7573,0,zero,english,0,10,38,lang-english_speaker-10_trial-38_digit-0.flac,female,25,160
7574,9,nine,english,9,2,44,lang-english_speaker-02_trial-44_digit-9.flac,female,23,158
7575,14,vier,german,4,8,36,lang-german_speaker-08_trial-36_digit-4.flac,male,21,182
7576,0,zero,english,0,1,45,lang-english_speaker-01_trial-45_digit-0.flac,male,22,195
7577,18,acht,german,8,11,54,lang-german_speaker-11_trial-54_digit-8.flac,female,31,163
7578,0,zero,english,0,0,48,lang-english_speaker-00_trial-48_digit-0.flac,male,24,180
7579,6,six,english,6,2,44,lang-english_speaker-02_trial-44_digit-6.flac,female,23,158
7580,9,nine,english,9,9,44,lang-english_speaker-09_trial-44_digit-9.flac,male,32,183
7581,12,zwei,german,2,8,36,lang-german_speaker-08_trial-36_digit-2.flac,male,21,182
7582,0,zero,english,0,0,48,lang-english_speaker-00_trial-48_digit-0.flac,male,24,180
7583,0,zero,english,0,2,45,lang-english_speaker-02_trial-45_digit-0.flac,female,23,158
7584,14,vier,german,4,2,52,lang-german_speaker-02_trial-52_digit-4.flac,female,23,158
7585,9,nine,english,9,1,45,lang-english_speaker-01_trial-45_digit-9.flac,male,22,195
7586,11,eins,german,1,10,38,lang-german_speaker-10_trial-38_digit-1.flac,female,25,160
7587,6,six,english,6,2,45,lang-english_speaker-02_trial-45_digit-6.flac,female,23,158
7588,12,zwei,german,2,11,54,lang-german_speaker-11_trial-54_digit-2.flac,female,31,163
7589,4,four,english,4,9,44,lang-english_speaker-09_trial-44_digit-4.flac,male,32,183
7590,9,nine,english,9,8,37,lang-english_speaker-08_trial-37_digit-9.flac,male,21,182
7591,4,four,english,4,2,45,lang-english_speaker-02_trial-45_digit-4.flac,female,23,158
7592,13,drei,german,3,3,46,lang-german_speaker-03_trial-46_digit-3.flac,female,23,174
7593,13,drei,german,3,2,52,lang-german_speaker-02_trial-52_digit-3.flac,female,23,158
7594,7,seven,english,7,1,45,lang-english_speaker-01_trial-45_digit-7.flac,male,22,195
7595,3,three,english,3,0,48,lang-english_speaker-00_trial-48_digit-3.flac,male,24,180
7596,3,three,english,3,0,48,lang-english_speaker-00_trial-48_digit-3.flac,male,24,180
7597,8,eight,english,8,0,48,lang-english_speaker-00_trial-48_digit-8.flac,male,24,180
7598,16,sechs,german,6,9,38,lang-german_speaker-09_trial-38_digit-6.flac,male,32,183
7599,2,two,english,2,7,37,lang-english_speaker-07_trial-37_digit-2.flac,male,56,175
7600,18,acht,german,8,1,45,lang-german_speaker-01_trial-45_digit-8.flac,male,22,195
7601,0,zero,english,0,9,45,lang-english_speaker-09_trial-45_digit-0.flac,male,32,183
7602,18,acht,german,8,7,29,lang-german_speaker-07_trial-29_digit-8.flac,male,56,175
7603,8,eight,english,8,2,45,lang-english_speaker-02_trial-45_digit-8.flac,female,23,158
7604,16,sechs,german,6,9,38,lang-german_speaker-09_trial-38_digit-6.flac,male,32,183
7605,13,drei,german,3,11,54,lang-german_speaker-11_trial-54_digit-3.flac,female,31,163
7606,5,five,english,5,1,45,lang-english_speaker-01_trial-45_digit-5.flac,male,22,195
7607,2,two,english,2,2,45,lang-english_speaker-02_trial-45_digit-2.flac,female,23,158
7608,3,three,english,3,11,37,lang-english_speaker-11_trial-37_digit-3.flac,female,31,163
7609,11,eins,german,1,3,46,lang-german_speaker-03_trial-46_digit-1.flac,female,23,174
7610,13,drei,german,3,0,39,lang-german_speaker-00_trial-39_digit-3.flac,male,24,180
7611,11,eins,german,1,0,39,lang-german_speaker-00_trial-39_digit-1.flac,male,24,180
7612,17,sieben,german,7,11,54,lang-german_speaker-11_trial-54_digit-7.flac,female,31,163
7613,10,null,german,0,1,46,lang-german_speaker-01_trial-46_digit-0.flac,male,22,195
7614,10,null,german,0,8,37,lang-german_speaker-08_trial-37_digit-0.flac,male,21,182
7615,1,one,english,1,0,48,lang-english_speaker-00_trial-48_digit-1.flac,male,24,180
7616,10,null,german,0,10,39,lang-german_speaker-10_trial-39_digit-0.flac,female,25,160
7617,0,zero,english,0,1,46,lang-english_speaker-01_trial-46_digit-0.flac,male,22,195
7618,8,eight,english,8,9,45,lang-english_speaker-09_trial-45_digit-8.flac,male,32,183
7619,8,eight,english,8,10,38,lang-english_speaker-10_trial-38_digit-8.flac,female,25,160
7620,17,sieben,german,7,11,54,lang-german_speaker-11_trial-54_digit-7.flac,female,31,163
7621,4,four,english,4,9,45,lang-english_speaker-09_trial-45_digit-4.flac,male,32,183
7622,3,three,english,3,3,21,lang-english_speaker-03_trial-21_digit-3.flac,female,23,174
7623,6,six,english,6,0,48,lang-english_speaker-00_trial-48_digit-6.flac,male,24,180
7624,11,eins,german,1,7,29,lang-german_speaker-07_trial-29_digit-1.flac,male,56,175
7625,18,acht,german,8,11,54,lang-german_speaker-11_trial-54_digit-8.flac,female,31,163
7626,11,eins,german,1,8,37,lang-german_speaker-08_trial-37_digit-1.flac,male,21,182
7627,8,eight,english,8,6,28,lang-english_speaker-06_trial-28_digit-8.flac,female,35,163
7628,1,one,english,1,7,37,lang-english_speaker-07_trial-37_digit-1.flac,male,56,175
7629,17,sieben,german,7,2,52,lang-german_speaker-02_trial-52_digit-7.flac,female,23,158
7630,6,six,english,6,3,21,lang-english_speaker-03_trial-21_digit-6.flac,female,23,174
7631,17,sieben,german,7,11,54,lang-german_speaker-11_trial-54_digit-7.flac,female,31,163
7632,2,two,english,2,2,45,lang-english_speaker-02_trial-45_digit-2.flac,female,23,158
7633,18,acht,german,8,2,52,lang-german_speaker-02_trial-52_digit-8.flac,female,23,158
7634,7,seven,english,7,0,48,lang-english_speaker-00_trial-48_digit-7.flac,male,24,180
7635,14,vier,german,4,2,52,lang-german_speaker-02_trial-52_digit-4.flac,female,23,158
7636,9,nine,english,9,6,28,lang-english_speaker-06_trial-28_digit-9.flac,female,35,163
7637,9,nine,english,9,7,37,lang-english_speaker-07_trial-37_digit-9.flac,male,56,175
7638,1,one,english,1,0,48,lang-english_speaker-00_trial-48_digit-1.flac,male,24,180
7639,18,acht,german,8,1,46,lang-german_speaker-01_trial-46_digit-8.flac,male,22,195
7640,10,null,german,0,1,47,lang-german_speaker-01_trial-47_digit-0.flac,male,22,195
7641,2,two,english,2,7,37,lang-english_speaker-07_trial-37_digit-2.flac,male,56,175
7642,9,nine,english,9,6,28,lang-english_speaker-06_trial-28_digit-9.flac,female,35,163
7643,13,drei,german,3,10,39,lang-german_speaker-10_trial-39_digit-3.flac,female,25,160
7644,18,acht,german,8,1,47,lang-german_speaker-01_trial-47_digit-8.flac,male,22,195
7645,4,four,english,4,10,38,lang-english_speaker-10_trial-38_digit-4.flac,female,25,160
7646,19,neun,german,9,7,29,lang-german_speaker-07_trial-29_digit-9.flac,male,56,175
7647,2,two,english,2,1,46,lang-english_speaker-01_trial-46_digit-2.flac,male,22,195
7648,5,five,english,5,7,37,lang-english_speaker-07_trial-37_digit-5.flac,male,56,175
7649,4,four,english,4,7,37,lang-english_speaker-07_trial-37_digit-4.flac,male,56,175
7650,7,seven,english,7,11,37,lang-english_speaker-11_trial-37_digit-7.flac,female,31,163
7651,5,five,english,5,7,37,lang-english_speaker-07_trial-37_digit-5.flac,male,56,175
7652,0,zero,english,0,1,46,lang-english_speaker-01_trial-46_digit-0.flac,male,22,195
7653,0,zero,english,0,10,39,lang-english_speaker-10_trial-39_digit-0.flac,female,25,160
7654,14,vier,german,4,9,38,lang-german_speaker-09_trial-38_digit-4.flac,male,32,183
7655,18,acht,german,8,2,52,lang-german_speaker-02_trial-52_digit-8.flac,female,23,158
7656,16,sechs,german,6,3,46,lang-german_speaker-03_trial-46_digit-6.flac,female,23,174
7657,16,sechs,german,6,1,47,lang-german_speaker-01_trial-47_digit-6.flac,male,22,195
7658,10,null,german,0,11,55,lang-german_speaker-11_trial-55_digit-0.flac,female,31,163
7659,5,five,english,5,10,39,lang-english_speaker-10_trial-39_digit-5.flac,female,25,160
7660,18,acht,german,8,11,55,lang-german_speaker-11_trial-55_digit-8.flac,female,31,163
7661,3,three,english,3,9,45,lang-english_speaker-09_trial-45_digit-3.flac,male,32,183
7662,3,three,english,3,9,45,lang-english_speaker-09_trial-45_digit-3.flac,male,32,183
7663,9,nine,english,9,11,37,lang-english_speaker-11_trial-37_digit-9.flac,female,31,163
7664,1,one,english,1,8,38,lang-english_speaker-08_trial-38_digit-1.flac,male,21,182
7665,12,zwei,german,2,0,39,lang-german_speaker-00_trial-39_digit-2.flac,male,24,180
7666,18,acht,german,8,7,29,lang-german_speaker-07_trial-29_digit-8.flac,male,56,175
7667,10,null,german,0,10,39,lang-german_speaker-10_trial-39_digit-0.flac,female,25,160
7668,3,three,english,3,2,45,lang-english_speaker-02_trial-45_digit-3.flac,female,23,158
7669,13,drei,german,3,3,46,lang-german_speaker-03_trial-46_digit-3.flac,female,23,174
7670,11,eins,german,1,2,52,lang-german_speaker-02_trial-52_digit-1.flac,female,23,158
7671,0,zero,english,0,3,22,lang-english_speaker-03_trial-22_digit-0.flac,female,23,174
7672,16,sechs,german,6,11,55,lang-german_speaker-11_trial-55_digit-6.flac,female,31,163
7673,5,five,english,5,11,37,lang-english_speaker-11_trial-37_digit-5.flac,female,31,163
7674,13,drei,german,3,2,52,lang-german_speaker-02_trial-52_digit-3.flac,female,23,158
7675,13,drei,german,3,8,37,lang-german_speaker-08_trial-37_digit-3.flac,male,21,182
7676,1,one,english,1,8,38,lang-english_speaker-08_trial-38_digit-1.flac,male,21,182
7677,19,neun,german,9,3,46,lang-german_speaker-03_trial-46_digit-9.flac,female,23,174
7678,10,null,german,0,9,38,lang-german_speaker-09_trial-38_digit-0.flac,male,32,183
7679,9,nine,english,9,9,45,lang-english_speaker-09_trial-45_digit-9.flac,male,32,183
7680,1,one,english,1,10,39,lang-english_speaker-10_trial-39_digit-1.flac,female,25,160
7681,0,zero,english,0,6,29,lang-english_speaker-06_trial-29_digit-0.flac,female,35,163
7682,10,null,german,0,1,48,lang-german_speaker-01_trial-48_digit-0.flac,male,22,195
7683,5,five,english,5,9,45,lang-english_speaker-09_trial-45_digit-5.flac,male,32,183
7684,9,nine,english,9,1,46,lang-english_speaker-01_trial-46_digit-9.flac,male,22,195
7685,12,zwei,german,2,10,39,lang-german_speaker-10_trial-39_digit-2.flac,female,25,160
7686,5,five,english,5,3,22,lang-english_speaker-03_trial-22_digit-5.flac,female,23,174
7687,16,sechs,german,6,9,38,lang-german_speaker-09_trial-38_digit-6.flac,male,32,183
7688,7,seven,english,7,0,48,lang-english_speaker-00_trial-48_digit-7.flac,male,24,180
7689,2,two,english,2,6,29,lang-english_speaker-06_trial-29_digit-2.flac,female,35,163
7690,5,five,english,5,8,38,lang-english_speaker-08_trial-38_digit-5.flac,male,21,182
7691,5,five,english,5,1,46,lang-english_speaker-01_trial-46_digit-5.flac,male,22,195
7692,11,eins,german,1,0,39,lang-german_speaker-00_trial-39_digit-1.flac,male,24,180
7693,17,sieben,german,7,3,46,lang-german_speaker-03_trial-46_digit-7.flac,female,23,174
7694,11,eins,german,1,1,48,lang-german_speaker-01_trial-48_digit-1.flac,male,22,195
7695,13,drei,german,3,6,17,lang-german_speaker-06_trial-17_digit-3.flac,female,35,163
7696,19,neun,german,9,11,55,lang-german_speaker-11_trial-55_digit-9.flac,female,31,163
7697,0,zero,english,0,10,39,lang-english_speaker-10_trial-39_digit-0.flac,female,25,160
7698,14,vier,german,4,7,29,lang-german_speaker-07_trial-29_digit-4.flac,male,56,175
7699,13,drei,german,3,0,39,lang-german_speaker-00_trial-39_digit-3.flac,male,24,180
7700,11,eins,german,1,3,47,lang-german_speaker-03_trial-47_digit-1.flac,female,23,174
7701,1,one,english,1,9,46,lang-english_speaker-09_trial-46_digit-1.flac,male,32,183
7702,15,fuenf,german,5,3,47,lang-german_speaker-03_trial-47_digit-5.flac,female,23,174
7703,6,six,english,6,1,46,lang-english_speaker-01_trial-46_digit-6.flac,male,22,195
7704,6,six,english,6,1,46,lang-english_speaker-01_trial-46_digit-6.flac,male,22,195
7705,7,seven,english,7,8,38,lang-english_speaker-08_trial-38_digit-7.flac,male,21,182
7706,1,one,english,1,9,46,lang-english_speaker-09_trial-46_digit-1.flac,male,32,183
7707,4,four,english,4,2,45,lang-english_speaker-02_trial-45_digit-4.flac,female,23,158
7708,8,eight,english,8,11,37,lang-english_speaker-11_trial-37_digit-8.flac,female,31,163
7709,4,four,english,4,8,38,lang-english_speaker-08_trial-38_digit-4.flac,male,21,182
7710,3,three,english,3,3,22,lang-english_speaker-03_trial-22_digit-3.flac,female,23,174
7711,10,null,german,0,3,47,lang-german_speaker-03_trial-47_digit-0.flac,female,23,174
7712,1,one,english,1,7,38,lang-english_speaker-07_trial-38_digit-1.flac,male,56,175
7713,14,vier,german,4,3,47,lang-german_speaker-03_trial-47_digit-4.flac,female,23,174
7714,15,fuenf,german,5,1,48,lang-german_speaker-01_trial-48_digit-5.flac,male,22,195
7715,4,four,english,4,10,39,lang-english_speaker-10_trial-39_digit-4.flac,female,25,160
7716,7,seven,english,7,3,22,lang-english_speaker-03_trial-22_digit-7.flac,female,23,174
7717,9,nine,english,9,10,39,lang-english_speaker-10_trial-39_digit-9.flac,female,25,160
7718,12,zwei,german,2,6,17,lang-german_speaker-06_trial-17_digit-2.flac,female,35,163
7719,11,eins,german,1,0,39,lang-german_speaker-00_trial-39_digit-1.flac,male,24,180
7720,5,five,english,5,6,29,lang-english_speaker-06_trial-29_digit-5.flac,female,35,163
7721,4,four,english,4,0,48,lang-english_speaker-00_trial-48_digit-4.flac,male,24,180
7722,8,eight,english,8,8,38,lang-english_speaker-08_trial-38_digit-8.flac,male,21,182
7723,0,zero,english,0,3,23,lang-english_speaker-03_trial-23_digit-0.flac,female,23,174
7724,9,nine,english,9,11,37,lang-english_speaker-11_trial-37_digit-9.flac,female,31,163
7725,18,acht,german,8,11,55,lang-german_speaker-11_trial-55_digit-8.flac,female,31,163
7726,0,zero,english,0,6,29,lang-english_speaker-06_trial-29_digit-0.flac,female,35,163
7727,2,two,english,2,7,38,lang-english_speaker-07_trial-38_digit-2.flac,male,56,175
7728,6,six,english,6,7,38,lang-english_speaker-07_trial-38_digit-6.flac,male,56,175
7729,0,zero,english,0,7,38,lang-english_speaker-07_trial-38_digit-0.flac,male,56,175
7730,0,zero,english,0,8,39,lang-english_speaker-08_trial-39_digit-0.flac,male,21,182
7731,11,eins,german,1,11,56,lang-german_speaker-11_trial-56_digit-1.flac,female,31,163
7732,15,fuenf,german,5,7,29,lang-german_speaker-07_trial-29_digit-5.flac,male,56,175
7733,7,seven,english,7,11,37,lang-english_speaker-11_trial-37_digit-7.flac,female,31,163
7734,3,three,english,3,0,48,lang-english_speaker-00_trial-48_digit-3.flac,male,24,180
7735,11,eins,german,1,1,48,lang-german_speaker-01_trial-48_digit-1.flac,male,22,195
7736,3,three,english,3,7,38,lang-english_speaker-07_trial-38_digit-3.flac,male,56,175
7737,18,acht,german,8,8,37,lang-german_speaker-08_trial-37_digit-8.flac,male,21,182
7738,18,acht,german,8,1,48,lang-german_speaker-01_trial-48_digit-8.flac,male,22,195
7739,16,sechs,german,6,7,29,lang-german_speaker-07_trial-29_digit-6.flac,male,56,175
7740,8,eight,english,8,2,45,lang-english_speaker-02_trial-45_digit-8.flac,female,23,158
7741,4,four,english,4,11,37,lang-english_speaker-11_trial-37_digit-4.flac,female,31,163
7742,19,neun,german,9,8,37,lang-german_speaker-08_trial-37_digit-9.flac,male,21,182
7743,5,five,english,5,11,37,lang-english_speaker-11_trial-37_digit-5.flac,female,31,163
7744,1,one,english,1,10,40,lang-english_speaker-10_trial-40_digit-1.flac,female,25,160
7745,9,nine,english,9,9,46,lang-english_speaker-09_trial-46_digit-9.flac,male,32,183
7746,8,eight,english,8,8,39,lang-english_speaker-08_trial-39_digit-8.flac,male,21,182
7747,2,two,english,2,11,37,lang-english_speaker-11_trial-37_digit-2.flac,female,31,163
7748,4,four,english,4,1,46,lang-english_speaker-01_trial-46_digit-4.flac,male,22,195
7749,7,seven,english,7,7,38,lang-english_speaker-07_trial-38_digit-7.flac,male,56,175
7750,10,null,german,0,1,49,lang-german_speaker-01_trial-49_digit-0.flac,male,22,195
7751,3,three,english,3,8,39,lang-english_speaker-08_trial-39_digit-3.flac,male,21,182
7752,14,vier,german,4,10,39,lang-german_speaker-10_trial-39_digit-4.flac,female,25,160
7753,16,sechs,german,6,7,29,lang-german_speaker-07_trial-29_digit-6.flac,male,56,175
7754,9,nine,english,9,10,40,lang-english_speaker-10_trial-40_digit-9.flac,female,25,160
7755,6,six,english,6,2,45,lang-english_speaker-02_trial-45_digit-6.flac,female,23,158
7756,0,zero,english,0,10,41,lang-english_speaker-10_trial-41_digit-0.flac,female,25,160
7757,11,eins,german,1,9,38,lang-german_speaker-09_trial-38_digit-1.flac,male,32,183
7758,19,neun,german,9,11,56,lang-german_speaker-11_trial-56_digit-9.flac,female,31,163
7759,17,sieben,german,7,3,47,lang-german_speaker-03_trial-47_digit-7.flac,female,23,174
7760,7,seven,english,7,0,48,lang-english_speaker-00_trial-48_digit-7.flac,male,24,180
7761,16,sechs,german,6,1,49,lang-german_speaker-01_trial-49_digit-6.flac,male,22,195
7762,13,drei,german,3,0,39,lang-german_speaker-00_trial-39_digit-3.flac,male,24,180
7763,14,vier,german,4,0,39,lang-german_speaker-00_trial-39_digit-4.flac,male,24,180
7764,18,acht,german,8,3,47,lang-german_speaker-03_trial-47_digit-8.flac,female,23,174
7765,8,eight,english,8,7,38,lang-english_speaker-07_trial-38_digit-8.flac,male,56,175
7766,9,nine,english,9,7,38,lang-english_speaker-07_trial-38_digit-9.flac,male,56,175
7767,1,one,english,1,8,39,lang-english_speaker-08_trial-39_digit-1.flac,male,21,182
7768,14,vier,german,4,10,39,lang-german_speaker-10_trial-39_digit-4.flac,female,25,160
7769,0,zero,english,0,3,23,lang-english_speaker-03_trial-23_digit-0.flac,female,23,174
7770,8,eight,english,8,10,41,lang-english_speaker-10_trial-41_digit-8.flac,female,25,160
7771,11,eins,german,1,11,57,lang-german_speaker-11_trial-57_digit-1.flac,female,31,163
7772,7,seven,english,7,7,38,lang-english_speaker-07_trial-38_digit-7.flac,male,56,175
7773,4,four,english,4,3,23,lang-english_speaker-03_trial-23_digit-4.flac,female,23,174
7774,13,drei,german,3,8,37,lang-german_speaker-08_trial-37_digit-3.flac,male,21,182
7775,8,eight,english,8,1,46,lang-english_speaker-01_trial-46_digit-8.flac,male,22,195
7776,15,fuenf,german,5,8,37,lang-german_speaker-08_trial-37_digit-5.flac,male,21,182
7777,15,fuenf,german,5,0,39,lang-german_speaker-00_trial-39_digit-5.flac,male,24,180
7778,15,fuenf,german,5,1,49,lang-german_speaker-01_trial-49_digit-5.flac,male,22,195
7779,18,acht,german,8,6,17,lang-german_speaker-06_trial-17_digit-8.flac,female,35,163
7780,15,fuenf,german,5,8,37,lang-german_speaker-08_trial-37_digit-5.flac,male,21,182
7781,4,four,english,4,0,48,lang-english_speaker-00_trial-48_digit-4.flac,male,24,180
7782,7,seven,english,7,8,39,lang-english_speaker-08_trial-39_digit-7.flac,male,21,182
7783,18,acht,german,8,1,49,lang-german_speaker-01_trial-49_digit-8.flac,male,22,195
7784,5,five,english,5,11,37,lang-english_speaker-11_trial-37_digit-5.flac,female,31,163
7785,15,fuenf,german,5,0,39,lang-german_speaker-00_trial-39_digit-5.flac,male,24,180
7786,6,six,english,6,7,38,lang-english_speaker-07_trial-38_digit-6.flac,male,56,175
7787,6,six,english,6,7,38,lang-english_speaker-07_trial-38_digit-6.flac,male,56,175
7788,1,one,english,1,1,47,lang-english_speaker-01_trial-47_digit-1.flac,male,22,195
7789,2,two,english,2,10,41,lang-english_speaker-10_trial-41_digit-2.flac,female,25,160
7790,12,zwei,german,2,1,49,lang-german_speaker-01_trial-49_digit-2.flac,male,22,195
7791,2,two,english,2,7,38,lang-english_speaker-07_trial-38_digit-2.flac,male,56,175
7792,11,eins,german,1,6,17,lang-german_speaker-06_trial-17_digit-1.flac,female,35,163
7793,6,six,english,6,1,47,lang-english_speaker-01_trial-47_digit-6.flac,male,22,195
7794,9,nine,english,9,2,45,lang-english_speaker-02_trial-45_digit-9.flac,female,23,158
7795,4,four,english,4,1,47,lang-english_speaker-01_trial-47_digit-4.flac,male,22,195
7796,14,vier,german,4,8,37,lang-german_speaker-08_trial-37_digit-4.flac,male,21,182
7797,16,sechs,german,6,8,37,lang-german_speaker-08_trial-37_digit-6.flac,male,21,182
7798,19,neun,german,9,3,47,lang-german_speaker-03_trial-47_digit-9.flac,female,23,174
7799,15,fuenf,german,5,3,47,lang-german_speaker-03_trial-47_digit-5.flac,female,23,174
7800,3,three,english,3,11,37,lang-english_speaker-11_trial-37_digit-3.flac,female,31,163
7801,9,nine,english,9,11,37,lang-english_speaker-11_trial-37_digit-9.flac,female,31,163
7802,7,seven,english,7,0,48,lang-english_speaker-00_trial-48_digit-7.flac,male,24,180
7803,4,four,english,4,2,45,lang-english_speaker-02_trial-45_digit-4.flac,female,23,158
7804,1,one,english,1,9,47,lang-english_speaker-09_trial-47_digit-1.flac,male,32,183
7805,16,sechs,german,6,3,47,lang-german_speaker-03_trial-47_digit-6.flac,female,23,174
7806,2,two,english,2,0,48,lang-english_speaker-00_trial-48_digit-2.flac,male,24,180
7807,13,drei,german,3,10,39,lang-german_speaker-10_trial-39_digit-3.flac,female,25,160
7808,1,one,english,1,1,47,lang-english_speaker-01_trial-47_digit-1.flac,male,22,195
7809,15,fuenf,german,5,9,38,lang-german_speaker-09_trial-38_digit-5.flac,male,32,183
7810,16,sechs,german,6,7,29,lang-german_speaker-07_trial-29_digit-6.flac,male,56,175
7811,4,four,english,4,9,47,lang-english_speaker-09_trial-47_digit-4.flac,male,32,183
7812,10,null,german,0,2,53,lang-german_speaker-02_trial-53_digit-0.flac,female,23,158
7813,5,five,english,5,6,29,lang-english_speaker-06_trial-29_digit-5.flac,female,35,163
7814,13,drei,german,3,11,57,lang-german_speaker-11_trial-57_digit-3.flac,female,31,163
7815,3,three,english,3,2,45,lang-english_speaker-02_trial-45_digit-3.flac,female,23,158
7816,7,seven,english,7,1,47,lang-english_speaker-01_trial-47_digit-7.flac,male,22,195
7817,2,two,english,2,1,47,lang-english_speaker-01_trial-47_digit-2.flac,male,22,195
7818,5,five,english,5,1,47,lang-english_speaker-01_trial-47_digit-5.flac,male,22,195
7819,4,four,english,4,9,47,lang-english_speaker-09_trial-47_digit-4.flac,male,32,183
7820,5,five,english,5,7,38,lang-english_speaker-07_trial-38_digit-5.flac,male,56,175
7821,6,six,english,6,6,29,lang-english_speaker-06_trial-29_digit-6.flac,female,35,163
7822,10,null,german,0,0,40,lang-german_speaker-00_trial-40_digit-0.flac,male,24,180
7823,17,sieben,german,7,11,57,lang-german_speaker-11_trial-57_digit-7.flac,female,31,163
7824,18,acht,german,8,11,57,lang-german_speaker-11_trial-57_digit-8.flac,female,31,163
7825,2,two,english,2,6,29,lang-english_speaker-06_trial-29_digit-2.flac,female,35,163
7826,4,four,english,4,7,38,lang-english_speaker-07_trial-38_digit-4.flac,male,56,175
7827,8,eight,english,8,7,38,lang-english_speaker-07_trial-38_digit-8.flac,male,56,175
7828,12,zwei,german,2,11,57,lang-german_speaker-11_trial-57_digit-2.flac,female,31,163
7829,11,eins,german,1,9,38,lang-german_speaker-09_trial-38_digit-1.flac,male,32,183
7830,1,one,english,1,9,47,lang-english_speaker-09_trial-47_digit-1.flac,male,32,183
7831,0,zero,english,0,2,46,lang-english_speaker-02_trial-46_digit-0.flac,female,23,158
7832,7,seven,english,7,10,41,lang-english_speaker-10_trial-41_digit-7.flac,female,25,160
7833,14,vier,german,4,9,38,lang-german_speaker-09_trial-38_digit-4.flac,male,32,183
7834,16,sechs,german,6,10,39,lang-german_speaker-10_trial-39_digit-6.flac,female,25,160
7835,13,drei,german,3,8,37,lang-german_speaker-08_trial-37_digit-3.flac,male,21,182
7836,14,vier,german,4,0,40,lang-german_speaker-00_trial-40_digit-4.flac,male,24,180
7837,8,eight,english,8,8,39,lang-english_speaker-08_trial-39_digit-8.flac,male,21,182
7838,19,neun,german,9,11,57,lang-german_speaker-11_trial-57_digit-9.flac,female,31,163
7839,14,vier,german,4,9,38,lang-german_speaker-09_trial-38_digit-4.flac,male,32,183
7840,18,acht,german,8,9,38,lang-german_speaker-09_trial-38_digit-8.flac,male,32,183
7841,19,neun,german,9,7,29,lang-german_speaker-07_trial-29_digit-9.flac,male,56,175
7842,12,zwei,german,2,9,38,lang-german_speaker-09_trial-38_digit-2.flac,male,32,183
7843,15,fuenf,german,5,9,38,lang-german_speaker-09_trial-38_digit-5.flac,male,32,183
7844,18,acht,german,8,8,37,lang-german_speaker-08_trial-37_digit-8.flac,male,21,182
7845,19,neun,german,9,6,17,lang-german_speaker-06_trial-17_digit-9.flac,female,35,163
7846,1,one,english,1,0,48,lang-english_speaker-00_trial-48_digit-1.flac,male,24,180
7847,19,neun,german,9,3,47,lang-german_speaker-03_trial-47_digit-9.flac,female,23,174
7848,8,eight,english,8,1,47,lang-english_speaker-01_trial-47_digit-8.flac,male,22,195
7849,19,neun,german,9,10,39,lang-german_speaker-10_trial-39_digit-9.flac,female,25,160
7850,8,eight,english,8,8,39,lang-english_speaker-08_trial-39_digit-8.flac,male,21,182
7851,12,zwei,german,2,10,39,lang-german_speaker-10_trial-39_digit-2.flac,female,25,160
7852,1,one,english,1,6,29,lang-english_speaker-06_trial-29_digit-1.flac,female,35,163
7853,1,one,english,1,7,39,lang-english_speaker-07_trial-39_digit-1.flac,male,56,175
7854,9,nine,english,9,7,39,lang-english_speaker-07_trial-39_digit-9.flac,male,56,175
7855,2,two,english,2,0,48,lang-english_speaker-00_trial-48_digit-2.flac,male,24,180
7856,14,vier,german,4,2,53,lang-german_speaker-02_trial-53_digit-4.flac,female,23,158
7857,10,null,german,0,9,39,lang-german_speaker-09_trial-39_digit-0.flac,male,32,183
7858,1,one,english,1,0,48,lang-english_speaker-00_trial-48_digit-1.flac,male,24,180
7859,16,sechs,german,6,0,40,lang-german_speaker-00_trial-40_digit-6.flac,male,24,180
7860,10,null,german,0,7,30,lang-german_speaker-07_trial-30_digit-0.flac,male,56,175
7861,18,acht,german,8,11,57,lang-german_speaker-11_trial-57_digit-8.flac,female,31,163
7862,14,vier,german,4,1,49,lang-german_speaker-01_trial-49_digit-4.flac,male,22,195
7863,4,four,english,4,7,39,lang-english_speaker-07_trial-39_digit-4.flac,male,56,175
7864,4,four,english,4,2,46,lang-english_speaker-02_trial-46_digit-4.flac,female,23,158
7865,19,neun,german,9,2,53,lang-german_speaker-02_trial-53_digit-9.flac,female,23,158
7866,6,six,english,6,0,48,lang-english_speaker-00_trial-48_digit-6.flac,male,24,180
7867,6,six,english,6,2,46,lang-english_speaker-02_trial-46_digit-6.flac,female,23,158
7868,8,eight,english,8,7,39,lang-english_speaker-07_trial-39_digit-8.flac,male,56,175
7869,6,six,english,6,2,46,lang-english_speaker-02_trial-46_digit-6.flac,female,23,158
7870,6,six,english,6,8,39,lang-english_speaker-08_trial-39_digit-6.flac,male,21,182
7871,13,drei,german,3,0,40,lang-german_speaker-00_trial-40_digit-3.flac,male,24,180
7872,14,vier,german,4,7,30,lang-german_speaker-07_trial-30_digit-4.flac,male,56,175
7873,18,acht,german,8,0,40,lang-german_speaker-00_trial-40_digit-8.flac,male,24,180
7874,8,eight,english,8,11,37,lang-english_speaker-11_trial-37_digit-8.flac,female,31,163
7875,6,six,english,6,10,41,lang-english_speaker-10_trial-41_digit-6.flac,female,25,160
7876,0,zero,english,0,3,23,lang-english_speaker-03_trial-23_digit-0.flac,female,23,174
7877,6,six,english,6,0,48,lang-english_speaker-00_trial-48_digit-6.flac,male,24,180
7878,16,sechs,german,6,3,47,lang-german_speaker-03_trial-47_digit-6.flac,female,23,174
7879,8,eight,english,8,2,46,lang-english_speaker-02_trial-46_digit-8.flac,female,23,158
7880,10,null,german,0,1,50,lang-german_speaker-01_trial-50_digit-0.flac,male,22,195
7881,19,neun,german,9,6,17,lang-german_speaker-06_trial-17_digit-9.flac,female,35,163
7882,13,drei,german,3,2,53,lang-german_speaker-02_trial-53_digit-3.flac,female,23,158
7883,13,drei,german,3,3,47,lang-german_speaker-03_trial-47_digit-3.flac,female,23,174
7884,4,four,english,4,10,41,lang-english_speaker-10_trial-41_digit-4.flac,female,25,160
7885,0,zero,english,0,0,49,lang-english_speaker-00_trial-49_digit-0.flac,male,24,180
7886,11,eins,german,1,3,48,lang-german_speaker-03_trial-48_digit-1.flac,female,23,174
7887,13,drei,german,3,11,57,lang-german_speaker-11_trial-57_digit-3.flac,female,31,163
7888,6,six,english,6,9,47,lang-english_speaker-09_trial-47_digit-6.flac,male,32,183
7889,3,three,english,3,11,37,lang-english_speaker-11_trial-37_digit-3.flac,female,31,163
7890,9,nine,english,9,10,41,lang-english_speaker-10_trial-41_digit-9.flac,female,25,160
7891,1,one,english,1,9,47,lang-english_speaker-09_trial-47_digit-1.flac,male,32,183
7892,4,four,english,4,6,29,lang-english_speaker-06_trial-29_digit-4.flac,female,35,163
7893,5,five,english,5,7,39,lang-english_speaker-07_trial-39_digit-5.flac,male,56,175
7894,1,one,english,1,2,46,lang-english_speaker-02_trial-46_digit-1.flac,female,23,158
7895,2,two,english,2,2,46,lang-english_speaker-02_trial-46_digit-2.flac,female,23,158
7896,8,eight,english,8,8,39,lang-english_speaker-08_trial-39_digit-8.flac,male,21,182
7897,18,acht,german,8,0,40,lang-german_speaker-00_trial-40_digit-8.flac,male,24,180
7898,14,vier,german,4,2,53,lang-german_speaker-02_trial-53_digit-4.flac,female,23,158
7899,17,sieben,german,7,1,50,lang-german_speaker-01_trial-50_digit-7.flac,male,22,195
7900,17,sieben,german,7,8,37,lang-german_speaker-08_trial-37_digit-7.flac,male,21,182
7901,19,neun,german,9,9,39,lang-german_speaker-09_trial-39_digit-9.flac,male,32,183
7902,10,null,german,0,7,30,lang-german_speaker-07_trial-30_digit-0.flac,male,56,175
7903,4,four,english,4,1,47,lang-english_speaker-01_trial-47_digit-4.flac,male,22,195
7904,4,four,english,4,3,23,lang-english_speaker-03_trial-23_digit-4.flac,female,23,174
7905,7,seven,english,7,10,41,lang-english_speaker-10_trial-41_digit-7.flac,female,25,160
7906,1,one,english,1,2,46,lang-english_speaker-02_trial-46_digit-1.flac,female,23,158
7907,13,drei,german,3,1,50,lang-german_speaker-01_trial-50_digit-3.flac,male,22,195
7908,14,vier,german,4,11,57,lang-german_speaker-11_trial-57_digit-4.flac,female,31,163
7909,11,eins,german,1,11,58,lang-german_speaker-11_trial-58_digit-1.flac,female,31,163
7910,6,six,english,6,10,41,lang-english_speaker-10_trial-41_digit-6.flac,female,25,160
7911,5,five,english,5,0,49,lang-english_speaker-00_trial-49_digit-5.flac,male,24,180
7912,4,four,english,4,1,47,lang-english_speaker-01_trial-47_digit-4.flac,male,22,195
7913,12,zwei,german,2,11,58,lang-german_speaker-11_trial-58_digit-2.flac,female,31,163
7914,3,three,english,3,2,46,lang-english_speaker-02_trial-46_digit-3.flac,female,23,158
7915,5,five,english,5,2,46,lang-english_speaker-02_trial-46_digit-5.flac,female,23,158
7916,19,neun,german,9,1,50,lang-german_speaker-01_trial-50_digit-9.flac,male,22,195
7917,15,fuenf,german,5,1,50,lang-german_speaker-01_trial-50_digit-5.flac,male,22,195
7918,4,four,english,4,1,47,lang-english_speaker-01_trial-47_digit-4.flac,male,22,195
7919,9,nine,english,9,9,47,lang-english_speaker-09_trial-47_digit-9.flac,male,32,183
7920,15,fuenf,german,5,11,58,lang-german_speaker-11_trial-58_digit-5.flac,female,31,163
7921,14,vier,german,4,2,53,lang-german_speaker-02_trial-53_digit-4.flac,female,23,158
7922,8,eight,english,8,2,46,lang-english_speaker-02_trial-46_digit-8.flac,female,23,158
7923,11,eins,german,1,7,30,lang-german_speaker-07_trial-30_digit-1.flac,male,56,175
7924,13,drei,german,3,11,58,lang-german_speaker-11_trial-58_digit-3.flac,female,31,163
7925,8,eight,english,8,0,49,lang-english_speaker-00_trial-49_digit-8.flac,male,24,180
7926,6,six,english,6,1,47,lang-english_speaker-01_trial-47_digit-6.flac,male,22,195
7927,19,neun,german,9,11,58,lang-german_speaker-11_trial-58_digit-9.flac,female,31,163
7928,10,null,german,0,2,54,lang-german_speaker-02_trial-54_digit-0.flac,female,23,158
7929,8,eight,english,8,0,49,lang-english_speaker-00_trial-49_digit-8.flac,male,24,180
7930,2,two,english,2,0,49,lang-english_speaker-00_trial-49_digit-2.flac,male,24,180
7931,10,null,german,0,11,59,lang-german_speaker-11_trial-59_digit-0.flac,female,31,163
7932,8,eight,english,8,7,39,lang-english_speaker-07_trial-39_digit-8.flac,male,56,175
7933,18,acht,german,8,3,48,lang-german_speaker-03_trial-48_digit-8.flac,female,23,174
7934,17,sieben,german,7,0,40,lang-german_speaker-00_trial-40_digit-7.flac,male,24,180
7935,5,five,english,5,6,29,lang-english_speaker-06_trial-29_digit-5.flac,female,35,163
7936,7,seven,english,7,2,46,lang-english_speaker-02_trial-46_digit-7.flac,female,23,158
7937,0,zero,english,0,2,47,lang-english_speaker-02_trial-47_digit-0.flac,female,23,158
7938,9,nine,english,9,3,23,lang-english_speaker-03_trial-23_digit-9.flac,female,23,174
7939,11,eins,german,1,1,51,lang-german_speaker-01_trial-51_digit-1.flac,male,22,195
7940,2,two,english,2,10,41,lang-english_speaker-10_trial-41_digit-2.flac,female,25,160
7941,0,zero,english,0,7,40,lang-english_speaker-07_trial-40_digit-0.flac,male,56,175
7942,18,acht,german,8,11,59,lang-german_speaker-11_trial-59_digit-8.flac,female,31,163
7943,19,neun,german,9,0,40,lang-german_speaker-00_trial-40_digit-9.flac,male,24,180
7944,12,zwei,german,2,2,54,lang-german_speaker-02_trial-54_digit-2.flac,female,23,158
7945,2,two,english,2,7,40,lang-english_speaker-07_trial-40_digit-2.flac,male,56,175
7946,11,eins,german,1,7,30,lang-german_speaker-07_trial-30_digit-1.flac,male,56,175
7947,10,null,german,0,2,54,lang-german_speaker-02_trial-54_digit-0.flac,female,23,158
7948,16,sechs,german,6,7,30,lang-german_speaker-07_trial-30_digit-6.flac,male,56,175
7949,12,zwei,german,2,1,51,lang-german_speaker-01_trial-51_digit-2.flac,male,22,195
7950,14,vier,german,4,2,54,lang-german_speaker-02_trial-54_digit-4.flac,female,23,158
7951,6,six,english,6,2,47,lang-english_speaker-02_trial-47_digit-6.flac,female,23,158
7952,11,eins,german,1,10,40,lang-german_speaker-10_trial-40_digit-1.flac,female,25,160
7953,13,drei,german,3,7,30,lang-german_speaker-07_trial-30_digit-3.flac,male,56,175
7954,16,sechs,german,6,0,40,lang-german_speaker-00_trial-40_digit-6.flac,male,24,180
7955,11,eins,german,1,8,38,lang-german_speaker-08_trial-38_digit-1.flac,male,21,182
7956,11,eins,german,1,0,41,lang-german_speaker-00_trial-41_digit-1.flac,male,24,180
7957,18,acht,german,8,6,17,lang-german_speaker-06_trial-17_digit-8.flac,female,35,163
7958,13,drei,german,3,3,48,lang-german_speaker-03_trial-48_digit-3.flac,female,23,174
7959,2,two,english,2,2,47,lang-english_speaker-02_trial-47_digit-2.flac,female,23,158
7960,1,one,english,1,9,48,lang-english_speaker-09_trial-48_digit-1.flac,male,32,183
7961,15,fuenf,german,5,7,30,lang-german_speaker-07_trial-30_digit-5.flac,male,56,175
7962,13,drei,german,3,11,59,lang-german_speaker-11_trial-59_digit-3.flac,female,31,163
7963,8,eight,english,8,2,47,lang-english_speaker-02_trial-47_digit-8.flac,female,23,158
7964,1,one,english,1,1,47,lang-english_speaker-01_trial-47_digit-1.flac,male,22,195
7965,7,seven,english,7,11,37,lang-english_speaker-11_trial-37_digit-7.flac,female,31,163
7966,17,sieben,german,7,1,51,lang-german_speaker-01_trial-51_digit-7.flac,male,22,195
7967,2,two,english,2,1,47,lang-english_speaker-01_trial-47_digit-2.flac,male,22,195
7968,18,acht,german,8,8,38,lang-german_speaker-08_trial-38_digit-8.flac,male,21,182
7969,16,sechs,german,6,10,40,lang-german_speaker-10_trial-40_digit-6.flac,female,25,160
7970,3,three,english,3,7,40,lang-english_speaker-07_trial-40_digit-3.flac,male,56,175
7971,15,fuenf,german,5,2,54,lang-german_speaker-02_trial-54_digit-5.flac,female,23,158
7972,4,four,english,4,0,49,lang-english_speaker-00_trial-49_digit-4.flac,male,24,180
7973,15,fuenf,german,5,11,59,lang-german_speaker-11_trial-59_digit-5.flac,female,31,163
7974,13,drei,german,3,7,30,lang-german_speaker-07_trial-30_digit-3.flac,male,56,175
7975,18,acht,german,8,7,30,lang-german_speaker-07_trial-30_digit-8.flac,male,56,175
7976,17,sieben,german,7,11,59,lang-german_speaker-11_trial-59_digit-7.flac,female,31,163
7977,5,five,english,5,3,23,lang-english_speaker-03_trial-23_digit-5.flac,female,23,174
7978,6,six,english,6,2,47,lang-english_speaker-02_trial-47_digit-6.flac,female,23,158
7979,10,null,german,0,7,31,lang-german_speaker-07_trial-31_digit-0.flac,male,56,175
7980,7,seven,english,7,9,48,lang-english_speaker-09_trial-48_digit-7.flac,male,32,183
7981,8,eight,english,8,10,41,lang-english_speaker-10_trial-41_digit-8.flac,female,25,160
7982,3,three,english,3,7,40,lang-english_speaker-07_trial-40_digit-3.flac,male,56,175
7983,5,five,english,5,1,47,lang-english_speaker-01_trial-47_digit-5.flac,male,22,195
7984,7,seven,english,7,11,37,lang-english_speaker-11_trial-37_digit-7.flac,female,31,163
7985,8,eight,english,8,10,41,lang-english_speaker-10_trial-41_digit-8.flac,female,25,160
7986,8,eight,english,8,2,47,lang-english_speaker-02_trial-47_digit-8.flac,female,23,158
7987,10,null,german,0,8,39,lang-german_speaker-08_trial-39_digit-0.flac,male,21,182
7988,16,sechs,german,6,6,17,lang-german_speaker-06_trial-17_digit-6.flac,female,35,163
7989,0,zero,english,0,8,40,lang-english_speaker-08_trial-40_digit-0.flac,male,21,182
7990,11,eins,german,1,1,51,lang-german_speaker-01_trial-51_digit-1.flac,male,22,195
7991,6,six,english,6,10,41,lang-english_speaker-10_trial-41_digit-6.flac,female,25,160
7992,16,sechs,german,6,2,54,lang-german_speaker-02_trial-54_digit-6.flac,female,23,158
7993,17,sieben,german,7,2,54,lang-german_speaker-02_trial-54_digit-7.flac,female,23,158
7994,7,seven,english,7,7,40,lang-english_speaker-07_trial-40_digit-7.flac,male,56,175
7995,17,sieben,german,7,3,48,lang-german_speaker-03_trial-48_digit-7.flac,female,23,174
7996,1,one,english,1,11,38,lang-english_speaker-11_trial-38_digit-1.flac,female,31,163
7997,4,four,english,4,7,40,lang-english_speaker-07_trial-40_digit-4.flac,male,56,175
7998,16,sechs,german,6,2,54,lang-german_speaker-02_trial-54_digit-6.flac,female,23,158
7999,5,five,english,5,10,41,lang-english_speaker-10_trial-41_digit-5.flac,female,25,160
8000,7,seven,english,7,6,29,lang-english_speaker-06_trial-29_digit-7.flac,female,35,163
8001,1,one,english,1,3,24,lang-english_speaker-03_trial-24_digit-1.flac,female,23,174
8002,18,acht,german,8,10,40,lang-german_speaker-10_trial-40_digit-8.flac,female,25,160
8003,0,zero,english,0,10,42,lang-english_speaker-10_trial-42_digit-0.flac,female,25,160
8004,19,neun,german,9,9,39,lang-german_speaker-09_trial-39_digit-9.flac,male,32,183
8005,18,acht,german,8,9,39,lang-german_speaker-09_trial-39_digit-8.flac,male,32,183
8006,19,neun,german,9,9,39,lang-german_speaker-09_trial-39_digit-9.flac,male,32,183
8007,0,zero,english,0,9,49,lang-english_speaker-09_trial-49_digit-0.flac,male,32,183
8008,0,zero,english,0,11,38,lang-english_speaker-11_trial-38_digit-0.flac,female,31,163
8009,18,acht,german,8,7,31,lang-german_speaker-07_trial-31_digit-8.flac,male,56,175
8010,5,five,english,5,8,40,lang-english_speaker-08_trial-40_digit-5.flac,male,21,182
8011,1,one,english,1,2,47,lang-english_speaker-02_trial-47_digit-1.flac,female,23,158
8012,6,six,english,6,8,40,lang-english_speaker-08_trial-40_digit-6.flac,male,21,182
8013,9,nine,english,9,2,47,lang-english_speaker-02_trial-47_digit-9.flac,female,23,158
8014,8,eight,english,8,0,49,lang-english_speaker-00_trial-49_digit-8.flac,male,24,180
8015,10,null,german,0,8,39,lang-german_speaker-08_trial-39_digit-0.flac,male,21,182
8016,4,four,english,4,8,40,lang-english_speaker-08_trial-40_digit-4.flac,male,21,182
8017,8,eight,english,8,10,42,lang-english_speaker-10_trial-42_digit-8.flac,female,25,160
8018,7,seven,english,7,11,38,lang-english_speaker-11_trial-38_digit-7.flac,female,31,163
8019,0,zero,english,0,9,49,lang-english_speaker-09_trial-49_digit-0.flac,male,32,183
8020,7,seven,english,7,1,47,lang-english_speaker-01_trial-47_digit-7.flac,male,22,195
8021,18,acht,german,8,8,39,lang-german_speaker-08_trial-39_digit-8.flac,male,21,182
8022,6,six,english,6,1,47,lang-english_speaker-01_trial-47_digit-6.flac,male,22,195
8023,13,drei,german,3,9,39,lang-german_speaker-09_trial-39_digit-3.flac,male,32,183
8024,9,nine,english,9,8,40,lang-english_speaker-08_trial-40_digit-9.flac,male,21,182
8025,9,nine,english,9,10,42,lang-english_speaker-10_trial-42_digit-9.flac,female,25,160
8026,11,eins,german,1,1,51,lang-german_speaker-01_trial-51_digit-1.flac,male,22,195
8027,16,sechs,german,6,1,51,lang-german_speaker-01_trial-51_digit-6.flac,male,22,195
8028,14,vier,german,4,0,41,lang-german_speaker-00_trial-41_digit-4.flac,male,24,180
8029,2,two,english,2,6,29,lang-english_speaker-06_trial-29_digit-2.flac,female,35,163
8030,11,eins,german,1,8,39,lang-german_speaker-08_trial-39_digit-1.flac,male,21,182
8031,6,six,english,6,2,47,lang-english_speaker-02_trial-47_digit-6.flac,female,23,158
8032,10,null,german,0,3,49,lang-german_speaker-03_trial-49_digit-0.flac,female,23,174
8033,9,nine,english,9,3,24,lang-english_speaker-03_trial-24_digit-9.flac,female,23,174
8034,7,seven,english,7,2,47,lang-english_speaker-02_trial-47_digit-7.flac,female,23,158
8035,8,eight,english,8,6,29,lang-english_speaker-06_trial-29_digit-8.flac,female,35,163
8036,18,acht,german,8,1,51,lang-german_speaker-01_trial-51_digit-8.flac,male,22,195
8037,12,zwei,german,2,10,40,lang-german_speaker-10_trial-40_digit-2.flac,female,25,160
8038,1,one,english,1,2,48,lang-english_speaker-02_trial-48_digit-1.flac,female,23,158
8039,6,six,english,6,1,47,lang-english_speaker-01_trial-47_digit-6.flac,male,22,195
8040,11,eins,german,1,11,59,lang-german_speaker-11_trial-59_digit-1.flac,female,31,163
8041,2,two,english,2,9,49,lang-english_speaker-09_trial-49_digit-2.flac,male,32,183
8042,14,vier,german,4,11,59,lang-german_speaker-11_trial-59_digit-4.flac,female,31,163
8043,11,eins,german,1,8,39,lang-german_speaker-08_trial-39_digit-1.flac,male,21,182
8044,11,eins,german,1,2,54,lang-german_speaker-02_trial-54_digit-1.flac,female,23,158
8045,3,three,english,3,0,49,lang-english_speaker-00_trial-49_digit-3.flac,male,24,180
8046,17,sieben,german,7,1,51,lang-german_speaker-01_trial-51_digit-7.flac,male,22,195
8047,11,eins,german,1,0,41,lang-german_speaker-00_trial-41_digit-1.flac,male,24,180
8048,10,null,german,0,3,49,lang-german_speaker-03_trial-49_digit-0.flac,female,23,174
8049,18,acht,german,8,0,41,lang-german_speaker-00_trial-41_digit-8.flac,male,24,180
8050,15,fuenf,german,5,2,54,lang-german_speaker-02_trial-54_digit-5.flac,female,23,158
8051,11,eins,german,1,3,49,lang-german_speaker-03_trial-49_digit-1.flac,female,23,174
8052,14,vier,german,4,2,54,lang-german_speaker-02_trial-54_digit-4.flac,female,23,158
8053,18,acht,german,8,6,17,lang-german_speaker-06_trial-17_digit-8.flac,female,35,163
8054,13,drei,german,3,1,51,lang-german_speaker-01_trial-51_digit-3.flac,male,22,195
8055,6,six,english,6,0,49,lang-english_speaker-00_trial-49_digit-6.flac,male,24,180
8056,2,two,english,2,8,40,lang-english_speaker-08_trial-40_digit-2.flac,male,21,182
8057,12,zwei,german,2,1,51,lang-german_speaker-01_trial-51_digit-2.flac,male,22,195
8058,0,zero,english,0,1,48,lang-english_speaker-01_trial-48_digit-0.flac,male,22,195
8059,14,vier,german,4,11,59,lang-german_speaker-11_trial-59_digit-4.flac,female,31,163
8060,13,drei,german,3,10,40,lang-german_speaker-10_trial-40_digit-3.flac,female,25,160
8061,14,vier,german,4,1,51,lang-german_speaker-01_trial-51_digit-4.flac,male,22,195
8062,6,six,english,6,10,42,lang-english_speaker-10_trial-42_digit-6.flac,female,25,160
8063,7,seven,english,7,0,49,lang-english_speaker-00_trial-49_digit-7.flac,male,24,180
8064,10,null,german,0,1,52,lang-german_speaker-01_trial-52_digit-0.flac,male,22,195
8065,19,neun,german,9,0,41,lang-german_speaker-00_trial-41_digit-9.flac,male,24,180
8066,0,zero,english,0,2,48,lang-english_speaker-02_trial-48_digit-0.flac,female,23,158
8067,6,six,english,6,0,49,lang-english_speaker-00_trial-49_digit-6.flac,male,24,180
8068,14,vier,german,4,8,39,lang-german_speaker-08_trial-39_digit-4.flac,male,21,182
8069,5,five,english,5,9,49,lang-english_speaker-09_trial-49_digit-5.flac,male,32,183
8070,2,two,english,2,1,48,lang-english_speaker-01_trial-48_digit-2.flac,male,22,195
8071,9,nine,english,9,9,49,lang-english_speaker-09_trial-49_digit-9.flac,male,32,183
8072,10,null,german,0,0,42,lang-german_speaker-00_trial-42_digit-0.flac,male,24,180
8073,16,sechs,german,6,0,42,lang-german_speaker-00_trial-42_digit-6.flac,male,24,180
8074,2,two,english,2,6,29,lang-english_speaker-06_trial-29_digit-2.flac,female,35,163
8075,2,two,english,2,3,24,lang-english_speaker-03_trial-24_digit-2.flac,female,23,174
8076,2,two,english,2,1,48,lang-english_speaker-01_trial-48_digit-2.flac,male,22,195
8077,8,eight,english,8,2,48,lang-english_speaker-02_trial-48_digit-8.flac,female,23,158
8078,0,zero,english,0,11,39,lang-english_speaker-11_trial-39_digit-0.flac,female,31,163
8079,17,sieben,german,7,11,59,lang-german_speaker-11_trial-59_digit-7.flac,female,31,163
8080,15,fuenf,german,5,2,54,lang-german_speaker-02_trial-54_digit-5.flac,female,23,158
8081,2,two,english,2,10,42,lang-english_speaker-10_trial-42_digit-2.flac,female,25,160
8082,9,nine,english,9,8,40,lang-english_speaker-08_trial-40_digit-9.flac,male,21,182
8083,14,vier,german,4,0,42,lang-german_speaker-00_trial-42_digit-4.flac,male,24,180
8084,13,drei,german,3,8,39,lang-german_speaker-08_trial-39_digit-3.flac,male,21,182
8085,10,null,german,0,11,60,lang-german_speaker-11_trial-60_digit-0.flac,female,31,163
8086,6,six,english,6,2,48,lang-english_speaker-02_trial-48_digit-6.flac,female,23,158
8087,19,neun,german,9,6,17,lang-german_speaker-06_trial-17_digit-9.flac,female,35,163
8088,8,eight,english,8,2,48,lang-english_speaker-02_trial-48_digit-8.flac,female,23,158
8089,1,one,english,1,7,40,lang-english_speaker-07_trial-40_digit-1.flac,male,56,175
8090,0,zero,english,0,6,30,lang-english_speaker-06_trial-30_digit-0.flac,female,35,163
8091,2,two,english,2,9,49,lang-english_speaker-09_trial-49_digit-2.flac,male,32,183
8092,1,one,english,1,3,25,lang-english_speaker-03_trial-25_digit-1.flac,female,23,174
8093,11,eins,german,1,1,52,lang-german_speaker-01_trial-52_digit-1.flac,male,22,195
8094,12,zwei,german,2,0,42,lang-german_speaker-00_trial-42_digit-2.flac,male,24,180
8095,8,eight,english,8,8,40,lang-english_speaker-08_trial-40_digit-8.flac,male,21,182
8096,11,eins,german,1,1,52,lang-german_speaker-01_trial-52_digit-1.flac,male,22,195
8097,10,null,german,0,3,49,lang-german_speaker-03_trial-49_digit-0.flac,female,23,174
8098,19,neun,german,9,3,49,lang-german_speaker-03_trial-49_digit-9.flac,female,23,174
8099,7,seven,english,7,8,40,lang-english_speaker-08_trial-40_digit-7.flac,male,21,182
8100,1,one,english,1,7,40,lang-english_speaker-07_trial-40_digit-1.flac,male,56,175
8101,0,zero,english,0,9,50,lang-english_speaker-09_trial-50_digit-0.flac,male,32,183
8102,14,vier,german,4,10,40,lang-german_speaker-10_trial-40_digit-4.flac,female,25,160
8103,4,four,english,4,2,48,lang-english_speaker-02_trial-48_digit-4.flac,female,23,158
8104,14,vier,german,4,2,54,lang-german_speaker-02_trial-54_digit-4.flac,female,23,158
8105,7,seven,english,7,8,40,lang-english_speaker-08_trial-40_digit-7.flac,male,21,182
8106,18,acht,german,8,8,39,lang-german_speaker-08_trial-39_digit-8.flac,male,21,182
8107,16,sechs,german,6,2,54,lang-german_speaker-02_trial-54_digit-6.flac,female,23,158
8108,12,zwei,german,2,3,49,lang-german_speaker-03_trial-49_digit-2.flac,female,23,174
8109,19,neun,german,9,6,17,lang-german_speaker-06_trial-17_digit-9.flac,female,35,163
8110,8,eight,english,8,9,50,lang-english_speaker-09_trial-50_digit-8.flac,male,32,183
8111,0,zero,english,0,7,41,lang-english_speaker-07_trial-41_digit-0.flac,male,56,175
8112,17,sieben,german,7,7,31,lang-german_speaker-07_trial-31_digit-7.flac,male,56,175
8113,7,seven,english,7,7,41,lang-english_speaker-07_trial-41_digit-7.flac,male,56,175
8114,13,drei,german,3,6,17,lang-german_speaker-06_trial-17_digit-3.flac,female,35,163
8115,4,four,english,4,2,48,lang-english_speaker-02_trial-48_digit-4.flac,female,23,158
8116,0,zero,english,0,9,51,lang-english_speaker-09_trial-51_digit-0.flac,male,32,183
8117,14,vier,german,4,8,39,lang-german_speaker-08_trial-39_digit-4.flac,male,21,182
8118,16,sechs,german,6,8,39,lang-german_speaker-08_trial-39_digit-6.flac,male,21,182
8119,10,null,german,0,10,41,lang-german_speaker-10_trial-41_digit-0.flac,female,25,160
8120,16,sechs,german,6,1,52,lang-german_speaker-01_trial-52_digit-6.flac,male,22,195
8121,4,four,english,4,9,51,lang-english_speaker-09_trial-51_digit-4.flac,male,32,183
8122,1,one,english,1,7,41,lang-english_speaker-07_trial-41_digit-1.flac,male,56,175
8123,6,six,english,6,2,48,lang-english_speaker-02_trial-48_digit-6.flac,female,23,158
8124,16,sechs,german,6,1,52,lang-german_speaker-01_trial-52_digit-6.flac,male,22,195
8125,14,vier,german,4,9,39,lang-german_speaker-09_trial-39_digit-4.flac,male,32,183
8126,9,nine,english,9,1,48,lang-english_speaker-01_trial-48_digit-9.flac,male,22,195
8127,2,two,english,2,3,25,lang-english_speaker-03_trial-25_digit-2.flac,female,23,174
8128,13,drei,german,3,7,31,lang-german_speaker-07_trial-31_digit-3.flac,male,56,175
8129,13,drei,german,3,3,49,lang-german_speaker-03_trial-49_digit-3.flac,female,23,174
8130,13,drei,german,3,11,60,lang-german_speaker-11_trial-60_digit-3.flac,female,31,163
8131,7,seven,english,7,0,49,lang-english_speaker-00_trial-49_digit-7.flac,male,24,180
8132,0,zero,english,0,6,30,lang-english_speaker-06_trial-30_digit-0.flac,female,35,163
8133,15,fuenf,german,5,10,41,lang-german_speaker-10_trial-41_digit-5.flac,female,25,160
8134,3,three,english,3,7,41,lang-english_speaker-07_trial-41_digit-3.flac,male,56,175
8135,7,seven,english,7,10,42,lang-english_speaker-10_trial-42_digit-7.flac,female,25,160
8136,2,two,english,2,3,25,lang-english_speaker-03_trial-25_digit-2.flac,female,23,174
8137,13,drei,german,3,2,54,lang-german_speaker-02_trial-54_digit-3.flac,female,23,158
8138,9,nine,english,9,7,41,lang-english_speaker-07_trial-41_digit-9.flac,male,56,175
8139,9,nine,english,9,0,49,lang-english_speaker-00_trial-49_digit-9.flac,male,24,180
8140,2,two,english,2,8,40,lang-english_speaker-08_trial-40_digit-2.flac,male,21,182
8141,13,drei,german,3,10,41,lang-german_speaker-10_trial-41_digit-3.flac,female,25,160
8142,17,sieben,german,7,9,39,lang-german_speaker-09_trial-39_digit-7.flac,male,32,183
8143,17,sieben,german,7,1,52,lang-german_speaker-01_trial-52_digit-7.flac,male,22,195
8144,4,four,english,4,3,25,lang-english_speaker-03_trial-25_digit-4.flac,female,23,174
8145,13,drei,german,3,11,60,lang-german_speaker-11_trial-60_digit-3.flac,female,31,163
8146,13,drei,german,3,11,60,lang-german_speaker-11_trial-60_digit-3.flac,female,31,163
8147,1,one,english,1,11,39,lang-english_speaker-11_trial-39_digit-1.flac,female,31,163
8148,4,four,english,4,9,51,lang-english_speaker-09_trial-51_digit-4.flac,male,32,183
8149,15,fuenf,german,5,1,52,lang-german_speaker-01_trial-52_digit-5.flac,male,22,195
8150,1,one,english,1,6,30,lang-english_speaker-06_trial-30_digit-1.flac,female,35,163
8151,9,nine,english,9,1,48,lang-english_speaker-01_trial-48_digit-9.flac,male,22,195
8152,7,seven,english,7,8,40,lang-english_speaker-08_trial-40_digit-7.flac,male,21,182
8153,5,five,english,5,0,49,lang-english_speaker-00_trial-49_digit-5.flac,male,24,180
8154,1,one,english,1,9,51,lang-english_speaker-09_trial-51_digit-1.flac,male,32,183
8155,1,one,english,1,6,30,lang-english_speaker-06_trial-30_digit-1.flac,female,35,163
