UMAP1,UMAP2,label,time_bin,sample_index,speaker_id,gender
-5.808657646179199,-10.375456809997559,0,0,0,9,male
-6.02287483215332,-12.654278755187988,0,1,0,9,male
-6.178339958190918,-12.926115036010742,0,2,0,9,male
-6.013225078582764,-12.561582565307617,0,3,0,9,male
-5.863613605499268,-12.059465408325195,0,4,0,9,male
-6.289573669433594,-11.026677131652832,0,5,0,9,male
-6.765972137451172,-9.362455368041992,0,6,0,9,male
-7.656879425048828,-7.622861385345459,0,7,0,9,male
-8.407842636108398,-4.476422309875488,0,8,0,9,male
10.245272636413574,10.447115898132324,0,9,0,9,male
-5.458540916442871,-10.544875144958496,0,0,1,9,male
-5.85353422164917,-12.93259334564209,0,1,1,9,male
-5.855209827423096,-12.983399391174316,0,2,1,9,male
-5.74205207824707,-12.412023544311523,0,3,1,9,male
-5.559220790863037,-11.859201431274414,0,4,1,9,male
-5.730831146240234,-10.465104103088379,0,5,1,9,male
-6.513439655303955,-9.027830123901367,0,6,1,9,male
-7.43883752822876,-7.27076530456543,0,7,1,9,male
-8.025651931762695,-4.1552300453186035,0,8,1,9,male
10.619153022766113,11.084768295288086,0,9,1,9,male
-5.6811723709106445,-10.556352615356445,0,0,2,9,male
-5.995203971862793,-12.91451358795166,0,1,2,9,male
-5.885566711425781,-12.934076309204102,0,2,2,9,male
-5.767287254333496,-12.480376243591309,0,3,2,9,male
-5.923364162445068,-11.741617202758789,0,4,2,9,male
-5.984402179718018,-9.831284523010254,0,5,2,9,male
-7.100270748138428,-7.9858245849609375,0,6,2,9,male
-8.227690696716309,-5.183372974395752,0,7,2,9,male
9.879778861999512,9.898204803466797,0,8,2,9,male
11.375792503356934,13.381625175476074,0,9,2,9,male
-13.004992485046387,-8.43645191192627,0,0,3,2,female
-14.500333786010742,-9.603774070739746,0,1,3,2,female
-15.855002403259277,-8.45582103729248,0,2,3,2,female
-15.789701461791992,-8.47739315032959,0,3,3,2,female
-14.774502754211426,-9.074419021606445,0,4,3,2,female
-13.414918899536133,-9.030029296875,0,5,3,2,female
-12.979827880859375,-8.251977920532227,0,6,3,2,female
-11.950154304504395,-7.3816237449646,0,7,3,2,female
-11.242603302001953,-5.160139083862305,0,8,3,2,female
8.81909465789795,10.179014205932617,0,9,3,2,female
-6.100706100463867,-8.712730407714844,0,0,4,7,male
-4.649651050567627,-11.546282768249512,0,1,4,7,male
-4.189646244049072,-13.233840942382812,0,2,4,7,male
-4.197781562805176,-13.29230785369873,0,3,4,7,male
-4.848589897155762,-12.209486961364746,0,4,4,7,male
-5.808473110198975,-10.444767951965332,0,5,4,7,male
-6.608090877532959,-8.838223457336426,0,6,4,7,male
-7.280820846557617,-7.221341133117676,0,7,4,7,male
-7.949713706970215,-4.166872024536133,0,8,4,7,male
10.764381408691406,10.87354850769043,0,9,4,7,male
-7.388636112213135,-7.153025150299072,0,0,5,7,male
-5.413166046142578,-9.884711265563965,0,1,5,7,male
-4.257896423339844,-12.941157341003418,0,2,5,7,male
-4.200967788696289,-13.245622634887695,0,3,5,7,male
-4.465391159057617,-12.86618709564209,0,4,5,7,male
-5.7328901290893555,-11.615812301635742,0,5,5,7,male
-7.149956703186035,-10.321279525756836,0,6,5,7,male
-7.612795829772949,-8.848052978515625,0,7,5,7,male
-11.31948471069336,-6.628198146820068,0,8,5,7,male
8.42392635345459,9.825830459594727,0,9,5,7,male
-13.620849609375,-6.845242977142334,0,0,6,2,female
-15.11166000366211,-7.587855815887451,0,1,6,2,female
-15.859208106994629,-8.436623573303223,0,2,6,2,female
-15.737385749816895,-8.480483055114746,0,3,6,2,female
-14.250154495239258,-9.423176765441895,0,4,6,2,female
-13.282320976257324,-8.793746948242188,0,5,6,2,female
-12.232056617736816,-7.702913284301758,0,6,6,2,female
-11.453408241271973,-6.529004096984863,0,7,6,2,female
8.426199913024902,9.840152740478516,0,8,6,2,female
10.2066650390625,11.931597709655762,0,9,6,2,female
-5.925897121429443,-10.432531356811523,0,0,7,1,male
-6.283775806427002,-12.627026557922363,0,1,7,1,male
-7.16689920425415,-12.116023063659668,0,2,7,1,male
-7.26462984085083,-12.041927337646484,0,3,7,1,male
-7.364130973815918,-11.13442325592041,0,4,7,1,male
-7.236941814422607,-10.146563529968262,0,5,7,1,male
-7.5995192527771,-8.500847816467285,0,6,7,1,male
-9.015186309814453,-5.96364164352417,0,7,7,1,male
8.655251502990723,9.94805908203125,0,8,7,1,male
10.586682319641113,12.26402473449707,0,9,7,1,male
-12.322303771972656,-9.832785606384277,0,0,8,11,female
-11.902071952819824,-12.406908988952637,0,1,8,11,female
-11.808143615722656,-12.651286125183105,0,2,8,11,female
-11.770112037658691,-12.229474067687988,0,3,8,11,female
-11.928123474121094,-11.442703247070312,0,4,8,11,female
-12.105627059936523,-10.606666564941406,0,5,8,11,female
-12.77883529663086,-8.923299789428711,0,6,8,11,female
-12.57021713256836,-7.2989726066589355,0,7,8,11,female
-11.760886192321777,-4.506267547607422,0,8,8,11,female
9.017267227172852,11.648743629455566,0,9,8,11,female
-12.982114791870117,-8.343050956726074,0,0,9,2,female
-14.560153007507324,-9.36811637878418,0,1,9,2,female
-15.854313850402832,-8.508088111877441,0,2,9,2,female
-15.751906394958496,-8.531291961669922,0,3,9,2,female
-14.006036758422852,-9.666954040527344,0,4,9,2,female
-13.26244831085205,-8.734346389770508,0,5,9,2,female
-12.233480453491211,-7.683979034423828,0,6,9,2,female
-11.474776268005371,-6.5963969230651855,0,7,9,2,female
-11.245445251464844,-4.826892852783203,0,8,9,2,female
9.246834754943848,11.040461540222168,0,9,9,2,female
-13.485885620117188,-8.296551704406738,0,0,10,10,female
-15.174383163452148,-10.276824951171875,0,1,10,10,female
-15.681735038757324,-10.80872631072998,0,2,10,10,female
-15.36536979675293,-9.959521293640137,0,3,10,10,female
-15.074165344238281,-9.436333656311035,0,4,10,10,female
-14.703923225402832,-9.183086395263672,0,5,10,10,female
-13.870630264282227,-8.392082214355469,0,6,10,10,female
-13.513849258422852,-6.856333255767822,0,7,10,10,female
-12.365357398986816,-4.33450984954834,0,8,10,10,female
8.797649383544922,11.908689498901367,0,9,10,10,female
-12.42074966430664,-5.602675437927246,0,0,11,6,female
-13.66956615447998,-8.30577278137207,0,1,11,6,female
-15.062002182006836,-9.96212387084961,0,2,11,6,female
-15.222553253173828,-9.72656536102295,0,3,11,6,female
-15.237131118774414,-9.167353630065918,0,4,11,6,female
-14.936851501464844,-8.334097862243652,0,5,11,6,female
-14.56818962097168,-7.9715070724487305,0,6,11,6,female
-13.639424324035645,-7.124602317810059,0,7,11,6,female
-11.814724922180176,-6.991278648376465,0,8,11,6,female
-11.37231731414795,-6.383208751678467,0,9,11,6,female
-12.533228874206543,-5.664879322052002,0,0,12,6,female
-13.709406852722168,-8.277433395385742,0,1,12,6,female
-15.156205177307129,-9.65283203125,0,2,12,6,female
-15.340179443359375,-9.428081512451172,0,3,12,6,female
-15.2601957321167,-8.941617965698242,0,4,12,6,female
-14.89404296875,-8.280028343200684,0,5,12,6,female
-14.262399673461914,-7.877314567565918,0,6,12,6,female
-13.548688888549805,-6.748873233795166,0,7,12,6,female
-12.587017059326172,-4.809700965881348,0,8,12,6,female
8.273152351379395,10.962665557861328,0,9,12,6,female
-13.751585960388184,-6.766664505004883,0,0,13,2,female
-15.218353271484375,-7.4458465576171875,0,1,13,2,female
-15.352660179138184,-7.578586101531982,0,2,13,2,female
-15.059195518493652,-7.8505024909973145,0,3,13,2,female
-13.98522663116455,-8.716289520263672,0,4,13,2,female
-13.645755767822266,-7.960289478302002,0,5,13,2,female
-12.053627014160156,-7.247806072235107,0,6,13,2,female
-11.307564735412598,-5.117192268371582,0,7,13,2,female
8.631455421447754,10.433921813964844,0,8,13,2,female
10.706351280212402,12.665468215942383,0,9,13,2,female
-6.7936906814575195,-7.7970123291015625,0,0,14,7,male
-5.202657699584961,-10.519511222839355,0,1,14,7,male
-4.2470831871032715,-13.179832458496094,0,2,14,7,male
-4.26969575881958,-13.277304649353027,0,3,14,7,male
-5.096512794494629,-12.706277847290039,0,4,14,7,male
-6.046232223510742,-11.147161483764648,0,5,14,7,male
-6.949981212615967,-9.69009017944336,0,6,14,7,male
-7.709175109863281,-7.973460674285889,0,7,14,7,male
-8.633322715759277,-4.664329528808594,0,8,14,7,male
9.847711563110352,10.278218269348145,0,9,14,7,male
-12.146453857421875,-8.985061645507812,0,0,15,11,female
-11.916214942932129,-11.585433959960938,0,1,15,11,female
-12.05280876159668,-12.674294471740723,0,2,15,11,female
-12.04322624206543,-12.673478126525879,0,3,15,11,female
-11.976540565490723,-12.386698722839355,0,4,15,11,female
-12.1202392578125,-11.65236759185791,0,5,15,11,female
-12.096027374267578,-10.64420223236084,0,6,15,11,female
-12.320871353149414,-9.01351261138916,0,7,15,11,female
-12.003340721130371,-7.257467746734619,0,8,15,11,female
-11.51416301727295,-4.534051418304443,0,9,15,11,female
-14.20462703704834,-8.97549819946289,0,0,16,2,female
-15.515972137451172,-9.052334785461426,0,1,16,2,female
-15.729598045349121,-8.624316215515137,0,2,16,2,female
-15.223494529724121,-8.715638160705566,0,3,16,2,female
-13.522245407104492,-9.190858840942383,0,4,16,2,female
-13.168381690979004,-8.349038124084473,0,5,16,2,female
-11.960947036743164,-7.425526142120361,0,6,16,2,female
-11.234519958496094,-5.2504754066467285,0,7,16,2,female
8.734634399414062,10.191519737243652,0,8,16,2,female
10.697664260864258,12.606751441955566,0,9,16,2,female
-13.614348411560059,-8.32422161102295,0,0,17,10,female
-15.307636260986328,-10.377890586853027,0,1,17,10,female
-15.753937721252441,-10.966717720031738,0,2,17,10,female
-15.64316177368164,-10.75726318359375,0,3,17,10,female
-15.22696590423584,-9.87491226196289,0,4,17,10,female
-14.793000221252441,-9.34314250946045,0,5,17,10,female
-13.878191947937012,-8.4207763671875,0,6,17,10,female
-13.482232093811035,-6.829057216644287,0,7,17,10,female
-12.363821983337402,-4.3787522315979,0,8,17,10,female
8.77100658416748,11.855729103088379,0,9,17,10,female
-5.9078593254089355,-10.144911766052246,0,0,18,8,male
-6.036651134490967,-12.831191062927246,0,1,18,8,male
-6.193044662475586,-12.921525955200195,0,2,18,8,male
-6.284852504730225,-12.81122875213623,0,3,18,8,male
-6.420844554901123,-12.566186904907227,0,4,18,8,male
-6.752856254577637,-10.695167541503906,0,5,18,8,male
-7.147524356842041,-8.962837219238281,0,6,18,8,male
-7.94393253326416,-6.608816623687744,0,7,18,8,male
9.479300498962402,9.435855865478516,0,8,18,8,male
11.202999114990234,12.873183250427246,0,9,18,8,male
-14.138066291809082,-9.27623176574707,0,0,19,3,female
-14.910164833068848,-10.34548568725586,0,1,19,3,female
-14.96938419342041,-9.651485443115234,0,2,19,3,female
-14.97005558013916,-8.3504056930542,0,3,19,3,female
-14.688051223754883,-7.71571683883667,0,4,19,3,female
-13.95139217376709,-6.989837169647217,0,5,19,3,female
-13.471796989440918,-6.3948798179626465,0,6,19,3,female
-12.319757461547852,-4.106888771057129,0,7,19,3,female
9.057281494140625,12.247069358825684,0,8,19,3,female
10.634520530700684,14.599794387817383,0,9,19,3,female
-11.491045951843262,-6.496523380279541,0,0,20,0,male
-12.412269592285156,-9.17055892944336,0,1,20,0,male
-12.89746379852295,-11.720572471618652,0,2,20,0,male
-13.051027297973633,-11.844892501831055,0,3,20,0,male
-14.082451820373535,-10.790853500366211,0,4,20,0,male
-13.881139755249023,-9.029918670654297,0,5,20,0,male
-13.697808265686035,-7.332569599151611,0,6,20,0,male
-12.518767356872559,-5.520665168762207,0,7,20,0,male
7.72689962387085,10.453957557678223,0,8,20,0,male
9.628076553344727,12.673230171203613,0,9,20,0,male
-12.927886962890625,-7.045409679412842,0,0,21,6,female
-14.427977561950684,-9.10950756072998,0,1,21,6,female
-15.271803855895996,-9.766751289367676,0,2,21,6,female
-15.342114448547363,-9.355587005615234,0,3,21,6,female
-15.088526725769043,-8.485614776611328,0,4,21,6,female
-14.783945083618164,-8.041349411010742,0,5,21,6,female
-13.863870620727539,-7.187061309814453,0,6,21,6,female
-12.495528221130371,-6.63123083114624,0,7,21,6,female
-11.34975528717041,-6.273129463195801,0,8,21,6,female
-11.314556121826172,-5.340062141418457,0,9,21,6,female
-13.289200782775879,-7.582867622375488,0,0,22,10,female
-14.965991020202637,-9.815383911132812,0,1,22,10,female
-15.701258659362793,-10.847143173217773,0,2,22,10,female
-15.568704605102539,-10.53652572631836,0,3,22,10,female
-15.113496780395508,-9.530317306518555,0,4,22,10,female
-14.706940650939941,-9.259599685668945,0,5,22,10,female
-13.82194995880127,-8.352444648742676,0,6,22,10,female
-13.494138717651367,-6.778513431549072,0,7,22,10,female
-12.314713478088379,-4.284600257873535,0,8,22,10,female
8.798933029174805,11.877236366271973,0,9,22,10,female
-13.594308853149414,-8.357502937316895,0,0,23,2,female
-15.280517578125,-8.676382064819336,0,1,23,2,female
-15.753232955932617,-8.470084190368652,0,2,23,2,female
-15.260955810546875,-8.540966033935547,0,3,23,2,female
-13.75467586517334,-9.640698432922363,0,4,23,2,female
-13.155509948730469,-8.645633697509766,0,5,23,2,female
-12.06175708770752,-7.415755271911621,0,6,23,2,female
-11.242331504821777,-5.7856621742248535,0,7,23,2,female
8.609957695007324,10.025761604309082,0,8,23,2,female
10.637711524963379,12.348360061645508,0,9,23,2,female
-11.407154083251953,-6.468258380889893,0,0,24,0,male
-12.26673412322998,-9.079248428344727,0,1,24,0,male
-12.618646621704102,-11.596718788146973,0,2,24,0,male
-12.967578887939453,-11.654375076293945,0,3,24,0,male
-14.048826217651367,-10.790283203125,0,4,24,0,male
-13.851877212524414,-8.894756317138672,0,5,24,0,male
-13.78179931640625,-7.095383167266846,0,6,24,0,male
-12.571443557739258,-4.942300319671631,0,7,24,0,male
8.11066722869873,10.876380920410156,0,8,24,0,male
10.03974437713623,13.146261215209961,0,9,24,0,male
-13.452197074890137,-8.100449562072754,0,0,25,10,female
-15.176450729370117,-10.176016807556152,0,1,25,10,female
-15.72950553894043,-10.907808303833008,0,2,25,10,female
-15.60204029083252,-10.599714279174805,0,3,25,10,female
-15.224247932434082,-9.901694297790527,0,4,25,10,female
-14.794400215148926,-9.36309814453125,0,5,25,10,female
-13.683244705200195,-8.360312461853027,0,6,25,10,female
-13.202704429626465,-6.561389923095703,0,7,25,10,female
-12.18989372253418,-4.166083812713623,0,8,25,10,female
9.019834518432617,12.01550579071045,0,9,25,10,female
-12.48908519744873,-5.706492900848389,0,0,26,6,female
-13.734901428222656,-8.353629112243652,0,1,26,6,female
-15.199016571044922,-10.017783164978027,0,2,26,6,female
-15.294301986694336,-9.618623733520508,0,3,26,6,female
-15.34801959991455,-9.220993041992188,0,4,26,6,female
-15.06175708770752,-8.580889701843262,0,5,26,6,female
-14.269824028015137,-8.0119047164917,0,6,26,6,female
-13.593402862548828,-6.706910610198975,0,7,26,6,female
-12.553261756896973,-4.590584754943848,0,8,26,6,female
8.705377578735352,11.841614723205566,0,9,26,6,female
-6.525509357452393,-8.654680252075195,0,0,27,8,male
-5.7370076179504395,-11.125646591186523,0,1,27,8,male
-6.13342809677124,-12.925909042358398,0,2,27,8,male
-6.207024574279785,-12.928768157958984,0,3,27,8,male
-6.336796760559082,-12.675209045410156,0,4,27,8,male
-6.193116664886475,-10.98201847076416,0,5,27,8,male
-6.90980339050293,-9.08572769165039,0,6,27,8,male
-7.936798095703125,-7.021269798278809,0,7,27,8,male
-8.006574630737305,-3.897771120071411,0,8,27,8,male
10.860352516174316,11.553523063659668,0,9,27,8,male
-13.245122909545898,-8.576407432556152,0,0,28,2,female
-14.769116401672363,-9.277600288391113,0,1,28,2,female
-15.844033241271973,-8.493895530700684,0,2,28,2,female
-15.488492965698242,-8.590231895446777,0,3,28,2,female
-13.726853370666504,-9.51865291595459,0,4,28,2,female
-13.216219902038574,-8.638251304626465,0,5,28,2,female
-12.116455078125,-7.383256435394287,0,6,28,2,female
-11.290825843811035,-5.533066272735596,0,7,28,2,female
8.639860153198242,10.132558822631836,0,8,28,2,female
10.585715293884277,12.382068634033203,0,9,28,2,female
-6.185900688171387,-9.65443229675293,0,0,29,9,male
-5.7884650230407715,-11.573026657104492,0,1,29,9,male
-6.211641788482666,-12.87267017364502,0,2,29,9,male
-6.096481800079346,-12.483905792236328,0,3,29,9,male
-5.893671989440918,-12.048741340637207,0,4,29,9,male
-6.0487141609191895,-10.811902046203613,0,5,29,9,male
-6.656494140625,-9.1863374710083,0,6,29,9,male
-7.392323970794678,-7.459023952484131,0,7,29,9,male
-8.144210815429688,-4.291313648223877,0,8,29,9,male
10.360190391540527,10.48327922821045,0,9,29,9,male
-14.258666038513184,-9.63726806640625,0,0,30,3,female
-15.349297523498535,-10.736104965209961,0,1,30,3,female
-15.220922470092773,-9.685125350952148,0,2,30,3,female
-15.060380935668945,-8.53264331817627,0,3,30,3,female
-14.765754699707031,-7.949799537658691,0,4,30,3,female
-14.102559089660645,-7.273255348205566,0,5,30,3,female
-13.634533882141113,-6.635002613067627,0,6,30,3,female
-12.497942924499512,-4.348691940307617,0,7,30,3,female
8.796320915222168,11.973835945129395,0,8,30,3,female
10.524307250976562,14.497536659240723,0,9,30,3,female
-13.30034351348877,-8.302181243896484,0,0,31,2,female
-14.80639362335205,-9.098331451416016,0,1,31,2,female
-15.804779052734375,-8.434309005737305,0,2,31,2,female
-15.299409866333008,-8.619236946105957,0,3,31,2,female
-13.63997745513916,-9.286280632019043,0,4,31,2,female
-13.165716171264648,-8.358147621154785,0,5,31,2,female
-12.016380310058594,-7.49884557723999,0,6,31,2,female
-11.27988338470459,-5.578904628753662,0,7,31,2,female
8.651969909667969,10.1415433883667,0,8,31,2,female
10.647713661193848,12.42276382446289,0,9,31,2,female
-12.34653091430664,-7.7668328285217285,0,0,32,3,female
-13.980585098266602,-9.393695831298828,0,1,32,3,female
-14.029865264892578,-10.693577766418457,0,2,32,3,female
-14.632843017578125,-9.73784351348877,0,3,32,3,female
-14.939347267150879,-8.206555366516113,0,4,32,3,female
-14.664950370788574,-7.6831793785095215,0,5,32,3,female
-13.69648265838623,-6.77304220199585,0,6,32,3,female
-12.674842834472656,-4.930346488952637,0,7,32,3,female
8.078455924987793,10.588947296142578,0,8,32,3,female
10.009182929992676,13.109968185424805,0,9,32,3,female
-7.342792987823486,-7.147826671600342,0,0,33,7,male
-5.430633068084717,-9.871509552001953,0,1,33,7,male
-4.326550006866455,-12.836675643920898,0,2,33,7,male
-4.287313938140869,-13.18928050994873,0,3,33,7,male
-4.53012228012085,-13.019773483276367,0,4,33,7,male
-5.680599689483643,-11.455391883850098,0,5,33,7,male
-6.70711612701416,-9.862672805786133,0,6,33,7,male
-7.486800193786621,-8.304076194763184,0,7,33,7,male
-8.832916259765625,-5.337380886077881,0,8,33,7,male
9.553874015808105,10.092925071716309,0,9,33,7,male
-11.338830947875977,-6.328150272369385,0,0,34,0,male
-12.159281730651855,-8.959030151367188,0,1,34,0,male
-12.25281810760498,-11.384669303894043,0,2,34,0,male
-12.646754264831543,-11.929452896118164,0,3,34,0,male
-13.60206127166748,-11.087952613830566,0,4,34,0,male
-14.238107681274414,-9.871150016784668,0,5,34,0,male
-13.790106773376465,-8.216538429260254,0,6,34,0,male
-13.222250938415527,-6.67047643661499,0,7,34,0,male
-12.117486953735352,-4.229806423187256,0,8,34,0,male
8.855459213256836,11.867199897766113,0,9,34,0,male
-7.140108585357666,-7.347868919372559,0,0,35,7,male
-5.30047607421875,-10.23686695098877,0,1,35,7,male
-4.283794403076172,-13.125177383422852,0,2,35,7,male
-4.2056097984313965,-13.31766414642334,0,3,35,7,male
-4.55380392074585,-12.145684242248535,0,4,35,7,male
-5.663397789001465,-10.566168785095215,0,5,35,7,male
-6.613066673278809,-8.924980163574219,0,6,35,7,male
-7.448475360870361,-7.2031331062316895,0,7,35,7,male
-7.994486331939697,-4.156409740447998,0,8,35,7,male
10.628792762756348,10.82231616973877,0,9,35,7,male
-12.671435356140137,-6.149387359619141,0,0,36,6,female
-13.748383522033691,-8.448770523071289,0,1,36,6,female
-14.993817329406738,-9.810159683227539,0,2,36,6,female
-15.124221801757812,-9.611255645751953,0,3,36,6,female
-15.027322769165039,-8.495458602905273,0,4,36,6,female
-14.771116256713867,-8.15318775177002,0,5,36,6,female
-14.008530616760254,-7.509058475494385,0,6,36,6,female
-13.477433204650879,-6.516220569610596,0,7,36,6,female
-12.402776718139648,-4.2962565422058105,0,8,36,6,female
8.749032974243164,11.929924011230469,0,9,36,6,female
-12.900638580322266,-6.359433174133301,0,0,37,6,female
-14.250399589538574,-8.803447723388672,0,1,37,6,female
-15.29525375366211,-9.595294952392578,0,2,37,6,female
-15.340401649475098,-9.357133865356445,0,3,37,6,female
-15.086004257202148,-8.5264892578125,0,4,37,6,female
-14.653738975524902,-8.194218635559082,0,5,37,6,female
-13.912479400634766,-7.509843826293945,0,6,37,6,female
-13.47392749786377,-6.510804653167725,0,7,37,6,female
-12.333379745483398,-4.242425441741943,0,8,37,6,female
8.849447250366211,11.925618171691895,0,9,37,6,female
-11.449226379394531,-6.418488025665283,0,0,38,0,male
-12.341754913330078,-9.117525100708008,0,1,38,0,male
-12.743335723876953,-11.611669540405273,0,2,38,0,male
-13.196276664733887,-11.520650863647461,0,3,38,0,male
-14.14708137512207,-10.643596649169922,0,4,38,0,male
-14.291680335998535,-8.67831039428711,0,5,38,0,male
-13.593832969665527,-7.123868942260742,0,6,38,0,male
-12.59901237487793,-5.154677867889404,0,7,38,0,male
8.14687442779541,10.85834789276123,0,8,38,0,male
9.90803050994873,12.926872253417969,0,9,38,0,male
-5.7434282302856445,-10.38170337677002,0,0,39,9,male
-6.047189235687256,-12.638858795166016,0,1,39,9,male
-6.093667984008789,-12.971064567565918,0,2,39,9,male
-6.003240585327148,-12.612875938415527,0,3,39,9,male
-5.836915969848633,-12.120217323303223,0,4,39,9,male
-6.144524097442627,-11.085573196411133,0,5,39,9,male
-6.9137773513793945,-9.214566230773926,0,6,39,9,male
-8.0756196975708,-7.3637375831604,0,7,39,9,male
-8.51140308380127,-4.174748420715332,0,8,39,9,male
10.343833923339844,10.958111763000488,0,9,39,9,male
-6.407168388366699,-9.753161430358887,0,0,40,1,male
-6.0933380126953125,-12.067062377929688,0,1,40,1,male
-6.31608247756958,-12.913734436035156,0,2,40,1,male
-7.089238166809082,-12.140432357788086,0,3,40,1,male
-7.426941394805908,-11.749652862548828,0,4,40,1,male
-7.424648761749268,-10.751995086669922,0,5,40,1,male
-7.359796524047852,-9.122637748718262,0,6,40,1,male
-8.282880783081055,-7.35780143737793,0,7,40,1,male
-8.624189376831055,-4.042140483856201,0,8,40,1,male
10.301361083984375,11.013319969177246,0,9,40,1,male
-13.035526275634766,-8.614362716674805,0,0,41,2,female
-14.468005180358887,-9.228768348693848,0,1,41,2,female
-15.834080696105957,-8.302860260009766,0,2,41,2,female
-15.784405708312988,-8.323086738586426,0,3,41,2,female
-15.063400268554688,-8.652114868164062,0,4,41,2,female
-13.642806053161621,-9.144477844238281,0,5,41,2,female
-13.223199844360352,-8.230693817138672,0,6,41,2,female
-11.993911743164062,-7.260958194732666,0,7,41,2,female
-11.299006462097168,-4.996097087860107,0,8,41,2,female
8.79823112487793,10.540759086608887,0,9,41,2,female
-6.820980072021484,-8.173885345458984,0,0,42,8,male
-5.906933307647705,-10.597999572753906,0,1,42,8,male
-6.279661178588867,-12.870506286621094,0,2,42,8,male
-6.420860767364502,-12.81239128112793,0,3,42,8,male
-7.0974202156066895,-11.966201782226562,0,4,42,8,male
-7.206018447875977,-11.323775291442871,0,5,42,8,male
-7.188066482543945,-10.097057342529297,0,6,42,8,male
-7.577912330627441,-8.432234764099121,0,7,42,8,male
-8.827031135559082,-5.309451103210449,0,8,42,8,male
9.652490615844727,10.209052085876465,0,9,42,8,male
-12.225171089172363,-5.052809238433838,0,0,43,6,female
-13.111268997192383,-7.562773704528809,0,1,43,6,female
-14.441975593566895,-9.372065544128418,0,2,43,6,female
-15.24073314666748,-9.62804126739502,0,3,43,6,female
-15.335752487182617,-9.158414840698242,0,4,43,6,female
-15.0009126663208,-8.308841705322266,0,5,43,6,female
-14.765030860900879,-7.963136196136475,0,6,43,6,female
-13.865653038024902,-7.620616436004639,0,7,43,6,female
-12.301716804504395,-7.695324420928955,0,8,43,6,female
-11.939218521118164,-7.42072868347168,0,9,43,6,female
-7.224928855895996,-7.2178635597229,0,0,44,7,male
-5.410467147827148,-9.948479652404785,0,1,44,7,male
-4.317460536956787,-12.9207124710083,0,2,44,7,male
-4.522639751434326,-13.208992004394531,0,3,44,7,male
-5.4484052658081055,-12.575474739074707,0,4,44,7,male
-6.6603851318359375,-11.237231254577637,0,5,44,7,male
-7.109501361846924,-9.950003623962402,0,6,44,7,male
-7.655734062194824,-8.365946769714355,0,7,44,7,male
-8.871588706970215,-5.319363594055176,0,8,44,7,male
9.64258098602295,10.176721572875977,0,9,44,7,male
-11.4471435546875,-6.524807929992676,0,0,45,0,male
-12.247858047485352,-9.107664108276367,0,1,45,0,male
-12.398146629333496,-11.80018138885498,0,2,45,0,male
-11.818297386169434,-12.365873336791992,0,3,45,0,male
-7.441451549530029,-11.700529098510742,0,4,45,0,male
-7.538776397705078,-11.118496894836426,0,5,45,0,male
-12.340847969055176,-9.318665504455566,0,6,45,0,male
-12.199957847595215,-7.722818851470947,0,7,45,0,male
-11.388343811035156,-5.2395501136779785,0,8,45,0,male
8.776337623596191,10.848220825195312,0,9,45,0,male
-13.842708587646484,-7.024033546447754,0,0,46,2,female
-15.336648941040039,-8.011027336120605,0,1,46,2,female
-15.698160171508789,-8.481833457946777,0,2,46,2,female
-15.158172607421875,-8.571619033813477,0,3,46,2,female
-13.702225685119629,-9.144429206848145,0,4,46,2,female
-13.22509479522705,-8.204024314880371,0,5,46,2,female
-11.979162216186523,-7.254420757293701,0,6,46,2,female
-11.323382377624512,-5.0779805183410645,0,7,46,2,female
8.645081520080566,10.356796264648438,0,8,46,2,female
10.52806282043457,12.401305198669434,0,9,46,2,female
8.83478832244873,17.544870376586914,0,0,47,11,female
-12.382343292236328,-9.029115676879883,0,1,47,11,female
-12.454373359680176,-11.605786323547363,0,2,47,11,female
-11.947994232177734,-12.634934425354004,0,3,47,11,female
-11.784228324890137,-12.410385131835938,0,4,47,11,female
-11.752276420593262,-12.025933265686035,0,5,47,11,female
-11.811102867126465,-11.553117752075195,0,6,47,11,female
-12.029346466064453,-10.58174991607666,0,7,47,11,female
-12.10413646697998,-9.04887866973877,0,8,47,11,female
-11.987833023071289,-7.520516395568848,0,9,47,11,female
-5.995904445648193,-9.89304256439209,0,0,48,9,male
-6.07163143157959,-12.844571113586426,0,1,48,9,male
-5.994735240936279,-12.961804389953613,0,2,48,9,male
-5.669267654418945,-12.61801815032959,0,3,48,9,male
-5.392253875732422,-11.848189353942871,0,4,48,9,male
-5.607263565063477,-10.672377586364746,0,5,48,9,male
-6.381397247314453,-8.869057655334473,0,6,48,9,male
-7.334396839141846,-7.116395473480225,0,7,48,9,male
-7.9124979972839355,-4.05063009262085,0,8,48,9,male
10.841643333435059,11.12032413482666,0,9,48,9,male
-11.789695739746094,-7.078126907348633,0,0,49,11,female
-12.42343807220459,-10.048848152160645,0,1,49,11,female
-12.109101295471191,-12.5224027633667,0,2,49,11,female
-12.011726379394531,-12.693519592285156,0,3,49,11,female
-11.94468879699707,-12.340544700622559,0,4,49,11,female
-11.955323219299316,-11.989463806152344,0,5,49,11,female
-12.053792953491211,-11.472315788269043,0,6,49,11,female
-12.063911437988281,-10.448174476623535,0,7,49,11,female
-12.076532363891602,-8.732271194458008,0,8,49,11,female
-11.462013244628906,-6.630906105041504,0,9,49,11,female
-14.680749893188477,-7.5501298904418945,1,0,50,2,female
-14.74560260772705,-7.698514938354492,1,1,50,2,female
-14.501738548278809,-8.042624473571777,1,2,50,2,female
-13.080875396728516,-8.71810245513916,1,3,50,2,female
-12.44630241394043,-7.757213115692139,1,4,50,2,female
-11.489057540893555,-6.238771438598633,1,5,50,2,female
8.357152938842773,9.953082084655762,1,6,50,2,female
10.168137550354004,12.103288650512695,1,7,50,2,female
11.319114685058594,14.827421188354492,1,8,50,2,female
10.550898551940918,19.557252883911133,1,9,50,2,female
-5.94291877746582,-11.772951126098633,1,0,51,1,male
-6.4143967628479,-12.268630027770996,1,1,51,1,male
-7.340616703033447,-11.925735473632812,1,2,51,1,male
-7.370570659637451,-10.843437194824219,1,3,51,1,male
-7.251699924468994,-9.426637649536133,1,4,51,1,male
-8.104582786560059,-7.641908645629883,1,5,51,1,male
-8.65845012664795,-4.253913402557373,1,6,51,1,male
10.226633071899414,10.848164558410645,1,7,51,1,male
11.490416526794434,14.039233207702637,1,8,51,1,male
10.589010238647461,19.443363189697266,1,9,51,1,male
-14.92258358001709,-8.191595077514648,1,0,52,2,female
-15.041319847106934,-8.4583740234375,1,1,52,2,female
-13.773895263671875,-9.418285369873047,1,2,52,2,female
-12.716009140014648,-8.952430725097656,1,3,52,2,female
-12.11988353729248,-7.659582614898682,1,4,52,2,female
-11.301237106323242,-5.58139705657959,1,5,52,2,female
8.778218269348145,10.322917938232422,1,6,52,2,female
10.930198669433594,12.848973274230957,1,7,52,2,female
11.626984596252441,14.874809265136719,1,8,52,2,female
10.579105377197266,19.443286895751953,1,9,52,2,female
-11.741338729858398,-12.00698471069336,1,0,53,11,female
-11.761016845703125,-12.6565523147583,1,1,53,11,female
-11.714550018310547,-12.570852279663086,1,2,53,11,female
-11.682899475097656,-12.17698860168457,1,3,53,11,female
-11.788640022277832,-11.755294799804688,1,4,53,11,female
-12.011862754821777,-11.134588241577148,1,5,53,11,female
-12.427055358886719,-9.234487533569336,1,6,53,11,female
-12.323638916015625,-7.379987716674805,1,7,53,11,female
-11.779955863952637,-4.51202392578125,1,8,53,11,female
9.127734184265137,11.93483829498291,1,9,53,11,female
-5.3947601318359375,-10.589136123657227,1,0,54,8,male
-5.382084846496582,-13.086480140686035,1,1,54,8,male
-6.025490760803223,-13.07153606414795,1,2,54,8,male
-6.253831386566162,-12.678149223327637,1,3,54,8,male
-6.26594877243042,-10.579384803771973,1,4,54,8,male
-6.907225608825684,-8.440443992614746,1,5,54,8,male
-8.091879844665527,-5.854000091552734,1,6,54,8,male
9.71021556854248,9.785246849060059,1,7,54,8,male
11.326518058776855,13.316434860229492,1,8,54,8,male
10.668891906738281,19.433191299438477,1,9,54,8,male
-5.351132869720459,-10.560232162475586,1,0,55,8,male
-5.170024394989014,-12.996456146240234,1,1,55,8,male
-6.034040451049805,-13.002846717834473,1,2,55,8,male
-6.217100143432617,-12.263463973999023,1,3,55,8,male
-6.516031265258789,-9.884603500366211,1,4,55,8,male
-7.114485263824463,-7.896261215209961,1,5,55,8,male
-8.24633502960205,-4.828771591186523,1,6,55,8,male
10.23148250579834,10.152215957641602,1,7,55,8,male
11.562291145324707,13.721722602844238,1,8,55,8,male
10.722532272338867,19.21441078186035,1,9,55,8,male
-6.769043445587158,-11.535499572753906,1,0,56,1,male
-7.280163764953613,-11.952768325805664,1,1,56,1,male
-7.428666114807129,-11.939946174621582,1,2,56,1,male
-7.285567283630371,-10.910676002502441,1,3,56,1,male
-7.154221057891846,-9.645676612854004,1,4,56,1,male
-7.764594554901123,-8.034417152404785,1,5,56,1,male
-8.62675666809082,-4.609135150909424,1,6,56,1,male
9.967828750610352,10.338788032531738,1,7,56,1,male
11.4229097366333,13.721692085266113,1,8,56,1,male
10.692615509033203,19.226606369018555,1,9,56,1,male
-13.772204399108887,-10.101157188415527,1,0,57,6,female
-13.879759788513184,-10.091594696044922,1,1,57,6,female
-14.556888580322266,-9.77938175201416,1,2,57,6,female
-14.471551895141602,-9.338935852050781,1,3,57,6,female
-13.219991683959961,-7.7673468589782715,1,4,57,6,female
-12.487661361694336,-5.662402153015137,1,5,57,6,female
7.90766716003418,10.541952133178711,1,6,57,6,female
9.923611640930176,12.956579208374023,1,7,57,6,female
11.032532691955566,15.4002046585083,1,8,57,6,female
10.649561882019043,19.432859420776367,1,9,57,6,female
-7.218862056732178,-11.156913757324219,1,0,58,1,male
-7.4278788566589355,-11.892343521118164,1,1,58,1,male
-7.681107521057129,-11.716552734375,1,2,58,1,male
-7.460655689239502,-10.725091934204102,1,3,58,1,male
-7.345797061920166,-9.155577659606934,1,4,58,1,male
-8.192488670349121,-7.529956817626953,1,5,58,1,male
-8.68984603881836,-4.390547752380371,1,6,58,1,male
9.681343078613281,10.239615440368652,1,7,58,1,male
11.085556030273438,13.127601623535156,1,8,58,1,male
10.949591636657715,18.680788040161133,1,9,58,1,male
-4.51025915145874,-11.806501388549805,1,0,59,7,male
-4.1200056076049805,-13.266948699951172,1,1,59,7,male
-4.217666149139404,-12.82101058959961,1,2,59,7,male
-4.88917350769043,-10.90488052368164,1,3,59,7,male
-6.407486915588379,-9.456634521484375,1,4,59,7,male
-7.0850510597229,-7.765493869781494,1,5,59,7,male
-8.138612747192383,-4.680042743682861,1,6,59,7,male
10.33742904663086,10.239075660705566,1,7,59,7,male
11.64749526977539,13.801966667175293,1,8,59,7,male
10.619585990905762,19.346439361572266,1,9,59,7,male
-13.992258071899414,-10.615944862365723,1,0,60,10,female
-13.985896110534668,-11.135432243347168,1,1,60,10,female
-14.374517440795898,-11.079577445983887,1,2,60,10,female
-15.330045700073242,-10.454482078552246,1,3,60,10,female
-14.741860389709473,-9.508818626403809,1,4,60,10,female
-13.40001392364502,-7.394887924194336,1,5,60,10,female
-12.500643730163574,-4.966672897338867,1,6,60,10,female
8.410804748535156,11.261041641235352,1,7,60,10,female
10.572832107543945,14.308603286743164,1,8,60,10,female
10.836775779724121,19.320037841796875,1,9,60,10,female
-11.882109642028809,-12.12236213684082,1,0,61,11,female
-11.86072063446045,-12.726595878601074,1,1,61,11,female
-11.772446632385254,-12.679462432861328,1,2,61,11,female
-11.694878578186035,-12.111449241638184,1,3,61,11,female
-11.714783668518066,-11.645893096923828,1,4,61,11,female
-11.990478515625,-10.509759902954102,1,5,61,11,female
-11.998808860778809,-8.323692321777344,1,6,61,11,female
-11.31527328491211,-6.364391803741455,1,7,61,11,female
8.554591178894043,10.102409362792969,1,8,61,11,female
10.67161750793457,12.580859184265137,1,9,61,11,female
-5.270216941833496,-10.81618595123291,1,0,62,8,male
-5.216506004333496,-12.899758338928223,1,1,62,8,male
-5.982122421264648,-12.939322471618652,1,2,62,8,male
-6.133201599121094,-11.085552215576172,1,3,62,8,male
-7.114791393280029,-9.199773788452148,1,4,62,8,male
-8.123994827270508,-7.148265838623047,1,5,62,8,male
-8.374640464782715,-3.9036977291107178,1,6,62,8,male
10.64789867401123,11.435833930969238,1,7,62,8,male
11.559732437133789,14.727664947509766,1,8,62,8,male
10.830375671386719,19.48634910583496,1,9,62,8,male
-4.579424858093262,-11.579544067382812,1,0,63,7,male
-4.03846549987793,-13.198476791381836,1,1,63,7,male
-4.054261684417725,-13.14759635925293,1,2,63,7,male
-5.153307914733887,-11.904435157775879,1,3,63,7,male
-6.122588157653809,-10.29383659362793,1,4,63,7,male
-6.98881196975708,-8.794971466064453,1,5,63,7,male
-8.21003246307373,-7.2320876121521,1,6,63,7,male
-8.583791732788086,-4.019590854644775,1,7,63,7,male
10.37483024597168,11.084738731384277,1,8,63,7,male
11.549989700317383,14.17975902557373,1,9,63,7,male
-14.219319343566895,-8.76639175415039,1,0,64,2,female
-15.031513214111328,-8.506591796875,1,1,64,2,female
-14.975740432739258,-8.408867835998535,1,2,64,2,female
-13.631148338317871,-9.293821334838867,1,3,64,2,female
-12.39516544342041,-9.016411781311035,1,4,64,2,female
-11.999216079711914,-7.857151031494141,1,5,64,2,female
-11.254733085632324,-5.883962631225586,1,6,64,2,female
8.876208305358887,10.13593578338623,1,7,64,2,female
10.888519287109375,12.676520347595215,1,8,64,2,female
11.643736839294434,14.844452857971191,1,9,64,2,female
-12.0403413772583,-12.244007110595703,1,0,65,11,female
-11.937004089355469,-12.709826469421387,1,1,65,11,female
-11.777726173400879,-12.607094764709473,1,2,65,11,female
-11.716261863708496,-12.105255126953125,1,3,65,11,female
-11.808238983154297,-11.452590942382812,1,4,65,11,female
-12.020013809204102,-10.345529556274414,1,5,65,11,female
-12.05865478515625,-8.058353424072266,1,6,65,11,female
-11.353084564208984,-5.408473968505859,1,7,65,11,female
8.754417419433594,10.797282218933105,1,8,65,11,female
10.805375099182129,13.92077350616455,1,9,65,11,female
-7.144394874572754,-10.006399154663086,1,0,66,0,male
-7.372556686401367,-11.519753456115723,1,1,66,0,male
-11.985265731811523,-11.774733543395996,1,2,66,0,male
-12.507493019104004,-11.415040016174316,1,3,66,0,male
-14.059882164001465,-9.975119590759277,1,4,66,0,male
-12.99071216583252,-8.19858169555664,1,5,66,0,male
-12.440288543701172,-5.768332004547119,1,6,66,0,male
7.7799153327941895,10.455038070678711,1,7,66,0,male
9.831228256225586,12.849846839904785,1,8,66,0,male
11.03244686126709,15.402908325195312,1,9,66,0,male
-14.070284843444824,-10.795543670654297,1,0,67,10,female
-14.097710609436035,-11.121905326843262,1,1,67,10,female
-15.325252532958984,-11.037433624267578,1,2,67,10,female
-15.227800369262695,-10.330678939819336,1,3,67,10,female
-14.553783416748047,-9.107975006103516,1,4,67,10,female
-13.49274730682373,-7.1151838302612305,1,5,67,10,female
-12.42076301574707,-4.619621276855469,1,6,67,10,female
8.722940444946289,11.770133972167969,1,7,67,10,female
10.63250732421875,14.523700714111328,1,8,67,10,female
10.611103057861328,19.49674415588379,1,9,67,10,female
-7.110194206237793,-11.629883766174316,1,0,68,1,male
-7.37258768081665,-11.997088432312012,1,1,68,1,male
-7.484462261199951,-11.890350341796875,1,2,68,1,male
-7.39994478225708,-10.66645336151123,1,3,68,1,male
-7.429871082305908,-8.787434577941895,1,4,68,1,male
-8.711252212524414,-6.036758899688721,1,5,68,1,male
9.25271224975586,9.822741508483887,1,6,68,1,male
10.910208702087402,12.1911039352417,1,7,68,1,male
11.786053657531738,14.817232131958008,1,8,68,1,male
10.636944770812988,19.423336029052734,1,9,68,1,male
-4.526284217834473,-11.732708930969238,1,0,69,7,male
-4.1840667724609375,-13.253713607788086,1,1,69,7,male
-4.2737040519714355,-13.322103500366211,1,2,69,7,male
-5.138990879058838,-12.519192695617676,1,3,69,7,male
-6.446279048919678,-10.490358352661133,1,4,69,7,male
-7.280691146850586,-9.116039276123047,1,5,69,7,male
-8.307199478149414,-7.265377521514893,1,6,69,7,male
-8.51727294921875,-3.9000067710876465,1,7,69,7,male
10.535235404968262,11.653969764709473,1,8,69,7,male
11.597306251525879,14.693438529968262,1,9,69,7,male
-5.315213203430176,-11.0377197265625,1,0,70,9,male
-5.308695316314697,-12.743420600891113,1,1,70,9,male
-5.4409661293029785,-12.689352989196777,1,2,70,9,male
-5.470724582672119,-12.770567893981934,1,3,70,9,male
-5.768901824951172,-11.144271850585938,1,4,70,9,male
-6.452981948852539,-9.49142074584961,1,5,70,9,male
-7.236822128295898,-7.461800575256348,1,6,70,9,male
-8.061250686645508,-4.358680248260498,1,7,70,9,male
10.56229305267334,10.602927207946777,1,8,70,9,male
11.651113510131836,14.000590324401855,1,9,70,9,male
-4.567662239074707,-11.642251014709473,1,0,71,7,male
-4.125481605529785,-13.264154434204102,1,1,71,7,male
-4.4367194175720215,-12.657776832580566,1,2,71,7,male
-5.619734287261963,-10.597969055175781,1,3,71,7,male
-6.618592739105225,-8.68303108215332,1,4,71,7,male
-7.7718400955200195,-6.51962947845459,1,5,71,7,male
9.437627792358398,9.337745666503906,1,6,71,7,male
11.078279495239258,12.203978538513184,1,7,71,7,male
11.773605346679688,14.83358383178711,1,8,71,7,male
10.627472877502441,19.4459171295166,1,9,71,7,male
-7.046918869018555,-9.877058029174805,1,0,72,0,male
-7.304925441741943,-11.118634223937988,1,1,72,0,male
-12.045123100280762,-11.709211349487305,1,2,72,0,male
-12.736310005187988,-11.154254913330078,1,3,72,0,male
-13.654077529907227,-9.753178596496582,1,4,72,0,male
-12.915679931640625,-8.123457908630371,1,5,72,0,male
-12.535428047180176,-6.055289268493652,1,6,72,0,male
-11.912787437438965,-3.905460834503174,1,7,72,0,male
9.4411039352417,12.389504432678223,1,8,72,0,male
11.013845443725586,15.082925796508789,1,9,72,0,male
-4.53831148147583,-11.657675743103027,1,0,73,7,male
-4.01116418838501,-13.126572608947754,1,1,73,7,male
-4.1951093673706055,-12.80348014831543,1,2,73,7,male
-5.3612847328186035,-10.824426651000977,1,3,73,7,male
-6.4753923416137695,-9.201805114746094,1,4,73,7,male
-7.31395149230957,-7.284690856933594,1,5,73,7,male
-7.994594573974609,-4.215678691864014,1,6,73,7,male
10.629427909851074,10.715612411499023,1,7,73,7,male
11.72528076171875,13.996487617492676,1,8,73,7,male
10.683836936950684,19.327327728271484,1,9,73,7,male
-14.435850143432617,-8.206389427185059,1,0,74,2,female
-15.04368782043457,-8.384317398071289,1,1,74,2,female
-14.94336223602295,-8.48826789855957,1,2,74,2,female
-13.874598503112793,-9.482677459716797,1,3,74,2,female
-12.476991653442383,-9.184333801269531,1,4,74,2,female
-12.025443077087402,-8.021459579467773,1,5,74,2,female
-11.283666610717773,-5.926262378692627,1,6,74,2,female
8.789828300476074,10.181227684020996,1,7,74,2,female
10.9349365234375,12.950549125671387,1,8,74,2,female
11.688950538635254,15.02165699005127,1,9,74,2,female
-13.779656410217285,-10.558551788330078,1,0,75,6,female
-13.981120109558105,-10.929464340209961,1,1,75,6,female
-14.723611831665039,-10.135869026184082,1,2,75,6,female
-14.727164268493652,-9.494109153747559,1,3,75,6,female
-13.691720962524414,-8.33896541595459,1,4,75,6,female
-13.128193855285645,-6.42892599105835,1,5,75,6,female
-12.1091947555542,-3.921588659286499,1,6,75,6,female
9.464212417602539,12.524049758911133,1,7,75,6,female
10.934504508972168,15.179280281066895,1,8,75,6,female
10.509818077087402,19.575504302978516,1,9,75,6,female
-13.633325576782227,-10.725987434387207,1,0,76,6,female
-14.019338607788086,-11.064168930053711,1,1,76,6,female
-14.554274559020996,-10.126227378845215,1,2,76,6,female
-14.534663200378418,-9.292617797851562,1,3,76,6,female
-13.337869644165039,-7.371319770812988,1,4,76,6,female
-12.490428924560547,-5.055080413818359,1,5,76,6,female
8.177412986755371,10.880943298339844,1,6,76,6,female
10.145679473876953,13.276552200317383,1,7,76,6,female
11.02763843536377,15.57713508605957,1,8,76,6,female
10.790364265441895,19.41256332397461,1,9,76,6,female
-4.52488899230957,-11.72541618347168,1,0,77,7,male
-4.147200584411621,-13.302638053894043,1,1,77,7,male
-4.273274898529053,-12.823391914367676,1,2,77,7,male
-4.941925048828125,-10.83712387084961,1,3,77,7,male
-6.421500205993652,-9.075064659118652,1,4,77,7,male
-7.238833427429199,-7.148510932922363,1,5,77,7,male
-7.8755364418029785,-4.121972560882568,1,6,77,7,male
10.797761917114258,11.069059371948242,1,7,77,7,male
11.64231014251709,14.44778823852539,1,8,77,7,male
10.77423095703125,19.25159454345703,1,9,77,7,male
-5.62219762802124,-11.128899574279785,1,0,78,9,male
-5.7553229331970215,-12.554094314575195,1,1,78,9,male
-5.887251853942871,-12.468364715576172,1,2,78,9,male
-5.96990442276001,-12.5184907913208,1,3,78,9,male
-5.901081085205078,-11.096343994140625,1,4,78,9,male
-6.464899063110352,-9.577446937561035,1,5,78,9,male
-7.105599880218506,-7.6815876960754395,1,6,78,9,male
-8.119721412658691,-4.745754718780518,1,7,78,9,male
10.346946716308594,10.207304000854492,1,8,78,9,male
11.646571159362793,13.739550590515137,1,9,78,9,male
-12.53896427154541,-12.05465316772461,1,0,79,11,female
-12.392254829406738,-12.639937400817871,1,1,79,11,female
-12.355406761169434,-12.639888763427734,1,2,79,11,female
-12.469192504882812,-11.935528755187988,1,3,79,11,female
-12.097352027893066,-10.48388671875,1,4,79,11,female
-12.170063972473145,-8.275641441345215,1,5,79,11,female
-11.492690086364746,-5.762178421020508,1,6,79,11,female
8.4813871383667,10.588239669799805,1,7,79,11,female
10.31103515625,13.322690963745117,1,8,79,11,female
10.902684211730957,18.799409866333008,1,9,79,11,female
-7.156154632568359,-10.220504760742188,1,0,80,0,male
-7.281930446624756,-11.50595760345459,1,1,80,0,male
-12.022795677185059,-11.751816749572754,1,2,80,0,male
-12.656312942504883,-11.304561614990234,1,3,80,0,male
-14.017350196838379,-9.754667282104492,1,4,80,0,male
-13.033703804016113,-7.999966144561768,1,5,80,0,male
-12.45843505859375,-5.7888970375061035,1,6,80,0,male
7.742168426513672,10.439447402954102,1,7,80,0,male
9.79709529876709,12.811131477355957,1,8,80,0,male
11.00605583190918,15.304810523986816,1,9,80,0,male
-4.498458385467529,-11.742332458496094,1,0,81,7,male
-4.074350357055664,-13.199241638183594,1,1,81,7,male
-4.022723197937012,-12.990352630615234,1,2,81,7,male
-4.930826187133789,-10.800881385803223,1,3,81,7,male
-6.400063991546631,-9.148648262023926,1,4,81,7,male
-7.307633876800537,-7.323233127593994,1,5,81,7,male
-8.100556373596191,-4.34927225112915,1,6,81,7,male
10.424243927001953,10.579971313476562,1,7,81,7,male
11.583930015563965,14.013154983520508,1,8,81,7,male
10.701042175292969,19.296789169311523,1,9,81,7,male
-5.434779167175293,-11.57694149017334,1,0,82,9,male
-5.487300872802734,-12.808895111083984,1,1,82,9,male
-5.511993408203125,-12.706575393676758,1,2,82,9,male
-5.631762504577637,-12.689604759216309,1,3,82,9,male
-5.8558478355407715,-11.329268455505371,1,4,82,9,male
-6.500326633453369,-9.658126831054688,1,5,82,9,male
-7.165992736816406,-7.7622175216674805,1,6,82,9,male
-8.279803276062012,-4.567521095275879,1,7,82,9,male
10.330345153808594,10.410147666931152,1,8,82,9,male
11.578378677368164,13.926379203796387,1,9,82,9,male
-14.804323196411133,-7.723923683166504,1,0,83,2,female
-14.87568473815918,-7.950112342834473,1,1,83,2,female
-13.906832695007324,-8.84912395477295,1,2,83,2,female
-12.865493774414062,-8.92979907989502,1,3,83,2,female
-12.312148094177246,-7.953502655029297,1,4,83,2,female
-11.408936500549316,-6.3992743492126465,1,5,83,2,female
8.395197868347168,9.916359901428223,1,6,83,2,female
10.226811408996582,12.073684692382812,1,7,83,2,female
11.47141170501709,14.682799339294434,1,8,83,2,female
10.751250267028809,19.07570457458496,1,9,83,2,female
-13.679701805114746,-10.331722259521484,1,0,84,6,female
-13.793722152709961,-10.512012481689453,1,1,84,6,female
-14.604852676391602,-9.99104118347168,1,2,84,6,female
-14.76537799835205,-9.514444351196289,1,3,84,6,female
-14.095076560974121,-8.697460174560547,1,4,84,6,female
-13.525114059448242,-7.069558143615723,1,5,84,6,female
-12.612967491149902,-5.293213844299316,1,6,84,6,female
7.774350643157959,10.505539894104004,1,7,84,6,female
9.63355827331543,12.680886268615723,1,8,84,6,female
10.928142547607422,15.290386199951172,1,9,84,6,female
-6.508063793182373,-11.534316062927246,1,0,85,1,male
-6.392204284667969,-12.362593650817871,1,1,85,1,male
-7.477744102478027,-12.037521362304688,1,2,85,1,male
-7.404195308685303,-11.189483642578125,1,3,85,1,male
-7.1872382164001465,-10.045452117919922,1,4,85,1,male
-7.617626667022705,-8.41002082824707,1,5,85,1,male
-8.88474178314209,-5.405634880065918,1,6,85,1,male
9.50012493133545,10.160853385925293,1,7,85,1,male
11.152809143066406,13.537764549255371,1,8,85,1,male
10.753564834594727,18.9453125,1,9,85,1,male
-12.198390007019043,-11.979997634887695,1,0,86,11,female
-11.958427429199219,-12.624794006347656,1,1,86,11,female
-11.737335205078125,-12.295744895935059,1,2,86,11,female
-11.760042190551758,-11.454529762268066,1,3,86,11,female
-12.033712387084961,-10.159165382385254,1,4,86,11,female
-12.084319114685059,-8.038631439208984,1,5,86,11,female
-11.394006729125977,-5.632875442504883,1,6,86,11,female
8.689791679382324,10.630802154541016,1,7,86,11,female
10.703861236572266,13.770730972290039,1,8,86,11,female
10.622148513793945,19.059980392456055,1,9,86,11,female
-4.595022201538086,-11.600788116455078,1,0,87,7,male
-4.18928337097168,-13.30229663848877,1,1,87,7,male
-4.993613243103027,-12.90098762512207,1,2,87,7,male
-5.796586990356445,-11.188130378723145,1,3,87,7,male
-6.789285182952881,-9.517074584960938,1,4,87,7,male
-8.119047164916992,-7.472092151641846,1,5,87,7,male
-8.600972175598145,-4.1148905754089355,1,6,87,7,male
10.366580963134766,10.94059944152832,1,7,87,7,male
11.624361038208008,14.23497486114502,1,8,87,7,male
10.60415267944336,19.479949951171875,1,9,87,7,male
-12.961950302124023,-10.640380859375,1,0,88,3,female
-13.518827438354492,-11.275933265686035,1,1,88,3,female
-13.745616912841797,-11.306351661682129,1,2,88,3,female
-14.290237426757812,-10.254180908203125,1,3,88,3,female
-13.047856330871582,-8.514519691467285,1,4,88,3,female
-12.457747459411621,-6.038115978240967,1,5,88,3,female
7.793737411499023,10.398802757263184,1,6,88,3,female
9.807371139526367,12.812474250793457,1,7,88,3,female
11.046415328979492,15.378093719482422,1,8,88,3,female
-6.8230061531066895,-10.012436866760254,1,0,89,0,male
-7.023641586303711,-11.473142623901367,1,1,89,0,male
-7.7801289558410645,-11.596749305725098,1,2,89,0,male
-12.673826217651367,-10.920760154724121,1,3,89,0,male
-13.280098915100098,-9.271714210510254,1,4,89,0,male
-12.579236030578613,-7.83416748046875,1,5,89,0,male
-12.329862594604492,-5.5983381271362305,1,6,89,0,male
7.769546031951904,10.476251602172852,1,7,89,0,male
9.867636680603027,12.905014038085938,1,8,89,0,male
11.089640617370605,15.366656303405762,1,9,89,0,male
-5.314496994018555,-10.480196952819824,1,0,90,8,male
-4.958602428436279,-13.017848014831543,1,1,90,8,male
-5.144754409790039,-13.059856414794922,1,2,90,8,male
-6.139863014221191,-12.726935386657715,1,3,90,8,male
-6.140581130981445,-10.44863510131836,1,4,90,8,male
-6.82086181640625,-8.311182975769043,1,5,90,8,male
-8.071619033813477,-5.731752872467041,1,6,90,8,male
9.749818801879883,9.663947105407715,1,7,90,8,male
11.301603317260742,13.188699722290039,1,8,90,8,male
10.485305786132812,19.384716033935547,1,9,90,8,male
-5.666383743286133,-11.362390518188477,1,0,91,9,male
-5.63154411315918,-12.658093452453613,1,1,91,9,male
-5.47335147857666,-12.664990425109863,1,2,91,9,male
-5.482325553894043,-12.709661483764648,1,3,91,9,male
-5.835267543792725,-11.792766571044922,1,4,91,9,male
-5.935487270355225,-10.294032096862793,1,5,91,9,male
-6.7880964279174805,-8.269381523132324,1,6,91,9,male
-7.933706760406494,-6.004682540893555,1,7,91,9,male
9.737995147705078,9.573236465454102,1,8,91,9,male
11.207236289978027,13.17758560180664,1,9,91,9,male
-12.318140029907227,-12.087546348571777,1,0,92,11,female
-12.095455169677734,-12.716429710388184,1,1,92,11,female
-12.093118667602539,-12.716170310974121,1,2,92,11,female
-11.97400188446045,-12.316076278686523,1,3,92,11,female
-11.964301109313965,-11.724930763244629,1,4,92,11,female
-12.009469985961914,-10.637673377990723,1,5,92,11,female
-12.065837860107422,-8.408289909362793,1,6,92,11,female
-11.417614936828613,-6.318716526031494,1,7,92,11,female
8.3765230178833,10.180479049682617,1,8,92,11,female
10.316906929016113,12.68775463104248,1,9,92,11,female
-5.286495685577393,-10.537887573242188,1,0,93,8,male
-5.143989562988281,-13.015142440795898,1,1,93,8,male
-5.611489295959473,-13.014792442321777,1,2,93,8,male
-6.157435417175293,-12.094582557678223,1,3,93,8,male
-6.70910120010376,-9.814472198486328,1,4,93,8,male
-7.524740219116211,-7.868302345275879,1,5,93,8,male
-8.464333534240723,-4.579202175140381,1,6,93,8,male
10.203095436096191,10.431447982788086,1,7,93,8,male
11.470928192138672,13.715520858764648,1,8,93,8,male
10.709209442138672,19.25980567932129,1,9,93,8,male
-13.979007720947266,-10.63502025604248,1,0,94,10,female
-13.982126235961914,-11.155137062072754,1,1,94,10,female
-14.67319393157959,-11.054524421691895,1,2,94,10,female
-15.301156044006348,-10.685554504394531,1,3,94,10,female
-14.910872459411621,-9.839393615722656,1,4,94,10,female
-13.770609855651855,-8.354629516601562,1,5,94,10,female
-12.973013877868652,-6.253570556640625,1,6,94,10,female
-12.035405158996582,-3.8197875022888184,1,7,94,10,female
9.67471694946289,12.752584457397461,1,8,94,10,female
11.080245018005371,15.445069313049316,1,9,94,10,female
-6.870987415313721,-11.51852798461914,1,0,95,1,male
-7.307918548583984,-12.07585334777832,1,1,95,1,male
-7.453590393066406,-11.955720901489258,1,2,95,1,male
-7.4633331298828125,-10.84764289855957,1,3,95,1,male
-7.295507907867432,-9.320755004882812,1,4,95,1,male
-8.033591270446777,-7.699478626251221,1,5,95,1,male
-8.792961120605469,-4.899357795715332,1,6,95,1,male
9.489287376403809,10.109918594360352,1,7,95,1,male
11.17081069946289,12.897370338439941,1,8,95,1,male
11.782155990600586,14.893486022949219,1,9,95,1,male
-6.862029552459717,-11.294902801513672,1,0,96,1,male
-7.263454437255859,-12.077313423156738,1,1,96,1,male
-7.443437576293945,-11.97451400756836,1,2,96,1,male
-7.524993896484375,-11.061352729797363,1,3,96,1,male
-7.287764549255371,-9.367070198059082,1,4,96,1,male
-8.029905319213867,-7.701679229736328,1,5,96,1,male
-8.69632339477539,-4.662895202636719,1,6,96,1,male
9.8274507522583,10.246759414672852,1,7,96,1,male
11.2894287109375,13.02220344543457,1,8,96,1,male
11.828960418701172,14.970870018005371,1,9,96,1,male
-4.541440486907959,-11.69792652130127,1,0,97,7,male
-4.14605188369751,-13.302640914916992,1,1,97,7,male
-4.555496692657471,-12.907580375671387,1,2,97,7,male
-5.823444366455078,-11.283195495605469,1,3,97,7,male
-6.814011096954346,-9.666616439819336,1,4,97,7,male
-7.934471607208252,-7.7958455085754395,1,5,97,7,male
-8.684501647949219,-4.327455997467041,1,6,97,7,male
10.107440948486328,10.718038558959961,1,7,97,7,male
11.365289688110352,13.93729019165039,1,8,97,7,male
10.883462905883789,18.98998260498047,1,9,97,7,male
-13.076103210449219,-10.793243408203125,1,0,98,3,female
-13.697547912597656,-11.242546081542969,1,1,98,3,female
-13.865614891052246,-11.095025062561035,1,2,98,3,female
-14.379748344421387,-10.04105281829834,1,3,98,3,female
-13.228835105895996,-8.467057228088379,1,4,98,3,female
-12.777975082397461,-6.491434574127197,1,5,98,3,female
-11.988703727722168,-3.970736026763916,1,6,98,3,female
9.177286148071289,12.160904884338379,1,7,98,3,female
10.799644470214844,14.883467674255371,1,8,98,3,female
10.524578094482422,19.534698486328125,1,9,98,3,female
-12.447518348693848,-11.946316719055176,1,0,99,11,female
-12.25151538848877,-12.685935974121094,1,1,99,11,female
-12.111621856689453,-12.65467643737793,1,2,99,11,female
-12.421523094177246,-12.047510147094727,1,3,99,11,female
-12.19205379486084,-10.719038009643555,1,4,99,11,female
-12.804692268371582,-8.283514976501465,1,5,99,11,female
-12.329299926757812,-5.6438188552856445,1,6,99,11,female
8.108336448669434,10.751689910888672,1,7,99,11,female
10.189167022705078,13.263603210449219,1,8,99,11,female
11.027581214904785,15.64085578918457,1,9,99,11,female
-5.951911449432373,-9.640482902526855,2,0,100,9,male
-6.282543659210205,-12.823555946350098,2,1,100,9,male
-6.189151763916016,-13.008405685424805,2,2,100,9,male
-6.1897873878479,-12.864466667175293,2,3,100,9,male
-5.860836982727051,-10.972972869873047,2,4,100,9,male
-6.598355770111084,-9.232297897338867,2,5,100,9,male
-7.363023281097412,-7.304982662200928,2,6,100,9,male
-7.945143699645996,-4.15156364440918,2,7,100,9,male
10.757253646850586,10.931782722473145,2,8,100,9,male
11.734487533569336,14.355364799499512,2,9,100,9,male
-5.889422416687012,-9.5484619140625,2,0,101,9,male
-5.789097785949707,-12.883825302124023,2,1,101,9,male
-5.444301605224609,-13.15192985534668,2,2,101,9,male
-5.762155532836914,-12.925342559814453,2,3,101,9,male
-5.709888458251953,-10.793156623840332,2,4,101,9,male
-6.566774368286133,-8.638341903686523,2,5,101,9,male
-7.773566246032715,-6.595214366912842,2,6,101,9,male
9.467817306518555,9.35502815246582,2,7,101,9,male
11.129667282104492,12.38502025604248,2,8,101,9,male
11.717658996582031,14.881768226623535,2,9,101,9,male
-6.105984687805176,-8.882469177246094,2,0,102,8,male
-5.703482151031494,-11.216510772705078,2,1,102,8,male
-6.0106611251831055,-12.899364471435547,2,2,102,8,male
-5.937380790710449,-11.691147804260254,2,3,102,8,male
-6.457624912261963,-9.585956573486328,2,4,102,8,male
-7.206960678100586,-7.232470989227295,2,5,102,8,male
-7.883350372314453,-4.117654800415039,2,6,102,8,male
10.791942596435547,10.959184646606445,2,7,102,8,male
11.722845077514648,14.238481521606445,2,8,102,8,male
10.59394359588623,19.438514709472656,2,9,102,8,male
-5.847752094268799,-9.13235092163086,2,0,103,7,male
-4.576745510101318,-11.927146911621094,2,1,103,7,male
-4.392761707305908,-12.9671049118042,2,2,103,7,male
-4.393711566925049,-12.596942901611328,2,3,103,7,male
-4.97258996963501,-10.76982307434082,2,4,103,7,male
-6.431387424468994,-9.083793640136719,2,5,103,7,male
-7.216892719268799,-7.235659599304199,2,6,103,7,male
-7.903840065002441,-4.228708744049072,2,7,103,7,male
10.730588912963867,10.721962928771973,2,8,103,7,male
11.694730758666992,13.945380210876465,2,9,103,7,male
-6.573469638824463,-8.374650001525879,2,0,104,8,male
-5.781217575073242,-10.815171241760254,2,1,104,8,male
-6.152616500854492,-12.823412895202637,2,2,104,8,male
-6.207546234130859,-12.565383911132812,2,3,104,8,male
-6.354250907897949,-9.937578201293945,2,4,104,8,male
-6.9764204025268555,-7.823441028594971,2,5,104,8,male
-8.045736312866211,-4.763729572296143,2,6,104,8,male
10.400200843811035,10.235124588012695,2,7,104,8,male
11.662867546081543,13.801072120666504,2,8,104,8,male
10.596610069274902,19.449199676513672,2,9,104,8,male
-14.243694305419922,-9.283745765686035,2,0,105,6,female
-15.614581108093262,-10.951367378234863,2,1,105,6,female
-15.662294387817383,-10.847574234008789,2,2,105,6,female
-14.488479614257812,-9.220548629760742,2,3,105,6,female
-13.499978065490723,-7.054050445556641,2,4,105,6,female
-12.337671279907227,-4.490269660949707,2,5,105,6,female
8.750661849975586,11.790724754333496,2,6,105,6,female
10.636338233947754,14.538613319396973,2,7,105,6,female
-7.289371013641357,-10.229080200195312,2,0,106,1,male
-7.064751625061035,-12.021169662475586,2,1,106,1,male
-6.99204683303833,-12.118741989135742,2,2,106,1,male
-7.065659999847412,-10.507387161254883,2,3,106,1,male
-7.487861633300781,-8.644289016723633,2,4,106,1,male
-8.845597267150879,-5.717166423797607,2,5,106,1,male
9.285382270812988,9.974520683288574,2,6,106,1,male
11.073657989501953,12.824368476867676,2,7,106,1,male
11.556175231933594,15.044774055480957,2,8,106,1,male
10.640291213989258,19.41423225402832,2,9,106,1,male
-12.490119934082031,-9.292379379272461,2,0,107,0,male
-13.005438804626465,-12.107256889343262,2,1,107,0,male
-15.668950080871582,-11.124160766601562,2,2,107,0,male
-14.654579162597656,-9.460129737854004,2,3,107,0,male
-13.535741806030273,-7.083465576171875,2,4,107,0,male
-12.451169967651367,-4.606130123138428,2,5,107,0,male
8.736452102661133,11.805865287780762,2,6,107,0,male
10.621307373046875,14.531975746154785,2,7,107,0,male
10.688370704650879,19.48685073852539,2,8,107,0,male
-14.25340461730957,-9.36036491394043,2,0,108,10,female
-15.785843849182129,-11.153412818908691,2,1,108,10,female
-15.8567476272583,-11.22697639465332,2,2,108,10,female
-15.404471397399902,-10.64030647277832,2,3,108,10,female
-14.300605773925781,-8.948995590209961,2,4,108,10,female
-13.033891677856445,-6.915334224700928,2,5,108,10,female
-12.182194709777832,-4.160067558288574,2,6,108,10,female
9.070036888122559,12.130346298217773,2,7,108,10,female
10.86259651184082,14.873241424560547,2,8,108,10,female
10.56286907196045,19.45182991027832,2,9,108,10,female
-15.10181999206543,-7.374082088470459,2,0,109,2,female
-15.871861457824707,-8.23714542388916,2,1,109,2,female
-15.823991775512695,-8.477715492248535,2,2,109,2,female
-14.230192184448242,-9.575479507446289,2,3,109,2,female
-12.600874900817871,-8.018977165222168,2,4,109,2,female
-11.35416030883789,-6.227599143981934,2,5,109,2,female
8.601263999938965,10.021294593811035,2,6,109,2,female
10.611554145812988,12.346282005310059,2,7,109,2,female
11.583783149719238,14.77828598022461,2,8,109,2,female
10.886926651000977,19.455337524414062,2,9,109,2,female
-12.40115737915039,-9.434782981872559,2,0,110,0,male
-12.815034866333008,-12.220885276794434,2,1,110,0,male
-12.990340232849121,-12.267655372619629,2,2,110,0,male
-14.554133415222168,-9.731365203857422,2,3,110,0,male
-13.45187759399414,-7.286271572113037,2,4,110,0,male
-12.432238578796387,-4.688891410827637,2,5,110,0,male
8.64034366607666,11.667784690856934,2,6,110,0,male
10.618847846984863,14.495092391967773,2,7,110,0,male
10.546504020690918,19.505956649780273,2,8,110,0,male
-14.176003456115723,-9.103039741516113,2,0,111,10,female
-15.711451530456543,-11.05871868133545,2,1,111,10,female
-15.856148719787598,-11.201664924621582,2,2,111,10,female
-15.79934310913086,-11.116348266601562,2,3,111,10,female
-14.817926406860352,-9.885394096374512,2,4,111,10,female
-13.377281188964844,-7.870737552642822,2,5,111,10,female
-12.50822639465332,-5.380976676940918,2,6,111,10,female
8.181150436401367,10.86015510559082,2,7,111,10,female
10.323020935058594,13.507139205932617,2,8,111,10,female
10.92005729675293,19.127368927001953,2,9,111,10,female
-5.317683696746826,-10.646076202392578,2,0,112,7,male
-5.346534252166748,-13.091317176818848,2,1,112,7,male
-6.116268157958984,-12.978435516357422,2,2,112,7,male
-6.637707710266113,-12.244688987731934,2,3,112,7,male
-7.149726867675781,-10.464634895324707,2,4,112,7,male
-7.45974588394165,-8.819883346557617,2,5,112,7,male
-8.736457824707031,-6.157283782958984,2,6,112,7,male
9.117511749267578,9.785588264465332,2,7,112,7,male
10.73619556427002,12.303359031677246,2,8,112,7,male
11.69467830657959,14.892086029052734,2,9,112,7,male
-12.554463386535645,-9.114502906799316,2,0,113,3,female
-12.979778289794922,-11.773640632629395,2,1,113,3,female
-12.942822456359863,-12.3020658493042,2,2,113,3,female
-15.311752319335938,-10.949920654296875,2,3,113,3,female
-14.236336708068848,-9.334059715270996,2,4,113,3,female
-12.986270904541016,-7.37462854385376,2,5,113,3,female
-12.134232521057129,-4.686726093292236,2,6,113,3,female
8.739953994750977,11.543219566345215,2,7,113,3,female
10.633003234863281,14.39819049835205,2,8,113,3,female
10.593851089477539,19.507814407348633,2,9,113,3,female
-15.162789344787598,-7.43772554397583,2,0,114,2,female
-15.874603271484375,-8.26582145690918,2,1,114,2,female
-15.701621055603027,-8.494754791259766,2,2,114,2,female
-13.711207389831543,-8.246625900268555,2,3,114,2,female
-12.415016174316406,-6.168429374694824,2,4,114,2,female
8.237217903137207,10.09893798828125,2,5,114,2,female
10.012054443359375,12.142398834228516,2,6,114,2,female
11.473214149475098,14.905509948730469,2,7,114,2,female
10.853482246398926,19.282190322875977,2,8,114,2,female
-14.337186813354492,-9.415472984313965,2,0,115,10,female
-15.834339141845703,-11.187222480773926,2,1,115,10,female
-15.852276802062988,-11.1930513381958,2,2,115,10,female
-15.446452140808105,-10.616830825805664,2,3,115,10,female
-14.369596481323242,-8.944480895996094,2,4,115,10,female
-13.163012504577637,-6.854230880737305,2,5,115,10,female
-12.254616737365723,-4.227150917053223,2,6,115,10,female
9.033275604248047,12.108190536499023,2,7,115,10,female
10.769172668457031,14.914514541625977,2,8,115,10,female
10.497713088989258,19.539533615112305,2,9,115,10,female
-12.519408226013184,-9.37028694152832,2,0,116,3,female
-12.920841217041016,-12.155060768127441,2,1,116,3,female
-12.900755882263184,-12.366872787475586,2,2,116,3,female
-15.312882423400879,-10.885883331298828,2,3,116,3,female
-14.12147331237793,-9.01906681060791,2,4,116,3,female
-12.995673179626465,-7.022136688232422,2,5,116,3,female
-12.129114151000977,-4.199731349945068,2,6,116,3,female
8.998534202575684,11.961583137512207,2,7,116,3,female
10.73582649230957,14.687307357788086,2,8,116,3,female
-5.896547794342041,-9.592647552490234,2,0,117,9,male
-6.1904683113098145,-12.8497953414917,2,1,117,9,male
-6.006601333618164,-13.040715217590332,2,2,117,9,male
-5.982426166534424,-12.839149475097656,2,3,117,9,male
-5.872131824493408,-10.395559310913086,2,4,117,9,male
-6.747803688049316,-8.259994506835938,2,5,117,9,male
-8.072334289550781,-5.659011363983154,2,6,117,9,male
9.804738998413086,9.681441307067871,2,7,117,9,male
11.37018871307373,13.200840950012207,2,8,117,9,male
10.768732070922852,19.147008895874023,2,9,117,9,male
-14.014838218688965,-9.253960609436035,2,0,118,10,female
-15.65149211883545,-11.081551551818848,2,1,118,10,female
-15.852180480957031,-11.224884986877441,2,2,118,10,female
-15.415155410766602,-10.827682495117188,2,3,118,10,female
-14.167874336242676,-9.087645530700684,2,4,118,10,female
-13.010615348815918,-7.028550624847412,2,5,118,10,female
-12.110201835632324,-4.205885887145996,2,6,118,10,female
9.015522956848145,11.954960823059082,2,7,118,10,female
10.707427024841309,14.66932201385498,2,8,118,10,female
10.516286849975586,19.576534271240234,2,9,118,10,female
-14.322245597839355,-9.457498550415039,2,0,119,10,female
-15.837587356567383,-11.200050354003906,2,1,119,10,female
-15.876511573791504,-11.231895446777344,2,2,119,10,female
-15.400666236877441,-10.767419815063477,2,3,119,10,female
-14.052507400512695,-8.948357582092285,2,4,119,10,female
-12.92634391784668,-6.701910018920898,2,5,119,10,female
-11.971811294555664,-4.008145809173584,2,6,119,10,female
9.33670711517334,12.35839557647705,2,7,119,10,female
10.883755683898926,15.021099090576172,2,8,119,10,female
-12.227324485778809,-8.632296562194824,2,0,120,11,female
-12.297012329101562,-11.441349029541016,2,1,120,11,female
-11.955082893371582,-12.520217895507812,2,2,120,11,female
-11.77933120727539,-12.168403625488281,2,3,120,11,female
-11.881319999694824,-11.426186561584473,2,4,120,11,female
-11.977620124816895,-10.388538360595703,2,5,120,11,female
-11.976553916931152,-8.291827201843262,2,6,120,11,female
-11.324349403381348,-6.390720367431641,2,7,120,11,female
8.461027145385742,10.051840782165527,2,8,120,11,female
9.867919921875,12.727853775024414,2,9,120,11,female
-13.65068244934082,-8.656270027160645,2,0,121,6,female
-15.40709114074707,-10.787546157836914,2,1,121,6,female
-15.721193313598633,-10.948552131652832,2,2,121,6,female
-15.311982154846191,-10.237003326416016,2,3,121,6,female
-14.366912841796875,-8.84308910369873,2,4,121,6,female
-13.569890022277832,-6.793903827667236,2,5,121,6,female
-12.334365844726562,-4.2158026695251465,2,6,121,6,female
8.810908317565918,11.950986862182617,2,7,121,6,female
10.661979675292969,14.658768653869629,2,8,121,6,female
-5.895801067352295,-9.648706436157227,2,0,122,9,male
-6.286505222320557,-12.841851234436035,2,1,122,9,male
-6.207610130310059,-13.001066207885742,2,2,122,9,male
-6.30316686630249,-12.830103874206543,2,3,122,9,male
-6.0617594718933105,-10.807186126708984,2,4,122,9,male
-6.747251987457275,-8.802616119384766,2,5,122,9,male
-7.838866710662842,-6.664665699005127,2,6,122,9,male
9.43647289276123,9.324821472167969,2,7,122,9,male
10.994760513305664,11.925862312316895,2,8,122,9,male
11.738048553466797,14.654566764831543,2,9,122,9,male
-6.5894246101379395,-8.437962532043457,2,0,123,8,male
-5.727668762207031,-10.626008987426758,2,1,123,8,male
-6.068026065826416,-12.67973804473877,2,2,123,8,male
-6.002130508422852,-11.80713176727295,2,3,123,8,male
-6.359312057495117,-9.837552070617676,2,4,123,8,male
-7.010344505310059,-7.679686546325684,2,5,123,8,male
-8.02314281463623,-4.750831604003906,2,6,123,8,male
10.466280937194824,10.287017822265625,2,7,123,8,male
11.660573959350586,13.83503246307373,2,8,123,8,male
10.522907257080078,19.483858108520508,2,9,123,8,male
-12.364007949829102,-9.12414264678955,2,0,124,11,female
-12.212919235229492,-11.69733715057373,2,1,124,11,female
-11.910477638244629,-12.457908630371094,2,2,124,11,female
-11.999159812927246,-11.671785354614258,2,3,124,11,female
-12.001559257507324,-10.502838134765625,2,4,124,11,female
-12.10118293762207,-8.834183692932129,2,5,124,11,female
-11.864378929138184,-7.179200649261475,2,6,124,11,female
-11.468405723571777,-4.512688159942627,2,7,124,11,female
9.530815124511719,11.79696273803711,2,8,124,11,female
11.285957336425781,14.44515323638916,2,9,124,11,female
-15.126489639282227,-7.400321960449219,2,0,125,2,female
-15.888274192810059,-8.268149375915527,2,1,125,2,female
-15.830663681030273,-8.465304374694824,2,2,125,2,female
-13.468330383300781,-8.916841506958008,2,3,125,2,female
-12.142532348632812,-7.438632965087891,2,4,125,2,female
-11.337225914001465,-4.9589152336120605,2,5,125,2,female
9.293331146240234,11.331321716308594,2,6,125,2,female
11.189139366149902,14.176349639892578,2,7,125,2,female
10.589540481567383,19.14991569519043,2,8,125,2,female
-6.093982219696045,-9.086445808410645,2,0,126,8,male
-5.91793155670166,-11.332734107971191,2,1,126,8,male
-6.273596286773682,-12.80223560333252,2,2,126,8,male
-5.9962968826293945,-11.507492065429688,2,3,126,8,male
-6.620007038116455,-9.485715866088867,2,4,126,8,male
-7.54827880859375,-7.07767391204834,2,5,126,8,male
-7.9300360679626465,-3.992438316345215,2,6,126,8,male
10.859475135803223,11.431270599365234,2,7,126,8,male
11.739876747131348,14.564892768859863,2,8,126,8,male
-15.1614990234375,-7.415117263793945,2,0,127,2,female
-15.876790046691895,-8.32580280303955,2,1,127,2,female
-15.715716361999512,-8.571483612060547,2,2,127,2,female
-13.491628646850586,-8.451238632202148,2,3,127,2,female
-11.982244491577148,-6.653855800628662,2,4,127,2,female
8.338735580444336,9.967721939086914,2,5,127,2,female
10.183403968811035,12.082817077636719,2,6,127,2,female
11.413496971130371,14.666216850280762,2,7,127,2,female
-14.22615909576416,-9.271806716918945,2,0,128,10,female
-15.776741027832031,-11.154815673828125,2,1,128,10,female
-15.858905792236328,-11.229769706726074,2,2,128,10,female
-15.711158752441406,-11.028003692626953,2,3,128,10,female
-14.521836280822754,-9.457334518432617,2,4,128,10,female
-13.218679428100586,-7.40537691116333,2,5,128,10,female
-12.282489776611328,-4.7316813468933105,2,6,128,10,female
8.644545555114746,11.510807991027832,2,7,128,10,female
10.581859588623047,14.411724090576172,2,8,128,10,female
10.664234161376953,19.536203384399414,2,9,128,10,female
-14.198870658874512,-9.28042221069336,2,0,129,10,female
-15.7615385055542,-11.139933586120605,2,1,129,10,female
-15.877574920654297,-11.229965209960938,2,2,129,10,female
-15.580143928527832,-10.862768173217773,2,3,129,10,female
-14.465900421142578,-9.257043838500977,2,4,129,10,female
-13.323041915893555,-7.167686462402344,2,5,129,10,female
-12.219346046447754,-4.499263763427734,2,6,129,10,female
8.803132057189941,11.727030754089355,2,7,129,10,female
10.654794692993164,14.494526863098145,2,8,129,10,female
10.769957542419434,19.276636123657227,2,9,129,10,female
-6.227108478546143,-8.862510681152344,2,0,130,8,male
-5.786966323852539,-11.267768859863281,2,1,130,8,male
-6.172820091247559,-12.762187957763672,2,2,130,8,male
-5.960141658782959,-11.4747896194458,2,3,130,8,male
-6.528122425079346,-9.58362865447998,2,4,130,8,male
-7.181008338928223,-7.243937969207764,2,5,130,8,male
-7.895823001861572,-4.116602897644043,2,6,130,8,male
10.81371021270752,10.984312057495117,2,7,130,8,male
11.7441987991333,14.309497833251953,2,8,130,8,male
10.746291160583496,19.362567901611328,2,9,130,8,male
-14.198426246643066,-9.363166809082031,2,0,131,6,female
-15.524327278137207,-10.91650676727295,2,1,131,6,female
-15.445000648498535,-10.635720252990723,2,2,131,6,female
-14.333136558532715,-8.99429702758789,2,3,131,6,female
-13.090606689453125,-6.708754062652588,2,4,131,6,female
-12.072994232177734,-4.0199360847473145,2,5,131,6,female
9.331149101257324,12.38100814819336,2,6,131,6,female
10.850440979003906,15.036763191223145,2,7,131,6,female
-15.223864555358887,-7.464321136474609,2,0,132,2,female
-15.858392715454102,-8.226155281066895,2,1,132,2,female
-15.756171226501465,-8.396809577941895,2,2,132,2,female
-13.880964279174805,-9.119909286499023,2,3,132,2,female
-12.449456214904785,-7.673638820648193,2,4,132,2,female
-11.516437530517578,-5.9764275550842285,2,5,132,2,female
8.43282413482666,10.152406692504883,2,6,132,2,female
10.365545272827148,12.26368522644043,2,7,132,2,female
11.520112037658691,14.873452186584473,2,8,132,2,female
10.809248924255371,19.501041412353516,2,9,132,2,female
-6.113137245178223,-8.727911949157715,2,0,133,7,male
-4.934389591217041,-11.539117813110352,2,1,133,7,male
-5.014924049377441,-13.130494117736816,2,2,133,7,male
-5.567662715911865,-12.996308326721191,2,3,133,7,male
-5.980947971343994,-11.201009750366211,2,4,133,7,male
-6.917081832885742,-9.774198532104492,2,5,133,7,male
-7.877364635467529,-7.824521541595459,2,6,133,7,male
-8.647744178771973,-4.571976184844971,2,7,133,7,male
9.915977478027344,10.325746536254883,2,8,133,7,male
11.437026977539062,13.828958511352539,2,9,133,7,male
-12.050640106201172,-8.165292739868164,2,0,134,11,female
-12.330360412597656,-10.93592357635498,2,1,134,11,female
-12.056185722351074,-12.661835670471191,2,2,134,11,female
-12.006387710571289,-12.658910751342773,2,3,134,11,female
-11.934082984924316,-11.74772834777832,2,4,134,11,female
-12.03769588470459,-10.671051979064941,2,5,134,11,female
-12.116050720214844,-8.976546287536621,2,6,134,11,female
-11.776992797851562,-7.167678356170654,2,7,134,11,female
-11.49208927154541,-4.3898115158081055,2,8,134,11,female
9.611104965209961,12.084476470947266,2,9,134,11,female
-13.749205589294434,-8.909685134887695,2,0,135,6,female
-15.42732048034668,-10.89078140258789,2,1,135,6,female
-15.718558311462402,-11.011176109313965,2,2,135,6,female
-15.383801460266113,-10.369436264038086,2,3,135,6,female
-14.513330459594727,-8.93477725982666,2,4,135,6,female
-13.594194412231445,-6.937438011169434,2,5,135,6,female
-12.427087783813477,-4.44924783706665,2,6,135,6,female
8.78030776977539,11.937712669372559,2,7,135,6,female
10.611427307128906,14.556275367736816,2,8,135,6,female
-5.655613422393799,-9.51417350769043,2,0,136,7,male
-4.593001365661621,-12.437978744506836,2,1,136,7,male
-4.865870952606201,-13.076643943786621,2,2,136,7,male
-5.777678489685059,-11.500396728515625,2,3,136,7,male
-6.602831840515137,-9.710211753845215,2,4,136,7,male
-7.354462623596191,-7.820029258728027,2,5,136,7,male
-8.452520370483398,-4.673925399780273,2,6,136,7,male
9.923171043395996,10.26262092590332,2,7,136,7,male
11.486553192138672,13.70934009552002,2,8,136,7,male
10.850630760192871,19.08856201171875,2,9,136,7,male
-12.294089317321777,-9.09298324584961,2,0,137,0,male
-12.6223783493042,-11.816364288330078,2,1,137,0,male
-12.786739349365234,-12.44736385345459,2,2,137,0,male
-15.40282154083252,-10.865344047546387,2,3,137,0,male
-14.127228736877441,-8.869524955749512,2,4,137,0,male
-13.017959594726562,-6.426646709442139,2,5,137,0,male
-12.031516075134277,-3.8808107376098633,2,6,137,0,male
9.665529251098633,12.687732696533203,2,7,137,0,male
10.959490776062012,15.318384170532227,2,8,137,0,male
11.06238079071045,19.1685791015625,2,9,137,0,male
-6.681994438171387,-8.217103958129883,2,0,138,8,male
-5.683454513549805,-10.6393404006958,2,1,138,8,male
-6.126235485076904,-12.930258750915527,2,2,138,8,male
-6.205020904541016,-12.645681381225586,2,3,138,8,male
-6.198696613311768,-10.215642929077148,2,4,138,8,male
-6.91393518447876,-7.94563102722168,2,5,138,8,male
-8.076990127563477,-5.075361728668213,2,6,138,8,male
10.18646240234375,9.962023735046387,2,7,138,8,male
11.55808162689209,13.477322578430176,2,8,138,8,male
10.657608985900879,19.418176651000977,2,9,138,8,male
-12.035187721252441,-8.241205215454102,2,0,139,11,female
-12.248952865600586,-11.0525541305542,2,1,139,11,female
-12.01923942565918,-12.676332473754883,2,2,139,11,female
-11.934043884277344,-12.661693572998047,2,3,139,11,female
-11.852544784545898,-12.12294864654541,2,4,139,11,female
-12.09103775024414,-10.725750923156738,2,5,139,11,female
-12.113078117370605,-9.044276237487793,2,6,139,11,female
-11.908805847167969,-7.335768699645996,2,7,139,11,female
-11.41458511352539,-4.668368339538574,2,8,139,11,female
9.199211120605469,11.508978843688965,2,9,139,11,female
-15.110172271728516,-7.421430587768555,2,0,140,2,female
-15.905420303344727,-8.328007698059082,2,1,140,2,female
-15.759581565856934,-8.558696746826172,2,2,140,2,female
-13.983695983886719,-9.289743423461914,2,3,140,2,female
-12.432795524597168,-7.685064315795898,2,4,140,2,female
-11.386902809143066,-5.293413162231445,2,5,140,2,female
8.82023811340332,10.70799446105957,2,6,140,2,female
10.961983680725098,13.458039283752441,2,7,140,2,female
10.950531959533691,18.840084075927734,2,8,140,2,female
10.535971641540527,19.5184326171875,2,9,140,2,female
-7.444304466247559,-10.357136726379395,2,0,141,1,male
-7.256962776184082,-12.058282852172852,2,1,141,1,male
-7.203368186950684,-12.03560733795166,2,2,141,1,male
-7.229022026062012,-10.422342300415039,2,3,141,1,male
-7.595457077026367,-8.50425910949707,2,4,141,1,male
-8.889575004577637,-5.377121448516846,2,5,141,1,male
9.509052276611328,10.1235933303833,2,6,141,1,male
11.087850570678711,13.309488296508789,2,7,141,1,male
10.776010513305664,18.84886932373047,2,8,141,1,male
-15.208399772644043,-7.446189880371094,2,0,142,2,female
-15.88277816772461,-8.203474998474121,2,1,142,2,female
-15.02164077758789,-8.966020584106445,2,2,142,2,female
-13.554900169372559,-8.204390525817871,2,3,142,2,female
-12.261035919189453,-6.242882251739502,2,4,142,2,female
8.298019409179688,10.037824630737305,2,5,142,2,female
10.162714004516602,12.10185718536377,2,6,142,2,female
11.490732192993164,14.785283088684082,2,7,142,2,female
10.646207809448242,19.50956916809082,2,8,142,2,female
-5.999408721923828,-9.078887939453125,2,0,143,8,male
-5.610269546508789,-11.5094633102417,2,1,143,8,male
-6.126101970672607,-12.839327812194824,2,2,143,8,male
-5.966894626617432,-11.60428237915039,2,3,143,8,male
-6.562500953674316,-9.611949920654297,2,4,143,8,male
-7.422893524169922,-7.183469772338867,2,5,143,8,male
-7.90428352355957,-4.077889442443848,2,6,143,8,male
10.82012939453125,11.086202621459961,2,7,143,8,male
11.770349502563477,14.335700988769531,2,8,143,8,male
10.598922729492188,19.44780158996582,2,9,143,8,male
-15.238883972167969,-7.452047348022461,2,0,144,2,female
-15.859609603881836,-8.21555233001709,2,1,144,2,female
-15.549405097961426,-8.583761215209961,2,2,144,2,female
-13.660589218139648,-8.345087051391602,2,3,144,2,female
-12.369619369506836,-6.3993144035339355,2,4,144,2,female
-11.537871360778809,-4.337734699249268,2,5,144,2,female
9.595343589782715,11.902809143066406,2,6,144,2,female
11.112147331237793,14.891196250915527,2,7,144,2,female
10.872743606567383,19.38420867919922,2,8,144,2,female
-5.85372257232666,-9.811569213867188,2,0,145,9,male
-6.094529628753662,-12.973207473754883,2,1,145,9,male
-5.95442533493042,-13.062158584594727,2,2,145,9,male
-5.901330471038818,-12.932841300964355,2,3,145,9,male
-5.723321437835693,-11.148683547973633,2,4,145,9,male
-6.445018291473389,-9.373311996459961,2,5,145,9,male
-7.304215908050537,-7.414218425750732,2,6,145,9,male
-8.10816478729248,-4.329102039337158,2,7,145,9,male
10.522503852844238,10.605864524841309,2,8,145,9,male
11.690641403198242,14.194311141967773,2,9,145,9,male
-5.8932366371154785,-9.512877464294434,2,0,146,9,male
-6.1234917640686035,-12.858570098876953,2,1,146,9,male
-5.955351829528809,-13.120217323303223,2,2,146,9,male
-5.895183563232422,-12.872641563415527,2,3,146,9,male
-5.772472858428955,-10.733631134033203,2,4,146,9,male
-6.603056907653809,-8.644811630249023,2,5,146,9,male
-7.794292449951172,-6.577728748321533,2,6,146,9,male
9.43823528289795,9.327515602111816,2,7,146,9,male
11.118708610534668,12.356407165527344,2,8,146,9,male
11.762166023254395,14.889719009399414,2,9,146,9,male
-12.296239852905273,-9.081659317016602,2,0,147,11,female
-12.47765064239502,-11.97339153289795,2,1,147,11,female
-12.2640962600708,-12.669281005859375,2,2,147,11,female
-12.451515197753906,-12.464174270629883,2,3,147,11,female
-12.195725440979004,-11.234551429748535,2,4,147,11,female
-12.441947937011719,-9.212342262268066,2,5,147,11,female
-12.090147972106934,-7.39000940322876,2,6,147,11,female
-11.511269569396973,-4.634427070617676,2,7,147,11,female
9.271173477172852,11.847075462341309,2,8,147,11,female
10.776141166687012,14.585371017456055,2,9,147,11,female
-13.895743370056152,-9.493556022644043,2,0,148,3,female
-13.13015365600586,-12.110608100891113,2,1,148,3,female
-15.725214004516602,-11.280252456665039,2,2,148,3,female
-15.34394645690918,-10.741817474365234,2,3,148,3,female
-14.144824981689453,-9.036627769470215,2,4,148,3,female
-12.940268516540527,-6.971828937530518,2,5,148,3,female
-12.081903457641602,-4.46403169631958,2,6,148,3,female
8.939460754394531,11.707072257995605,2,7,148,3,female
10.708447456359863,14.578009605407715,2,8,148,3,female
-15.132563591003418,-7.389171600341797,2,0,149,2,female
-15.889409065246582,-8.177419662475586,2,1,149,2,female
-15.795769691467285,-8.430342674255371,2,2,149,2,female
-13.99494457244873,-8.84438705444336,2,3,149,2,female
-12.542295455932617,-7.096855163574219,2,4,149,2,female
-11.459856986999512,-4.702439308166504,2,5,149,2,female
9.30062484741211,11.500554084777832,2,6,149,2,female
11.094646453857422,14.393075942993164,2,7,149,2,female
10.632144927978516,19.17976951599121,2,8,149,2,female
-12.041826248168945,-7.818713665008545,3,0,150,0,male
-12.388825416564941,-10.426250457763672,3,1,150,0,male
-12.752998352050781,-12.376632690429688,3,2,150,0,male
-12.984601974487305,-12.379154205322266,3,3,150,0,male
-15.629446983337402,-10.85117244720459,3,4,150,0,male
-14.673251152038574,-9.343955039978027,3,5,150,0,male
-13.539909362792969,-7.148807525634766,3,6,150,0,male
-12.517982482910156,-4.844747066497803,3,7,150,0,male
8.609000205993652,11.663463592529297,3,8,150,0,male
10.580556869506836,14.406632423400879,3,9,150,0,male
-7.267515182495117,-7.18421745300293,3,0,151,7,male
-5.3856329917907715,-9.986699104309082,3,1,151,7,male
-4.363313674926758,-12.999489784240723,3,2,151,7,male
-4.651556015014648,-13.153962135314941,3,3,151,7,male
-6.040603160858154,-12.792831420898438,3,4,151,7,male
-7.028077602386475,-10.543505668640137,3,5,151,7,male
-7.438294887542725,-8.852569580078125,3,6,151,7,male
-8.814146041870117,-5.96884822845459,3,7,151,7,male
9.140829086303711,9.899602890014648,3,8,151,7,male
10.893561363220215,12.657876014709473,3,9,151,7,male
-12.005642890930176,-8.126959800720215,3,0,152,0,male
-12.074480056762695,-10.974108695983887,3,1,152,0,male
-11.859012603759766,-12.63158130645752,3,2,152,0,male
-12.10235595703125,-12.595136642456055,3,3,152,0,male
-15.185604095458984,-10.814963340759277,3,4,152,0,male
-14.301253318786621,-8.929900169372559,3,5,152,0,male
-13.467384338378906,-6.568578243255615,3,6,152,0,male
-12.274612426757812,-4.066514015197754,3,7,152,0,male
9.319621086120605,12.414327621459961,3,8,152,0,male
10.819939613342285,15.013704299926758,3,9,152,0,male
-12.34744930267334,-11.043986320495605,3,0,153,11,female
-12.500718116760254,-12.590018272399902,3,1,153,11,female
-12.448152542114258,-12.633173942565918,3,2,153,11,female
-12.645973205566406,-12.452811241149902,3,3,153,11,female
-12.284523963928223,-11.098586082458496,3,4,153,11,female
-12.598611831665039,-9.198148727416992,3,5,153,11,female
-12.529295921325684,-7.495832920074463,3,6,153,11,female
-11.929651260375977,-4.917170524597168,3,7,153,11,female
8.708624839782715,11.309826850891113,3,8,153,11,female
10.674825668334961,14.304734230041504,3,9,153,11,female
-7.110790252685547,-8.852351188659668,3,0,154,1,male
-6.985047817230225,-11.444846153259277,3,1,154,1,male
-7.136661529541016,-12.090677261352539,3,2,154,1,male
-7.094615936279297,-11.8988037109375,3,3,154,1,male
-7.153359889984131,-10.247560501098633,3,4,154,1,male
-7.631751537322998,-8.393928527832031,3,5,154,1,male
-8.89885139465332,-5.44624137878418,3,6,154,1,male
9.355180740356445,10.157702445983887,3,7,154,1,male
10.9011869430542,13.151110649108887,3,8,154,1,male
10.980506896972656,18.641855239868164,3,9,154,1,male
-15.431014060974121,-10.903958320617676,3,0,155,10,female
-15.830355644226074,-11.188987731933594,3,1,155,10,female
-15.755903244018555,-11.07540225982666,3,2,155,10,female
-15.258502006530762,-10.2991943359375,3,3,155,10,female
-14.253096580505371,-8.90296459197998,3,4,155,10,female
-13.26440715789795,-6.90485954284668,3,5,155,10,female
-12.25832748413086,-4.282962322235107,3,6,155,10,female
8.918302536010742,11.886058807373047,3,7,155,10,female
10.65931224822998,14.598237991333008,3,8,155,10,female
10.548867225646973,19.528841018676758,3,9,155,10,female
-12.211305618286133,-8.654476165771484,3,0,156,0,male
-12.549727439880371,-11.473020553588867,3,1,156,0,male
-12.679242134094238,-12.500510215759277,3,2,156,0,male
-12.946975708007812,-12.332476615905762,3,3,156,0,male
-15.289344787597656,-10.532171249389648,3,4,156,0,male
-13.979257583618164,-8.558126449584961,3,5,156,0,male
-13.240791320800781,-6.52632999420166,3,6,156,0,male
-12.185649871826172,-4.039005279541016,3,7,156,0,male
9.287135124206543,12.343535423278809,3,8,156,0,male
10.873028755187988,15.088346481323242,3,9,156,0,male
-6.213141918182373,-8.993227005004883,3,0,157,7,male
-4.571488380432129,-11.539250373840332,3,1,157,7,male
-4.393374443054199,-12.963932037353516,3,2,157,7,male
-5.219104766845703,-12.643094062805176,3,3,157,7,male
-6.158036231994629,-10.830221176147461,3,4,157,7,male
-7.160877227783203,-9.032695770263672,3,5,157,7,male
-8.26655387878418,-7.240908622741699,3,6,157,7,male
-8.459484100341797,-3.9006686210632324,3,7,157,7,male
10.662367820739746,11.48187255859375,3,8,157,7,male
11.699822425842285,14.481891632080078,3,9,157,7,male
-15.061932563781738,-7.565876483917236,3,0,158,2,female
-15.887311935424805,-8.409735679626465,3,1,158,2,female
-15.860519409179688,-8.484493255615234,3,2,158,2,female
-14.613886833190918,-9.686461448669434,3,3,158,2,female
-12.779963493347168,-8.67282772064209,3,4,158,2,female
-11.909711837768555,-7.220028877258301,3,5,158,2,female
-11.301406860351562,-4.838122367858887,3,6,158,2,female
9.656004905700684,11.533281326293945,3,7,158,2,female
11.390363693237305,14.399078369140625,3,8,158,2,female
10.936302185058594,19.065731048583984,3,9,158,2,female
-5.895727634429932,-9.87312126159668,3,0,159,9,male
-6.186097145080566,-12.943522453308105,3,1,159,9,male
-6.149157524108887,-13.015414237976074,3,2,159,9,male
-6.314733505249023,-12.753034591674805,3,3,159,9,male
-5.902715682983398,-11.231767654418945,3,4,159,9,male
-6.374001502990723,-9.763358116149902,3,5,159,9,male
-7.076251983642578,-7.877529144287109,3,6,159,9,male
-8.30168628692627,-4.903631210327148,3,7,159,9,male
10.03174877166748,10.115029335021973,3,8,159,9,male
11.462057113647461,13.64046573638916,3,9,159,9,male
-15.041813850402832,-7.343770503997803,3,0,160,2,female
-15.73044490814209,-7.9907026290893555,3,1,160,2,female
-15.841387748718262,-8.218952178955078,3,2,160,2,female
-14.647915840148926,-9.155601501464844,3,3,160,2,female
-13.039131164550781,-8.31999683380127,3,4,160,2,female
-11.921262741088867,-7.061648368835449,3,5,160,2,female
-11.391912460327148,-4.634862899780273,3,6,160,2,female
9.60075855255127,11.755702018737793,3,7,160,2,female
11.147912979125977,14.480260848999023,3,8,160,2,female
10.606213569641113,19.437231063842773,3,9,160,2,female
-12.25389575958252,-8.95235824584961,3,0,161,0,male
-12.595036506652832,-11.651663780212402,3,1,161,0,male
-12.696100234985352,-12.50901985168457,3,2,161,0,male
-12.881534576416016,-12.372579574584961,3,3,161,0,male
-15.356040000915527,-10.794797897338867,3,4,161,0,male
-14.50593090057373,-9.071956634521484,3,5,161,0,male
-13.494873046875,-7.032135009765625,3,6,161,0,male
-12.33959674835205,-4.33888578414917,3,7,161,0,male
8.80314826965332,11.9360933303833,3,8,161,0,male
10.672402381896973,14.649848937988281,3,9,161,0,male
-12.363709449768066,-9.497368812561035,3,0,162,11,female
-12.638541221618652,-12.461153030395508,3,1,162,11,female
-12.555520057678223,-12.631574630737305,3,2,162,11,female
-12.573393821716309,-12.586273193359375,3,3,162,11,female
-12.602156639099121,-12.11473274230957,3,4,162,11,female
-12.230987548828125,-11.040407180786133,3,5,162,11,female
-12.548236846923828,-9.053121566772461,3,6,162,11,female
-11.898503303527832,-7.043406009674072,3,7,162,11,female
-11.714132308959961,-4.197785377502441,3,8,162,11,female
9.421342849731445,12.229642868041992,3,9,162,11,female
-15.403145790100098,-10.881460189819336,3,0,163,10,female
-15.828997611999512,-11.18224811553955,3,1,163,10,female
-15.559385299682617,-10.932151794433594,3,2,163,10,female
-14.826187133789062,-9.94307804107666,3,3,163,10,female
-13.644822120666504,-8.358677864074707,3,4,163,10,female
-12.830995559692383,-6.578875541687012,3,5,163,10,female
-11.975822448730469,-4.052289962768555,3,6,163,10,female
9.297098159790039,12.27475357055664,3,7,163,10,female
10.849957466125488,14.977670669555664,3,8,163,10,female
-7.002075672149658,-9.03677749633789,3,0,164,1,male
-7.0882697105407715,-11.539331436157227,3,1,164,1,male
-7.151797771453857,-12.065713882446289,3,2,164,1,male
-7.080528736114502,-11.7813138961792,3,3,164,1,male
-7.187087059020996,-10.154229164123535,3,4,164,1,male
-7.70399284362793,-8.313251495361328,3,5,164,1,male
-8.892306327819824,-5.12094783782959,3,6,164,1,male
9.794086456298828,10.281192779541016,3,7,164,1,male
11.415824890136719,13.83910083770752,3,8,164,1,male
10.84485149383545,19.25692367553711,3,9,164,1,male
-15.031518936157227,-7.385662078857422,3,0,165,2,female
-15.875415802001953,-8.318560600280762,3,1,165,2,female
-15.906341552734375,-8.41883659362793,3,2,165,2,female
-14.597356796264648,-9.682580947875977,3,3,165,2,female
-12.86703872680664,-8.770010948181152,3,4,165,2,female
-11.970996856689453,-7.169454574584961,3,5,165,2,female
-11.336860656738281,-4.8902106285095215,3,6,165,2,female
9.56521224975586,11.648144721984863,3,7,165,2,female
11.305536270141602,14.447640419006348,3,8,165,2,female
10.554340362548828,19.5504093170166,3,9,165,2,female
-6.895590305328369,-7.59550666809082,3,0,166,7,male
-5.225487232208252,-10.477519035339355,3,1,166,7,male
-4.576057434082031,-12.993812561035156,3,2,166,7,male
-4.7460784912109375,-12.925810813903809,3,3,166,7,male
-5.611377716064453,-11.018227577209473,3,4,166,7,male
-6.484291076660156,-9.211605072021484,3,5,166,7,male
-7.156463146209717,-7.245987415313721,3,6,166,7,male
-7.8996901512146,-4.1934099197387695,3,7,166,7,male
10.749348640441895,10.743943214416504,3,8,166,7,male
11.811893463134766,14.261301040649414,3,9,166,7,male
-7.173401832580566,-9.473443984985352,3,0,167,1,male
-7.07811164855957,-11.785650253295898,3,1,167,1,male
-7.168704032897949,-12.074792861938477,3,2,167,1,male
-7.087277412414551,-11.924538612365723,3,3,167,1,male
-7.197012424468994,-10.324456214904785,3,4,167,1,male
-7.579378128051758,-8.49660873413086,3,5,167,1,male
-8.856184959411621,-5.350591659545898,3,6,167,1,male
9.654627799987793,10.139461517333984,3,7,167,1,male
11.068693161010742,13.724781036376953,3,8,167,1,male
10.875447273254395,18.84300422668457,3,9,167,1,male
-15.399407386779785,-10.93464183807373,3,0,168,6,female
-15.350400924682617,-10.85265064239502,3,1,168,6,female
-14.02029037475586,-8.973767280578613,3,2,168,6,female
-12.870983123779297,-6.6009016036987305,3,3,168,6,female
-11.998041152954102,-3.969233751296997,3,4,168,6,female
9.436965942382812,12.471138954162598,3,5,168,6,female
10.924503326416016,15.164897918701172,3,6,168,6,female
-15.373462677001953,-10.859057426452637,3,0,169,6,female
-15.743924140930176,-11.130383491516113,3,1,169,6,female
-15.622795104980469,-10.82902717590332,3,2,169,6,female
-15.196950912475586,-10.090887069702148,3,3,169,6,female
-14.373089790344238,-8.89302921295166,3,4,169,6,female
-13.284528732299805,-7.10597562789917,3,5,169,6,female
-12.24095630645752,-4.520746231079102,3,6,169,6,female
8.736795425415039,11.630159378051758,3,7,169,6,female
10.639718055725098,14.403501510620117,3,8,169,6,female
10.736923217773438,19.45893669128418,3,9,169,6,female
-11.910635948181152,-7.427921295166016,3,0,170,1,male
-7.563486099243164,-8.658285140991211,3,1,170,1,male
-7.441133975982666,-10.945465087890625,3,2,170,1,male
-7.254993438720703,-12.12075138092041,3,3,170,1,male
-7.224846839904785,-12.072731971740723,3,4,170,1,male
-7.247802257537842,-10.78608226776123,3,5,170,1,male
-7.253419876098633,-9.419145584106445,3,6,170,1,male
-8.215147018432617,-7.44857120513916,3,7,170,1,male
-8.634257316589355,-4.07644510269165,3,8,170,1,male
10.31147289276123,10.995222091674805,3,9,170,1,male
-5.920777320861816,-9.737491607666016,3,0,171,9,male
-6.37909460067749,-12.737222671508789,3,1,171,9,male
-6.36837100982666,-12.825340270996094,3,2,171,9,male
-6.656017303466797,-12.204227447509766,3,3,171,9,male
-6.152652740478516,-10.214179992675781,3,4,171,9,male
-6.9342803955078125,-8.421339988708496,3,5,171,9,male
-8.11886978149414,-5.850282192230225,3,6,171,9,male
9.629206657409668,9.5390043258667,3,7,171,9,male
11.232500076293945,12.825054168701172,3,8,171,9,male
11.779396057128906,14.822484016418457,3,9,171,9,male
-7.49618673324585,-7.075509548187256,3,0,172,7,male
-5.535855293273926,-9.567115783691406,3,1,172,7,male
-4.222663402557373,-13.029775619506836,3,2,172,7,male
-4.653170108795166,-13.16523551940918,3,3,172,7,male
-6.044297218322754,-12.26214599609375,3,4,172,7,male
-7.047181129455566,-10.263260841369629,3,5,172,7,male
-7.593265533447266,-8.532535552978516,3,6,172,7,male
-8.87847900390625,-5.514319896697998,3,7,172,7,male
9.460278511047363,10.086551666259766,3,8,172,7,male
11.197762489318848,12.9610595703125,3,9,172,7,male
-7.105706691741943,-7.695870399475098,3,0,173,8,male
-5.832737445831299,-10.405840873718262,3,1,173,8,male
-6.206881999969482,-12.950212478637695,3,2,173,8,male
-6.157322406768799,-12.933019638061523,3,3,173,8,male
-5.878190994262695,-11.090871810913086,3,4,173,8,male
-6.6732916831970215,-8.689447402954102,3,5,173,8,male
-7.902607440948486,-6.346363544464111,3,6,173,8,male
9.682561874389648,9.549904823303223,3,7,173,8,male
10.953207015991211,13.411956787109375,3,8,173,8,male
10.914499282836914,19.033037185668945,3,9,173,8,male
-12.13936996459961,-8.529101371765137,3,0,174,0,male
-12.47317123413086,-11.299572944641113,3,1,174,0,male
-12.65661334991455,-12.511085510253906,3,2,174,0,male
-12.881630897521973,-12.374836921691895,3,3,174,0,male
-15.363256454467773,-10.719223976135254,3,4,174,0,male
-14.104608535766602,-8.773270606994629,3,5,174,0,male
-13.182246208190918,-6.444025039672852,3,6,174,0,male
-12.113780975341797,-3.8845367431640625,3,7,174,0,male
9.459280967712402,12.547757148742676,3,8,174,0,male
10.98582935333252,15.286721229553223,3,9,174,0,male
-15.448050498962402,-10.929108619689941,3,0,175,6,female
-15.812573432922363,-11.128703117370605,3,1,175,6,female
-15.502202987670898,-10.541961669921875,3,2,175,6,female
-14.658632278442383,-9.114901542663574,3,3,175,6,female
-13.58791446685791,-7.106245040893555,3,4,175,6,female
-12.591353416442871,-4.947694778442383,3,5,175,6,female
8.204297065734863,10.970832824707031,3,6,175,6,female
10.146512985229492,13.29990005493164,3,7,175,6,female
11.024801254272461,15.619291305541992,3,8,175,6,female
-15.096254348754883,-7.502070426940918,3,0,176,2,female
-15.912446975708008,-8.402932167053223,3,1,176,2,female
-15.87535572052002,-8.452006340026855,3,2,176,2,female
-14.500049591064453,-9.408514022827148,3,3,176,2,female
-12.739456176757812,-8.101370811462402,3,4,176,2,female
-11.43244743347168,-6.370246410369873,3,5,176,2,female
8.38837718963623,9.92593002319336,3,6,176,2,female
10.290216445922852,12.066883087158203,3,7,176,2,female
11.577141761779785,14.654302597045898,3,8,176,2,female
10.72219467163086,19.23099136352539,3,9,176,2,female
-12.198418617248535,-9.056085586547852,3,0,177,0,male
-12.210349082946777,-11.68310546875,3,1,177,0,male
-12.46826457977295,-12.61666202545166,3,2,177,0,male
-12.767438888549805,-12.50035572052002,3,3,177,0,male
-15.323720932006836,-10.731474876403809,3,4,177,0,male
-14.335210800170898,-8.8641357421875,3,5,177,0,male
-13.206109046936035,-6.508218765258789,3,6,177,0,male
-12.15405559539795,-3.9153223037719727,3,7,177,0,male
9.38341236114502,12.477560043334961,3,8,177,0,male
10.88740062713623,15.135443687438965,3,9,177,0,male
-13.141672134399414,-11.647480964660645,3,0,178,3,female
-15.347371101379395,-11.223762512207031,3,1,178,3,female
-15.271553993225098,-10.4629545211792,3,2,178,3,female
-14.544334411621094,-9.035338401794434,3,3,178,3,female
-13.571285247802734,-7.115157604217529,3,4,178,3,female
-12.594386100769043,-4.949347496032715,3,5,178,3,female
8.365644454956055,11.220782279968262,3,6,178,3,female
10.48182201385498,14.428860664367676,3,7,178,3,female
10.720471382141113,19.482938766479492,3,8,178,3,female
10.605173110961914,19.51390266418457,3,9,178,3,female
-5.758659839630127,-10.590553283691406,3,0,179,8,male
-6.095097541809082,-12.894124031066895,3,1,179,8,male
-6.235047817230225,-12.856760025024414,3,2,179,8,male
-6.024879455566406,-11.047957420349121,3,3,179,8,male
-6.880313873291016,-8.882733345031738,3,4,179,8,male
-7.940645694732666,-6.403090000152588,3,5,179,8,male
9.536966323852539,9.534488677978516,3,6,179,8,male
11.145293235778809,12.986639976501465,3,7,179,8,male
10.973055839538574,18.729948043823242,3,8,179,8,male
-14.532594680786133,-10.00234603881836,3,0,180,10,female
-15.817062377929688,-11.1803617477417,3,1,180,10,female
-15.8518705368042,-11.195743560791016,3,2,180,10,female
-15.481507301330566,-10.700591087341309,3,3,180,10,female
-14.423709869384766,-9.220110893249512,3,4,180,10,female
-13.380142211914062,-7.313211441040039,3,5,180,10,female
-12.357776641845703,-4.786714553833008,3,6,180,10,female
8.596725463867188,11.463980674743652,3,7,180,10,female
10.57991886138916,14.400091171264648,3,8,180,10,female
10.660155296325684,19.559349060058594,3,9,180,10,female
-7.043289661407471,-11.704049110412598,3,0,181,1,male
-7.070440769195557,-12.08649730682373,3,1,181,1,male
-7.046245574951172,-11.50671100616455,3,2,181,1,male
-7.163213729858398,-9.788774490356445,3,3,181,1,male
-8.014267921447754,-7.723806858062744,3,4,181,1,male
-8.670064926147461,-4.305887699127197,3,5,181,1,male
10.14183521270752,10.643128395080566,3,6,181,1,male
11.465324401855469,13.799846649169922,3,7,181,1,male
10.867335319519043,19.26876449584961,3,8,181,1,male
-15.394513130187988,-8.270461082458496,3,0,182,2,female
-15.897832870483398,-8.402911186218262,3,1,182,2,female
-15.825892448425293,-8.48401927947998,3,2,182,2,female
-14.56745433807373,-9.642762184143066,3,3,182,2,female
-12.966303825378418,-8.756795883178711,3,4,182,2,female
-12.160120010375977,-7.392005443572998,3,5,182,2,female
-11.33712387084961,-4.93865442276001,3,6,182,2,female
9.267806053161621,11.360339164733887,3,7,182,2,female
11.228750228881836,14.271232604980469,3,8,182,2,female
10.652372360229492,19.274377822875977,3,9,182,2,female
-15.409785270690918,-10.900897979736328,3,0,183,10,female
-15.82072925567627,-11.246759414672852,3,1,183,10,female
-15.518352508544922,-11.036712646484375,3,2,183,10,female
-14.679655075073242,-9.857754707336426,3,3,183,10,female
-13.420502662658691,-8.05285930633545,3,4,183,10,female
-12.461214065551758,-5.503240585327148,3,5,183,10,female
8.241220474243164,10.908748626708984,3,6,183,10,female
10.372213363647461,13.610652923583984,3,7,183,10,female
10.963459014892578,19.09939193725586,3,8,183,10,female
-15.453032493591309,-10.839225769042969,3,0,184,6,female
-15.668120384216309,-10.94410228729248,3,1,184,6,female
-15.35526180267334,-10.39981460571289,3,2,184,6,female
-14.487971305847168,-8.990802764892578,3,3,184,6,female
-13.536136627197266,-7.028321743011475,3,4,184,6,female
-12.427836418151855,-4.4765119552612305,3,5,184,6,female
8.712471008300781,11.827741622924805,3,6,184,6,female
10.644119262695312,14.564494132995605,3,7,184,6,female
-6.0268988609313965,-10.8314790725708,3,0,185,8,male
-6.287013530731201,-12.785082817077637,3,1,185,8,male
-6.311484336853027,-12.57935905456543,3,2,185,8,male
-6.46799373626709,-10.066449165344238,3,3,185,8,male
-7.136378288269043,-7.988733291625977,3,4,185,8,male
-8.311058044433594,-4.987545013427734,3,5,185,8,male
10.063180923461914,10.134869575500488,3,6,185,8,male
11.500943183898926,13.647438049316406,3,7,185,8,male
10.52235221862793,19.50921630859375,3,8,185,8,male
-15.408735275268555,-10.898015022277832,3,0,186,10,female
-15.829561233520508,-11.195844650268555,3,1,186,10,female
-15.784200668334961,-11.135807991027832,3,2,186,10,female
-15.073859214782715,-10.144990921020508,3,3,186,10,female
-13.68008804321289,-8.283910751342773,3,4,186,10,female
-12.629103660583496,-5.770048141479492,3,5,186,10,female
8.101031303405762,10.694994926452637,3,6,186,10,female
10.213154792785645,13.337909698486328,3,7,186,10,female
11.002629280090332,15.62172794342041,3,8,186,10,female
-7.126926898956299,-9.193802833557129,3,0,187,1,male
-7.078835964202881,-11.68520450592041,3,1,187,1,male
-7.163188934326172,-12.0882568359375,3,2,187,1,male
-7.082952499389648,-11.493583679199219,3,3,187,1,male
-7.168937683105469,-9.488020896911621,3,4,187,1,male
-8.190000534057617,-7.459166049957275,3,5,187,1,male
-8.568845748901367,-4.066719055175781,3,6,187,1,male
10.375682830810547,11.037216186523438,3,7,187,1,male
11.637419700622559,14.274893760681152,3,8,187,1,male
10.645273208618164,19.41495132446289,3,9,187,1,male
-15.369388580322266,-10.959795951843262,3,0,188,10,female
-15.845782279968262,-11.212560653686523,3,1,188,10,female
-15.772988319396973,-11.145308494567871,3,2,188,10,female
-15.302845001220703,-10.430350303649902,3,3,188,10,female
-14.266112327575684,-9.030638694763184,3,4,188,10,female
-13.124719619750977,-7.160037994384766,3,5,188,10,female
-12.208145141601562,-4.533282279968262,3,6,188,10,female
8.802617073059082,11.663387298583984,3,7,188,10,female
10.6653413772583,14.6246976852417,3,8,188,10,female
10.835047721862793,19.45840072631836,3,9,188,10,female
-12.923720359802246,-11.709242820739746,3,0,189,11,female
-12.66917610168457,-12.545577049255371,3,1,189,11,female
-12.57761001586914,-12.571301460266113,3,2,189,11,female
-12.573479652404785,-12.14632511138916,3,3,189,11,female
-12.18572998046875,-11.031396865844727,3,4,189,11,female
-12.54860782623291,-9.076258659362793,3,5,189,11,female
-12.114035606384277,-7.180571556091309,3,6,189,11,female
-11.721213340759277,-4.224411964416504,3,7,189,11,female
9.336712837219238,12.279973983764648,3,8,189,11,female
10.868425369262695,14.970199584960938,3,9,189,11,female
-15.109112739562988,-7.443104267120361,3,0,190,2,female
-15.88530158996582,-8.296121597290039,3,1,190,2,female
-15.877755165100098,-8.428202629089355,3,2,190,2,female
-14.421683311462402,-9.590032577514648,3,3,190,2,female
-12.394618034362793,-8.317449569702148,3,4,190,2,female
-11.462812423706055,-6.571272373199463,3,5,190,2,female
8.392867088317871,9.858348846435547,3,6,190,2,female
10.251120567321777,12.008075714111328,3,7,190,2,female
11.52969741821289,14.514811515808105,3,8,190,2,female
10.517136573791504,19.43655776977539,3,9,190,2,female
-13.005274772644043,-11.746729850769043,3,0,191,3,female
-13.013130187988281,-12.282206535339355,3,1,191,3,female
-15.36985969543457,-10.972349166870117,3,2,191,3,female
-14.623504638671875,-9.84461784362793,3,3,191,3,female
-13.440333366394043,-8.181235313415527,3,4,191,3,female
-12.51085090637207,-5.841022491455078,3,5,191,3,female
7.806553840637207,10.402578353881836,3,6,191,3,female
9.764847755432129,12.709668159484863,3,7,191,3,female
11.106969833374023,15.28870677947998,3,8,191,3,female
-5.999161243438721,-9.366144180297852,3,0,192,8,male
-5.989804267883301,-11.878671646118164,3,1,192,8,male
-6.205246448516846,-12.865776062011719,3,2,192,8,male
-6.09602689743042,-11.921388626098633,3,3,192,8,male
-6.452162265777588,-9.883699417114258,3,4,192,8,male
-7.040337085723877,-7.852499008178711,3,5,192,8,male
-8.138814926147461,-4.875053882598877,3,6,192,8,male
10.338820457458496,10.181286811828613,3,7,192,8,male
11.659334182739258,13.801850318908691,3,8,192,8,male
10.552910804748535,19.54362678527832,3,9,192,8,male
-12.518613815307617,-9.153363227844238,3,0,193,11,female
-12.75500774383545,-11.867640495300293,3,1,193,11,female
-12.4784517288208,-12.539484024047852,3,2,193,11,female
-12.475855827331543,-12.197343826293945,3,3,193,11,female
-12.12065601348877,-11.288093566894531,3,4,193,11,female
-12.046253204345703,-10.592584609985352,3,5,193,11,female
-12.485801696777344,-9.117973327636719,3,6,193,11,female
-12.2506685256958,-7.54031229019165,3,7,193,11,female
-11.677640914916992,-4.889834403991699,3,8,193,11,female
8.86760139465332,11.243257522583008,3,9,193,11,female
-5.964488506317139,-8.90146541595459,3,0,194,7,male
-4.603391170501709,-11.726724624633789,3,1,194,7,male
-4.315504550933838,-13.242423057556152,3,2,194,7,male
-4.785996913909912,-13.02255916595459,3,3,194,7,male
-5.839544296264648,-11.362844467163086,3,4,194,7,male
-6.543287754058838,-9.64035701751709,3,5,194,7,male
-7.311986923217773,-7.7593674659729,3,6,194,7,male
-8.251754760742188,-4.534139633178711,3,7,194,7,male
10.317319869995117,10.419490814208984,3,8,194,7,male
11.63034439086914,13.86483097076416,3,9,194,7,male
-15.33497142791748,-10.963398933410645,3,0,195,6,female
-15.518545150756836,-11.029825210571289,3,1,195,6,female
-15.020499229431152,-10.109519004821777,3,2,195,6,female
-13.76617431640625,-8.40546703338623,3,3,195,6,female
-12.970755577087402,-6.327121257781982,3,4,195,6,female
-12.074419021606445,-3.8792545795440674,3,5,195,6,female
9.522857666015625,12.625937461853027,3,6,195,6,female
10.93575668334961,15.182931900024414,3,7,195,6,female
-15.123022079467773,-7.356513977050781,3,0,196,2,female
-15.81905746459961,-8.120862007141113,3,1,196,2,female
-15.859190940856934,-8.248531341552734,3,2,196,2,female
-14.647494316101074,-9.147662162780762,3,3,196,2,female
-13.06283950805664,-7.638045787811279,3,4,196,2,female
-12.1294527053833,-5.664971828460693,3,5,196,2,female
8.489080429077148,10.233097076416016,3,6,196,2,female
10.517509460449219,12.444221496582031,3,7,196,2,female
11.563165664672852,14.8502779006958,3,8,196,2,female
-5.919538974761963,-9.379066467285156,3,0,197,9,male
-5.790612697601318,-12.526975631713867,3,1,197,9,male
-5.683261394500732,-13.157195091247559,3,2,197,9,male
-5.681819915771484,-13.065265655517578,3,3,197,9,male
-5.689195156097412,-11.575220108032227,3,4,197,9,male
-6.052923202514648,-10.083124160766602,3,5,197,9,male
-6.87213659286499,-8.102080345153809,3,6,197,9,male
-8.130800247192383,-5.233520984649658,3,7,197,9,male
9.783158302307129,9.767690658569336,3,8,197,9,male
11.274211883544922,13.019362449645996,3,9,197,9,male
-15.365473747253418,-10.873520851135254,3,0,198,6,female
-15.774757385253906,-11.051794052124023,3,1,198,6,female
-15.604416847229004,-10.66923999786377,3,2,198,6,female
-14.691130638122559,-9.353471755981445,3,3,198,6,female
-13.658426284790039,-7.509183406829834,3,4,198,6,female
-12.743309020996094,-5.474020004272461,3,5,198,6,female
8.14987564086914,10.675431251525879,3,6,198,6,female
10.153565406799316,13.281817436218262,3,7,198,6,female
10.959866523742676,15.578904151916504,3,8,198,6,female
-14.982972145080566,-7.3156585693359375,3,0,199,2,female
-15.652918815612793,-7.850668907165527,3,1,199,2,female
-15.833233833312988,-8.167064666748047,3,2,199,2,female
-14.517406463623047,-8.918583869934082,3,3,199,2,female
-13.205545425415039,-7.799351692199707,3,4,199,2,female
-12.252861022949219,-6.193673610687256,3,5,199,2,female
8.256180763244629,10.043000221252441,3,6,199,2,female
9.905719757080078,12.06656265258789,3,7,199,2,female
11.09996509552002,14.98279094696045,3,8,199,2,female
10.574429512023926,19.43409538269043,3,9,199,2,female
-12.339591026306152,-9.672675132751465,4,0,200,0,male
-12.383003234863281,-11.553054809570312,4,1,200,0,male
-12.540725708007812,-11.341194152832031,4,2,200,0,male
-13.178482055664062,-9.758050918579102,4,3,200,0,male
-13.425312042236328,-7.966906547546387,4,4,200,0,male
-12.585969924926758,-5.879547119140625,4,5,200,0,male
8.040355682373047,10.53631591796875,4,6,200,0,male
9.706547737121582,12.717187881469727,4,7,200,0,male
10.93763256072998,15.266242027282715,4,8,200,0,male
-13.55022144317627,-10.587355613708496,4,0,201,3,female
-13.621604919433594,-10.962417602539062,4,1,201,3,female
-13.785256385803223,-10.540424346923828,4,2,201,3,female
-13.673008918762207,-9.290508270263672,4,3,201,3,female
-12.951744079589844,-7.775843143463135,4,4,201,3,female
-12.393501281738281,-5.876712322235107,4,5,201,3,female
7.796853065490723,10.398933410644531,4,6,201,3,female
9.661904335021973,12.598137855529785,4,7,201,3,female
11.075336456298828,15.22921371459961,4,8,201,3,female
-7.248152732849121,-7.467671871185303,4,0,202,9,male
-5.803847789764404,-9.969913482666016,4,1,202,9,male
-5.8755340576171875,-12.377604484558105,4,2,202,9,male
-5.823164939880371,-12.479913711547852,4,3,202,9,male
-5.775644302368164,-12.052460670471191,4,4,202,9,male
-5.985734462738037,-9.99109172821045,4,5,202,9,male
-7.133311748504639,-8.19052505493164,4,6,202,9,male
-8.344720840454102,-5.290072441101074,4,7,202,9,male
9.724737167358398,10.036856651306152,4,8,202,9,male
11.371917724609375,13.382095336914062,4,9,202,9,male
-13.774850845336914,-10.028085708618164,4,0,203,6,female
-13.78404712677002,-10.215797424316406,4,1,203,6,female
-13.674478530883789,-9.637551307678223,4,2,203,6,female
-13.867372512817383,-7.914324760437012,4,3,203,6,female
-13.068897247314453,-6.471292972564697,4,4,203,6,female
-12.091050148010254,-4.016931533813477,4,5,203,6,female
9.339911460876465,12.401883125305176,4,6,203,6,female
11.080954551696777,14.944134712219238,4,7,203,6,female
10.893891334533691,19.48062515258789,4,8,203,6,female
-6.86374044418335,-7.632639408111572,4,0,204,8,male
-5.152889251708984,-10.6200590133667,4,1,204,8,male
-4.706326484680176,-13.088391304016113,4,2,204,8,male
-5.011694431304932,-12.924457550048828,4,3,204,8,male
-5.834548473358154,-10.454617500305176,4,4,204,8,male
-6.928809642791748,-7.9584641456604,4,5,204,8,male
-8.14616584777832,-5.069924831390381,4,6,204,8,male
10.138532638549805,10.048521041870117,4,7,204,8,male
11.528045654296875,13.598264694213867,4,8,204,8,male
10.685579299926758,19.5904598236084,4,9,204,8,male
-12.942022323608398,-10.50622272491455,4,0,205,3,female
-13.414812088012695,-11.036848068237305,4,1,205,3,female
-13.714249610900879,-10.70962142944336,4,2,205,3,female
-13.787317276000977,-9.676155090332031,4,3,205,3,female
-13.45051383972168,-7.890282154083252,4,4,205,3,female
-12.592035293579102,-5.843164920806885,4,5,205,3,female
-11.953669548034668,-3.8786985874176025,4,6,205,3,female
9.412296295166016,12.427145957946777,4,7,205,3,female
10.979864120483398,15.194631576538086,4,8,205,3,female
10.521926879882812,19.486360549926758,4,9,205,3,female
-14.784794807434082,-7.602603435516357,4,0,206,2,female
-14.844342231750488,-7.718694686889648,4,1,206,2,female
-14.514849662780762,-7.595822811126709,4,2,206,2,female
-13.618627548217773,-7.706741809844971,4,3,206,2,female
-12.190143585205078,-6.816821098327637,4,4,206,2,female
-11.28098201751709,-5.097409248352051,4,5,206,2,female
8.742420196533203,10.08999252319336,4,6,206,2,female
10.689830780029297,12.416108131408691,4,7,206,2,female
11.573031425476074,14.690522193908691,4,8,206,2,female
10.874839782714844,19.05669593811035,4,9,206,2,female
-7.590277194976807,-10.809469223022461,4,0,207,1,male
-7.3324408531188965,-11.919713973999023,4,1,207,1,male
-6.935947895050049,-11.775416374206543,4,2,207,1,male
-6.721990585327148,-9.359971046447754,4,3,207,1,male
-8.171080589294434,-7.404259204864502,4,4,207,1,male
-8.516060829162598,-4.1527299880981445,4,5,207,1,male
10.294928550720215,10.901607513427734,4,6,207,1,male
11.22561264038086,14.27468204498291,4,7,207,1,male
10.872239112854004,19.175899505615234,4,8,207,1,male
-6.081212997436523,-8.691370010375977,4,0,208,7,male
-4.782175064086914,-11.381580352783203,4,1,208,7,male
-4.173295021057129,-13.205803871154785,4,2,208,7,male
-4.169559001922607,-12.929875373840332,4,3,208,7,male
-4.617722511291504,-11.299025535583496,4,4,208,7,male
-6.202389717102051,-9.458094596862793,4,5,208,7,male
-6.9080305099487305,-7.577455997467041,4,6,208,7,male
-7.98130464553833,-4.936011791229248,4,7,208,7,male
10.286422729492188,10.011852264404297,4,8,208,7,male
11.530719757080078,13.540708541870117,4,9,208,7,male
-6.055265426635742,-8.749680519104004,4,0,209,8,male
-4.816349983215332,-11.393561363220215,4,1,209,8,male
-4.830408096313477,-13.084407806396484,4,2,209,8,male
-4.867465496063232,-12.709454536437988,4,3,209,8,male
-5.732487201690674,-10.197426795959473,4,4,209,8,male
-6.8796796798706055,-7.743699073791504,4,5,209,8,male
-7.998074054718018,-4.835057735443115,4,6,209,8,male
10.476844787597656,10.263484001159668,4,7,209,8,male
11.752538681030273,13.976686477661133,4,8,209,8,male
10.534883499145508,19.49627113342285,4,9,209,8,male
-5.869086742401123,-9.562362670898438,4,0,210,9,male
-5.806930065155029,-12.160338401794434,4,1,210,9,male
-5.696782112121582,-12.516533851623535,4,2,210,9,male
-5.5396342277526855,-12.241416931152344,4,3,210,9,male
-5.531290054321289,-10.78115177154541,4,4,210,9,male
-6.462642669677734,-8.836271286010742,4,5,210,9,male
-7.219547271728516,-7.164251804351807,4,6,210,9,male
-7.892197608947754,-4.188349723815918,4,7,210,9,male
10.76566219329834,10.811318397521973,4,8,210,9,male
11.702725410461426,14.081192970275879,4,9,210,9,male
-5.910749912261963,-9.642635345458984,4,0,211,9,male
-6.020543098449707,-12.118298530578613,4,1,211,9,male
-5.934370040893555,-12.34256362915039,4,2,211,9,male
-5.724428176879883,-11.993626594543457,4,3,211,9,male
-5.7825927734375,-10.542098999023438,4,4,211,9,male
-6.5247802734375,-8.871596336364746,4,5,211,9,male
-7.399917125701904,-6.955086708068848,4,6,211,9,male
-7.8660125732421875,-4.025583744049072,4,7,211,9,male
10.882241249084473,11.388427734375,4,8,211,9,male
11.801344871520996,14.58414363861084,4,9,211,9,male
-13.731690406799316,-10.274600982666016,4,0,212,6,female
-13.827317237854004,-10.263453483581543,4,1,212,6,female
-13.802324295043945,-9.85843276977539,4,2,212,6,female
-13.73180103302002,-8.17726993560791,4,3,212,6,female
-13.217264175415039,-6.655165195465088,4,4,212,6,female
-12.131195068359375,-4.139748573303223,4,5,212,6,female
8.827522277832031,11.776200294494629,4,6,212,6,female
10.75745964050293,13.581521987915039,4,7,212,6,female
10.920051574707031,18.96474266052246,4,8,212,6,female
10.467061042785645,19.588165283203125,4,9,212,6,female
-5.9340009689331055,-8.848296165466309,4,0,213,7,male
-4.615840911865234,-11.593334197998047,4,1,213,7,male
-4.176012992858887,-13.31308650970459,4,2,213,7,male
-4.296377182006836,-12.757837295532227,4,3,213,7,male
-4.868758678436279,-10.89486312866211,4,4,213,7,male
-6.374885082244873,-9.694189071655273,4,5,213,7,male
-7.037902355194092,-7.905752658843994,4,6,213,7,male
-8.21926212310791,-5.008557319641113,4,7,213,7,male
9.93198299407959,10.043509483337402,4,8,213,7,male
11.45116138458252,13.522501945495605,4,9,213,7,male
-5.496835708618164,-11.780155181884766,4,0,214,9,male
-5.559375762939453,-12.598575592041016,4,1,214,9,male
-5.486220359802246,-12.56436824798584,4,2,214,9,male
-5.390563011169434,-11.538352012634277,4,3,214,9,male
-5.972419261932373,-9.871742248535156,4,4,214,9,male
-6.935269832611084,-7.95195198059082,4,5,214,9,male
-8.104948043823242,-5.282990455627441,4,6,214,9,male
9.739731788635254,9.630775451660156,4,7,214,9,male
11.273702621459961,13.076336860656738,4,8,214,9,male
11.720105171203613,14.992178916931152,4,9,214,9,male
-12.05453109741211,-7.857050895690918,4,0,215,0,male
-12.442216873168945,-10.045904159545898,4,1,215,0,male
-12.554951667785645,-11.500412940979004,4,2,215,0,male
-12.708717346191406,-11.340335845947266,4,3,215,0,male
-13.731740951538086,-10.026368141174316,4,4,215,0,male
-13.665431022644043,-8.383581161499023,4,5,215,0,male
-13.006328582763672,-6.725197792053223,4,6,215,0,male
-12.107251167297363,-4.704916954040527,4,7,215,0,male
8.369632720947266,10.9571533203125,4,8,215,0,male
10.534279823303223,13.439027786254883,4,9,215,0,male
-7.52997350692749,-11.763387680053711,4,0,216,1,male
-7.4480719566345215,-11.886019706726074,4,1,216,1,male
-7.247494697570801,-10.790635108947754,4,2,216,1,male
-7.216078281402588,-8.675332069396973,4,3,216,1,male
-8.229968070983887,-7.034020900726318,4,4,216,1,male
-8.438173294067383,-3.8837106227874756,4,5,216,1,male
10.611400604248047,11.441658973693848,4,6,216,1,male
11.445446968078613,14.798745155334473,4,7,216,1,male
10.51546573638916,19.494632720947266,4,8,216,1,male
-13.517356872558594,-10.566120147705078,4,0,217,3,female
-13.564014434814453,-10.920431137084961,4,1,217,3,female
-13.742813110351562,-10.43992805480957,4,2,217,3,female
-13.690805435180664,-9.137900352478027,4,3,217,3,female
-13.034695625305176,-7.475537300109863,4,4,217,3,female
-12.284150123596191,-5.255687713623047,4,5,217,3,female
8.191944122314453,10.819405555725098,4,6,217,3,female
10.079984664916992,13.071139335632324,4,7,217,3,female
11.10197639465332,15.537190437316895,4,8,217,3,female
-5.731182098388672,-9.952821731567383,4,0,218,9,male
-5.575124263763428,-12.437896728515625,4,1,218,9,male
-5.530766487121582,-12.655972480773926,4,2,218,9,male
-5.4186787605285645,-12.405341148376465,4,3,218,9,male
-5.476215362548828,-10.745636940002441,4,4,218,9,male
-6.470625400543213,-8.877546310424805,4,5,218,9,male
-7.245622634887695,-7.126434803009033,4,6,218,9,male
-7.907788276672363,-4.110782623291016,4,7,218,9,male
10.795666694641113,10.887496948242188,4,8,218,9,male
11.831610679626465,14.544062614440918,4,9,218,9,male
-14.065947532653809,-10.858846664428711,4,0,219,10,female
-14.118475914001465,-10.980083465576172,4,1,219,10,female
-14.333087921142578,-10.41689682006836,4,2,219,10,female
-14.207942008972168,-9.120611190795898,4,3,219,10,female
-13.125086784362793,-7.67183780670166,4,4,219,10,female
-12.471439361572266,-5.690115928649902,4,5,219,10,female
7.728018283843994,10.414361953735352,4,6,219,10,female
9.677497863769531,12.688640594482422,4,7,219,10,female
11.031444549560547,15.33359432220459,4,8,219,10,female
-13.597249031066895,-10.472453117370605,4,0,220,3,female
-13.716937065124512,-10.513307571411133,4,1,220,3,female
-13.864368438720703,-9.967288970947266,4,2,220,3,female
-13.756754875183105,-8.241714477539062,4,3,220,3,female
-13.18234634399414,-6.789028167724609,4,4,220,3,female
-12.154422760009766,-4.338484287261963,4,5,220,3,female
8.51498794555664,11.343623161315918,4,6,220,3,female
10.46514892578125,13.834269523620605,4,7,220,3,female
10.660050392150879,18.906633377075195,4,8,220,3,female
-13.86826229095459,-6.858797550201416,4,0,221,2,female
-14.948654174804688,-7.692438125610352,4,1,221,2,female
-14.946005821228027,-7.897642612457275,4,2,221,2,female
-14.731108665466309,-8.260509490966797,4,3,221,2,female
-13.559623718261719,-8.48442554473877,4,4,221,2,female
-12.424555778503418,-7.470428466796875,4,5,221,2,female
-11.49898910522461,-5.483482360839844,4,6,221,2,female
8.463351249694824,10.250728607177734,4,7,221,2,female
10.450562477111816,12.363266944885254,4,8,221,2,female
11.538843154907227,14.88930606842041,4,9,221,2,female
-6.040205478668213,-9.075502395629883,4,0,222,9,male
-5.687946796417236,-11.89401626586914,4,1,222,9,male
-5.695788383483887,-12.481160163879395,4,2,222,9,male
-5.563645839691162,-12.49382495880127,4,3,222,9,male
-5.5992841720581055,-11.465279579162598,4,4,222,9,male
-6.006524085998535,-9.413506507873535,4,5,222,9,male
-7.180485725402832,-7.5470428466796875,4,6,222,9,male
-8.1814603805542,-4.721983432769775,4,7,222,9,male
10.266050338745117,10.161224365234375,4,8,222,9,male
11.609663963317871,13.743815422058105,4,9,222,9,male
-5.903210163116455,-9.118171691894531,4,0,223,7,male
-5.021622657775879,-11.630918502807617,4,1,223,7,male
-4.257340908050537,-13.022168159484863,4,2,223,7,male
-4.559635162353516,-11.526808738708496,4,3,223,7,male
-6.044752597808838,-9.702414512634277,4,4,223,7,male
-6.845424175262451,-7.884487628936768,4,5,223,7,male
-7.865129470825195,-6.225473880767822,4,6,223,7,male
9.426207542419434,9.293173789978027,4,7,223,7,male
10.833863258361816,11.496363639831543,4,8,223,7,male
11.699422836303711,14.380194664001465,4,9,223,7,male
-5.681695938110352,-10.589219093322754,4,0,224,8,male
-5.827171802520752,-12.514171600341797,4,1,224,8,male
-6.116455078125,-12.571465492248535,4,2,224,8,male
-6.579308986663818,-11.234249114990234,4,3,224,8,male
-7.110413074493408,-9.00685977935791,4,4,224,8,male
-8.028253555297852,-6.547489643096924,4,5,224,8,male
9.478029251098633,9.579127311706543,4,6,224,8,male
11.051897048950195,12.938015937805176,4,7,224,8,male
10.979187965393066,18.658885955810547,4,8,224,8,male
-5.848058700561523,-9.062979698181152,4,0,225,8,male
-5.176263809204102,-12.053674697875977,4,1,225,8,male
-5.257826328277588,-12.853609085083008,4,2,225,8,male
-5.163804054260254,-12.70314884185791,4,3,225,8,male
-6.0115814208984375,-10.053372383117676,4,4,225,8,male
-7.01075553894043,-7.799542427062988,4,5,225,8,male
-8.11631965637207,-4.748053073883057,4,6,225,8,male
10.323004722595215,10.18637466430664,4,7,225,8,male
11.642227172851562,13.840173721313477,4,8,225,8,male
10.578897476196289,19.365755081176758,4,9,225,8,male
-5.930006980895996,-9.103495597839355,4,0,226,9,male
-5.441293239593506,-11.87075138092041,4,1,226,9,male
-5.494736194610596,-12.63058090209961,4,2,226,9,male
-5.4201130867004395,-12.584811210632324,4,3,226,9,male
-5.45089054107666,-11.17131519317627,4,4,226,9,male
-6.205051898956299,-9.67990493774414,4,5,226,9,male
-6.8921966552734375,-7.787197589874268,4,6,226,9,male
-8.03243637084961,-5.05253267288208,4,7,226,9,male
10.192547798156738,9.941162109375,4,8,226,9,male
11.574870109558105,13.488521575927734,4,9,226,9,male
-5.850149631500244,-9.009748458862305,4,0,227,7,male
-4.601681709289551,-11.624329566955566,4,1,227,7,male
-4.121392726898193,-13.250299453735352,4,2,227,7,male
-4.286158084869385,-12.802034378051758,4,3,227,7,male
-5.618727684020996,-11.239903450012207,4,4,227,7,male
-6.608148097991943,-9.953871726989746,4,5,227,7,male
-7.5403947830200195,-8.526751518249512,4,6,227,7,male
-8.803230285644531,-5.914539337158203,4,7,227,7,male
9.152897834777832,9.865876197814941,4,8,227,7,male
10.804776191711426,12.606207847595215,4,9,227,7,male
-13.773100852966309,-10.29898452758789,4,0,228,6,female
-13.8759183883667,-10.330562591552734,4,1,228,6,female
-14.110602378845215,-9.60606575012207,4,2,228,6,female
-13.884185791015625,-8.038878440856934,4,3,228,6,female
-13.38868236541748,-6.807544231414795,4,4,228,6,female
-12.425680160522461,-4.747771263122559,4,5,228,6,female
8.173110961914062,10.880035400390625,4,6,228,6,female
10.024370193481445,13.11299991607666,4,7,228,6,female
11.102434158325195,15.383469581604004,4,8,228,6,female
10.596162796020508,19.473913192749023,4,9,228,6,female
-7.342830181121826,-8.76291561126709,4,0,229,1,male
-7.854418754577637,-11.291114807128906,4,1,229,1,male
-7.671436309814453,-11.84469985961914,4,2,229,1,male
-7.763775825500488,-11.644353866577148,4,3,229,1,male
-7.584449291229248,-10.721738815307617,4,4,229,1,male
-7.345694541931152,-9.086041450500488,4,5,229,1,male
-8.279314041137695,-7.388084411621094,4,6,229,1,male
-8.640564918518066,-4.130291938781738,4,7,229,1,male
10.262655258178711,10.949799537658691,4,8,229,1,male
11.5017671585083,14.249593734741211,4,9,229,1,male
-13.81406307220459,-10.277806282043457,4,0,230,6,female
-14.131895065307617,-10.427337646484375,4,1,230,6,female
-14.40312385559082,-9.920126914978027,4,2,230,6,female
-14.206158638000488,-8.901446342468262,4,3,230,6,female
-13.332366943359375,-7.475648403167725,4,4,230,6,female
-12.530529975891113,-5.698848724365234,4,5,230,6,female
7.704470157623291,10.416645050048828,4,6,230,6,female
9.601701736450195,12.640067100524902,4,7,230,6,female
10.996769905090332,15.219209671020508,4,8,230,6,female
10.482881546020508,19.5561580657959,4,9,230,6,female
-14.796395301818848,-7.643467426300049,4,0,231,2,female
-14.858415603637695,-7.743762493133545,4,1,231,2,female
-14.772412300109863,-7.7617621421813965,4,2,231,2,female
-13.764690399169922,-7.977688312530518,4,3,231,2,female
-12.294095993041992,-7.558403968811035,4,4,231,2,female
-11.465627670288086,-6.5359039306640625,4,5,231,2,female
8.377084732055664,9.885353088378906,4,6,231,2,female
10.343890190124512,11.85422420501709,4,7,231,2,female
11.46455192565918,14.242095947265625,4,8,231,2,female
10.684147834777832,19.064077377319336,4,9,231,2,female
-11.294957160949707,-6.805574417114258,4,0,232,0,male
-12.358661651611328,-9.678608894348145,4,1,232,0,male
-12.481643676757812,-11.464128494262695,4,2,232,0,male
-12.59709358215332,-11.402111053466797,4,3,232,0,male
-13.514156341552734,-10.413899421691895,4,4,232,0,male
-13.68601131439209,-8.84618854522705,4,5,232,0,male
-13.62915325164795,-7.014554977416992,4,6,232,0,male
-12.496577262878418,-4.865748882293701,4,7,232,0,male
8.187796592712402,10.955069541931152,4,8,232,0,male
10.001108169555664,13.085894584655762,4,9,232,0,male
-14.81697940826416,-7.719074249267578,4,0,233,2,female
-14.899229049682617,-7.762449741363525,4,1,233,2,female
-14.168355941772461,-7.716270923614502,4,2,233,2,female
-13.332376480102539,-7.09553861618042,4,3,233,2,female
-12.04059886932373,-5.688776016235352,4,4,233,2,female
8.193039894104004,10.093302726745605,4,5,233,2,female
9.756561279296875,12.003923416137695,4,6,233,2,female
11.12547779083252,14.394238471984863,4,7,233,2,female
10.842551231384277,19.131946563720703,4,8,233,2,female
-14.613439559936523,-7.555447578430176,4,0,234,2,female
-14.611745834350586,-7.601162433624268,4,1,234,2,female
-14.336216926574707,-7.579133033752441,4,2,234,2,female
-13.395204544067383,-6.809530258178711,4,3,234,2,female
-12.237942695617676,-5.684308052062988,4,4,234,2,female
-11.564644813537598,-4.19365930557251,4,5,234,2,female
9.39281940460205,11.736093521118164,4,6,234,2,female
10.654504776000977,13.726354598999023,4,7,234,2,female
10.978073120117188,18.80577278137207,4,8,234,2,female
-7.638930320739746,-11.734282493591309,4,0,235,1,male
-7.513065814971924,-11.922533988952637,4,1,235,1,male
-7.635118007659912,-11.151469230651855,4,2,235,1,male
-7.169602870941162,-9.222393035888672,4,3,235,1,male
-8.24439525604248,-7.413195610046387,4,4,235,1,male
-8.65970516204834,-4.214046001434326,4,5,235,1,male
10.245908737182617,10.852810859680176,4,6,235,1,male
11.530960083007812,14.179835319519043,4,7,235,1,male
10.586978912353516,19.509733200073242,4,8,235,1,male
-14.807641983032227,-7.677062034606934,4,0,236,2,female
-14.907371520996094,-7.8260064125061035,4,1,236,2,female
-14.855396270751953,-7.826977729797363,4,2,236,2,female
-13.714957237243652,-7.7453718185424805,4,3,236,2,female
-12.600502014160156,-6.455252647399902,4,4,236,2,female
-11.361634254455566,-4.806163787841797,4,5,236,2,female
8.743258476257324,10.757832527160645,4,6,236,2,female
10.71521282196045,13.016176223754883,4,7,236,2,female
11.04207706451416,18.456363677978516,4,8,236,2,female
-7.235206604003906,-7.354273796081543,4,0,237,7,male
-5.244057655334473,-10.141454696655273,4,1,237,7,male
-4.105112075805664,-13.155874252319336,4,2,237,7,male
-4.1397905349731445,-13.314745903015137,4,3,237,7,male
-4.751953601837158,-11.449272155761719,4,4,237,7,male
-6.206986427307129,-9.63594913482666,4,5,237,7,male
-6.980772495269775,-7.979551792144775,4,6,237,7,male
-8.16915512084961,-5.078004360198975,4,7,237,7,male
9.802355766296387,9.6496000289917,4,8,237,7,male
11.250486373901367,12.885156631469727,4,9,237,7,male
-7.783591270446777,-10.520854949951172,4,0,238,1,male
-7.608870506286621,-11.813841819763184,4,1,238,1,male
-7.5461745262146,-11.84743881225586,4,2,238,1,male
-7.74905252456665,-10.777563095092773,4,3,238,1,male
-7.299066066741943,-9.097195625305176,4,4,238,1,male
-8.242959022521973,-7.4222259521484375,4,5,238,1,male
-8.670422554016113,-4.248457908630371,4,6,238,1,male
9.841533660888672,10.330928802490234,4,7,238,1,male
11.259440422058105,13.283476829528809,4,8,238,1,male
11.554831504821777,15.053718566894531,4,9,238,1,male
-12.400430679321289,-9.425747871398926,4,0,239,0,male
-12.526043891906738,-11.393874168395996,4,1,239,0,male
-12.647257804870605,-11.351916313171387,4,2,239,0,male
-13.635104179382324,-10.308738708496094,4,3,239,0,male
-13.435428619384766,-8.419417381286621,4,4,239,0,male
-12.92342472076416,-6.475906848907471,4,5,239,0,male
-12.048272132873535,-4.002031326293945,4,6,239,0,male
9.164331436157227,12.216529846191406,4,7,239,0,male
10.808761596679688,14.895519256591797,4,8,239,0,male
10.739290237426758,19.54216194152832,4,9,239,0,male
-7.882323741912842,-6.79540491104126,4,0,240,9,male
-5.861154079437256,-9.300397872924805,4,1,240,9,male
-5.621364593505859,-12.083243370056152,4,2,240,9,male
-5.713861465454102,-12.561471939086914,4,3,240,9,male
-5.8763275146484375,-12.375706672668457,4,4,240,9,male
-6.190323829650879,-11.205595970153809,4,5,240,9,male
-6.601500988006592,-9.329662322998047,4,6,240,9,male
-7.172155857086182,-7.602611064910889,4,7,240,9,male
-8.131768226623535,-4.589332580566406,4,8,240,9,male
10.342118263244629,10.280227661132812,4,9,240,9,male
-13.931364059448242,-10.139997482299805,4,0,241,6,female
-14.30251693725586,-10.084437370300293,4,1,241,6,female
-14.916781425476074,-8.643298149108887,4,2,241,6,female
-13.93490982055664,-7.920182228088379,4,3,241,6,female
-13.302454948425293,-6.655580043792725,4,4,241,6,female
-12.299803733825684,-4.25457763671875,4,5,241,6,female
8.627429962158203,11.642271995544434,4,6,241,6,female
10.448199272155762,14.14999008178711,4,7,241,6,female
11.047075271606445,15.881619453430176,4,8,241,6,female
-14.565940856933594,-7.47093391418457,4,0,242,2,female
-14.863165855407715,-7.788327693939209,4,1,242,2,female
-14.884119987487793,-7.7413153648376465,4,2,242,2,female
-14.024267196655273,-7.663267612457275,4,3,242,2,female
-13.176840782165527,-6.737914562225342,4,4,242,2,female
-12.256183624267578,-5.474272727966309,4,5,242,2,female
8.050640106201172,10.315134048461914,4,6,242,2,female
9.930813789367676,12.554736137390137,4,7,242,2,female
11.223270416259766,15.042372703552246,4,8,242,2,female
-5.818502902984619,-9.752171516418457,4,0,243,9,male
-5.866445541381836,-12.247061729431152,4,1,243,9,male
-5.913558006286621,-12.3955717086792,4,2,243,9,male
-5.864654064178467,-11.931591987609863,4,3,243,9,male
-5.9065961837768555,-10.44144058227539,4,4,243,9,male
-6.612997531890869,-9.075264930725098,4,5,243,9,male
-7.355584621429443,-7.328612327575684,4,6,243,9,male
-8.089159965515137,-4.354228973388672,4,7,243,9,male
10.517767906188965,10.528206825256348,4,8,243,9,male
11.704252243041992,13.930285453796387,4,9,243,9,male
-14.855966567993164,-7.670716285705566,4,0,244,2,female
-14.866519927978516,-7.729942798614502,4,1,244,2,female
-14.692888259887695,-7.831964015960693,4,2,244,2,female
-13.790851593017578,-7.89996862411499,4,3,244,2,female
-13.059465408325195,-6.854568958282471,4,4,244,2,female
-11.91991901397705,-5.6009368896484375,4,5,244,2,female
8.304533004760742,10.185827255249023,4,6,244,2,female
10.100436210632324,12.219809532165527,4,7,244,2,female
11.46557331085205,14.798580169677734,4,8,244,2,female
10.850228309631348,19.18553924560547,4,9,244,2,female
-13.776320457458496,-10.372114181518555,4,0,245,6,female
-13.89573860168457,-10.382750511169434,4,1,245,6,female
-14.275537490844727,-9.717227935791016,4,2,245,6,female
-13.941831588745117,-8.329554557800293,4,3,245,6,female
-13.389884948730469,-7.0232253074646,4,4,245,6,female
-12.367786407470703,-4.975799560546875,4,5,245,6,female
8.13683032989502,10.896175384521484,4,6,245,6,female
10.050420761108398,13.118331909179688,4,7,245,6,female
11.088652610778809,15.52109432220459,4,8,245,6,female
-14.19646167755127,-9.777642250061035,4,0,246,6,female
-14.33597183227539,-9.982219696044922,4,1,246,6,female
-14.32919979095459,-9.294002532958984,4,2,246,6,female
-13.996526718139648,-8.178269386291504,4,3,246,6,female
-13.579306602478027,-6.976168155670166,4,4,246,6,female
-12.475458145141602,-4.962991237640381,4,5,246,6,female
8.141802787780762,10.926010131835938,4,6,246,6,female
9.977396011352539,13.040079116821289,4,7,246,6,female
11.026713371276855,15.463621139526367,4,8,246,6,female
-6.119847774505615,-8.66253662109375,4,0,247,8,male
-5.100558280944824,-11.255507469177246,4,1,247,8,male
-5.06034517288208,-13.069979667663574,4,2,247,8,male
-5.1797285079956055,-12.965963363647461,4,3,247,8,male
-5.616572856903076,-10.675277709960938,4,4,247,8,male
-6.660368919372559,-8.364775657653809,4,5,247,8,male
-8.025485038757324,-5.802133083343506,4,6,247,8,male
9.833279609680176,9.66582202911377,4,7,247,8,male
11.426675796508789,13.286894798278809,4,8,247,8,male
10.531893730163574,19.609960556030273,4,9,247,8,male
-7.803597927093506,-11.483895301818848,4,0,248,1,male
-7.712629318237305,-11.705026626586914,4,1,248,1,male
-7.947756290435791,-10.998485565185547,4,2,248,1,male
-7.3543243408203125,-9.15457820892334,4,3,248,1,male
-8.145085334777832,-7.648985385894775,4,4,248,1,male
-8.939963340759277,-5.425178050994873,4,5,248,1,male
8.818714141845703,9.979586601257324,4,6,248,1,male
10.67647647857666,12.331290245056152,4,7,248,1,male
11.630583763122559,14.775764465332031,4,8,248,1,male
-7.698765277862549,-10.991804122924805,4,0,249,1,male
-7.5808868408203125,-11.803778648376465,4,1,249,1,male
-7.57981014251709,-11.771355628967285,4,2,249,1,male
-7.592280387878418,-10.499284744262695,4,3,249,1,male
-7.51078987121582,-8.504627227783203,4,4,249,1,male
-8.866576194763184,-5.50161075592041,4,5,249,1,male
9.087960243225098,9.981542587280273,4,6,249,1,male
10.921448707580566,12.741822242736816,4,7,249,1,male
11.616839408874512,15.02252197265625,4,8,249,1,male
10.606425285339355,19.517080307006836,4,9,249,1,male
-13.687044143676758,-7.646970272064209,5,0,250,0,male
-13.04740047454834,-9.618114471435547,5,1,250,0,male
-12.966854095458984,-9.885109901428223,5,2,250,0,male
-12.962661743164062,-9.650650024414062,5,3,250,0,male
-13.179852485656738,-8.85178279876709,5,4,250,0,male
-13.280112266540527,-7.4774909019470215,5,5,250,0,male
-12.429513931274414,-5.403820514678955,5,6,250,0,male
8.137491226196289,10.808035850524902,5,7,250,0,male
10.074796676635742,12.87750244140625,5,8,250,0,male
11.05212688446045,15.316161155700684,5,9,250,0,male
-8.545709609985352,-7.211978435516357,5,0,251,1,male
-8.220876693725586,-10.726896286010742,5,1,251,1,male
-8.215765953063965,-10.977343559265137,5,2,251,1,male
-8.216031074523926,-10.869303703308105,5,3,251,1,male
-7.485019683837891,-8.952461242675781,5,4,251,1,male
-8.238024711608887,-7.479542255401611,5,5,251,1,male
-8.891647338867188,-5.367168426513672,5,6,251,1,male
9.274147033691406,10.02444076538086,5,7,251,1,male
10.868755340576172,12.60647201538086,5,8,251,1,male
11.653749465942383,14.820475578308105,5,9,251,1,male
-5.210748672485352,-10.47909164428711,5,0,252,8,male
-4.597073554992676,-12.927680969238281,5,1,252,8,male
-5.144500732421875,-12.354812622070312,5,2,252,8,male
-5.878775119781494,-9.627415657043457,5,3,252,8,male
-7.19927453994751,-7.433356285095215,5,4,252,8,male
-7.9374895095825195,-4.147731304168701,5,5,252,8,male
10.780048370361328,10.97873592376709,5,6,252,8,male
11.76797103881836,14.348742485046387,5,7,252,8,male
10.556845664978027,19.582386016845703,5,8,252,8,male
-14.605474472045898,-7.712340354919434,5,0,253,2,female
-14.467466354370117,-7.923133850097656,5,1,253,2,female
-14.148781776428223,-8.040706634521484,5,2,253,2,female
-13.240650177001953,-8.20570182800293,5,3,253,2,female
-12.031216621398926,-7.455482006072998,5,4,253,2,female
-11.26561164855957,-5.405320167541504,5,5,253,2,female
8.780200958251953,10.12854290008545,5,6,253,2,female
10.728652954101562,12.438698768615723,5,7,253,2,female
11.734548568725586,14.893460273742676,5,8,253,2,female
10.531923294067383,19.57311248779297,5,9,253,2,female
-13.533873558044434,-9.80300521850586,5,0,254,6,female
-13.644705772399902,-9.774706840515137,5,1,254,6,female
-13.712291717529297,-9.169388771057129,5,2,254,6,female
-13.797831535339355,-8.30279541015625,5,3,254,6,female
-13.427286148071289,-7.0985894203186035,5,4,254,6,female
-12.515652656555176,-5.0373711585998535,5,5,254,6,female
8.185335159301758,10.908491134643555,5,6,254,6,female
10.097634315490723,13.205113410949707,5,7,254,6,female
11.082097053527832,15.602334022521973,5,8,254,6,female
-13.53677749633789,-9.79440689086914,5,0,255,6,female
-13.659431457519531,-9.9844970703125,5,1,255,6,female
-13.81973934173584,-9.494285583496094,5,2,255,6,female
-14.096412658691406,-8.9873046875,5,3,255,6,female
-13.255297660827637,-7.501805305480957,5,4,255,6,female
-12.58713150024414,-5.726914882659912,5,5,255,6,female
7.723176002502441,10.392029762268066,5,6,255,6,female
9.644998550415039,12.680865287780762,5,7,255,6,female
10.918798446655273,15.275522232055664,5,8,255,6,female
10.455769538879395,19.562419891357422,5,9,255,6,female
-5.81215763092041,-9.840653419494629,5,0,256,9,male
-5.760935306549072,-12.383371353149414,5,1,256,9,male
-5.608770847320557,-12.626195907592773,5,2,256,9,male
-5.577843189239502,-12.654799461364746,5,3,256,9,male
-5.828607082366943,-10.878494262695312,5,4,256,9,male
-6.560441970825195,-8.568947792053223,5,5,256,9,male
-7.965033531188965,-6.3856282234191895,5,6,256,9,male
9.690781593322754,9.605559349060059,5,7,256,9,male
11.358006477355957,13.122444152832031,5,8,256,9,male
10.960945129394531,19.4514102935791,5,9,256,9,male
-13.165085792541504,-9.122335433959961,5,0,257,0,male
-12.96179485321045,-10.111177444458008,5,1,257,0,male
-12.970691680908203,-10.156414031982422,5,2,257,0,male
-13.545365333557129,-9.207867622375488,5,3,257,0,male
-13.362102508544922,-7.82919454574585,5,4,257,0,male
-12.685736656188965,-5.986268043518066,5,5,257,0,male
-11.989927291870117,-3.894882917404175,5,6,257,0,male
9.407120704650879,12.426365852355957,5,7,257,0,male
10.926485061645508,15.11395263671875,5,8,257,0,male
10.54834270477295,19.545886993408203,5,9,257,0,male
-7.929585933685303,-10.805874824523926,5,0,258,1,male
-7.983242988586426,-10.988519668579102,5,1,258,1,male
-7.824094295501709,-10.707514762878418,5,2,258,1,male
-7.2231526374816895,-9.294648170471191,5,3,258,1,male
-7.6107611656188965,-8.35731029510498,5,4,258,1,male
-8.786323547363281,-5.401751518249512,5,5,258,1,male
9.516341209411621,10.051377296447754,5,6,258,1,male
11.0615873336792,12.731234550476074,5,7,258,1,male
11.603410720825195,14.818436622619629,5,8,258,1,male
10.632237434387207,19.423479080200195,5,9,258,1,male
-7.372172832489014,-8.603636741638184,5,0,259,1,male
-8.013666152954102,-10.835395812988281,5,1,259,1,male
-7.950965881347656,-11.069618225097656,5,2,259,1,male
-7.91379451751709,-10.920759201049805,5,3,259,1,male
-7.550478935241699,-10.193110466003418,5,4,259,1,male
-7.471462726593018,-8.532594680786133,5,5,259,1,male
-8.4500093460083,-6.208096027374268,5,6,259,1,male
9.358970642089844,9.546188354492188,5,7,259,1,male
11.016934394836426,12.356114387512207,5,8,259,1,male
11.657279968261719,14.88068675994873,5,9,259,1,male
-5.8190507888793945,-9.259899139404297,5,0,260,9,male
-5.465924263000488,-12.313733100891113,5,1,260,9,male
-5.514180660247803,-12.659042358398438,5,2,260,9,male
-5.655406475067139,-12.611297607421875,5,3,260,9,male
-5.686718463897705,-11.915480613708496,5,4,260,9,male
-6.1563286781311035,-9.979119300842285,5,5,260,9,male
-6.976134300231934,-7.883300304412842,5,6,260,9,male
-8.161612510681152,-5.007570266723633,5,7,260,9,male
10.189007759094238,10.094691276550293,5,8,260,9,male
11.602433204650879,13.635831832885742,5,9,260,9,male
-6.89013671875,-7.6061625480651855,5,0,261,8,male
-5.132495403289795,-10.5750093460083,5,1,261,8,male
-4.242804050445557,-12.927291870117188,5,2,261,8,male
-4.7646284103393555,-12.12319278717041,5,3,261,8,male
-5.94040584564209,-9.1818208694458,5,4,261,8,male
-7.810767650604248,-6.8236403465271,5,5,261,8,male
9.415401458740234,9.464980125427246,5,6,261,8,male
11.123286247253418,12.959218978881836,5,7,261,8,male
10.732417106628418,19.308456420898438,5,8,261,8,male
-13.07984733581543,-9.926176071166992,5,0,262,3,female
-13.123835563659668,-9.98003101348877,5,1,262,3,female
-13.547903060913086,-9.640419960021973,5,2,262,3,female
-13.649380683898926,-8.633698463439941,5,3,262,3,female
-13.212395668029785,-7.32121467590332,5,4,262,3,female
-12.408774375915527,-5.304376125335693,5,5,262,3,female
8.065537452697754,10.734682083129883,5,6,262,3,female
9.924304008483887,13.018567085266113,5,7,262,3,female
10.96386432647705,15.483377456665039,5,8,262,3,female
10.527974128723145,19.574329376220703,5,9,262,3,female
-12.058825492858887,-8.159183502197266,5,0,263,11,female
-12.666455268859863,-10.982514381408691,5,1,263,11,female
-11.805231094360352,-12.362838745117188,5,2,263,11,female
-11.669022560119629,-12.259259223937988,5,3,263,11,female
-11.713485717773438,-11.70377254486084,5,4,263,11,female
-11.978553771972656,-10.640606880187988,5,5,263,11,female
-12.041339874267578,-8.47443675994873,5,6,263,11,female
-11.421042442321777,-6.395692825317383,5,7,263,11,female
8.427845001220703,10.314970016479492,5,8,263,11,female
10.659712791442871,13.188971519470215,5,9,263,11,female
-11.587992668151855,-6.745044708251953,5,0,264,11,female
-12.412317276000977,-9.899910926818848,5,1,264,11,female
-12.143376350402832,-12.57025146484375,5,2,264,11,female
-12.038755416870117,-12.775179862976074,5,3,264,11,female
-11.906384468078613,-12.709355354309082,5,4,264,11,female
-11.957940101623535,-12.247368812561035,5,5,264,11,female
-12.269535064697266,-10.910332679748535,5,6,264,11,female
-12.183111190795898,-8.564537048339844,5,7,264,11,female
-11.500284194946289,-6.175993919372559,5,8,264,11,female
8.517377853393555,10.426185607910156,5,9,264,11,female
-13.15359115600586,-9.675402641296387,5,0,265,3,female
-13.122931480407715,-9.739127159118652,5,1,265,3,female
-13.60506820678711,-9.219284057617188,5,2,265,3,female
-13.48777961730957,-7.748748779296875,5,3,265,3,female
-12.873234748840332,-6.164405345916748,5,4,265,3,female
-12.031885147094727,-3.91213059425354,5,5,265,3,female
9.361189842224121,12.41879940032959,5,6,265,3,female
10.798577308654785,14.91938591003418,5,7,265,3,female
-12.843429565429688,-9.159934043884277,5,0,266,0,male
-8.408541679382324,-10.930471420288086,5,1,266,0,male
-8.333638191223145,-10.91813850402832,5,2,266,0,male
-12.220667839050293,-9.746774673461914,5,3,266,0,male
-13.265274047851562,-8.495828628540039,5,4,266,0,male
-12.634903907775879,-6.898324012756348,5,5,266,0,male
-12.005290985107422,-4.623841762542725,5,6,266,0,male
8.75725269317627,11.489337921142578,5,7,266,0,male
10.63390827178955,14.017533302307129,5,8,266,0,male
10.864285469055176,19.00962257385254,5,9,266,0,male
-5.651300430297852,-9.335538864135742,5,0,267,7,male
-4.139062881469727,-12.549553871154785,5,1,267,7,male
-3.996321678161621,-12.982278823852539,5,2,267,7,male
-4.761213779449463,-11.086991310119629,5,3,267,7,male
-6.169858932495117,-9.33035659790039,5,4,267,7,male
-7.200900077819824,-7.305854797363281,5,5,267,7,male
-8.046774864196777,-4.384944438934326,5,6,267,7,male
10.546988487243652,10.476141929626465,5,7,267,7,male
11.687846183776855,13.922383308410645,5,8,267,7,male
10.587047576904297,19.689565658569336,5,9,267,7,male
-13.747048377990723,-10.360143661499023,5,0,268,10,female
-13.705732345581055,-11.19644832611084,5,1,268,10,female
-13.805943489074707,-11.192466735839844,5,2,268,10,female
-13.982405662536621,-9.604331016540527,5,3,268,10,female
-12.85008716583252,-7.602154731750488,5,4,268,10,female
-12.10474967956543,-5.026634693145752,5,5,268,10,female
8.583145141601562,11.140142440795898,5,6,268,10,female
10.605716705322266,14.126642227172852,5,7,268,10,female
10.497639656066895,19.511981964111328,5,8,268,10,female
-7.367053985595703,-8.742264747619629,5,0,269,1,male
-8.058120727539062,-10.978141784667969,5,1,269,1,male
-8.070161819458008,-11.013406753540039,5,2,269,1,male
-7.850069046020508,-10.665907859802246,5,3,269,1,male
-7.390874862670898,-8.699710845947266,5,4,269,1,male
-8.350153923034668,-7.256077766418457,5,5,269,1,male
-8.568387985229492,-4.0417680740356445,5,6,269,1,male
10.355096817016602,11.010171890258789,5,7,269,1,male
11.631248474121094,14.523774147033691,5,8,269,1,male
10.535581588745117,19.59571647644043,5,9,269,1,male
-14.544210433959961,-7.6005988121032715,5,0,270,2,female
-14.496484756469727,-7.6545796394348145,5,1,270,2,female
-14.231291770935059,-7.898372173309326,5,2,270,2,female
-12.341267585754395,-7.583852767944336,5,3,270,2,female
-11.731718063354492,-6.9570465087890625,5,4,270,2,female
-11.267512321472168,-4.976400852203369,5,5,270,2,female
8.96158504486084,10.441178321838379,5,6,270,2,female
10.973227500915527,13.038904190063477,5,7,270,2,female
11.025041580200195,18.608476638793945,5,8,270,2,female
10.537798881530762,19.531150817871094,5,9,270,2,female
-13.613187789916992,-7.733201026916504,5,0,271,0,male
-12.968761444091797,-9.736648559570312,5,1,271,0,male
-12.980185508728027,-9.898459434509277,5,2,271,0,male
-12.95177173614502,-9.737788200378418,5,3,271,0,male
-13.395264625549316,-8.639832496643066,5,4,271,0,male
-12.582328796386719,-7.3148064613342285,5,5,271,0,male
-12.0509614944458,-4.778894901275635,5,6,271,0,male
8.63027572631836,11.324590682983398,5,7,271,0,male
10.551311492919922,13.729022026062012,5,8,271,0,male
10.627555847167969,19.368188858032227,5,9,271,0,male
-14.574825286865234,-7.605752944946289,5,0,272,2,female
-14.525847434997559,-7.6567230224609375,5,1,272,2,female
-14.370987892150879,-7.798424243927002,5,2,272,2,female
-13.820584297180176,-7.974259853363037,5,3,272,2,female
-12.910602569580078,-8.0498628616333,5,4,272,2,female
-11.767094612121582,-6.8981709480285645,5,5,272,2,female
-11.292821884155273,-4.786602020263672,5,6,272,2,female
9.664199829101562,11.693918228149414,5,7,272,2,female
11.230792999267578,14.26292610168457,5,8,272,2,female
10.633047103881836,19.27558708190918,5,9,272,2,female
-6.109078407287598,-8.593767166137695,5,0,273,7,male
-4.963727951049805,-10.973886489868164,5,1,273,7,male
-3.9360811710357666,-12.984597206115723,5,2,273,7,male
-3.9327573776245117,-12.970002174377441,5,3,273,7,male
-4.501453876495361,-12.098862648010254,5,4,273,7,male
-5.90970516204834,-11.192974090576172,5,5,273,7,male
-6.721785068511963,-9.740578651428223,5,6,273,7,male
-7.589780807495117,-7.858847141265869,5,7,273,7,male
-8.488316535949707,-4.492319583892822,5,8,273,7,male
10.22448444366455,10.610954284667969,5,9,273,7,male
-5.780991077423096,-9.529702186584473,5,0,274,9,male
-5.433351516723633,-12.467528343200684,5,1,274,9,male
-5.4325785636901855,-12.68404769897461,5,2,274,9,male
-5.412614345550537,-12.710845947265625,5,3,274,9,male
-5.239872932434082,-11.77850341796875,5,4,274,9,male
-5.949920177459717,-9.396622657775879,5,5,274,9,male
-7.301298141479492,-7.286614894866943,5,6,274,9,male
-7.957492351531982,-4.139612674713135,5,7,274,9,male
10.74885082244873,10.983412742614746,5,8,274,9,male
11.716459274291992,14.350113868713379,5,9,274,9,male
-12.344707489013672,-9.706087112426758,5,0,275,11,female
-11.846394538879395,-12.231303215026855,5,1,275,11,female
-11.788886070251465,-12.682997703552246,5,2,275,11,female
-11.695199012756348,-12.544387817382812,5,3,275,11,female
-11.758139610290527,-11.828269004821777,5,4,275,11,female
-12.110701560974121,-10.469635963439941,5,5,275,11,female
-12.085747718811035,-8.173162460327148,5,6,275,11,female
-11.37667465209961,-5.506779193878174,5,7,275,11,female
8.680933952331543,10.766472816467285,5,8,275,11,female
10.684168815612793,13.877280235290527,5,9,275,11,female
-13.753914833068848,-7.963351726531982,5,0,276,0,male
-8.527520179748535,-10.909695625305176,5,1,276,0,male
-8.482101440429688,-10.969910621643066,5,2,276,0,male
-12.339953422546387,-9.80465030670166,5,3,276,0,male
-12.975565910339355,-8.68743896484375,5,4,276,0,male
-12.800602912902832,-6.957320690155029,5,5,276,0,male
-12.019001960754395,-4.560462951660156,5,6,276,0,male
8.875110626220703,11.545234680175781,5,7,276,0,male
10.728071212768555,14.302916526794434,5,8,276,0,male
10.541624069213867,19.51995849609375,5,9,276,0,male
-5.524583339691162,-10.264155387878418,5,0,277,9,male
-5.393524646759033,-12.633866310119629,5,1,277,9,male
-5.40158224105835,-12.72418212890625,5,2,277,9,male
-5.168910980224609,-12.843121528625488,5,3,277,9,male
-5.622197151184082,-11.098365783691406,5,4,277,9,male
-6.354877471923828,-8.870421409606934,5,5,277,9,male
-7.905817985534668,-6.599147796630859,5,6,277,9,male
9.48141098022461,9.458613395690918,5,7,277,9,male
11.15244197845459,12.908037185668945,5,8,277,9,male
10.921549797058105,18.87647819519043,5,9,277,9,male
-14.514823913574219,-7.607889652252197,5,0,278,2,female
-14.499249458312988,-7.6605658531188965,5,1,278,2,female
-14.223329544067383,-7.845014572143555,5,2,278,2,female
-13.364923477172852,-8.00328254699707,5,3,278,2,female
-12.135568618774414,-7.178640365600586,5,4,278,2,female
-11.426368713378906,-5.008879661560059,5,5,278,2,female
8.579996109008789,10.467559814453125,5,6,278,2,female
10.610427856445312,13.212071418762207,5,7,278,2,female
11.139784812927246,15.76158332824707,5,8,278,2,female
10.483200073242188,19.623016357421875,5,9,278,2,female
-8.302562713623047,-7.376243591308594,5,0,279,1,male
-7.954180717468262,-10.7029390335083,5,1,279,1,male
-8.037178039550781,-11.318123817443848,5,2,279,1,male
-7.942726135253906,-11.383846282958984,5,3,279,1,male
-7.599996566772461,-10.784114837646484,5,4,279,1,male
-7.3169779777526855,-9.144481658935547,5,5,279,1,male
-8.336528778076172,-7.322967052459717,5,6,279,1,male
-8.590245246887207,-4.161253929138184,5,7,279,1,male
10.246747970581055,10.854410171508789,5,8,279,1,male
11.42410945892334,14.187145233154297,5,9,279,1,male
-12.88315486907959,-10.236324310302734,5,0,280,3,female
-12.944304466247559,-10.73375129699707,5,1,280,3,female
-12.930638313293457,-10.729588508605957,5,2,280,3,female
-12.804317474365234,-8.878732681274414,5,3,280,3,female
-12.263781547546387,-7.369204998016357,5,4,280,3,female
-11.576580047607422,-4.775625228881836,5,5,280,3,female
9.046337127685547,11.395268440246582,5,6,280,3,female
10.880383491516113,14.283141136169434,5,7,280,3,female
-5.615290641784668,-10.060091018676758,5,0,281,9,male
-5.497551918029785,-12.639945030212402,5,1,281,9,male
-5.502063274383545,-12.69907283782959,5,2,281,9,male
-5.5962443351745605,-12.33851432800293,5,3,281,9,male
-5.825739860534668,-10.02349853515625,5,4,281,9,male
-6.937777042388916,-7.981770038604736,5,5,281,9,male
-8.199625968933105,-5.1067352294921875,5,6,281,9,male
10.061527252197266,10.048251152038574,5,7,281,9,male
11.583452224731445,13.609600067138672,5,8,281,9,male
10.642473220825195,19.395767211914062,5,9,281,9,male
-14.513322830200195,-7.613560676574707,5,0,282,2,female
-14.465375900268555,-7.656144142150879,5,1,282,2,female
-14.105278968811035,-7.856053352355957,5,2,282,2,female
-13.33752727508545,-8.11832046508789,5,3,282,2,female
-12.256048202514648,-7.3129167556762695,5,4,282,2,female
-11.433451652526855,-5.539246559143066,5,5,282,2,female
8.444873809814453,10.120829582214355,5,6,282,2,female
10.257331848144531,12.133172035217285,5,7,282,2,female
11.407891273498535,14.734533309936523,5,8,282,2,female
10.80810260772705,19.11565589904785,5,9,282,2,female
-7.351139545440674,-8.494226455688477,5,0,283,1,male
-7.928933620452881,-10.785079002380371,5,1,283,1,male
-7.535163879394531,-11.719083786010742,5,2,283,1,male
-7.448892116546631,-11.660224914550781,5,3,283,1,male
-7.473787784576416,-10.460927963256836,5,4,283,1,male
-7.430399417877197,-8.486307144165039,5,5,283,1,male
-8.513148307800293,-5.534153461456299,5,6,283,1,male
9.70891284942627,10.058175086975098,5,7,283,1,male
11.276305198669434,13.520791053771973,5,8,283,1,male
10.559340476989746,19.39634132385254,5,9,283,1,male
-12.379240989685059,-12.120064735412598,5,0,284,11,female
-12.10403060913086,-12.7412109375,5,1,284,11,female
-11.912585258483887,-12.661181449890137,5,2,284,11,female
-12.037070274353027,-12.197240829467773,5,3,284,11,female
-12.47977352142334,-10.762124061584473,5,4,284,11,female
-12.24626350402832,-8.404343605041504,5,5,284,11,female
-11.600966453552246,-5.996302127838135,5,6,284,11,female
8.4190092086792,10.660734176635742,5,7,284,11,female
10.45025634765625,13.641487121582031,5,8,284,11,female
10.907597541809082,19.38596534729004,5,9,284,11,female
-13.753612518310547,-10.543028831481934,5,0,285,10,female
-13.777876853942871,-10.93879508972168,5,1,285,10,female
-14.100066184997559,-10.556952476501465,5,2,285,10,female
-13.443068504333496,-8.945809364318848,5,3,285,10,female
-12.86530590057373,-7.337488651275635,5,4,285,10,female
-12.06789779663086,-4.681752681732178,5,5,285,10,female
8.779982566833496,11.470205307006836,5,6,285,10,female
10.65056324005127,14.321054458618164,5,7,285,10,female
10.787755012512207,19.28672981262207,5,8,285,10,female
-5.463830471038818,-11.807232856750488,5,0,286,9,male
-5.444584369659424,-12.592469215393066,5,1,286,9,male
-5.371429920196533,-12.309581756591797,5,2,286,9,male
-5.590203285217285,-10.584015846252441,5,3,286,9,male
-6.543600559234619,-8.43234634399414,5,4,286,9,male
-7.973728179931641,-6.190733432769775,5,5,286,9,male
9.695934295654297,9.5658597946167,5,6,286,9,male
11.386963844299316,13.128064155578613,5,7,286,9,male
10.596280097961426,19.491117477416992,5,8,286,9,male
-13.628753662109375,-6.6413044929504395,5,0,287,2,female
-14.551390647888184,-7.620173454284668,5,1,287,2,female
-14.512797355651855,-7.706860542297363,5,2,287,2,female
-14.009228706359863,-8.01626968383789,5,3,287,2,female
-13.30469036102295,-8.179719924926758,5,4,287,2,female
-12.193160057067871,-7.2648091316223145,5,5,287,2,female
-11.375434875488281,-5.041438579559326,5,6,287,2,female
8.763084411621094,10.77717399597168,5,7,287,2,female
10.792386054992676,13.544363021850586,5,8,287,2,female
10.920052528381348,18.847026824951172,5,9,287,2,female
-14.344096183776855,-7.867941856384277,5,0,288,3,female
-14.370426177978516,-7.811085224151611,5,1,288,3,female
-14.360294342041016,-7.782031059265137,5,2,288,3,female
-13.784107208251953,-7.112107276916504,5,3,288,3,female
-13.4635591506958,-6.480929851531982,5,4,288,3,female
-12.363670349121094,-4.12833309173584,5,5,288,3,female
8.90030288696289,12.043079376220703,5,6,288,3,female
10.606707572937012,14.610875129699707,5,7,288,3,female
10.7177152633667,19.480525970458984,5,8,288,3,female
-12.926395416259766,-9.968098640441895,5,0,289,3,female
-12.98727798461914,-10.368413925170898,5,1,289,3,female
-13.185140609741211,-10.380386352539062,5,2,289,3,female
-12.967960357666016,-8.946311950683594,5,3,289,3,female
-12.484853744506836,-7.508598804473877,5,4,289,3,female
-11.870806694030762,-4.8064656257629395,5,5,289,3,female
8.723393440246582,11.41104793548584,5,6,289,3,female
10.628981590270996,14.358438491821289,5,7,289,3,female
10.54116439819336,19.55506706237793,5,8,289,3,female
-13.536219596862793,-9.300493240356445,5,0,290,10,female
-13.772895812988281,-10.683685302734375,5,1,290,10,female
-13.798792839050293,-10.864998817443848,5,2,290,10,female
-14.10981559753418,-9.830471992492676,5,3,290,10,female
-13.091812133789062,-8.086100578308105,5,4,290,10,female
-12.381088256835938,-5.7722978591918945,5,5,290,10,female
7.798413276672363,10.410099029541016,5,6,290,10,female
9.859098434448242,12.753443717956543,5,7,290,10,female
11.396702766418457,15.000900268554688,5,8,290,10,female
11.05068588256836,19.243925094604492,5,9,290,10,female
10.325034141540527,12.66810417175293,5,0,291,11,female
8.264330863952637,10.218809127807617,5,1,291,11,female
-11.687788009643555,-6.914194107055664,5,2,291,11,female
-12.663505554199219,-10.296419143676758,5,3,291,11,female
-12.061716079711914,-12.673905372619629,5,4,291,11,female
-11.9707670211792,-12.674423217773438,5,5,291,11,female
-11.981890678405762,-12.44217300415039,5,6,291,11,female
-11.873422622680664,-11.440584182739258,5,7,291,11,female
-11.993468284606934,-10.231220245361328,5,8,291,11,female
-11.955219268798828,-8.082358360290527,5,9,291,11,female
-6.310751438140869,-8.359347343444824,5,0,292,8,male
-5.068603038787842,-10.877775192260742,5,1,292,8,male
-4.92278528213501,-13.009276390075684,5,2,292,8,male
-4.949134349822998,-12.112929344177246,5,3,292,8,male
-6.025339603424072,-9.195321083068848,5,4,292,8,male
-7.864100456237793,-6.707572937011719,5,5,292,8,male
9.449530601501465,9.455673217773438,5,6,292,8,male
11.219589233398438,12.90938949584961,5,7,292,8,male
10.627098083496094,19.26984405517578,5,8,292,8,male
-14.523130416870117,-7.596634387969971,5,0,293,2,female
-14.467713356018066,-7.708022117614746,5,1,293,2,female
-14.15719985961914,-7.853109359741211,5,2,293,2,female
-13.38085651397705,-8.150684356689453,5,3,293,2,female
-12.3014497756958,-7.362489700317383,5,4,293,2,female
-11.418344497680664,-5.814939022064209,5,5,293,2,female
8.62415599822998,10.129122734069824,5,6,293,2,female
10.497498512268066,12.288262367248535,5,7,293,2,female
11.484081268310547,14.805838584899902,5,8,293,2,female
-12.12557315826416,-6.958834648132324,5,0,294,0,male
-13.09835147857666,-9.455306053161621,5,1,294,0,male
-12.974868774414062,-9.927960395812988,5,2,294,0,male
-13.025630950927734,-9.893733024597168,5,3,294,0,male
-13.395793914794922,-9.010213851928711,5,4,294,0,male
-13.312204360961914,-7.761889457702637,5,5,294,0,male
-12.818246841430664,-6.244024276733398,5,6,294,0,male
-12.037094116210938,-3.926760196685791,5,7,294,0,male
9.344681739807129,12.422477722167969,5,8,294,0,male
10.89754867553711,15.087614059448242,5,9,294,0,male
-14.517233848571777,-7.598593711853027,5,0,295,2,female
-14.46595287322998,-7.638863563537598,5,1,295,2,female
-13.983593940734863,-7.78046989440918,5,2,295,2,female
-13.553129196166992,-7.680309295654297,5,3,295,2,female
-12.371563911437988,-6.349576473236084,5,4,295,2,female
-11.782698631286621,-4.098570823669434,5,5,295,2,female
9.189108848571777,11.602810859680176,5,6,295,2,female
10.817560195922852,14.072233200073242,5,7,295,2,female
10.779067993164062,19.179841995239258,5,8,295,2,female
-5.85052490234375,-9.032194137573242,5,0,296,7,male
-4.763167858123779,-11.464664459228516,5,1,296,7,male
-3.949143648147583,-13.041479110717773,5,2,296,7,male
-4.135712623596191,-12.817620277404785,5,3,296,7,male
-4.653353691101074,-11.386123657226562,5,4,296,7,male
-5.71694278717041,-10.334232330322266,5,5,296,7,male
-6.651750564575195,-8.456242561340332,5,6,296,7,male
-7.899799346923828,-6.2487616539001465,5,7,296,7,male
9.645547866821289,9.529083251953125,5,8,296,7,male
11.224142074584961,12.835580825805664,5,9,296,7,male
-8.157191276550293,-10.9020357131958,5,0,297,1,male
-8.104292869567871,-10.961714744567871,5,1,297,1,male
-7.877727031707764,-10.560892105102539,5,2,297,1,male
-7.453175067901611,-8.652388572692871,5,3,297,1,male
-8.270051956176758,-7.333199501037598,5,4,297,1,male
-8.578302383422852,-4.080747604370117,5,5,297,1,male
10.291748046875,10.923824310302734,5,6,297,1,male
11.562121391296387,14.063075065612793,5,7,297,1,male
10.808823585510254,19.45387840270996,5,8,297,1,male
-5.491738319396973,-11.740860939025879,5,0,298,9,male
-5.385601043701172,-12.642898559570312,5,1,298,9,male
-5.348578929901123,-12.661909103393555,5,2,298,9,male
-5.298989772796631,-12.140753746032715,5,3,298,9,male
-5.714575290679932,-10.525321960449219,5,4,298,9,male
-6.646956443786621,-8.32836627960205,5,5,298,9,male
-8.06580638885498,-5.863048076629639,5,6,298,9,male
9.815113067626953,9.692502975463867,5,7,298,9,male
11.456787109375,13.344592094421387,5,8,298,9,male
10.723573684692383,19.390485763549805,5,9,298,9,male
-6.070607662200928,-8.699000358581543,5,0,299,7,male
-4.883822917938232,-11.234821319580078,5,1,299,7,male
-3.9427289962768555,-13.042322158813477,5,2,299,7,male
-3.9364092350006104,-13.022422790527344,5,3,299,7,male
-4.491711139678955,-11.815319061279297,5,4,299,7,male
-5.719884872436523,-10.450604438781738,5,5,299,7,male
-6.718588352203369,-8.652019500732422,5,6,299,7,male
-7.9230241775512695,-6.4925947189331055,5,7,299,7,male
9.4912748336792,9.493865966796875,5,8,299,7,male
11.143569946289062,12.766500473022461,5,9,299,7,male
-7.577051639556885,-10.55446720123291,6,0,300,1,male
-7.6042280197143555,-11.37915325164795,6,1,300,1,male
-7.691534519195557,-10.305763244628906,6,2,300,1,male
-8.59222412109375,-7.102608680725098,6,3,300,1,male
8.226476669311523,10.184130668640137,6,4,300,1,male
10.682631492614746,12.320182800292969,6,5,300,1,male
11.6458158493042,14.90152359008789,6,6,300,1,male
8.91278076171875,17.602947235107422,6,0,301,11,female
8.804671287536621,17.519079208374023,6,1,301,11,female
-12.437118530273438,-9.909477233886719,6,2,301,11,female
-12.905996322631836,-11.579319953918457,6,3,301,11,female
-12.739906311035156,-9.790254592895508,6,4,301,11,female
-12.469240188598633,-7.333357810974121,6,5,301,11,female
9.040252685546875,17.67658233642578,6,6,301,11,female
9.058320999145508,17.691543579101562,6,7,301,11,female
9.186957359313965,17.77881622314453,6,8,301,11,female
9.541428565979004,18.065393447875977,6,9,301,11,female
-5.878912925720215,-9.012608528137207,6,0,302,7,male
-4.7141804695129395,-11.529252052307129,6,1,302,7,male
-4.9191412925720215,-11.727578163146973,6,2,302,7,male
-5.767406463623047,-9.331937789916992,6,3,302,7,male
-7.792395114898682,-6.93454647064209,6,4,302,7,male
9.081191062927246,17.729991912841797,6,5,302,7,male
9.101469993591309,17.72477912902832,6,6,302,7,male
9.238101959228516,17.81856918334961,6,7,302,7,male
9.68069076538086,18.198883056640625,6,8,302,7,male
10.020859718322754,18.647478103637695,6,9,302,7,male
-11.378421783447266,-6.3059797286987305,6,0,303,0,male
-12.35090446472168,-8.744653701782227,6,1,303,0,male
-12.922849655151367,-10.992066383361816,6,2,303,0,male
-13.515435218811035,-11.125029563903809,6,3,303,0,male
-13.7400484085083,-9.041905403137207,6,4,303,0,male
-12.729304313659668,-6.247585296630859,6,5,303,0,male
8.137747764587402,10.5650634765625,6,6,303,0,male
10.332815170288086,13.462594032287598,6,7,303,0,male
10.570704460144043,19.576889038085938,6,8,303,0,male
-12.857124328613281,-7.678777694702148,6,0,304,10,female
-13.851609230041504,-10.4015531539917,6,1,304,10,female
-13.928370475769043,-11.042799949645996,6,2,304,10,female
-14.021958351135254,-10.523284912109375,6,3,304,10,female
-13.35757064819336,-7.699998378753662,6,4,304,10,female
-12.108965873718262,-4.85892391204834,6,5,304,10,female
8.68188190460205,11.500547409057617,6,6,304,10,female
10.611883163452148,14.45225715637207,6,7,304,10,female
10.517350196838379,19.589075088500977,6,8,304,10,female
-7.319321155548096,-7.269112586975098,6,0,305,9,male
-5.663453102111816,-9.912595748901367,6,1,305,9,male
-5.584804534912109,-12.464872360229492,6,2,305,9,male
-5.456705570220947,-12.117949485778809,6,3,305,9,male
-5.918682098388672,-9.228944778442383,6,4,305,9,male
-7.947027206420898,-6.829870223999023,6,5,305,9,male
9.419877052307129,9.479286193847656,6,6,305,9,male
11.280590057373047,12.979275703430176,6,7,305,9,male
11.839041709899902,15.025884628295898,6,8,305,9,male
10.433229446411133,19.59931755065918,6,9,305,9,male
10.873710632324219,13.044920921325684,6,0,306,1,male
8.34345531463623,10.318429946899414,6,1,306,1,male
-8.467188835144043,-7.042791366577148,6,2,306,1,male
-7.715874671936035,-10.401978492736816,6,3,306,1,male
-7.605380535125732,-11.482933044433594,6,4,306,1,male
-7.560331344604492,-11.06486701965332,6,5,306,1,male
-7.409842491149902,-8.53302001953125,6,6,306,1,male
-8.654224395751953,-5.48724889755249,6,7,306,1,male
9.784979820251465,10.152467727661133,6,8,306,1,male
11.41024398803711,13.8004732131958,6,9,306,1,male
-6.384062767028809,-8.46335220336914,6,0,307,7,male
-5.627279758453369,-10.073086738586426,6,1,307,7,male
-5.703068256378174,-10.93139934539795,6,2,307,7,male
-6.121304988861084,-9.121438026428223,6,3,307,7,male
-7.737421989440918,-6.942951679229736,6,4,307,7,male
9.227978706359863,17.7902774810791,6,5,307,7,male
9.340310096740723,17.79555320739746,6,6,307,7,male
9.576411247253418,17.965965270996094,6,7,307,7,male
9.859952926635742,18.392568588256836,6,8,307,7,male
10.231121063232422,19.041406631469727,6,9,307,7,male
-12.31242847442627,-7.2563252449035645,6,0,308,0,male
-13.883064270019531,-9.820427894592285,6,1,308,0,male
-13.891342163085938,-10.996318817138672,6,2,308,0,male
-13.958406448364258,-9.37979507446289,6,3,308,0,male
-13.125107765197754,-6.552988529205322,6,4,308,0,male
8.033675193786621,10.465991020202637,6,5,308,0,male
10.41897964477539,13.327089309692383,6,6,308,0,male
11.076416015625,15.866602897644043,6,7,308,0,male
10.440380096435547,19.587329864501953,6,8,308,0,male
-12.124332427978516,-7.389282703399658,6,0,309,0,male
-13.707330703735352,-9.595572471618652,6,1,309,0,male
-13.942692756652832,-10.95314884185791,6,2,309,0,male
-13.865419387817383,-9.138633728027344,6,3,309,0,male
-13.10729694366455,-6.461881160736084,6,4,309,0,male
8.080083847045898,10.566385269165039,6,5,309,0,male
10.485320091247559,13.70168399810791,6,6,309,0,male
10.513633728027344,19.60327911376953,6,7,309,0,male
10.478918075561523,19.605165481567383,6,8,309,0,male
-7.120809555053711,-9.256122589111328,6,0,310,1,male
-7.52207612991333,-11.311538696289062,6,1,310,1,male
-7.5843963623046875,-11.049637794494629,6,2,310,1,male
-7.197051525115967,-8.700228691101074,6,3,310,1,male
-8.292896270751953,-6.407254695892334,6,4,310,1,male
9.59312629699707,9.916610717773438,6,5,310,1,male
10.964428901672363,13.536569595336914,6,6,310,1,male
10.64649772644043,19.629642486572266,6,7,310,1,male
-14.8195219039917,-7.28086519241333,6,0,311,2,female
-15.226698875427246,-7.515890598297119,6,1,311,2,female
-15.180055618286133,-7.430252552032471,6,2,311,2,female
-13.50403118133545,-6.541205406188965,6,3,311,2,female
-12.479804992675781,-4.316591739654541,6,4,311,2,female
9.44321060180664,12.619000434875488,6,5,311,2,female
10.66327953338623,14.92716121673584,6,6,311,2,female
10.608586311340332,19.636240005493164,6,7,311,2,female
-13.698909759521484,-8.69157600402832,6,0,312,6,female
-14.453372955322266,-10.01667308807373,6,1,312,6,female
-13.898885726928711,-8.883377075195312,6,2,312,6,female
-13.292319297790527,-6.6915059089660645,6,3,312,6,female
-12.138426780700684,-4.065825939178467,6,4,312,6,female
9.34481430053711,12.390617370605469,6,5,312,6,female
10.835049629211426,14.999493598937988,6,6,312,6,female
10.448224067687988,19.28481101989746,6,7,312,6,female
-14.406312942504883,-7.733073711395264,6,0,313,2,female
-15.464738845825195,-8.850419044494629,6,1,313,2,female
-15.711936950683594,-8.466395378112793,6,2,313,2,female
-14.799514770507812,-7.369620323181152,6,3,313,2,female
-13.042587280273438,-5.730502605438232,6,4,313,2,female
8.342713356018066,11.135461807250977,6,5,313,2,female
10.53862476348877,14.490639686584473,6,6,313,2,female
10.442451477050781,19.61134147644043,6,7,313,2,female
8.844353675842285,17.550262451171875,6,0,314,11,female
-12.414040565490723,-9.140388488769531,6,1,314,11,female
-12.887449264526367,-11.645687103271484,6,2,314,11,female
-13.058074951171875,-11.365938186645508,6,3,314,11,female
-12.558255195617676,-8.769399642944336,6,4,314,11,female
8.840181350708008,17.54880714416504,6,5,314,11,female
9.102449417114258,17.72734832763672,6,6,314,11,female
9.149810791015625,17.75661277770996,6,7,314,11,female
9.481372833251953,18.012489318847656,6,8,314,11,female
9.79970932006836,18.37058448791504,6,9,314,11,female
-13.474579811096191,-8.494390487670898,6,0,315,10,female
-14.097419738769531,-10.765851974487305,6,1,315,10,female
-14.080979347229004,-10.886929512023926,6,2,315,10,female
-13.739480972290039,-9.091235160827637,6,3,315,10,female
-12.98388957977295,-6.737056732177734,6,4,315,10,female
-12.021702766418457,-4.002202987670898,6,5,315,10,female
9.387286186218262,12.408050537109375,6,6,315,10,female
10.912303924560547,15.067110061645508,6,7,315,10,female
-13.007396697998047,-8.961533546447754,6,0,316,3,female
-13.332923889160156,-11.194233894348145,6,1,316,3,female
-13.788966178894043,-11.028595924377441,6,2,316,3,female
-13.432649612426758,-8.572113037109375,6,3,316,3,female
8.889302253723145,17.5852108001709,6,4,316,3,female
8.968335151672363,17.642789840698242,6,5,316,3,female
9.152966499328613,17.765817642211914,6,6,316,3,female
9.259136199951172,17.84381675720215,6,7,316,3,female
9.669502258300781,18.169878005981445,6,8,316,3,female
9.964482307434082,18.573707580566406,6,9,316,3,female
-13.46506118774414,-8.657273292541504,6,0,317,10,female
-13.91631031036377,-10.920853614807129,6,1,317,10,female
-13.940966606140137,-10.985644340515137,6,2,317,10,female
-13.8545503616333,-9.71112060546875,6,3,317,10,female
-12.990036010742188,-7.372918605804443,6,4,317,10,female
-12.074146270751953,-4.638705730438232,6,5,317,10,female
8.78304672241211,11.667084693908691,6,6,317,10,female
10.726503372192383,14.63935375213623,6,7,317,10,female
10.707051277160645,19.66010284423828,6,8,317,10,female
-6.350974082946777,-8.472601890563965,6,0,318,8,male
-5.393895149230957,-10.181413650512695,6,1,318,8,male
-5.313940048217773,-10.742705345153809,6,2,318,8,male
-6.059866428375244,-8.879325866699219,6,3,318,8,male
-8.134430885314941,-6.8227691650390625,6,4,318,8,male
8.277725219726562,10.35895824432373,6,5,318,8,male
10.51314926147461,13.373448371887207,6,6,318,8,male
10.844864845275879,19.03378677368164,6,7,318,8,male
-13.374899864196777,-8.03512954711914,6,0,319,10,female
-14.103863716125488,-10.638894081115723,6,1,319,10,female
-14.013104438781738,-10.981877326965332,6,2,319,10,female
-14.158616065979004,-10.30394458770752,6,3,319,10,female
-13.322427749633789,-7.756236553192139,6,4,319,10,female
-12.239456176757812,-4.978391170501709,6,5,319,10,female
8.592877388000488,11.36622142791748,6,6,319,10,female
10.623204231262207,14.229608535766602,6,7,319,10,female
10.439423561096191,19.68878746032715,6,8,319,10,female
-7.9593024253845215,-6.871340274810791,6,0,320,9,male
-5.857925891876221,-9.445883750915527,6,1,320,9,male
-5.642850875854492,-12.102973937988281,6,2,320,9,male
-5.633982181549072,-12.228113174438477,6,3,320,9,male
-5.709864616394043,-9.673699378967285,6,4,320,9,male
-7.60422420501709,-7.147506237030029,6,5,320,9,male
-7.934872627258301,-4.0668816566467285,6,6,320,9,male
10.795500755310059,11.095955848693848,6,7,320,9,male
11.585673332214355,14.500439643859863,6,8,320,9,male
10.830527305603027,19.352703094482422,6,9,320,9,male
-7.287787437438965,-7.469882488250732,6,0,321,9,male
-5.776536464691162,-9.977895736694336,6,1,321,9,male
-5.874879360198975,-12.294581413269043,6,2,321,9,male
-5.63955020904541,-11.862887382507324,6,3,321,9,male
-6.127723693847656,-8.960054397583008,6,4,321,9,male
-7.950488090515137,-6.694377422332764,6,5,321,9,male
9.631089210510254,9.65427017211914,6,6,321,9,male
11.27519702911377,13.210956573486328,6,7,321,9,male
10.603658676147461,19.482608795166016,6,8,321,9,male
-13.658964157104492,-8.953999519348145,6,0,322,6,female
-14.063652038574219,-10.85405158996582,6,1,322,6,female
-14.63951587677002,-9.995858192443848,6,2,322,6,female
-13.695930480957031,-7.764194965362549,6,3,322,6,female
8.866902351379395,17.57316780090332,6,4,322,6,female
9.1104736328125,17.74533462524414,6,5,322,6,female
9.282950401306152,17.880962371826172,6,6,322,6,female
9.701346397399902,18.270414352416992,6,7,322,6,female
9.976503372192383,18.64271354675293,6,8,322,6,female
10.156988143920898,18.932472229003906,6,9,322,6,female
8.82163143157959,17.53256607055664,6,0,323,11,female
-12.480781555175781,-9.476007461547852,6,1,323,11,female
-12.67918586730957,-11.780543327331543,6,2,323,11,female
-12.597586631774902,-11.405231475830078,6,3,323,11,female
-12.505911827087402,-8.791979789733887,6,4,323,11,female
-11.556291580200195,-6.130383014678955,6,5,323,11,female
9.17123031616211,17.794662475585938,6,6,323,11,female
9.304605484008789,17.900571823120117,6,7,323,11,female
9.66439151763916,18.233671188354492,6,8,323,11,female
9.878153800964355,18.51474952697754,6,9,323,11,female
-13.534612655639648,-8.582084655761719,6,0,324,10,female
-14.050549507141113,-10.842194557189941,6,1,324,10,female
-14.041518211364746,-10.941784858703613,6,2,324,10,female
-13.701629638671875,-8.99694538116455,6,3,324,10,female
-12.724736213684082,-6.411105632781982,6,4,324,10,female
7.934856414794922,10.425067901611328,6,5,324,10,female
10.137360572814941,13.047286033630371,6,6,324,10,female
11.112117767333984,15.71723747253418,6,7,324,10,female
10.538620948791504,19.59189224243164,6,8,324,10,female
-13.33853530883789,-8.468306541442871,6,0,325,10,female
-13.92788028717041,-10.838595390319824,6,1,325,10,female
-14.036285400390625,-10.987512588500977,6,2,325,10,female
-13.814918518066406,-9.38409423828125,6,3,325,10,female
-13.075370788574219,-6.884153366088867,6,4,325,10,female
-12.045771598815918,-4.069048881530762,6,5,325,10,female
9.196702003479004,12.202594757080078,6,6,325,10,female
10.824440956115723,14.965839385986328,6,7,325,10,female
10.638947486877441,19.512609481811523,6,8,325,10,female
8.912205696105957,17.606342315673828,6,0,326,11,female
-12.031905174255371,-8.202289581298828,6,1,326,11,female
-12.279956817626953,-10.559220314025879,6,2,326,11,female
-12.274022102355957,-11.387922286987305,6,3,326,11,female
-12.314763069152832,-9.518850326538086,6,4,326,11,female
8.783553123474121,17.503250122070312,6,5,326,11,female
8.93906021118164,17.621408462524414,6,6,326,11,female
8.98591423034668,17.657922744750977,6,7,326,11,female
9.127883911132812,17.75503921508789,6,8,326,11,female
9.283909797668457,17.873804092407227,6,9,326,11,female
-13.397541046142578,-7.73337984085083,6,0,327,6,female
-14.52319622039795,-9.798624038696289,6,1,327,6,female
-14.522876739501953,-10.06851863861084,6,2,327,6,female
-13.7874174118042,-8.690367698669434,6,3,327,6,female
-13.062760353088379,-6.343264579772949,6,4,327,6,female
8.035943031311035,10.552630424499512,6,5,327,6,female
9.937079429626465,12.982200622558594,6,6,327,6,female
11.093862533569336,15.719502449035645,6,7,327,6,female
10.467978477478027,19.621417999267578,6,8,327,6,female
8.902194023132324,17.598499298095703,6,0,328,11,female
8.855645179748535,17.56290626525879,6,1,328,11,female
-12.37187385559082,-9.822422981262207,6,2,328,11,female
-12.419244766235352,-11.627323150634766,6,3,328,11,female
-12.457452774047852,-10.44017505645752,6,4,328,11,female
-12.141630172729492,-7.9742584228515625,6,5,328,11,female
8.859489440917969,17.55459976196289,6,6,328,11,female
8.93834400177002,17.62801742553711,6,7,328,11,female
9.092150688171387,17.716026306152344,6,8,328,11,female
9.41792106628418,17.960887908935547,6,9,328,11,female
-13.510658264160156,-8.367144584655762,6,0,329,10,female
-14.160468101501465,-10.687413215637207,6,1,329,10,female
-14.127134323120117,-10.853658676147461,6,2,329,10,female
-13.70926284790039,-9.035486221313477,6,3,329,10,female
-12.991395950317383,-6.584496021270752,6,4,329,10,female
-12.008978843688965,-3.9425435066223145,6,5,329,10,female
9.609434127807617,12.657743453979492,6,6,329,10,female
10.99361515045166,15.334753036499023,6,7,329,10,female
10.491988182067871,19.45452880859375,6,8,329,10,female
10.493886947631836,19.608261108398438,6,9,329,10,female
-13.509354591369629,-6.501286029815674,6,0,330,2,female
-15.184409141540527,-7.419800758361816,6,1,330,2,female
-15.399857521057129,-7.639210224151611,6,2,330,2,female
-15.063714027404785,-7.418828010559082,6,3,330,2,female
-12.797553062438965,-5.576632022857666,6,4,330,2,female
9.276321411132812,17.792491912841797,6,5,330,2,female
9.622077941894531,18.132368087768555,6,6,330,2,female
9.889625549316406,18.48185157775879,6,7,330,2,female
10.313678741455078,19.59670639038086,6,8,330,2,female
-14.782520294189453,-7.27423620223999,6,0,331,2,female
-15.327295303344727,-7.525043487548828,6,1,331,2,female
-15.198841094970703,-7.40041971206665,6,2,331,2,female
-13.575331687927246,-6.546392917633057,6,3,331,2,female
-12.462735176086426,-4.247345924377441,6,4,331,2,female
9.331372261047363,17.9106502532959,6,5,331,2,female
9.708884239196777,18.276775360107422,6,6,331,2,female
10.009354591369629,18.695215225219727,6,7,331,2,female
10.41136646270752,19.43698501586914,6,8,331,2,female
-12.739615440368652,-6.567884922027588,6,0,332,0,male
-13.719717979431152,-9.23763370513916,6,1,332,0,male
-13.918112754821777,-10.965941429138184,6,2,332,0,male
-14.026005744934082,-9.574657440185547,6,3,332,0,male
-13.226033210754395,-6.980186939239502,6,4,332,0,male
-12.14013671875,-4.074758052825928,6,5,332,0,male
9.331735610961914,12.390898704528809,6,6,332,0,male
10.938593864440918,15.192448616027832,6,7,332,0,male
10.474900245666504,19.641633987426758,6,8,332,0,male
-13.526436805725098,-8.414135932922363,6,0,333,6,female
-14.371747970581055,-10.437572479248047,6,1,333,6,female
-14.971081733703613,-9.695623397827148,6,2,333,6,female
-13.868054389953613,-7.982364654541016,6,3,333,6,female
-12.671797752380371,-5.537880897521973,6,4,333,6,female
8.263395309448242,10.984310150146484,6,5,333,6,female
10.452607154846191,13.935057640075684,6,6,333,6,female
10.512489318847656,19.51564598083496,6,7,333,6,female
-13.66777229309082,-11.004512786865234,6,0,334,3,female
-13.962870597839355,-10.55542278289795,6,1,334,3,female
-13.620023727416992,-7.93431282043457,6,2,334,3,female
-12.48647403717041,-5.17474365234375,6,3,334,3,female
8.497013092041016,11.306734085083008,6,4,334,3,female
10.532737731933594,14.191231727600098,6,5,334,3,female
10.726348876953125,19.306241989135742,6,6,334,3,female
-7.123047351837158,-7.327162265777588,6,0,335,7,male
-5.379150867462158,-9.957191467285156,6,1,335,7,male
-4.775283336639404,-11.451796531677246,6,2,335,7,male
-5.553579807281494,-9.729351043701172,6,3,335,7,male
-7.46597957611084,-7.117138385772705,6,4,335,7,male
9.07459545135498,17.685504913330078,6,5,335,7,male
9.153592109680176,17.71396255493164,6,6,335,7,male
9.234747886657715,17.76520347595215,6,7,335,7,male
9.618515014648438,18.06849479675293,6,8,335,7,male
9.892441749572754,18.39875030517578,6,9,335,7,male
-7.43591833114624,-7.276583671569824,6,0,336,9,male
-5.761837959289551,-9.788728713989258,6,1,336,9,male
-5.8122992515563965,-12.097047805786133,6,2,336,9,male
-6.101412773132324,-11.252035140991211,6,3,336,9,male
-6.7291178703308105,-8.625125885009766,6,4,336,9,male
-8.119288444519043,-6.056614875793457,6,5,336,9,male
9.797869682312012,9.744046211242676,6,6,336,9,male
11.352852821350098,13.438915252685547,6,7,336,9,male
10.674345016479492,19.3872127532959,6,8,336,9,male
-15.158650398254395,-7.499638557434082,6,0,337,2,female
-15.775777816772461,-8.127603530883789,6,1,337,2,female
-15.282204627990723,-7.494939804077148,6,2,337,2,female
-13.5021333694458,-6.492532253265381,6,3,337,2,female
8.115869522094727,10.520148277282715,6,4,337,2,female
10.145381927490234,13.224570274353027,6,5,337,2,female
10.9187593460083,15.666529655456543,6,6,337,2,female
10.589384078979492,19.33012580871582,6,7,337,2,female
-6.538939476013184,-8.360068321228027,6,0,338,9,male
-5.361137866973877,-10.953132629394531,6,1,338,9,male
-5.280891418457031,-12.65615463256836,6,2,338,9,male
-5.282098770141602,-11.111882209777832,6,3,338,9,male
-6.319639205932617,-8.516961097717285,6,4,338,9,male
-8.094952583312988,-5.80820369720459,6,5,338,9,male
9.95322322845459,9.79543399810791,6,6,338,9,male
11.526384353637695,13.42207145690918,6,7,338,9,male
10.579364776611328,19.65670394897461,6,8,338,9,male
-7.6451263427734375,-10.291563034057617,6,0,339,1,male
-7.563090801239014,-11.493280410766602,6,1,339,1,male
-7.541770935058594,-11.017404556274414,6,2,339,1,male
-7.424750328063965,-8.635821342468262,6,3,339,1,male
-8.682923316955566,-5.599278450012207,6,4,339,1,male
9.644618034362793,10.119630813598633,6,5,339,1,male
11.072561264038086,13.668724060058594,6,6,339,1,male
10.592758178710938,19.630529403686523,6,7,339,1,male
-7.261966705322266,-8.962418556213379,6,0,340,1,male
-7.5795817375183105,-11.368096351623535,6,1,340,1,male
-7.5293378829956055,-11.463232040405273,6,2,340,1,male
-7.627474308013916,-10.375386238098145,6,3,340,1,male
-8.394542694091797,-7.282795429229736,6,4,340,1,male
-8.513014793395996,-3.9850823879241943,6,5,340,1,male
10.535087585449219,11.256114959716797,6,6,340,1,male
11.705753326416016,14.559921264648438,6,7,340,1,male
10.47671890258789,19.51736831665039,6,8,340,1,male
-6.563724517822266,-8.089059829711914,6,0,341,8,male
-5.2935967445373535,-10.263419151306152,6,1,341,8,male
-5.230014801025391,-10.744099617004395,6,2,341,8,male
-5.8665313720703125,-9.094559669494629,6,3,341,8,male
-7.696518421173096,-6.954781532287598,6,4,341,8,male
9.582201957702637,17.57211685180664,6,5,341,8,male
9.637670516967773,17.76708984375,6,6,341,8,male
9.843180656433105,18.200387954711914,6,7,341,8,male
10.210524559020996,18.985506057739258,6,8,341,8,male
-13.52446174621582,-8.61054515838623,6,0,342,10,female
-14.105108261108398,-10.854192733764648,6,1,342,10,female
-14.048602104187012,-10.955366134643555,6,2,342,10,female
-13.80001163482666,-9.196579933166504,6,3,342,10,female
-12.914091110229492,-6.786552429199219,6,4,342,10,female
-11.939167022705078,-4.04865837097168,6,5,342,10,female
9.426658630371094,12.417323112487793,6,6,342,10,female
11.00454330444336,15.241905212402344,6,7,342,10,female
10.86989688873291,19.521631240844727,6,8,342,10,female
-13.520535469055176,-9.169300079345703,6,0,343,3,female
-13.729684829711914,-11.021245956420898,6,1,343,3,female
-13.883810043334961,-10.229695320129395,6,2,343,3,female
-13.341804504394531,-7.657501697540283,6,3,343,3,female
8.939034461975098,17.63543701171875,6,4,343,3,female
8.93763256072998,17.621171951293945,6,5,343,3,female
9.10560131072998,17.735321044921875,6,6,343,3,female
9.383687973022461,17.95975112915039,6,7,343,3,female
9.76270866394043,18.314136505126953,6,8,343,3,female
10.054983139038086,18.764022827148438,6,9,343,3,female
-7.528194904327393,-8.468996047973633,6,0,344,1,male
-7.546464443206787,-10.602964401245117,6,1,344,1,male
-7.618027210235596,-11.2531156539917,6,2,344,1,male
-7.736745834350586,-9.941001892089844,6,3,344,1,male
-8.564275741577148,-7.022731304168701,6,4,344,1,male
8.226473808288574,10.383321762084961,6,5,344,1,male
10.593452453613281,13.34948444366455,6,6,344,1,male
10.751971244812012,19.250564575195312,6,7,344,1,male
-6.209738254547119,-8.573147773742676,6,0,345,7,male
-5.1562113761901855,-11.011297225952148,6,1,345,7,male
-5.381399154663086,-11.71464729309082,6,2,345,7,male
-5.818673133850098,-9.437322616577148,6,3,345,7,male
-7.579666614532471,-7.052375316619873,6,4,345,7,male
9.186905860900879,17.732688903808594,6,5,345,7,male
9.240182876586914,17.71760368347168,6,6,345,7,male
9.44650936126709,17.86742401123047,6,7,345,7,male
9.869596481323242,18.37752342224121,6,8,345,7,male
10.24108600616455,18.893871307373047,6,9,345,7,male
-13.386434555053711,-8.362019538879395,6,0,346,10,female
-14.020641326904297,-10.796030044555664,6,1,346,10,female
-14.03855037689209,-10.951727867126465,6,2,346,10,female
-13.761707305908203,-9.075628280639648,6,3,346,10,female
-12.932757377624512,-6.429728984832764,6,4,346,10,female
7.987630844116211,10.45872688293457,6,5,346,10,female
9.650856018066406,18.129371643066406,6,6,346,10,female
9.775289535522461,18.245718002319336,6,7,346,10,female
9.90411376953125,18.459993362426758,6,8,346,10,female
10.346797943115234,19.33418846130371,6,9,346,10,female
-6.558354377746582,-8.257171630859375,6,0,347,8,male
-5.33663272857666,-10.307626724243164,6,1,347,8,male
-5.234226226806641,-10.948015213012695,6,2,347,8,male
-5.865675449371338,-9.144950866699219,6,3,347,8,male
-7.9412126541137695,-6.883008003234863,6,4,347,8,male
8.172554016113281,10.454911231994629,6,5,347,8,male
10.108112335205078,13.086752891540527,6,6,347,8,male
10.995491027832031,15.644542694091797,6,7,347,8,male
10.852603912353516,19.330434799194336,6,8,347,8,male
-7.290818691253662,-7.232212066650391,6,0,348,8,male
-5.403597831726074,-9.88819694519043,6,1,348,8,male
-4.893641948699951,-11.351885795593262,6,2,348,8,male
-5.629575252532959,-9.586217880249023,6,3,348,8,male
-7.413255214691162,-7.191578388214111,6,4,348,8,male
-7.936031341552734,-4.0118255615234375,6,5,348,8,male
10.831116676330566,11.78634262084961,6,6,348,8,male
11.781291007995605,14.603609085083008,6,7,348,8,male
10.942743301391602,19.359233856201172,6,8,348,8,male
-7.3475542068481445,-7.182745456695557,6,0,349,8,male
-5.79661226272583,-9.660222053527832,6,1,349,8,male
-6.141456127166748,-11.429244041442871,6,2,349,8,male
-5.8030171394348145,-9.640250205993652,6,3,349,8,male
-7.498676300048828,-7.122110843658447,6,4,349,8,male
9.226677894592285,17.69999885559082,6,5,349,8,male
9.310929298400879,17.763938903808594,6,6,349,8,male
9.607305526733398,18.040924072265625,6,7,349,8,male
9.860069274902344,18.366661071777344,6,8,349,8,male
10.330331802368164,19.34868812561035,6,9,349,8,male
-8.63492202758789,-7.03389835357666,7,0,350,0,male
-12.298942565917969,-9.765253067016602,7,1,350,0,male
-12.114917755126953,-11.581053733825684,7,2,350,0,male
-12.190529823303223,-11.658726692199707,7,3,350,0,male
-13.15811824798584,-11.171523094177246,7,4,350,0,male
-14.358891487121582,-9.527470588684082,7,5,350,0,male
-13.056364059448242,-7.891973972320557,7,6,350,0,male
-12.41380786895752,-5.679606914520264,7,7,350,0,male
7.779466152191162,10.429910659790039,7,8,350,0,male
9.79147720336914,12.773202896118164,7,9,350,0,male
-13.427408218383789,-8.23885440826416,7,0,351,10,female
-13.714773178100586,-10.621761322021484,7,1,351,10,female
-13.64462661743164,-11.308540344238281,7,2,351,10,female
-13.557672500610352,-11.313871383666992,7,3,351,10,female
-13.67057991027832,-11.092161178588867,7,4,351,10,female
-14.286168098449707,-10.227663040161133,7,5,351,10,female
-13.060430526733398,-8.521519660949707,7,6,351,10,female
-12.529714584350586,-6.361207962036133,7,7,351,10,female
7.596075534820557,10.277153968811035,7,8,351,10,female
9.642536163330078,12.684682846069336,7,9,351,10,female
8.919031143188477,17.613739013671875,7,0,352,11,female
8.814043998718262,17.52597999572754,7,1,352,11,female
-12.352346420288086,-9.955429077148438,7,2,352,11,female
-12.41102409362793,-12.023435592651367,7,3,352,11,female
-12.161089897155762,-12.24246597290039,7,4,352,11,female
-11.921226501464844,-12.092374801635742,7,5,352,11,female
-11.886295318603516,-11.647822380065918,7,6,352,11,female
-12.023417472839355,-10.632064819335938,7,7,352,11,female
-12.010241508483887,-8.40621566772461,7,8,352,11,female
-11.401182174682617,-6.175994873046875,7,9,352,11,female
-7.453350067138672,-8.507841110229492,7,0,353,1,male
-7.76601505279541,-10.869051933288574,7,1,353,1,male
-7.567735195159912,-11.776483535766602,7,2,353,1,male
-7.354142665863037,-11.79561710357666,7,3,353,1,male
-7.06317663192749,-11.412751197814941,7,4,353,1,male
-7.177103042602539,-10.490013122558594,7,5,353,1,male
-7.30352258682251,-9.28614616394043,7,6,353,1,male
-8.128281593322754,-7.610241413116455,7,7,353,1,male
-8.679000854492188,-4.224536895751953,7,8,353,1,male
10.211630821228027,10.849167823791504,7,9,353,1,male
-8.611444473266602,-6.988234996795654,7,0,354,0,male
-12.330787658691406,-9.755826950073242,7,1,354,0,male
-12.195646286010742,-11.590638160705566,7,2,354,0,male
-12.12633228302002,-11.789244651794434,7,3,354,0,male
-12.95344066619873,-11.548937797546387,7,4,354,0,male
-14.336377143859863,-10.132972717285156,7,5,354,0,male
-13.1658935546875,-8.319024085998535,7,6,354,0,male
-12.501178741455078,-6.020299434661865,7,7,354,0,male
7.677984237670898,10.391153335571289,7,8,354,0,male
9.644522666931152,12.619742393493652,7,9,354,0,male
-6.5426554679870605,-8.127181053161621,7,0,355,7,male
-5.023087024688721,-10.85300064086914,7,1,355,7,male
-3.988074541091919,-13.074081420898438,7,2,355,7,male
-4.126637935638428,-13.073816299438477,7,3,355,7,male
-4.508397579193115,-12.45616340637207,7,4,355,7,male
-5.3562469482421875,-10.823747634887695,7,5,355,7,male
-6.473982810974121,-9.024971961975098,7,6,355,7,male
-7.394566535949707,-6.970677852630615,7,7,355,7,male
-7.858541011810303,-3.9647557735443115,7,8,355,7,male
10.92301082611084,11.61421012878418,7,9,355,7,male
-13.58849048614502,-6.6614460945129395,7,0,356,2,female
-14.782794952392578,-7.753520965576172,7,1,356,2,female
-15.044007301330566,-8.241905212402344,7,2,356,2,female
-15.024944305419922,-8.246048927307129,7,3,356,2,female
-14.990887641906738,-7.9629669189453125,7,4,356,2,female
-14.63609504699707,-7.467320919036865,7,5,356,2,female
-13.467986106872559,-6.482922077178955,7,6,356,2,female
-12.341459274291992,-4.099928379058838,7,7,356,2,female
9.14466381072998,12.250164031982422,7,8,356,2,female
10.783995628356934,15.0527925491333,7,9,356,2,female
-8.567358016967773,-7.1365065574646,7,0,357,0,male
-12.453625679016113,-9.751352310180664,7,1,357,0,male
-12.332377433776855,-11.335404396057129,7,2,357,0,male
-12.419465065002441,-11.368536949157715,7,3,357,0,male
-13.131305694580078,-10.7291259765625,7,4,357,0,male
-13.79077434539795,-9.21452522277832,7,5,357,0,male
-12.843928337097168,-7.421853542327881,7,6,357,0,male
-12.215801239013672,-4.980052947998047,7,7,357,0,male
8.492744445800781,11.271514892578125,7,8,357,0,male
10.529178619384766,14.057663917541504,7,9,357,0,male
-8.392855644226074,-7.045118808746338,7,0,358,1,male
-7.818124294281006,-10.509689331054688,7,1,358,1,male
-7.558316230773926,-11.712337493896484,7,2,358,1,male
-7.3964762687683105,-11.939165115356445,7,3,358,1,male
-7.163441181182861,-11.541731834411621,7,4,358,1,male
-7.179780006408691,-10.364424705505371,7,5,358,1,male
-7.3118577003479,-9.127297401428223,7,6,358,1,male
-8.222146987915039,-7.337926387786865,7,7,358,1,male
-8.548941612243652,-4.035792350769043,7,8,358,1,male
10.387269020080566,11.055045127868652,7,9,358,1,male
-13.269129753112793,-8.907466888427734,7,0,359,6,female
-13.67714786529541,-10.461520195007324,7,1,359,6,female
-13.74396800994873,-10.58323860168457,7,2,359,6,female
-14.133455276489258,-10.753008842468262,7,3,359,6,female
-14.499048233032227,-10.235603332519531,7,4,359,6,female
-14.164387702941895,-9.181684494018555,7,5,359,6,female
-12.951396942138672,-7.303445339202881,7,6,359,6,female
-12.123564720153809,-4.688022136688232,7,7,359,6,female
8.784849166870117,11.539342880249023,7,8,359,6,female
10.702251434326172,14.484681129455566,7,9,359,6,female
-7.263555526733398,-7.244061470031738,7,0,360,8,male
-5.409174919128418,-9.911709785461426,7,1,360,8,male
-4.8886542320251465,-12.842217445373535,7,2,360,8,male
-5.036314487457275,-13.07242202758789,7,3,360,8,male
-5.1752777099609375,-12.603254318237305,7,4,360,8,male
-6.032650947570801,-10.07129955291748,7,5,360,8,male
-6.9432454109191895,-7.781881332397461,7,6,360,8,male
-8.045371055603027,-4.853824615478516,7,7,360,8,male
10.413630485534668,10.229548454284668,7,8,360,8,male
11.687149047851562,13.837677001953125,7,9,360,8,male
-7.3911871910095215,-8.605011940002441,7,0,361,1,male
-7.717243194580078,-11.00473403930664,7,1,361,1,male
-7.479912281036377,-11.764416694641113,7,2,361,1,male
-7.271220684051514,-11.681625366210938,7,3,361,1,male
-7.273045063018799,-10.883126258850098,7,4,361,1,male
-7.134976387023926,-10.20042896270752,7,5,361,1,male
-7.590183258056641,-8.532315254211426,7,6,361,1,male
-8.872926712036133,-5.532894134521484,7,7,361,1,male
9.401928901672363,10.050209999084473,7,8,361,1,male
11.195626258850098,13.184535026550293,7,9,361,1,male
-13.263520240783691,-8.402320861816406,7,0,362,10,female
-13.535383224487305,-10.807656288146973,7,1,362,10,female
-13.552667617797852,-11.410603523254395,7,2,362,10,female
-13.357026100158691,-11.383779525756836,7,3,362,10,female
-13.28610610961914,-11.32990837097168,7,4,362,10,female
-13.378646850585938,-10.720909118652344,7,5,362,10,female
-12.6688871383667,-9.033893585205078,7,6,362,10,female
-12.360222816467285,-7.460832595825195,7,7,362,10,female
-11.653340339660645,-4.681360244750977,7,8,362,10,female
8.953817367553711,11.512676239013672,7,9,362,10,female
-13.587532997131348,-10.537559509277344,7,0,363,6,female
-13.624762535095215,-10.483539581298828,7,1,363,6,female
-13.642058372497559,-10.200897216796875,7,2,363,6,female
-13.800305366516113,-9.891549110412598,7,3,363,6,female
-13.001509666442871,-8.976889610290527,7,4,363,6,female
-12.494207382202148,-7.641586780548096,7,5,363,6,female
-11.756967544555664,-4.9470720291137695,7,6,363,6,female
8.699230194091797,11.174649238586426,7,7,363,6,female
10.660715103149414,14.185131072998047,7,8,363,6,female
10.39540958404541,19.442575454711914,7,9,363,6,female
-8.427384376525879,-7.164056777954102,7,0,364,1,male
-7.837954521179199,-10.50488567352295,7,1,364,1,male
-7.7068400382995605,-11.567138671875,7,2,364,1,male
-7.413813591003418,-11.847686767578125,7,3,364,1,male
-7.1804351806640625,-11.59192180633545,7,4,364,1,male
-7.211268424987793,-10.504705429077148,7,5,364,1,male
-7.324884414672852,-9.113092422485352,7,6,364,1,male
-8.266820907592773,-7.285170078277588,7,7,364,1,male
-8.529698371887207,-3.915951728820801,7,8,364,1,male
10.510335922241211,11.30996036529541,7,9,364,1,male
-6.3984270095825195,-8.344131469726562,7,0,365,7,male
-5.111087799072266,-10.72825813293457,7,1,365,7,male
-3.956284761428833,-13.014222145080566,7,2,365,7,male
-4.204532623291016,-12.745926856994629,7,3,365,7,male
-4.763753890991211,-10.984922409057617,7,4,365,7,male
-6.0056538581848145,-10.007948875427246,7,5,365,7,male
-6.801692008972168,-7.967536926269531,7,6,365,7,male
-7.926577091217041,-5.8461809158325195,7,7,365,7,male
9.74016284942627,9.584715843200684,7,8,365,7,male
11.339189529418945,13.009992599487305,7,9,365,7,male
8.976862907409668,17.653284072875977,7,0,366,11,female
8.757490158081055,17.4785213470459,7,1,366,11,female
-12.347834587097168,-10.029011726379395,7,2,366,11,female
-11.9154052734375,-12.437931060791016,7,3,366,11,female
-11.939434051513672,-12.72314167022705,7,4,366,11,female
-12.018648147583008,-12.528307914733887,7,5,366,11,female
-12.420989036560059,-12.066913604736328,7,6,366,11,female
-12.122673034667969,-10.830880165100098,7,7,366,11,female
-12.16730785369873,-8.479632377624512,7,8,366,11,female
-11.441600799560547,-6.306280136108398,7,9,366,11,female
-6.169774055480957,-8.70711898803711,7,0,367,9,male
-5.324221134185791,-11.112796783447266,7,1,367,9,male
-5.1592912673950195,-12.752228736877441,7,2,367,9,male
-5.069149494171143,-12.873367309570312,7,3,367,9,male
-5.08982515335083,-12.96774673461914,7,4,367,9,male
-4.996703624725342,-12.076066017150879,7,5,367,9,male
-6.026644706726074,-9.884023666381836,7,6,367,9,male
-6.873140811920166,-7.744185924530029,7,7,367,9,male
-8.010984420776367,-4.888688087463379,7,8,367,9,male
10.391815185546875,10.159829139709473,7,9,367,9,male
-13.395100593566895,-8.172322273254395,7,0,368,6,female
-13.808201789855957,-10.34835433959961,7,1,368,6,female
-13.896015167236328,-10.574949264526367,7,2,368,6,female
-14.444161415100098,-10.277803421020508,7,3,368,6,female
-15.030004501342773,-10.210834503173828,7,4,368,6,female
-14.729187965393066,-9.714308738708496,7,5,368,6,female
-13.610692977905273,-8.33869457244873,7,6,368,6,female
-12.55406665802002,-5.978473663330078,7,7,368,6,female
7.733092308044434,10.438443183898926,7,8,368,6,female
9.8130521774292,12.830829620361328,7,9,368,6,female
-6.155923843383789,-8.612639427185059,7,0,369,7,male
-5.035738945007324,-11.019312858581543,7,1,369,7,male
-3.9781763553619385,-12.969573020935059,7,2,369,7,male
-4.411440372467041,-11.919487953186035,7,3,369,7,male
-4.784450054168701,-10.961710929870605,7,4,369,7,male
-6.157713890075684,-9.655987739562988,7,5,369,7,male
-6.790421962738037,-7.7557759284973145,7,6,369,7,male
-8.02249526977539,-5.157128810882568,7,7,369,7,male
10.170883178710938,9.897481918334961,7,8,369,7,male
11.564022064208984,13.424848556518555,7,9,369,7,male
-8.596378326416016,-7.074058532714844,7,0,370,0,male
-12.120058059692383,-9.813043594360352,7,1,370,0,male
-8.258519172668457,-11.29664421081543,7,2,370,0,male
-11.940860748291016,-11.677373886108398,7,3,370,0,male
-12.828802108764648,-11.212327003479004,7,4,370,0,male
-14.40349006652832,-10.189038276672363,7,5,370,0,male
-13.483295440673828,-8.75355339050293,7,6,370,0,male
-12.778788566589355,-6.617607593536377,7,7,370,0,male
-11.918941497802734,-3.9779865741729736,7,8,370,0,male
9.40463638305664,12.34394645690918,7,9,370,0,male
9.19218921661377,17.701412200927734,7,0,371,7,male
-7.186866760253906,-7.306740760803223,7,1,371,7,male
-5.309237480163574,-10.116371154785156,7,2,371,7,male
-3.975980758666992,-13.072861671447754,7,3,371,7,male
-4.135453224182129,-13.213882446289062,7,4,371,7,male
-4.385676383972168,-12.442571640014648,7,5,371,7,male
-5.3800811767578125,-10.447861671447754,7,6,371,7,male
-6.766232490539551,-7.970217227935791,7,7,371,7,male
-7.957525253295898,-5.73618745803833,7,8,371,7,male
9.949105262756348,9.62744140625,7,9,371,7,male
-5.9495062828063965,-9.175782203674316,7,0,372,9,male
-5.673573970794678,-11.95792007446289,7,1,372,9,male
-5.516547203063965,-12.678333282470703,7,2,372,9,male
-5.28651237487793,-12.7586088180542,7,3,372,9,male
-5.546769618988037,-13.006463050842285,7,4,372,9,male
-5.715192794799805,-12.752147674560547,7,5,372,9,male
-5.885270118713379,-10.470290184020996,7,6,372,9,male
-6.736939907073975,-8.328153610229492,7,7,372,9,male
-7.916755199432373,-6.142066955566406,7,8,372,9,male
9.586417198181152,9.477643966674805,7,9,372,9,male
-6.186614513397217,-8.545126914978027,7,0,373,7,male
-4.883927822113037,-11.196432113647461,7,1,373,7,male
-3.957080602645874,-13.156359672546387,7,2,373,7,male
-4.248342990875244,-12.922995567321777,7,3,373,7,male
-4.76108980178833,-10.894174575805664,7,4,373,7,male
-6.3194451332092285,-9.198933601379395,7,5,373,7,male
-7.1684699058532715,-7.19591760635376,7,6,373,7,male
-7.84552526473999,-4.264532566070557,7,7,373,7,male
10.773551940917969,10.81371021270752,7,8,373,7,male
11.782150268554688,14.353707313537598,7,9,373,7,male
-13.299697875976562,-8.413155555725098,7,0,374,10,female
-13.75755786895752,-10.928088188171387,7,1,374,10,female
-13.62983512878418,-11.373977661132812,7,2,374,10,female
-13.62246036529541,-11.389998435974121,7,3,374,10,female
-13.86319637298584,-11.24715805053711,7,4,374,10,female
-14.282672882080078,-10.042012214660645,7,5,374,10,female
-13.127847671508789,-7.92128324508667,7,6,374,10,female
-12.359450340270996,-5.4758405685424805,7,7,374,10,female
8.196571350097656,10.831616401672363,7,8,374,10,female
10.280665397644043,13.455818176269531,7,9,374,10,female
-6.998798847198486,-7.4235968589782715,7,0,375,8,male
-5.383998394012451,-10.219970703125,7,1,375,8,male
-5.1070756912231445,-12.93680191040039,7,2,375,8,male
-5.191864490509033,-13.039165496826172,7,3,375,8,male
-5.83832311630249,-12.936989784240723,7,4,375,8,male
-5.825723171234131,-11.367061614990234,7,5,375,8,male
-6.4373579025268555,-9.389472961425781,7,6,375,8,male
-7.244833946228027,-7.145289897918701,7,7,375,8,male
-7.905852317810059,-4.088133335113525,7,8,375,8,male
10.800741195678711,11.158029556274414,7,9,375,8,male
-13.826215744018555,-7.140493392944336,7,0,376,2,female
-15.03245735168457,-8.423665046691895,7,1,376,2,female
-15.06751537322998,-8.47970962524414,7,2,376,2,female
-15.05225944519043,-8.328621864318848,7,3,376,2,female
-14.923210144042969,-7.550258159637451,7,4,376,2,female
-13.600510597229004,-6.629300117492676,7,5,376,2,female
-12.520480155944824,-4.420587062835693,7,6,376,2,female
8.716789245605469,11.862043380737305,7,7,376,2,female
10.542638778686523,14.579916000366211,7,8,376,2,female
10.6828031539917,19.49484634399414,7,9,376,2,female
-7.201421737670898,-7.664172649383545,7,0,377,9,male
-5.756592273712158,-10.031474113464355,7,1,377,9,male
-5.782893180847168,-12.184952735900879,7,2,377,9,male
-5.730996131896973,-12.442154884338379,7,3,377,9,male
-5.857283115386963,-12.740077018737793,7,4,377,9,male
-5.969598293304443,-12.389009475708008,7,5,377,9,male
-6.087099075317383,-9.86157512664795,7,6,377,9,male
-7.106106281280518,-7.679824352264404,7,7,377,9,male
-8.15888786315918,-4.519341945648193,7,8,377,9,male
10.475861549377441,10.42031478881836,7,9,377,9,male
-13.673779487609863,-10.43302059173584,7,0,378,6,female
-13.71851634979248,-10.60484504699707,7,1,378,6,female
-13.937360763549805,-10.50105094909668,7,2,378,6,female
-14.323976516723633,-10.324012756347656,7,3,378,6,female
-14.289573669433594,-9.679462432861328,7,4,378,6,female
-13.092957496643066,-7.810407638549805,7,5,378,6,female
-12.341625213623047,-5.421329975128174,7,6,378,6,female
8.36426067352295,11.05028247833252,7,7,378,6,female
10.621213912963867,14.116087913513184,7,8,378,6,female
10.555986404418945,19.24510955810547,7,9,378,6,female
8.865163803100586,17.574338912963867,7,0,379,11,female
-12.372045516967773,-9.73554801940918,7,1,379,11,female
-11.919726371765137,-12.035240173339844,7,2,379,11,female
-11.74007797241211,-12.290489196777344,7,3,379,11,female
-11.678374290466309,-12.033029556274414,7,4,379,11,female
-11.74703598022461,-11.593401908874512,7,5,379,11,female
-12.00721549987793,-10.483734130859375,7,6,379,11,female
-12.001335144042969,-8.30871868133545,7,7,379,11,female
-11.370824813842773,-6.160400867462158,7,8,379,11,female
8.552671432495117,10.354696273803711,7,9,379,11,female
-13.109830856323242,-8.811437606811523,7,0,380,3,female
-12.990653038024902,-10.88914966583252,7,1,380,3,female
-13.580124855041504,-11.336339950561523,7,2,380,3,female
-13.70360279083252,-11.315264701843262,7,3,380,3,female
-14.043618202209473,-10.945810317993164,7,4,380,3,female
-14.160048484802246,-9.754981994628906,7,5,380,3,female
-12.944249153137207,-7.988733291625977,7,6,380,3,female
-12.284194946289062,-5.719913959503174,7,7,380,3,female
7.822516918182373,10.46804141998291,7,8,380,3,female
9.860334396362305,12.858251571655273,7,9,380,3,female
-6.024624824523926,-9.025435447692871,7,0,381,9,male
-5.539090156555176,-11.79004955291748,7,1,381,9,male
-5.424654960632324,-12.653820991516113,7,2,381,9,male
-5.096848964691162,-12.921407699584961,7,3,381,9,male
-5.030562877655029,-13.01901912689209,7,4,381,9,male
-4.927154064178467,-12.706428527832031,7,5,381,9,male
-5.46058464050293,-10.61879825592041,7,6,381,9,male
-6.623676776885986,-8.425678253173828,7,7,381,9,male
-7.911553859710693,-6.223819255828857,7,8,381,9,male
9.652838706970215,9.478048324584961,7,9,381,9,male
-6.181055545806885,-8.73760986328125,7,0,382,9,male
-5.587881565093994,-11.524251937866211,7,1,382,9,male
-5.483320236206055,-12.625584602355957,7,2,382,9,male
-5.59446382522583,-12.744593620300293,7,3,382,9,male
-5.682483196258545,-12.850297927856445,7,4,382,9,male
-5.771185398101807,-11.51693058013916,7,5,382,9,male
-6.352875232696533,-9.602994918823242,7,6,382,9,male
-7.27900505065918,-7.3844313621521,7,7,382,9,male
-7.972631454467773,-4.187946319580078,7,8,382,9,male
10.711132049560547,10.870296478271484,7,9,382,9,male
-13.387504577636719,-8.099485397338867,7,0,383,10,female
-13.8209228515625,-10.4965181350708,7,1,383,10,female
-13.671773910522461,-11.29566764831543,7,2,383,10,female
-13.708805084228516,-11.332551002502441,7,3,383,10,female
-13.785063743591309,-11.2282075881958,7,4,383,10,female
-14.297889709472656,-10.318389892578125,7,5,383,10,female
-13.201364517211914,-8.768872261047363,7,6,383,10,female
-12.700876235961914,-6.758155822753906,7,7,383,10,female
-11.90014934539795,-4.091846466064453,7,8,383,10,female
9.281085014343262,12.212342262268066,7,9,383,10,female
8.943157196044922,17.628660202026367,7,0,384,11,female
-12.042051315307617,-8.06479263305664,7,1,384,11,female
-12.781060218811035,-10.818334579467773,7,2,384,11,female
-12.006874084472656,-12.307645797729492,7,3,384,11,female
-12.01363468170166,-12.26787281036377,7,4,384,11,female
-11.898988723754883,-11.413348197937012,7,5,384,11,female
-11.962906837463379,-11.083895683288574,7,6,384,11,female
-11.957627296447754,-10.356115341186523,7,7,384,11,female
-11.998618125915527,-8.194051742553711,7,8,384,11,female
-11.360241889953613,-5.663276195526123,7,9,384,11,female
-12.527440071105957,-9.870725631713867,7,0,385,3,female
-12.885677337646484,-11.00165843963623,7,1,385,3,female
-13.617974281311035,-11.350800514221191,7,2,385,3,female
-14.883026123046875,-10.976998329162598,7,3,385,3,female
-14.650313377380371,-10.024190902709961,7,4,385,3,female
-13.262670516967773,-8.432818412780762,7,5,385,3,female
-12.693503379821777,-6.425827503204346,7,6,385,3,female
-11.810202598571777,-4.114168643951416,7,7,385,3,female
9.505248069763184,12.182426452636719,7,8,385,3,female
11.020386695861816,14.990159034729004,7,9,385,3,female
-6.75955057144165,-7.792724609375,7,0,386,8,male
-5.164490699768066,-10.519678115844727,7,1,386,8,male
-4.435291767120361,-12.794455528259277,7,2,386,8,male
-4.489924430847168,-12.892603874206543,7,3,386,8,male
-4.564642906188965,-12.687942504882812,7,4,386,8,male
-4.998675346374512,-10.764535903930664,7,5,386,8,male
-6.5992608070373535,-8.525717735290527,7,6,386,8,male
-7.9570441246032715,-5.981760025024414,7,7,386,8,male
9.728774070739746,9.568583488464355,7,8,386,8,male
11.372937202453613,13.074602127075195,7,9,386,8,male
-12.065664291381836,-5.880678176879883,7,0,387,10,female
-13.290011405944824,-8.43867015838623,7,1,387,10,female
-13.65683650970459,-10.68270206451416,7,2,387,10,female
-13.644566535949707,-11.313669204711914,7,3,387,10,female
-13.647021293640137,-11.310774803161621,7,4,387,10,female
-13.789433479309082,-11.27945613861084,7,5,387,10,female
-14.279820442199707,-10.27852725982666,7,6,387,10,female
-13.108133316040039,-8.540319442749023,7,7,387,10,female
-12.455984115600586,-6.078363418579102,7,8,387,10,female
7.783382415771484,10.423782348632812,7,9,387,10,female
-13.917134284973145,-7.594411849975586,7,0,388,2,female
-15.03487491607666,-8.76341724395752,7,1,388,2,female
-14.437045097351074,-10.023031234741211,7,2,388,2,female
-14.626765251159668,-9.893747329711914,7,3,388,2,female
-14.843390464782715,-8.979460716247559,7,4,388,2,female
-14.842148780822754,-7.353196144104004,7,5,388,2,female
-13.423430442810059,-6.451454162597656,7,6,388,2,female
-12.336993217468262,-4.06137228012085,7,7,388,2,female
9.382189750671387,12.49821949005127,7,8,388,2,female
10.813822746276855,15.122414588928223,7,9,388,2,female
-6.865686893463135,-7.624215602874756,7,0,389,8,male
-5.22196102142334,-10.416985511779785,7,1,389,8,male
-4.85299825668335,-12.993509292602539,7,2,389,8,male
-4.956756591796875,-13.104439735412598,7,3,389,8,male
-5.053624629974365,-12.913751602172852,7,4,389,8,male
-5.482777118682861,-10.931756019592285,7,5,389,8,male
-6.487312316894531,-8.817455291748047,7,6,389,8,male
-7.874124526977539,-6.404677867889404,7,7,389,8,male
9.660290718078613,9.540987968444824,7,8,389,8,male
11.374454498291016,13.143749237060547,7,9,389,8,male
-7.246043682098389,-7.235559463500977,7,0,390,8,male
-5.433249473571777,-10.001174926757812,7,1,390,8,male
-5.162847518920898,-12.926010131835938,7,2,390,8,male
-5.146642684936523,-13.123177528381348,7,3,390,8,male
-5.583756446838379,-12.987028121948242,7,4,390,8,male
-5.683558940887451,-10.87218952178955,7,5,390,8,male
-6.629948139190674,-8.607843399047852,7,6,390,8,male
-7.880309104919434,-6.311149597167969,7,7,390,8,male
9.637829780578613,9.529801368713379,7,8,390,8,male
11.268556594848633,13.019479751586914,7,9,390,8,male
-7.733017921447754,-6.940646648406982,7,0,391,7,male
-5.927925109863281,-8.841222763061523,7,1,391,7,male
-4.722391605377197,-11.450700759887695,7,2,391,7,male
-3.9133801460266113,-13.09659481048584,7,3,391,7,male
-4.288470268249512,-12.758106231689453,7,4,391,7,male
-4.717529296875,-11.261850357055664,7,5,391,7,male
-5.987802982330322,-10.01752758026123,7,6,391,7,male
-6.834561347961426,-7.962869167327881,7,7,391,7,male
-7.930568218231201,-5.912396430969238,7,8,391,7,male
9.653441429138184,9.50708293914795,7,9,391,7,male
-11.454880714416504,-6.352190017700195,7,0,392,0,male
-12.61877727508545,-9.376139640808105,7,1,392,0,male
-12.563694953918457,-11.16215705871582,7,2,392,0,male
-12.286574363708496,-11.608124732971191,7,3,392,0,male
-12.679718971252441,-11.3396635055542,7,4,392,0,male
-14.324935913085938,-10.164618492126465,7,5,392,0,male
-13.309450149536133,-8.662409782409668,7,6,392,0,male
-12.75802993774414,-6.64573860168457,7,7,392,0,male
-11.904735565185547,-4.0492753982543945,7,8,392,0,male
9.407126426696777,12.256834983825684,7,9,392,0,male
-13.408753395080566,-8.001909255981445,7,0,393,10,female
-13.658615112304688,-10.313939094543457,7,1,393,10,female
-13.658353805541992,-11.136819839477539,7,2,393,10,female
-13.706013679504395,-11.304644584655762,7,3,393,10,female
-13.861169815063477,-11.267528533935547,7,4,393,10,female
-14.364481925964355,-10.361291885375977,7,5,393,10,female
-13.130343437194824,-8.69854736328125,7,6,393,10,female
-12.559355735778809,-6.472458362579346,7,7,393,10,female
-11.912528991699219,-3.967386484146118,7,8,393,10,female
9.58458423614502,12.58937931060791,7,9,393,10,female
-7.219429969787598,-8.838882446289062,7,0,394,1,male
-7.664084434509277,-11.39776611328125,7,1,394,1,male
-7.4026665687561035,-11.90201187133789,7,2,394,1,male
-7.254278659820557,-11.635397911071777,7,3,394,1,male
-7.253891944885254,-10.679015159606934,7,4,394,1,male
-7.205441951751709,-9.460936546325684,7,5,394,1,male
-8.119478225708008,-7.616209506988525,7,6,394,1,male
-8.676440238952637,-4.212397575378418,7,7,394,1,male
10.229557037353516,10.85151195526123,7,8,394,1,male
11.578046798706055,14.173646926879883,7,9,394,1,male
8.862930297851562,17.570165634155273,7,0,395,11,female
-12.211066246032715,-8.619263648986816,7,1,395,11,female
-12.294572830200195,-11.374306678771973,7,2,395,11,female
-11.971456527709961,-12.504284858703613,7,3,395,11,female
-11.813875198364258,-12.35753345489502,7,4,395,11,female
-11.71959400177002,-12.120314598083496,7,5,395,11,female
-11.752542495727539,-11.641559600830078,7,6,395,11,female
-11.979704856872559,-10.490894317626953,7,7,395,11,female
-11.997906684875488,-8.250775337219238,7,8,395,11,female
-11.339620590209961,-5.929870128631592,7,9,395,11,female
-6.202912330627441,-8.661979675292969,7,0,396,9,male
-5.375972747802734,-11.162091255187988,7,1,396,9,male
-5.337043285369873,-12.658548355102539,7,2,396,9,male
-5.153191089630127,-12.862199783325195,7,3,396,9,male
-5.2295145988464355,-12.975163459777832,7,4,396,9,male
-5.349096298217773,-12.870170593261719,7,5,396,9,male
-5.75595760345459,-11.013890266418457,7,6,396,9,male
-6.616224765777588,-9.064983367919922,7,7,396,9,male
-7.4444966316223145,-7.1534528732299805,7,8,396,9,male
-7.948747158050537,-4.1204752922058105,7,9,396,9,male
-13.324920654296875,-8.419357299804688,7,0,397,10,female
-13.677706718444824,-10.714502334594727,7,1,397,10,female
-13.69796371459961,-11.32866096496582,7,2,397,10,female
-13.661994934082031,-11.375314712524414,7,3,397,10,female
-13.792580604553223,-11.28873062133789,7,4,397,10,female
-14.34050178527832,-10.35544490814209,7,5,397,10,female
-13.10270881652832,-8.732994079589844,7,6,397,10,female
-12.615731239318848,-6.508758068084717,7,7,397,10,female
-11.847105979919434,-4.047393798828125,7,8,397,10,female
9.483006477355957,12.45836067199707,7,9,397,10,female
-13.211448669433594,-9.154707908630371,7,0,398,3,female
-13.344413757324219,-10.609515190124512,7,1,398,3,female
-13.532050132751465,-11.066399574279785,7,2,398,3,female
-14.007329940795898,-11.14455795288086,7,3,398,3,female
-14.519311904907227,-10.336579322814941,7,4,398,3,female
-14.182798385620117,-9.334942817687988,7,5,398,3,female
-13.00002670288086,-7.631908416748047,7,6,398,3,female
-12.267807960510254,-5.191660404205322,7,7,398,3,female
8.29006290435791,10.782376289367676,7,8,398,3,female
10.305069923400879,13.351604461669922,7,9,398,3,female
-7.289680480957031,-8.606095314025879,7,0,399,1,male
-7.9513750076293945,-10.814199447631836,7,1,399,1,male
-7.652178764343262,-11.622507095336914,7,2,399,1,male
-7.387825965881348,-11.605453491210938,7,3,399,1,male
-7.248720169067383,-10.618783950805664,7,4,399,1,male
-7.2935075759887695,-9.195894241333008,7,5,399,1,male
-8.244214057922363,-7.36916446685791,7,6,399,1,male
-8.594789505004883,-4.032780647277832,7,7,399,1,male
10.364944458007812,11.078025817871094,7,8,399,1,male
11.596796989440918,14.303285598754883,7,9,399,1,male
-5.068115234375,-11.898589134216309,8,0,400,9,male
-5.2618818283081055,-13.135683059692383,8,1,400,9,male
-5.229335308074951,-12.989707946777344,8,2,400,9,male
-5.564143657684326,-10.531294822692871,8,3,400,9,male
-6.644708633422852,-8.200311660766602,8,4,400,9,male
-8.093652725219727,-5.7325005531311035,8,5,400,9,male
9.943151473999023,9.81865406036377,8,6,400,9,male
11.537007331848145,13.577136993408203,8,7,400,9,male
10.603713989257812,19.392335891723633,8,8,400,9,male
-4.82624626159668,-11.325071334838867,8,0,401,7,male
-4.179183006286621,-13.326294898986816,8,1,401,7,male
-4.335882663726807,-12.934185028076172,8,2,401,7,male
-4.799673557281494,-10.873270034790039,8,3,401,7,male
-6.342930316925049,-9.15299129486084,8,4,401,7,male
-7.0722198486328125,-7.27025032043457,8,5,401,7,male
-7.8793816566467285,-4.525305271148682,8,6,401,7,male
10.533731460571289,10.335830688476562,8,7,401,7,male
11.71583366394043,13.853426933288574,8,8,401,7,male
10.845786094665527,19.450439453125,8,9,401,7,male
-12.829565048217773,-10.807183265686035,8,0,402,0,male
-12.923846244812012,-11.195192337036133,8,1,402,0,male
-14.261244773864746,-9.901512145996094,8,2,402,0,male
-13.107446670532227,-7.675061225891113,8,3,402,0,male
-12.332423210144043,-5.13239049911499,8,4,402,0,male
8.44268798828125,11.208316802978516,8,5,402,0,male
10.558999061584473,14.223050117492676,8,6,402,0,male
10.442503929138184,19.58271598815918,8,7,402,0,male
-12.716950416564941,-10.915656089782715,8,0,403,0,male
-12.498705863952637,-11.546823501586914,8,1,403,0,male
-13.325359344482422,-10.603857040405273,8,2,403,0,male
-12.839588165283203,-8.253777503967285,8,3,403,0,male
-12.261580467224121,-5.592729568481445,8,4,403,0,male
8.330584526062012,10.79871940612793,8,5,403,0,male
10.487288475036621,13.739999771118164,8,6,403,0,male
10.57827377319336,19.49835205078125,8,7,403,0,male
-12.85595989227295,-10.713529586791992,8,0,404,3,female
-12.525665283203125,-11.532496452331543,8,1,404,3,female
-12.517003059387207,-11.50232982635498,8,2,404,3,female
-12.317808151245117,-9.126953125,8,3,404,3,female
-11.43204402923584,-6.639580726623535,8,4,404,3,female
8.221173286437988,10.297411918640137,8,5,404,3,female
10.118319511413574,12.904489517211914,8,6,404,3,female
11.165034294128418,15.65857219696045,8,7,404,3,female
-5.190707683563232,-11.705388069152832,8,0,405,9,male
-5.231135368347168,-13.175333976745605,8,1,405,9,male
-5.111038684844971,-13.149564743041992,8,2,405,9,male
-5.119934558868408,-11.76452922821045,8,3,405,9,male
-5.974565029144287,-9.036996841430664,8,4,405,9,male
-7.722408771514893,-6.909584045410156,8,5,405,9,male
9.383646965026855,9.388274192810059,8,6,405,9,male
10.861470222473145,11.837760925292969,8,7,405,9,male
11.764932632446289,14.70686149597168,8,8,405,9,male
-4.707757949829102,-11.407099723815918,8,0,406,7,male
-4.108452796936035,-13.2349214553833,8,1,406,7,male
-4.368863105773926,-12.480791091918945,8,2,406,7,male
-5.39068603515625,-10.400343894958496,8,3,406,7,male
-6.777869701385498,-7.851141929626465,8,4,406,7,male
-8.00869369506836,-5.17849063873291,8,5,406,7,male
10.179373741149902,9.886606216430664,8,6,406,7,male
11.620138168334961,13.515386581420898,8,7,406,7,male
10.841411590576172,19.210065841674805,8,8,406,7,male
-7.585259914398193,-11.233757972717285,8,0,407,1,male
-7.569043159484863,-11.37537670135498,8,1,407,1,male
-7.447525501251221,-10.322084426879883,8,2,407,1,male
-8.049948692321777,-7.746497631072998,8,3,407,1,male
-8.66175365447998,-4.342193126678467,8,4,407,1,male
10.229419708251953,10.809109687805176,8,5,407,1,male
11.533097267150879,14.062487602233887,8,6,407,1,male
10.66012954711914,19.558507919311523,8,7,407,1,male
-12.779335975646973,-10.87789249420166,8,0,408,0,male
-12.8048095703125,-11.382258415222168,8,1,408,0,male
-14.238452911376953,-9.852263450622559,8,2,408,0,male
-13.183104515075684,-7.623363971710205,8,3,408,0,male
-12.317972183227539,-4.923286437988281,8,4,408,0,male
8.561023712158203,11.357217788696289,8,5,408,0,male
10.669256210327148,14.306676864624023,8,6,408,0,male
-15.236494064331055,-8.780908584594727,8,0,409,2,female
-15.356451988220215,-9.120684623718262,8,1,409,2,female
-14.544320106506348,-8.936936378479004,8,2,409,2,female
-13.542160987854004,-6.975511074066162,8,3,409,2,female
-12.3073148727417,-4.294303894042969,8,4,409,2,female
8.868329048156738,11.842143058776855,8,5,409,2,female
10.708462715148926,14.607769012451172,8,6,409,2,female
10.603865623474121,19.500436782836914,8,7,409,2,female
-12.794854164123535,-10.820124626159668,8,0,410,3,female
-12.71353816986084,-11.185933113098145,8,1,410,3,female
-12.858942031860352,-10.778785705566406,8,2,410,3,female
-12.492734909057617,-8.893755912780762,8,3,410,3,female
-11.622015953063965,-6.724180221557617,8,4,410,3,female
-11.715167999267578,-4.114854335784912,8,5,410,3,female
9.414359092712402,12.368646621704102,8,6,410,3,female
10.794934272766113,14.997714042663574,8,7,410,3,female
10.821783065795898,19.30031394958496,8,8,410,3,female
-7.519065856933594,-11.64500904083252,8,0,411,1,male
-7.374960899353027,-11.894760131835938,8,1,411,1,male
-7.382810115814209,-10.66193675994873,8,2,411,1,male
-7.568190097808838,-8.51278305053711,8,3,411,1,male
-8.860016822814941,-5.360245227813721,8,4,411,1,male
9.619790077209473,10.184407234191895,8,5,411,1,male
11.342262268066406,13.577789306640625,8,6,411,1,male
10.546998023986816,19.371353149414062,8,7,411,1,male
-12.003989219665527,-11.951118469238281,8,0,412,11,female
-11.712492942810059,-12.3041353225708,8,1,412,11,female
-12.134217262268066,-10.641324996948242,8,2,412,11,female
-11.91800308227539,-8.035633087158203,8,3,412,11,female
-11.133942604064941,-5.067435264587402,8,4,412,11,female
9.553707122802734,17.66587257385254,8,5,412,11,female
9.676709175109863,17.60759735107422,8,6,412,11,female
9.706915855407715,17.67652702331543,8,7,412,11,female
9.793437004089355,17.88047981262207,8,8,412,11,female
10.256534576416016,18.81767463684082,8,9,412,11,female
-12.724287986755371,-10.90906047821045,8,0,413,0,male
-12.44875717163086,-11.773699760437012,8,1,413,0,male
-13.477267265319824,-10.746734619140625,8,2,413,0,male
-13.045797348022461,-8.437498092651367,8,3,413,0,male
-12.303328514099121,-5.6111979484558105,8,4,413,0,male
8.250733375549316,10.783646583557129,8,5,413,0,male
10.49071979522705,13.682875633239746,8,6,413,0,male
10.610167503356934,19.48740577697754,8,7,413,0,male
-12.875046730041504,-10.847613334655762,8,0,414,0,male
-13.184590339660645,-11.18832015991211,8,1,414,0,male
-14.301429748535156,-9.656534194946289,8,2,414,0,male
-13.301259994506836,-7.393275737762451,8,3,414,0,male
-12.422355651855469,-4.837399482727051,8,4,414,0,male
8.556118965148926,11.53274154663086,8,5,414,0,male
10.612509727478027,14.333088874816895,8,6,414,0,male
-12.169894218444824,-11.612685203552246,8,0,415,11,female
-11.694109916687012,-12.285483360290527,8,1,415,11,female
-11.838327407836914,-11.438849449157715,8,2,415,11,female
-12.0341157913208,-8.663290977478027,8,3,415,11,female
-11.393080711364746,-6.5211310386657715,8,4,415,11,female
8.00912094116211,10.3621244430542,8,5,415,11,female
9.847373962402344,12.816325187683105,8,6,415,11,female
11.06777286529541,15.37675952911377,8,7,415,11,female
10.997710227966309,19.122766494750977,8,8,415,11,female
-15.228679656982422,-9.327385902404785,8,0,416,2,female
-15.363255500793457,-9.582640647888184,8,1,416,2,female
-14.71772289276123,-9.199329376220703,8,2,416,2,female
-13.499969482421875,-7.058632850646973,8,3,416,2,female
-12.392082214355469,-4.56604528427124,8,4,416,2,female
8.743749618530273,11.794894218444824,8,5,416,2,female
10.598386764526367,14.492605209350586,8,6,416,2,female
10.56169605255127,19.61019515991211,8,7,416,2,female
-12.771978378295898,-10.879340171813965,8,0,417,3,female
-12.611605644226074,-11.524735450744629,8,1,417,3,female
-12.904006004333496,-11.133874893188477,8,2,417,3,female
-12.625946998596191,-8.68613052368164,8,3,417,3,female
-11.583306312561035,-6.134541034698486,8,4,417,3,female
8.490642547607422,10.544084548950195,8,5,417,3,female
10.55465030670166,13.566521644592285,8,6,417,3,female
10.68494987487793,19.039203643798828,8,7,417,3,female
-7.607784271240234,-11.471805572509766,8,0,418,1,male
-7.310082912445068,-12.055534362792969,8,1,418,1,male
-7.468113422393799,-11.384456634521484,8,2,418,1,male
-7.449127197265625,-9.063470840454102,8,3,418,1,male
-8.912873268127441,-6.294620513916016,8,4,418,1,male
9.148183822631836,9.825064659118652,8,5,418,1,male
11.06128215789795,13.030391693115234,8,6,418,1,male
11.022257804870605,18.506155014038086,8,7,418,1,male
10.419831275939941,19.631816864013672,8,8,418,1,male
-4.678033828735352,-11.444744110107422,8,0,419,7,male
-4.215996265411377,-13.218904495239258,8,1,419,7,male
-4.352631092071533,-12.885796546936035,8,2,419,7,male
-4.853579521179199,-10.864483833312988,8,3,419,7,male
-6.361588001251221,-9.069816589355469,8,4,419,7,male
-7.531291961669922,-6.852288722991943,8,5,419,7,male
9.374198913574219,9.23965072631836,8,6,419,7,male
10.975215911865234,11.8807954788208,8,7,419,7,male
11.65449047088623,14.936837196350098,8,8,419,7,male
10.7241792678833,19.33712387084961,8,9,419,7,male
-7.462025165557861,-11.781575202941895,8,0,420,1,male
-7.246498107910156,-12.064220428466797,8,1,420,1,male
-6.9255595207214355,-11.169495582580566,8,2,420,1,male
-7.238260269165039,-8.6154146194458,8,3,420,1,male
-8.272199630737305,-5.863870620727539,8,4,420,1,male
9.733113288879395,9.825401306152344,8,5,420,1,male
11.378862380981445,13.461255073547363,8,6,420,1,male
10.7293062210083,19.289560317993164,8,7,420,1,male
8.259132385253906,10.27127742767334,8,0,421,11,female
-8.757874488830566,-7.054271697998047,8,1,421,11,female
-12.332486152648926,-9.957645416259766,8,2,421,11,female
-11.741379737854004,-12.26319408416748,8,3,421,11,female
-11.631808280944824,-12.504250526428223,8,4,421,11,female
-11.729561805725098,-11.602849006652832,8,5,421,11,female
-12.07193660736084,-9.074251174926758,8,6,421,11,female
-11.424474716186523,-6.6187825202941895,8,7,421,11,female
-11.597785949707031,-4.142038345336914,8,8,421,11,female
9.571521759033203,12.32190990447998,8,9,421,11,female
-13.452019691467285,-11.168214797973633,8,0,422,6,female
-13.479262351989746,-11.488386154174805,8,1,422,6,female
-14.244949340820312,-10.332673072814941,8,2,422,6,female
-13.151576042175293,-8.368186950683594,8,3,422,6,female
-12.46351432800293,-6.030535697937012,8,4,422,6,female
7.956508636474609,10.480195999145508,8,5,422,6,female
9.945637702941895,12.932581901550293,8,6,422,6,female
11.055615425109863,15.439297676086426,8,7,422,6,female
-7.588302135467529,-11.449731826782227,8,0,423,1,male
-7.550739288330078,-11.512105941772461,8,1,423,1,male
-7.431694030761719,-10.661847114562988,8,2,423,1,male
-7.593172550201416,-8.462004661560059,8,3,423,1,male
-8.883003234863281,-5.303023338317871,8,4,423,1,male
9.632131576538086,10.201216697692871,8,5,423,1,male
11.387078285217285,13.665645599365234,8,6,423,1,male
10.494486808776855,19.547565460205078,8,7,423,1,male
-4.781492710113525,-12.102498054504395,8,0,424,9,male
-4.7521562576293945,-13.182341575622559,8,1,424,9,male
-4.751534938812256,-12.61364459991455,8,2,424,9,male
-5.441171169281006,-10.472979545593262,8,3,424,9,male
-6.601934432983398,-8.238245964050293,8,4,424,9,male
-8.09431266784668,-5.724510192871094,8,5,424,9,male
9.898147583007812,9.708982467651367,8,6,424,9,male
11.53154182434082,13.42289924621582,8,7,424,9,male
10.594725608825684,19.542434692382812,8,8,424,9,male
-5.068935394287109,-11.825295448303223,8,0,425,9,male
-5.143767356872559,-13.149567604064941,8,1,425,9,male
-4.962051868438721,-11.921008110046387,8,2,425,9,male
-5.939485549926758,-9.285028457641602,8,3,425,9,male
-7.416646957397461,-7.197571754455566,8,4,425,9,male
-7.893221378326416,-4.029082775115967,8,5,425,9,male
10.83176326751709,11.37429141998291,8,6,425,9,male
11.719260215759277,14.629926681518555,8,7,425,9,male
10.420793533325195,19.532590866088867,8,8,425,9,male
-7.5437798500061035,-11.284653663635254,8,0,426,1,male
-7.512711524963379,-11.523116111755371,8,1,426,1,male
-7.442474842071533,-10.46261978149414,8,2,426,1,male
-7.499131679534912,-8.049544334411621,8,3,426,1,male
-8.667144775390625,-4.584895133972168,8,4,426,1,male
10.169361114501953,10.639872550964355,8,5,426,1,male
10.780574798583984,14.364409446716309,8,6,426,1,male
10.700565338134766,19.480609893798828,8,7,426,1,male
-5.087936878204346,-11.884620666503906,8,0,427,9,male
-5.398176193237305,-13.16659164428711,8,1,427,9,male
-5.699795722961426,-13.012930870056152,8,2,427,9,male
-5.7487287521362305,-10.750774383544922,8,3,427,9,male
-6.717766761779785,-8.479351043701172,8,4,427,9,male
-8.052136421203613,-5.993626117706299,8,5,427,9,male
9.676910400390625,9.575071334838867,8,6,427,9,male
11.268982887268066,13.237557411193848,8,7,427,9,male
10.581673622131348,19.505733489990234,8,8,427,9,male
-12.085809707641602,-11.760062217712402,8,0,428,11,female
-11.669285774230957,-12.459593772888184,8,1,428,11,female
-11.728225708007812,-11.83830451965332,8,2,428,11,female
-12.161709785461426,-9.217716217041016,8,3,428,11,female
-11.367753028869629,-6.747655391693115,8,4,428,11,female
-11.653822898864746,-4.07413911819458,8,5,428,11,female
9.468703269958496,12.389686584472656,8,6,428,11,female
10.955074310302734,15.165509223937988,8,7,428,11,female
10.397235870361328,19.642004013061523,8,8,428,11,female
-15.20106315612793,-8.805757522583008,8,0,429,2,female
-15.381840705871582,-9.058015823364258,8,1,429,2,female
-14.35208511352539,-8.504150390625,8,2,429,2,female
-13.511672973632812,-6.5970282554626465,8,3,429,2,female
-12.281807899475098,-4.077963829040527,8,4,429,2,female
9.157222747802734,12.24227523803711,8,5,429,2,female
10.891441345214844,15.210982322692871,8,6,429,2,female
10.936847686767578,19.323904037475586,8,7,429,2,female
-12.731339454650879,-10.814238548278809,8,0,430,0,male
-12.724381446838379,-11.537710189819336,8,1,430,0,male
-14.335073471069336,-10.364465713500977,8,2,430,0,male
-13.383755683898926,-8.272238731384277,8,3,430,0,male
-12.40317440032959,-5.521060466766357,8,4,430,0,male
8.263320922851562,10.910569190979004,8,5,430,0,male
10.448355674743652,13.703566551208496,8,6,430,0,male
10.598284721374512,19.533109664916992,8,7,430,0,male
-5.514828681945801,-9.713326454162598,8,0,431,8,male
-4.583746910095215,-12.275139808654785,8,1,431,8,male
-4.756267070770264,-12.077622413635254,8,2,431,8,male
-5.845859050750732,-9.250409126281738,8,3,431,8,male
-7.764270782470703,-6.803373336791992,8,4,431,8,male
9.362720489501953,9.433784484863281,8,5,431,8,male
10.845190048217773,13.164461135864258,8,6,431,8,male
11.14348316192627,15.457910537719727,8,7,431,8,male
10.436090469360352,19.681684494018555,8,8,431,8,male
-5.265742778778076,-11.80238151550293,8,0,432,9,male
-5.305327892303467,-13.162053108215332,8,1,432,9,male
-5.308772563934326,-13.114605903625488,8,2,432,9,male
-5.452419757843018,-11.143038749694824,8,3,432,9,male
-6.166082859039307,-8.795504570007324,8,4,432,9,male
-7.935511112213135,-6.687155723571777,8,5,432,9,male
9.486878395080566,9.484883308410645,8,6,432,9,male
11.11395263671875,12.779152870178223,8,7,432,9,male
11.697338104248047,15.123156547546387,8,8,432,9,male
-5.01511812210083,-10.813541412353516,8,0,433,7,male
-4.073466777801514,-13.210946083068848,8,1,433,7,male
-4.256474018096924,-12.923457145690918,8,2,433,7,male
-5.281610012054443,-10.480725288391113,8,3,433,7,male
-6.6860127449035645,-8.078239440917969,8,4,433,7,male
-8.054280281066895,-5.577500820159912,8,5,433,7,male
10.03390121459961,9.809333801269531,8,6,433,7,male
11.549263000488281,13.502884864807129,8,7,433,7,male
10.676526069641113,19.58993911743164,8,8,433,7,male
-13.334084510803223,-10.590855598449707,8,0,434,6,female
-13.353507995605469,-11.096219062805176,8,1,434,6,female
-13.428227424621582,-10.655348777770996,8,2,434,6,female
-13.186802864074707,-8.233865737915039,8,3,434,6,female
-11.830142974853516,-5.937374591827393,8,4,434,6,female
8.327862739562988,10.574212074279785,8,5,434,6,female
10.416577339172363,13.547924995422363,8,6,434,6,female
10.823844909667969,18.881694793701172,8,7,434,6,female
10.51453971862793,19.57551383972168,8,8,434,6,female
-13.317365646362305,-11.073957443237305,8,0,435,10,female
-13.158425331115723,-11.632254600524902,8,1,435,10,female
-13.428686141967773,-10.945867538452148,8,2,435,10,female
-12.961282730102539,-8.744458198547363,8,3,435,10,female
-12.441936492919922,-6.356595516204834,8,4,435,10,female
7.882456302642822,10.372737884521484,8,5,435,10,female
9.725846290588379,12.678495407104492,8,6,435,10,female
11.092350959777832,15.2448091506958,8,7,435,10,female
-5.6079912185668945,-9.572137832641602,8,0,436,8,male
-4.559599876403809,-12.286116600036621,8,1,436,8,male
-4.587743282318115,-12.158744812011719,8,2,436,8,male
-5.8648786544799805,-9.397624969482422,8,3,436,8,male
-7.400843620300293,-7.081108093261719,8,4,436,8,male
9.648146629333496,17.516464233398438,8,5,436,8,male
11.107522010803223,12.52265453338623,8,6,436,8,male
10.403435707092285,18.635345458984375,8,7,436,8,male
10.351242065429688,19.40184211730957,8,8,436,8,male
-12.830896377563477,-10.706770896911621,8,0,437,3,female
-12.760290145874023,-10.917108535766602,8,1,437,3,female
-12.776063919067383,-10.727926254272461,8,2,437,3,female
-12.283124923706055,-8.511808395385742,8,3,437,3,female
-11.526156425476074,-6.339658260345459,8,4,437,3,female
8.07089614868164,10.415120124816895,8,5,437,3,female
9.86515998840332,12.788029670715332,8,6,437,3,female
11.145001411437988,15.393620491027832,8,7,437,3,female
10.40540885925293,19.374685287475586,8,8,437,3,female
-12.032772064208984,-11.727676391601562,8,0,438,11,female
-11.681035995483398,-12.616239547729492,8,1,438,11,female
-11.723453521728516,-12.045581817626953,8,2,438,11,female
-12.235034942626953,-9.423388481140137,8,3,438,11,female
-9.376852035522461,-7.047558307647705,8,4,438,11,female
9.658689498901367,17.54792594909668,8,5,438,11,female
9.697776794433594,17.560365676879883,8,6,438,11,female
9.716413497924805,17.588088989257812,8,7,438,11,female
9.764939308166504,17.6376953125,8,8,438,11,female
10.310345649719238,18.733875274658203,8,9,438,11,female
-5.061556339263916,-10.71313190460205,8,0,439,7,male
-4.107965469360352,-13.266657829284668,8,1,439,7,male
-4.277235984802246,-13.103914260864258,8,2,439,7,male
-4.9778828620910645,-10.773005485534668,8,3,439,7,male
-6.546911239624023,-8.651680946350098,8,4,439,7,male
-7.908819675445557,-6.165282726287842,8,5,439,7,male
9.723604202270508,9.583745002746582,8,6,439,7,male
11.296313285827637,12.983203887939453,8,7,439,7,male
10.703112602233887,19.288331985473633,8,8,439,7,male
-12.624747276306152,-11.232922554016113,8,0,440,0,male
-12.707902908325195,-11.39179515838623,8,1,440,0,male
-14.171598434448242,-9.978645324707031,8,2,440,0,male
-13.11301326751709,-7.5651044845581055,8,3,440,0,male
-12.34776496887207,-5.040940284729004,8,4,440,0,male
8.436538696289062,11.260733604431152,8,5,440,0,male
10.60876750946045,14.24038314819336,8,6,440,0,male
10.995940208435059,19.207717895507812,8,7,440,0,male
-15.307583808898926,-9.25341796875,8,0,441,2,female
-15.568984031677246,-8.970663070678711,8,1,441,2,female
-14.710866928100586,-8.876221656799316,8,2,441,2,female
-13.61300277709961,-6.7694878578186035,8,3,441,2,female
-12.502108573913574,-4.387566566467285,8,4,441,2,female
8.862100601196289,11.99616813659668,8,5,441,2,female
10.638153076171875,14.714974403381348,8,6,441,2,female
10.505794525146484,19.569557189941406,8,7,441,2,female
-4.551694393157959,-11.660351753234863,8,0,442,7,male
-4.1519551277160645,-13.1550874710083,8,1,442,7,male
-4.454741954803467,-12.619867324829102,8,2,442,7,male
-5.494292736053467,-10.543353080749512,8,3,442,7,male
-6.6646647453308105,-8.407821655273438,8,4,442,7,male
-8.037681579589844,-5.937488079071045,8,5,442,7,male
9.756356239318848,9.662161827087402,8,6,442,7,male
11.436798095703125,13.340632438659668,8,7,442,7,male
10.837210655212402,19.389284133911133,8,8,442,7,male
-12.79125690460205,-10.834712982177734,8,0,443,0,male
-12.591720581054688,-11.428106307983398,8,1,443,0,male
-14.127887725830078,-10.147051811218262,8,2,443,0,male
-12.99587345123291,-7.981698989868164,8,3,443,0,male
-12.32469654083252,-5.50053071975708,8,4,443,0,male
8.30905818939209,10.863290786743164,8,5,443,0,male
10.518973350524902,13.785700798034668,8,6,443,0,male
10.923528671264648,19.473085403442383,8,7,443,0,male
-7.598527908325195,-11.360491752624512,8,0,444,1,male
-7.537540435791016,-11.503656387329102,8,1,444,1,male
-7.417952060699463,-10.681195259094238,8,2,444,1,male
-7.571041107177734,-8.529131889343262,8,3,444,1,male
-8.872894287109375,-5.44043493270874,8,4,444,1,male
9.599862098693848,10.168006896972656,8,5,444,1,male
11.229273796081543,13.61107063293457,8,6,444,1,male
10.654882431030273,19.337947845458984,8,7,444,1,male
-15.2119722366333,-8.901047706604004,8,0,445,2,female
-15.406349182128906,-9.269185066223145,8,1,445,2,female
-14.78589153289795,-9.12791919708252,8,2,445,2,female
-13.56664752960205,-7.055003643035889,8,3,445,2,female
-12.426288604736328,-4.638864994049072,8,4,445,2,female
8.671401977539062,11.731949806213379,8,5,445,2,female
10.63886547088623,14.406331062316895,8,6,445,2,female
-5.372073173522949,-11.767875671386719,8,0,446,9,male
-5.568536281585693,-13.104948043823242,8,1,446,9,male
-5.685914993286133,-12.942423820495605,8,2,446,9,male
-5.706040859222412,-10.6279935836792,8,3,446,9,male
-6.637571811676025,-8.409876823425293,8,4,446,9,male
-8.069561958312988,-5.895333766937256,8,5,446,9,male
9.81207275390625,9.674428939819336,8,6,446,9,male
11.462018013000488,13.265201568603516,8,7,446,9,male
10.50796127319336,19.588741302490234,8,8,446,9,male
-11.8665189743042,-11.948461532592773,8,0,447,11,female
-11.631575584411621,-12.530847549438477,8,1,447,11,female
-11.625692367553711,-11.99111270904541,8,2,447,11,female
-7.316959857940674,-10.139153480529785,8,3,447,11,female
-7.723282337188721,-8.216516494750977,8,4,447,11,female
-8.99055004119873,-5.079026699066162,8,5,447,11,female
9.638235092163086,10.331307411193848,8,6,447,11,female
11.314789772033691,13.679984092712402,8,7,447,11,female
10.635307312011719,19.278364181518555,8,8,447,11,female
-13.390996932983398,-11.108914375305176,8,0,448,10,female
-13.017946243286133,-11.759531021118164,8,1,448,10,female
-13.181818008422852,-11.362076759338379,8,2,448,10,female
-12.922014236450195,-8.919130325317383,8,3,448,10,female
-12.162476539611816,-6.975635051727295,8,4,448,10,female
-11.859993934631348,-4.059646129608154,8,5,448,10,female
9.374822616577148,12.414922714233398,8,6,448,10,female
10.962034225463867,15.014233589172363,8,7,448,10,female
10.770956039428711,19.4564208984375,8,8,448,10,female
-12.818819999694824,-10.87952995300293,8,0,449,0,male
-12.878647804260254,-11.354762077331543,8,1,449,0,male
-14.28463363647461,-9.940545082092285,8,2,449,0,male
-13.074419975280762,-7.724184513092041,8,3,449,0,male
-12.249534606933594,-5.086834907531738,8,4,449,0,male
8.475321769714355,11.236781120300293,8,5,449,0,male
10.576885223388672,14.285147666931152,8,6,449,0,male
10.77920913696289,19.552064895629883,8,7,449,0,male
-4.55100679397583,-11.527103424072266,9,0,450,7,male
-3.996751546859741,-13.109809875488281,9,1,450,7,male
-4.0354228019714355,-13.026412963867188,9,2,450,7,male
-4.410770893096924,-12.649154663085938,9,3,450,7,male
-5.7725958824157715,-11.508713722229004,9,4,450,7,male
-6.604085445404053,-10.061100959777832,9,5,450,7,male
-7.547012805938721,-8.482977867126465,9,6,450,7,male
-8.873968124389648,-5.372285842895508,9,7,450,7,male
9.591808319091797,10.138472557067871,9,8,450,7,male
11.323728561401367,13.5321683883667,9,9,450,7,male
-12.51740837097168,-12.123126983642578,9,0,451,10,female
-12.203595161437988,-12.623265266418457,9,1,451,10,female
-12.174647331237793,-12.205395698547363,9,2,451,10,female
-11.93289566040039,-11.191266059875488,9,3,451,10,female
-12.092168807983398,-9.404767990112305,9,4,451,10,female
-12.045812606811523,-7.630794048309326,9,5,451,10,female
-11.32486343383789,-4.909155368804932,9,6,451,10,female
9.085522651672363,11.246447563171387,9,7,451,10,female
10.999347686767578,14.286309242248535,9,8,451,10,female
10.790977478027344,19.4895076751709,9,9,451,10,female
-11.675348281860352,-12.239030838012695,9,0,452,11,female
-11.651535987854004,-12.607230186462402,9,1,452,11,female
-11.644290924072266,-12.3778657913208,9,2,452,11,female
-11.808976173400879,-11.586750984191895,9,3,452,11,female
-12.022710800170898,-10.509679794311523,9,4,452,11,female
-12.03616714477539,-8.349370002746582,9,5,452,11,female
-11.345898628234863,-6.194493770599365,9,6,452,11,female
8.512621879577637,10.197052001953125,9,7,452,11,female
10.666069984436035,12.642988204956055,9,8,452,11,female
11.564045906066895,15.048457145690918,9,9,452,11,female
-14.540486335754395,-9.358466148376465,9,0,453,2,female
-15.031993865966797,-9.550582885742188,9,1,453,2,female
-14.754837989807129,-8.498322486877441,9,2,453,2,female
-14.283097267150879,-8.078751564025879,9,3,453,2,female
-12.753371238708496,-8.847430229187012,9,4,453,2,female
-12.017971992492676,-8.460627555847168,9,5,453,2,female
-11.905668258666992,-7.698895454406738,9,6,453,2,female
-11.193927764892578,-6.152031421661377,9,7,453,2,female
8.533876419067383,9.899909973144531,9,8,453,2,female
10.50132942199707,11.902435302734375,9,9,453,2,female
-11.565861701965332,-11.432756423950195,9,0,454,0,male
-11.742531776428223,-11.95827865600586,9,1,454,0,male
-8.337638854980469,-11.142478942871094,9,2,454,0,male
-8.501869201660156,-10.941364288330078,9,3,454,0,male
-12.449570655822754,-9.830107688903809,9,4,454,0,male
-12.789079666137695,-8.946566581726074,9,5,454,0,male
-12.807486534118652,-7.446856498718262,9,6,454,0,male
-12.26637077331543,-5.141345977783203,9,7,454,0,male
8.195881843566895,10.782258987426758,9,8,454,0,male
10.062674522399902,13.15367317199707,9,9,454,0,male
-14.920743942260742,-9.393895149230957,9,0,455,2,female
-15.206462860107422,-9.24585247039795,9,1,455,2,female
-14.838427543640137,-8.736678123474121,9,2,455,2,female
-13.606355667114258,-9.541216850280762,9,3,455,2,female
-12.161955833435059,-9.362287521362305,9,4,455,2,female
-12.078680992126465,-9.06362247467041,9,5,455,2,female
-11.934016227722168,-8.054475784301758,9,6,455,2,female
-11.228973388671875,-6.206945896148682,9,7,455,2,female
8.697672843933105,9.935395240783691,9,8,455,2,female
10.579632759094238,12.279474258422852,9,9,455,2,female
-4.9611968994140625,-10.740317344665527,9,0,456,8,male
-4.282978534698486,-12.929170608520508,9,1,456,8,male
-4.140762805938721,-13.152913093566895,9,2,456,8,male
-4.487608909606934,-11.785630226135254,9,3,456,8,male
-5.948622703552246,-9.858255386352539,9,4,456,8,male
-6.812214374542236,-7.715059280395508,9,5,456,8,male
-8.001381874084473,-5.119141101837158,9,6,456,8,male
10.26569938659668,9.967668533325195,9,7,456,8,male
11.618392944335938,13.459607124328613,9,8,456,8,male
10.705453872680664,19.428264617919922,9,9,456,8,male
-4.719240188598633,-12.104809761047363,9,0,457,9,male
-4.208485126495361,-13.357437133789062,9,1,457,9,male
-4.222134113311768,-13.363805770874023,9,2,457,9,male
-4.459255218505859,-12.070950508117676,9,3,457,9,male
-4.972014904022217,-10.730727195739746,9,4,457,9,male
-6.364078998565674,-9.113679885864258,9,5,457,9,male
-7.09230899810791,-7.199131965637207,9,6,457,9,male
-7.8416547775268555,-4.336190223693848,9,7,457,9,male
10.751550674438477,10.673540115356445,9,8,457,9,male
11.79817008972168,14.156523704528809,9,9,457,9,male
-12.917889595031738,-10.795332908630371,9,0,458,6,female
-12.92593765258789,-10.847450256347656,9,1,458,6,female
-12.6207857131958,-10.734716415405273,9,2,458,6,female
-12.016966819763184,-10.427448272705078,9,3,458,6,female
-12.041777610778809,-9.458087921142578,9,4,458,6,female
-11.95372200012207,-8.195545196533203,9,5,458,6,female
-11.25384521484375,-6.314571380615234,9,6,458,6,female
8.565373420715332,10.003000259399414,9,7,458,6,female
10.582956314086914,12.31398868560791,9,8,458,6,female
11.615528106689453,14.796111106872559,9,9,458,6,female
-4.876437187194824,-10.83583927154541,9,0,459,8,male
-4.3222975730896,-12.717921257019043,9,1,459,8,male
-4.271227836608887,-12.6642427444458,9,2,459,8,male
-4.876853942871094,-10.809907913208008,9,3,459,8,male
-6.387104511260986,-9.132711410522461,9,4,459,8,male
-7.169132709503174,-7.155262470245361,9,5,459,8,male
-7.833952903747559,-4.267037391662598,9,6,459,8,male
10.759995460510254,10.710906028747559,9,7,459,8,male
11.786336898803711,14.240411758422852,9,8,459,8,male
10.85988998413086,19.374446868896484,9,9,459,8,male
-4.613698482513428,-12.18522834777832,9,0,460,9,male
-4.29124641418457,-13.39363956451416,9,1,460,9,male
-4.204815864562988,-13.352619171142578,9,2,460,9,male
-4.482339382171631,-12.084527015686035,9,3,460,9,male
-5.120960712432861,-10.659957885742188,9,4,460,9,male
-6.332393169403076,-9.163761138916016,9,5,460,9,male
-7.157381057739258,-7.223387718200684,9,6,460,9,male
-7.9159464836120605,-4.5871806144714355,9,7,460,9,male
10.534623146057129,10.335363388061523,9,8,460,9,male
11.713722229003906,13.923845291137695,9,9,460,9,male
-12.655942916870117,-11.853878021240234,9,0,461,10,female
-12.263481140136719,-12.457003593444824,9,1,461,10,female
-12.143290519714355,-12.20650577545166,9,2,461,10,female
-12.009795188903809,-11.319267272949219,9,3,461,10,female
-11.979562759399414,-10.392056465148926,9,4,461,10,female
-12.031702041625977,-8.294933319091797,9,5,461,10,female
-11.374053955078125,-5.7416276931762695,9,6,461,10,female
8.619946479797363,10.589282989501953,9,7,461,10,female
10.776446342468262,13.813063621520996,9,8,461,10,female
-6.493651390075684,-11.32662296295166,9,0,462,1,male
-6.944586277008057,-12.0916748046875,9,1,462,1,male
-7.329960346221924,-11.912981986999512,9,2,462,1,male
-7.44974946975708,-11.467342376708984,9,3,462,1,male
-7.2932562828063965,-10.288105964660645,9,4,462,1,male
-7.5997314453125,-8.48298454284668,9,5,462,1,male
-8.873639106750488,-5.435109615325928,9,6,462,1,male
9.516157150268555,10.145120620727539,9,7,462,1,male
11.08920669555664,13.356507301330566,9,8,462,1,male
10.885892868041992,18.847198486328125,9,9,462,1,male
-4.564107894897461,-12.158559799194336,9,0,463,9,male
-4.205262184143066,-13.365694999694824,9,1,463,9,male
-4.110342979431152,-13.291017532348633,9,2,463,9,male
-4.417198181152344,-12.060521125793457,9,3,463,9,male
-4.896500110626221,-10.76124382019043,9,4,463,9,male
-6.361830711364746,-9.06708812713623,9,5,463,9,male
-7.171880722045898,-7.168717861175537,9,6,463,9,male
-7.803622245788574,-4.279957294464111,9,7,463,9,male
10.727450370788574,10.648893356323242,9,8,463,9,male
11.813265800476074,14.161815643310547,9,9,463,9,male
-11.628791809082031,-12.10014820098877,9,0,464,11,female
-11.631473541259766,-12.533889770507812,9,1,464,11,female
-11.608275413513184,-12.315053939819336,9,2,464,11,female
-11.77989673614502,-11.552590370178223,9,3,464,11,female
-11.970481872558594,-10.916462898254395,9,4,464,11,female
-12.216625213623047,-9.260934829711914,9,5,464,11,female
-12.101909637451172,-7.672622203826904,9,6,464,11,female
-11.447830200195312,-4.7975053787231445,9,7,464,11,female
9.022089004516602,11.420211791992188,9,8,464,11,female
10.884455680847168,14.458550453186035,9,9,464,11,female
-11.81516170501709,-12.242918968200684,9,0,465,11,female
-11.787176132202148,-12.685193061828613,9,1,465,11,female
-11.836886405944824,-12.151762962341309,9,2,465,11,female
-12.017638206481934,-10.704726219177246,9,3,465,11,female
-12.103592872619629,-8.451753616333008,9,4,465,11,female
-11.805314064025879,-6.085778713226318,9,5,465,11,female
7.82614278793335,10.441795349121094,9,6,465,11,female
9.896644592285156,12.919305801391602,9,7,465,11,female
11.214497566223145,15.246787071228027,9,8,465,11,female
10.735729217529297,19.288055419921875,9,9,465,11,female
-14.429644584655762,-9.540918350219727,9,0,466,2,female
-14.830111503601074,-9.161917686462402,9,1,466,2,female
-14.583776473999023,-8.558237075805664,9,2,466,2,female
-13.274794578552246,-9.06031608581543,9,3,466,2,female
-12.564434051513672,-9.049860000610352,9,4,466,2,female
-12.136099815368652,-8.982686996459961,9,5,466,2,female
-11.926871299743652,-8.227537155151367,9,6,466,2,female
-11.74747085571289,-7.3574323654174805,9,7,466,2,female
-11.302393913269043,-4.687248706817627,9,8,466,2,female
9.174070358276367,11.125381469726562,9,9,466,2,female
-14.557072639465332,-9.319186210632324,9,0,467,2,female
-14.939302444458008,-9.32091236114502,9,1,467,2,female
-14.843291282653809,-8.392542839050293,9,2,467,2,female
-14.410900115966797,-8.037542343139648,9,3,467,2,female
-12.951099395751953,-8.92342472076416,9,4,467,2,female
-12.288798332214355,-8.912632942199707,9,5,467,2,female
-11.914238929748535,-8.07819938659668,9,6,467,2,female
-11.336821556091309,-6.399734973907471,9,7,467,2,female
8.434372901916504,9.816347122192383,9,8,467,2,female
10.034086227416992,11.914729118347168,9,9,467,2,female
-4.9629130363464355,-10.703688621520996,9,0,468,8,male
-4.186570644378662,-12.818886756896973,9,1,468,8,male
-4.210096836090088,-12.806876182556152,9,2,468,8,male
-4.6803789138793945,-11.096755981445312,9,3,468,8,male
-6.064344882965088,-9.77590560913086,9,4,468,8,male
-6.808832168579102,-7.854396820068359,9,5,468,8,male
-8.003009796142578,-5.255542755126953,9,6,468,8,male
10.103100776672363,9.764411926269531,9,7,468,8,male
11.548887252807617,13.470080375671387,9,8,468,8,male
10.673786163330078,19.37717628479004,9,9,468,8,male
-12.828639030456543,-11.77471923828125,9,0,469,10,female
-12.504232406616211,-12.232585906982422,9,1,469,10,female
-12.399819374084473,-12.00342082977295,9,2,469,10,female
-12.052054405212402,-11.19431209564209,9,3,469,10,female
-11.99222469329834,-10.242987632751465,9,4,469,10,female
-11.972478866577148,-8.124469757080078,9,5,469,10,female
-11.32132625579834,-5.509923458099365,9,6,469,10,female
8.853999137878418,10.660717010498047,9,7,469,10,female
10.92072582244873,13.700481414794922,9,8,469,10,female
10.4655179977417,19.461254119873047,9,9,469,10,female
-14.849124908447266,-9.671079635620117,9,0,470,2,female
-15.250907897949219,-9.65860652923584,9,1,470,2,female
-14.954815864562988,-8.56151294708252,9,2,470,2,female
-14.429494857788086,-8.236613273620605,9,3,470,2,female
-12.893089294433594,-9.017720222473145,9,4,470,2,female
-12.128911972045898,-9.01517391204834,9,5,470,2,female
-11.943632125854492,-8.155729293823242,9,6,470,2,female
-11.254195213317871,-6.374295711517334,9,7,470,2,female
-8.681992530822754,-4.01268196105957,9,8,470,2,female
10.316977500915527,11.00298023223877,9,9,470,2,female
-11.791153907775879,-12.137521743774414,9,0,471,11,female
-11.68919849395752,-12.573771476745605,9,1,471,11,female
-11.662571907043457,-12.151479721069336,9,2,471,11,female
-11.884873390197754,-11.29646110534668,9,3,471,11,female
-12.033685684204102,-10.796205520629883,9,4,471,11,female
-12.406454086303711,-9.242908477783203,9,5,471,11,female
-12.16131591796875,-7.690619945526123,9,6,471,11,female
-11.385725021362305,-4.956442832946777,9,7,471,11,female
8.943071365356445,11.210570335388184,9,8,471,11,female
10.830272674560547,14.200493812561035,9,9,471,11,female
-4.848090171813965,-10.799546241760254,9,0,472,8,male
-4.284900188446045,-12.75758171081543,9,1,472,8,male
-4.252450942993164,-12.705020904541016,9,2,472,8,male
-4.826484203338623,-10.812063217163086,9,3,472,8,male
-6.317481994628906,-9.190333366394043,9,4,472,8,male
-7.127613067626953,-7.184024333953857,9,5,472,8,male
-7.841341018676758,-4.36917781829834,9,6,472,8,male
10.7205228805542,10.63874626159668,9,7,472,8,male
11.760080337524414,14.05737018585205,9,8,472,8,male
10.597639083862305,19.37282371520996,9,9,472,8,male
-11.645149230957031,-12.085491180419922,9,0,473,11,female
-11.674417495727539,-12.59720230102539,9,1,473,11,female
-11.589107513427734,-12.45338249206543,9,2,473,11,female
-11.67520523071289,-11.874865531921387,9,3,473,11,female
-11.926647186279297,-11.164074897766113,9,4,473,11,female
-12.263448715209961,-9.483205795288086,9,5,473,11,female
-12.15528392791748,-7.750847339630127,9,6,473,11,female
-11.367854118347168,-5.087305545806885,9,7,473,11,female
8.850859642028809,11.015523910522461,9,8,473,11,female
10.858840942382812,14.1094970703125,9,9,473,11,female
-6.354853630065918,-11.281255722045898,9,0,474,1,male
-6.082045555114746,-12.419133186340332,9,1,474,1,male
-7.185810565948486,-11.910831451416016,9,2,474,1,male
-7.3643083572387695,-11.676353454589844,9,3,474,1,male
-7.368643283843994,-10.739255905151367,9,4,474,1,male
-7.26533317565918,-9.164694786071777,9,5,474,1,male
-8.338676452636719,-7.259005069732666,9,6,474,1,male
-8.499109268188477,-3.9107983112335205,9,7,474,1,male
10.605244636535645,11.397425651550293,9,8,474,1,male
11.678495407104492,14.481690406799316,9,9,474,1,male
-4.570516586303711,-11.453977584838867,9,0,475,7,male
-4.17636251449585,-13.16379165649414,9,1,475,7,male
-4.092993259429932,-13.233468055725098,9,2,475,7,male
-4.173171043395996,-13.03878116607666,9,3,475,7,male
-4.946082592010498,-12.659122467041016,9,4,475,7,male
-6.031978607177734,-10.852036476135254,9,5,475,7,male
-7.088820934295654,-9.05998706817627,9,6,475,7,male
-8.2207612991333,-7.33807897567749,9,7,475,7,male
-8.490720748901367,-3.9194185733795166,9,8,475,7,male
10.53408145904541,11.341233253479004,9,9,475,7,male
-11.745718002319336,-12.057537078857422,9,0,476,11,female
-11.623424530029297,-12.407254219055176,9,1,476,11,female
-11.571806907653809,-12.136129379272461,9,2,476,11,female
-11.777432441711426,-11.621624946594238,9,3,476,11,female
-12.022049903869629,-10.913400650024414,9,4,476,11,female
-12.41750717163086,-9.255962371826172,9,5,476,11,female
-12.287877082824707,-7.671671390533447,9,6,476,11,female
-11.448946952819824,-4.962916851043701,9,7,476,11,female
8.903938293457031,11.056258201599121,9,8,476,11,female
10.89503288269043,14.03290843963623,9,9,476,11,female
-4.574312210083008,-11.35598087310791,9,0,477,7,male
-4.142070293426514,-13.087584495544434,9,1,477,7,male
-4.0900654792785645,-13.203983306884766,9,2,477,7,male
-4.223362445831299,-12.886921882629395,9,3,477,7,male
-5.522296905517578,-11.696451187133789,9,4,477,7,male
-6.2146430015563965,-10.241377830505371,9,5,477,7,male
-6.972224235534668,-8.239066123962402,9,6,477,7,male
-8.1358642578125,-5.83267068862915,9,7,477,7,male
9.548868179321289,9.516862869262695,9,8,477,7,male
11.149579048156738,12.569758415222168,9,9,477,7,male
-7.433656215667725,-10.809377670288086,9,0,478,0,male
-8.103109359741211,-11.347611427307129,9,1,478,0,male
-8.232736587524414,-11.123348236083984,9,2,478,0,male
-8.4542236328125,-10.917736053466797,9,3,478,0,male
-12.541688919067383,-9.812621116638184,9,4,478,0,male
-13.14770793914795,-8.814931869506836,9,5,478,0,male
-12.94362735748291,-7.306024551391602,9,6,478,0,male
-12.288700103759766,-5.091619491577148,9,7,478,0,male
8.280960083007812,10.965066909790039,9,8,478,0,male
10.297995567321777,13.468476295471191,9,9,478,0,male
-13.04217529296875,-10.941516876220703,9,0,479,6,female
-13.248810768127441,-11.211613655090332,9,1,479,6,female
-12.90063190460205,-10.93797492980957,9,2,479,6,female
-12.062254905700684,-10.524297714233398,9,3,479,6,female
-11.966788291931152,-10.180961608886719,9,4,479,6,female
-11.957146644592285,-8.291523933410645,9,5,479,6,female
-11.303810119628906,-6.359170913696289,9,6,479,6,female
8.453871726989746,9.884339332580566,9,7,479,6,female
10.376256942749023,12.130328178405762,9,8,479,6,female
11.571557998657227,14.687601089477539,9,9,479,6,female
-11.663028717041016,-12.229740142822266,9,0,480,11,female
-11.613539695739746,-12.508543014526367,9,1,480,11,female
-11.601031303405762,-12.218450546264648,9,2,480,11,female
-11.761310577392578,-11.640103340148926,9,3,480,11,female
-11.978102684020996,-10.529439926147461,9,4,480,11,female
-12.022347450256348,-8.312746047973633,9,5,480,11,female
-11.35524845123291,-5.919470310211182,9,6,480,11,female
8.626310348510742,10.489123344421387,9,7,480,11,female
10.646112442016602,13.888373374938965,9,8,480,11,female
11.06372356414795,18.739376068115234,9,9,480,11,female
-6.341324329376221,-11.476566314697266,9,0,481,1,male
-6.674418926239014,-12.150710105895996,9,1,481,1,male
-7.262677192687988,-11.853181838989258,9,2,481,1,male
-7.247011184692383,-11.684760093688965,9,3,481,1,male
-7.336907386779785,-10.668338775634766,9,4,481,1,male
-7.271626949310303,-9.195591926574707,9,5,481,1,male
-8.252544403076172,-7.352543354034424,9,6,481,1,male
-8.530068397521973,-3.949558973312378,9,7,481,1,male
10.399616241455078,11.112858772277832,9,8,481,1,male
11.680830001831055,14.42682933807373,9,9,481,1,male
-4.800274848937988,-12.193593978881836,9,0,482,9,male
-4.315625190734863,-13.392439842224121,9,1,482,9,male
-4.216198444366455,-13.375326156616211,9,2,482,9,male
-4.223665237426758,-12.656848907470703,9,3,482,9,male
-4.826051235198975,-10.874740600585938,9,4,482,9,male
-6.311692237854004,-9.194668769836426,9,5,482,9,male
-6.920737266540527,-7.525896072387695,9,6,482,9,male
-7.920720100402832,-4.6528096199035645,9,7,482,9,male
10.46181869506836,10.203165054321289,9,8,482,9,male
11.671374320983887,13.758071899414062,9,9,482,9,male
-7.403023719787598,-10.740416526794434,9,0,483,0,male
-8.07555103302002,-11.330073356628418,9,1,483,0,male
-8.263718605041504,-11.0462007522583,9,2,483,0,male
-12.330178260803223,-9.9327392578125,9,3,483,0,male
-12.652287483215332,-9.12894344329834,9,4,483,0,male
-12.47824764251709,-7.852012634277344,9,5,483,0,male
-12.246529579162598,-5.566202163696289,9,6,483,0,male
7.854064464569092,10.522384643554688,9,7,483,0,male
9.853096008300781,12.881363868713379,9,8,483,0,male
11.101962089538574,15.133452415466309,9,9,483,0,male
-6.576596260070801,-11.035884857177734,9,0,484,1,male
-7.127246856689453,-11.872389793395996,9,1,484,1,male
-7.402109146118164,-11.787585258483887,9,2,484,1,male
-7.550283432006836,-11.521836280822754,9,3,484,1,male
-7.421069145202637,-10.592693328857422,9,4,484,1,male
-7.329624652862549,-9.100141525268555,9,5,484,1,male
-8.228005409240723,-7.387878894805908,9,6,484,1,male
-8.636140823364258,-4.128632068634033,9,7,484,1,male
10.271754264831543,10.955074310302734,9,8,484,1,male
11.563017845153809,14.052096366882324,9,9,484,1,male
-14.739078521728516,-9.415700912475586,9,0,485,2,female
-15.066262245178223,-9.432891845703125,9,1,485,2,female
-14.84188461303711,-8.486785888671875,9,2,485,2,female
-14.344637870788574,-8.119694709777832,9,3,485,2,female
-12.809433937072754,-8.911046028137207,9,4,485,2,female
-12.074064254760742,-8.567915916442871,9,5,485,2,female
-11.943970680236816,-7.7454514503479,9,6,485,2,female
-11.246682167053223,-6.166904449462891,9,7,485,2,female
8.525877952575684,9.891201972961426,9,8,485,2,female
10.44449234008789,12.164329528808594,9,9,485,2,female
-6.8613104820251465,-11.564831733703613,9,0,486,1,male
-7.157979488372803,-11.90500259399414,9,1,486,1,male
-7.2509379386901855,-11.83655834197998,9,2,486,1,male
-7.227652072906494,-10.803936958312988,9,3,486,1,male
-7.224740982055664,-9.269678115844727,9,4,486,1,male
-8.20071029663086,-7.4627790451049805,9,5,486,1,male
-8.621010780334473,-4.122366905212402,9,6,486,1,male
10.271455764770508,10.957172393798828,9,7,486,1,male
11.529193878173828,14.221195220947266,9,8,486,1,male
10.745357513427734,19.25872039794922,9,9,486,1,male
-11.88919448852539,-12.260771751403809,9,0,487,11,female
-11.703373908996582,-12.565363883972168,9,1,487,11,female
-11.723969459533691,-11.845970153808594,9,2,487,11,female
-12.138273239135742,-9.285646438598633,9,3,487,11,female
-11.411049842834473,-6.781128883361816,9,4,487,11,female
-11.594767570495605,-4.045632362365723,9,5,487,11,female
9.81799030303955,12.34627628326416,9,6,487,11,female
11.50382137298584,14.916213989257812,9,7,487,11,female
10.878101348876953,19.412975311279297,9,8,487,11,female
-8.259954452514648,-11.232671737670898,9,0,488,3,female
-8.193743705749512,-11.210365295410156,9,1,488,3,female
-7.501256465911865,-10.905899047851562,9,2,488,3,female
-7.213050365447998,-10.373619079589844,9,3,488,3,female
-7.276113986968994,-9.344377517700195,9,4,488,3,female
-7.813247203826904,-7.953592777252197,9,5,488,3,female
-8.576205253601074,-4.607112884521484,9,6,488,3,female
9.971602439880371,10.240656852722168,9,7,488,3,female
11.363471031188965,13.481810569763184,9,8,488,3,female
10.872912406921387,19.175867080688477,9,9,488,3,female
-7.2764892578125,-10.67558765411377,9,0,489,0,male
-7.726385593414307,-11.446174621582031,9,1,489,0,male
-8.156275749206543,-11.15391731262207,9,2,489,0,male
-8.254352569580078,-10.932392120361328,9,3,489,0,male
-12.244606971740723,-9.804469108581543,9,4,489,0,male
-12.407205581665039,-9.244537353515625,9,5,489,0,male
-12.641263008117676,-7.981632232666016,9,6,489,0,male
-12.315951347351074,-5.716434001922607,9,7,489,0,male
7.8031325340271,10.452808380126953,9,8,489,0,male
9.818044662475586,12.827628135681152,9,9,489,0,male
-13.002039909362793,-10.825870513916016,9,0,490,6,female
-12.937104225158691,-10.858962059020996,9,1,490,6,female
-12.63023567199707,-10.707038879394531,9,2,490,6,female
-12.00738525390625,-10.397317886352539,9,3,490,6,female
-12.075207710266113,-9.235634803771973,9,4,490,6,female
-11.951266288757324,-8.080870628356934,9,5,490,6,female
-11.263947486877441,-6.028350353240967,9,6,490,6,female
8.659893035888672,10.091072082519531,9,7,490,6,female
10.724893569946289,12.578314781188965,9,8,490,6,female
11.637971878051758,14.959423065185547,9,9,490,6,female
-4.492429733276367,-11.674007415771484,9,0,491,7,male
-3.8979077339172363,-13.07784652709961,9,1,491,7,male
-3.937744379043579,-13.022562026977539,9,2,491,7,male
-4.500436782836914,-11.602967262268066,9,3,491,7,male
-4.908666610717773,-10.801424026489258,9,4,491,7,male
-6.341579914093018,-9.558625221252441,9,5,491,7,male
-7.065439224243164,-7.8443193435668945,9,6,491,7,male
-8.182669639587402,-4.90966796875,9,7,491,7,male
10.147067070007324,10.114998817443848,9,8,491,7,male
11.589509963989258,13.61042594909668,9,9,491,7,male
-12.996280670166016,-10.978963851928711,9,0,492,6,female
-13.00032901763916,-11.079890251159668,9,1,492,6,female
-12.341581344604492,-10.879782676696777,9,2,492,6,female
-12.004891395568848,-10.539467811584473,9,3,492,6,female
-12.059728622436523,-9.184825897216797,9,4,492,6,female
-11.940384864807129,-7.704629898071289,9,5,492,6,female
-11.270611763000488,-5.011419296264648,9,6,492,6,female
9.174263000488281,11.141522407531738,9,7,492,6,female
11.174988746643066,14.051610946655273,9,8,492,6,female
-8.30994987487793,-11.128290176391602,9,0,493,3,female
-8.238895416259766,-11.232500076293945,9,1,493,3,female
-7.552370548248291,-10.912074089050293,9,2,493,3,female
-7.200903415679932,-10.077675819396973,9,3,493,3,female
-7.615274906158447,-8.502148628234863,9,4,493,3,female
-8.866860389709473,-5.582380771636963,9,5,493,3,female
9.433683395385742,10.087756156921387,9,6,493,3,female
11.081087112426758,13.28001594543457,9,7,493,3,female
10.616954803466797,19.166027069091797,9,8,493,3,female
-4.8053154945373535,-12.046496391296387,9,0,494,9,male
-4.352546691894531,-13.347688674926758,9,1,494,9,male
-4.220606803894043,-13.405694007873535,9,2,494,9,male
-4.308573246002197,-12.708166122436523,9,3,494,9,male
-4.821478366851807,-10.857778549194336,9,4,494,9,male
-6.393369197845459,-9.044434547424316,9,5,494,9,male
-7.2226104736328125,-7.0557637214660645,9,6,494,9,male
-7.823807239532471,-4.134552478790283,9,7,494,9,male
10.8104248046875,10.978468894958496,9,8,494,9,male
11.761589050292969,14.37962532043457,9,9,494,9,male
-4.5130510330200195,-11.832828521728516,9,0,495,7,male
-4.026625633239746,-13.251493453979492,9,1,495,7,male
-3.9397151470184326,-13.076950073242188,9,2,495,7,male
-4.422987461090088,-11.763054847717285,9,3,495,7,male
-4.742762088775635,-10.97091007232666,9,4,495,7,male
-5.470556735992432,-10.462226867675781,9,5,495,7,male
-6.4097418785095215,-9.029868125915527,9,6,495,7,male
-7.235223293304443,-7.0914835929870605,9,7,495,7,male
-7.807849884033203,-4.044508457183838,9,8,495,7,male
10.832164764404297,11.132353782653809,9,9,495,7,male
-5.2082438468933105,-11.96788501739502,9,0,496,9,male
-5.32248592376709,-12.805585861206055,9,1,496,9,male
-4.350963115692139,-13.386025428771973,9,2,496,9,male
-4.351909637451172,-12.450948715209961,9,3,496,9,male
-4.831537246704102,-10.776653289794922,9,4,496,9,male
-6.3908562660217285,-9.0353364944458,9,5,496,9,male
-7.294100284576416,-7.047977924346924,9,6,496,9,male
-7.845605373382568,-4.123800277709961,9,7,496,9,male
10.862958908081055,11.216667175292969,9,8,496,9,male
11.68432903289795,14.775117874145508,9,9,496,9,male
-14.700166702270508,-9.657506942749023,9,0,497,2,female
-15.342432975769043,-10.125626564025879,9,1,497,2,female
-14.98049259185791,-8.84060287475586,9,2,497,2,female
-14.585238456726074,-8.484784126281738,9,3,497,2,female
-13.214451789855957,-9.22158432006836,9,4,497,2,female
-12.273651123046875,-9.22342300415039,9,5,497,2,female
-12.099380493164062,-9.047608375549316,9,6,497,2,female
-11.924665451049805,-7.882506847381592,9,7,497,2,female
-11.228507041931152,-6.1052141189575195,9,8,497,2,female
8.614815711975098,9.956143379211426,9,9,497,2,female
-12.886547088623047,-11.713452339172363,9,0,498,10,female
-12.51706600189209,-12.264059066772461,9,1,498,10,female
-12.422228813171387,-12.075976371765137,9,2,498,10,female
-12.19764232635498,-11.458179473876953,9,3,498,10,female
-11.981019020080566,-10.497633934020996,9,4,498,10,female
-11.999083518981934,-8.296921730041504,9,5,498,10,female
-11.364221572875977,-5.82661771774292,9,6,498,10,female
8.696769714355469,10.610469818115234,9,7,498,10,female
10.672924995422363,13.683969497680664,9,8,498,10,female
10.469841003417969,19.456010818481445,9,9,498,10,female
-7.40446138381958,-10.865978240966797,9,0,499,0,male
-7.961254596710205,-11.40008544921875,9,1,499,0,male
-8.208413124084473,-11.164379119873047,9,2,499,0,male
-8.395536422729492,-10.990897178649902,9,3,499,0,male
-12.500799179077148,-10.252494812011719,9,4,499,0,male
-12.785622596740723,-9.141956329345703,9,5,499,0,male
-12.849711418151855,-7.902791500091553,9,6,499,0,male
-12.334601402282715,-5.560121536254883,9,7,499,0,male
7.956954002380371,10.62203311920166,9,8,499,0,male
9.932400703430176,12.970746994018555,9,9,499,0,male
