UMAP1,UMAP2,label,time_bin,sample_index,speaker_id,gender
-2.987950563430786,-2.8472468852996826,0,0,0,9,male
-5.651485443115234,-4.299476146697998,0,1,0,9,male
-6.116833686828613,-4.551270008087158,0,2,0,9,male
-5.533099174499512,-4.264416217803955,0,3,0,9,male
-4.698267459869385,-3.8814949989318848,0,4,0,9,male
-4.1492462158203125,-2.706446886062622,0,5,0,9,male
-2.355865001678467,-0.7703094482421875,0,6,0,9,male
-0.5736694931983948,1.515541434288025,0,7,0,9,male
4.941681861877441,3.460333824157715,0,8,0,9,male
11.379976272583008,4.171664714813232,0,9,0,9,male
-3.0298612117767334,-3.275602102279663,0,0,1,9,male
-6.017677307128906,-4.800586223602295,0,1,1,9,male
-6.038239002227783,-4.8749308586120605,0,2,1,9,male
-5.301448345184326,-4.566783905029297,0,3,1,9,male
-4.228532314300537,-4.11543083190918,0,4,1,9,male
-2.8462462425231934,-3.0488269329071045,0,5,1,9,male
-1.7966591119766235,-0.9777973294258118,0,6,1,9,male
0.1808018982410431,1.3370985984802246,0,7,1,9,male
5.930792808532715,3.363492965698242,0,8,1,9,male
12.414632797241211,4.03345251083374,0,9,1,9,male
-3.1663131713867188,-3.108563184738159,0,0,2,9,male
-6.085902214050293,-4.5959792137146,0,1,2,9,male
-5.898748397827148,-4.613481521606445,0,2,2,9,male
-5.425443649291992,-4.452172756195068,0,3,2,9,male
-4.527572154998779,-3.8226962089538574,0,4,2,9,male
-2.5864312648773193,-2.3080568313598633,0,5,2,9,male
-0.7109413743019104,0.36067861318588257,0,6,2,9,male
3.9038777351379395,2.797366142272949,0,7,2,9,male
10.311326026916504,4.0240654945373535,0,8,2,9,male
15.190240859985352,4.187749862670898,0,9,2,9,male
-4.573923587799072,4.440199851989746,0,0,3,2,female
-6.971950054168701,5.015027046203613,0,1,3,2,female
-7.300921440124512,7.117813587188721,0,2,3,2,female
-7.262143611907959,7.003013610839844,0,3,3,2,female
-7.063599586486816,5.154531002044678,0,4,3,2,female
-5.336681365966797,4.118292808532715,0,5,3,2,female
-3.8883607387542725,4.497119903564453,0,6,3,2,female
-1.860600471496582,4.378958702087402,0,7,3,2,female
1.416839838027954,4.996292591094971,0,8,3,2,female
9.468384742736816,5.169886589050293,0,9,3,2,female
-0.9193756580352783,-1.653347373008728,0,0,4,7,male
-3.259835720062256,-5.029675483703613,0,1,4,7,male
-5.147002696990967,-6.712729454040527,0,2,4,7,male
-5.148251533508301,-6.809164524078369,0,3,4,7,male
-4.270392894744873,-5.31575870513916,0,4,4,7,male
-3.080578565597534,-2.997790813446045,0,5,4,7,male
-1.863348364830017,-1.016998529434204,0,6,4,7,male
0.41669631004333496,1.1746814250946045,0,7,4,7,male
5.936034202575684,3.2721216678619385,0,8,4,7,male
12.332172393798828,3.8702127933502197,0,9,4,7,male
0.7423311471939087,0.34775033593177795,0,0,5,7,male
-1.94554603099823,-3.191923141479492,0,1,5,7,male
-4.944955348968506,-6.536201000213623,0,2,5,7,male
-5.131587505340576,-6.713257789611816,0,3,5,7,male
-4.771164417266846,-6.180999279022217,0,4,5,7,male
-4.320038318634033,-3.3960113525390625,0,5,5,7,male
-3.824251413345337,-1.6083767414093018,0,6,5,7,male
-2.38980770111084,0.5326884984970093,0,7,5,7,male
-0.6061310172080994,4.147143363952637,0,8,5,7,male
8.216383934020996,5.126011848449707,0,9,5,7,male
-3.3249199390411377,6.481147766113281,0,0,6,2,female
-5.709353446960449,7.089895725250244,0,1,6,2,female
-7.134593486785889,7.283369064331055,0,2,6,2,female
-7.147490978240967,7.028733253479004,0,3,6,2,female
-7.0995192527771,4.938605785369873,0,4,6,2,female
-5.158701419830322,4.161538124084473,0,5,6,2,female
-3.157210111618042,4.256598472595215,0,6,6,2,female
-0.9601094126701355,4.552963733673096,0,7,6,2,female
8.350057601928711,5.207571029663086,0,8,6,2,female
13.016888618469238,5.07710599899292,0,9,6,2,female
-3.2991175651550293,-2.581512212753296,0,0,7,1,male
-6.019615173339844,-3.777733564376831,0,1,7,1,male
-6.160155773162842,-2.448361873626709,0,2,7,1,male
-6.11239767074585,-2.278454542160034,0,3,7,1,male
-4.996476650238037,-1.627045750617981,0,4,7,1,male
-3.7147178649902344,-1.063673734664917,0,5,7,1,male
-1.9471255540847778,0.7242721915245056,0,6,7,1,male
2.672743558883667,3.2299067974090576,0,7,7,1,male
8.767827987670898,5.036451816558838,0,8,7,1,male
13.536866188049316,4.877249717712402,0,9,7,1,male
-5.756341934204102,2.313610076904297,0,0,8,11,female
-8.970134735107422,0.3995801508426666,0,1,8,11,female
-9.185070991516113,-0.03801658749580383,0,2,8,11,female
-8.650982856750488,0.32170939445495605,0,3,8,11,female
-7.808962821960449,0.9776766896247864,0,4,8,11,female
-6.805785655975342,1.6113981008529663,0,5,8,11,female
-5.060484886169434,3.5976791381835938,0,6,8,11,female
-2.575535297393799,5.017414569854736,0,7,8,11,female
2.564962387084961,5.7804789543151855,0,8,8,11,female
11.735078811645508,6.066440105438232,0,9,8,11,female
-4.532402038574219,4.430054664611816,0,0,9,2,female
-6.704168796539307,5.293902397155762,0,1,9,2,female
-7.32270622253418,7.027148723602295,0,2,9,2,female
-7.233338832855225,6.897970676422119,0,3,9,2,female
-7.07939338684082,4.680088520050049,0,4,9,2,female
-5.144347190856934,4.041981220245361,0,5,9,2,female
-3.1889405250549316,4.249061584472656,0,6,9,2,female
-1.114089846611023,4.501983165740967,0,7,9,2,female
1.9703357219696045,5.102021217346191,0,8,9,2,female
11.350105285644531,5.439990043640137,0,9,9,2,female
-4.7420148849487305,5.134427547454834,0,0,10,10,female
-8.425325393676758,5.0125532150268555,0,1,10,10,female
-9.472756385803223,5.077827453613281,0,2,10,10,female
-8.207371711730957,5.59140157699585,0,3,10,10,female
-7.32529354095459,5.601459980010986,0,4,10,10,female
-6.961238861083984,5.551182270050049,0,5,10,10,female
-5.226120471954346,5.249794960021973,0,6,10,10,female
-3.125706672668457,6.480220317840576,0,7,10,10,female
2.553217887878418,6.37265682220459,0,8,10,10,female
11.822992324829102,6.628814697265625,0,9,10,10,female
0.06806562095880508,6.079065322875977,0,0,11,6,female
-4.7999372482299805,5.282477855682373,0,1,11,6,female
-8.071646690368652,5.040087699890137,0,2,11,6,female
-8.043426513671875,5.632654190063477,0,3,11,6,female
-7.6276960372924805,5.833739280700684,0,4,11,6,female
-6.324724197387695,6.436957359313965,0,5,11,6,female
-5.3697733879089355,6.288736343383789,0,6,11,6,female
-3.889909267425537,6.340260028839111,0,7,11,6,female
-1.5247002840042114,4.502744674682617,0,8,11,6,female
-0.4388558864593506,4.633653163909912,0,9,11,6,female
0.04758401960134506,6.110452175140381,0,0,12,6,female
-4.893155574798584,5.363688945770264,0,1,12,6,female
-7.818294525146484,5.451970100402832,0,2,12,6,female
-7.8714704513549805,5.770867347717285,0,3,12,6,female
-7.466850280761719,6.041112422943115,0,4,12,6,female
-6.36283540725708,6.425045013427734,0,5,12,6,female
-4.600553035736084,6.0800933837890625,0,6,12,6,female
-3.2044527530670166,6.4137043952941895,0,7,12,6,female
1.6812888383865356,6.507911205291748,0,8,12,6,female
9.90506649017334,6.409587860107422,0,9,12,6,female
-3.942152500152588,7.0229082107543945,0,0,13,2,female
-5.569113254547119,7.682892322540283,0,1,13,2,female
-5.902322769165039,7.666074752807617,0,2,13,2,female
-5.7888312339782715,7.061154842376709,0,3,13,2,female
-5.660318851470947,5.651508331298828,0,4,13,2,female
-4.4402923583984375,5.10567045211792,0,5,13,2,female
-1.9485759735107422,4.614532947540283,0,6,13,2,female
1.4259004592895508,5.070775985717773,0,7,13,2,female
9.641765594482422,5.543529033660889,0,8,13,2,female
14.07557487487793,4.917353630065918,0,9,13,2,female
-0.10787300765514374,-0.23638860881328583,0,0,14,7,male
-2.64111065864563,-3.9334492683410645,0,1,14,7,male
-5.138490200042725,-6.833871364593506,0,2,14,7,male
-5.177756309509277,-6.819874286651611,0,3,14,7,male
-5.111538887023926,-5.384711742401123,0,4,14,7,male
-4.184436321258545,-2.891594409942627,0,5,14,7,male
-3.014230251312256,-1.0967612266540527,0,6,14,7,male
-0.904603123664856,1.1130777597427368,0,7,14,7,male
4.5604023933410645,3.5677859783172607,0,8,14,7,male
10.800933837890625,4.4968719482421875,0,9,14,7,male
-4.614897727966309,2.7304179668426514,0,0,15,11,female
-7.971836090087891,0.9347527623176575,0,1,15,11,female
-9.507911682128906,0.3821164071559906,0,2,15,11,female
-9.55423355102539,0.2342076599597931,0,3,15,11,female
-8.977621078491211,0.4412402808666229,0,4,15,11,female
-8.151141166687012,1.0730754137039185,0,5,15,11,female
-6.690507888793945,1.5885406732559204,0,6,15,11,female
-4.917486667633057,3.1906094551086426,0,7,15,11,female
-2.278519868850708,4.5451788902282715,0,8,15,11,female
2.593754291534424,5.558014869689941,0,9,15,11,female
-5.96021842956543,5.0568156242370605,0,0,16,2,female
-7.485605716705322,6.534464359283447,0,1,16,2,female
-7.394435882568359,6.792778968811035,0,2,16,2,female
-6.989706516265869,6.1442179679870605,0,3,16,2,female
-5.645750045776367,4.242450714111328,0,4,16,2,female
-4.568668842315674,4.339095115661621,0,5,16,2,female
-2.123084545135498,4.378386974334717,0,6,16,2,female
1.151235580444336,4.886335372924805,0,7,16,2,female
9.33764362335205,5.233640193939209,0,8,16,2,female
14.089190483093262,4.881629943847656,0,9,16,2,female
-4.742260456085205,5.272331237792969,0,0,17,10,female
-8.74662971496582,4.984453201293945,0,1,17,10,female
-9.781633377075195,4.885631561279297,0,2,17,10,female
-9.541030883789062,5.030796051025391,0,3,17,10,female
-7.8451642990112305,5.481630325317383,0,4,17,10,female
-7.0937275886535645,5.529721260070801,0,5,17,10,female
-5.231034755706787,5.2510786056518555,0,6,17,10,female
-3.051187038421631,6.247398853302002,0,7,17,10,female
2.567016363143921,6.389252662658691,0,8,17,10,female
11.632973670959473,6.638935089111328,0,9,17,10,female
-2.8189890384674072,-2.555959939956665,0,0,18,8,male
-6.012381076812744,-4.283508777618408,0,1,18,8,male
-6.248929500579834,-4.188625335693359,0,2,18,8,male
-6.334865093231201,-4.093315124511719,0,3,18,8,male
-5.931224822998047,-3.5448341369628906,0,4,18,8,male
-4.072447299957275,-1.973504900932312,0,5,18,8,male
-2.0240697860717773,-0.2822602391242981,0,6,18,8,male
1.7765473127365112,1.8356984853744507,0,7,18,8,male
8.772821426391602,4.011470317840576,0,8,18,8,male
14.479480743408203,4.286893367767334,0,9,18,8,male
-6.540227890014648,4.74153470993042,0,0,19,3,female
-8.28152084350586,4.816533088684082,0,1,19,3,female
-7.750984191894531,5.2491679191589355,0,2,19,3,female
-6.273833274841309,6.465921878814697,0,3,19,3,female
-5.40805196762085,6.650598049163818,0,4,19,3,female
-3.876652956008911,6.694129467010498,0,5,19,3,female
-3.239705801010132,6.936295509338379,0,6,19,3,female
2.7312119007110596,6.543849468231201,0,7,19,3,female
12.465106964111328,6.534936904907227,0,8,19,3,female
16.442729949951172,5.777547836303711,0,9,19,3,female
-0.9137867093086243,4.5262932777404785,0,0,20,0,male
-5.156623363494873,3.141529083251953,0,1,20,0,male
-8.678442001342773,1.9084309339523315,0,2,20,0,male
-8.802369117736816,2.2133476734161377,0,3,20,0,male
-8.379859924316406,3.8673791885375977,0,4,20,0,male
-5.762008190155029,4.6836934089660645,0,5,20,0,male
-3.8256773948669434,6.130956649780273,0,6,20,0,male
0.20373696088790894,6.1140971183776855,0,7,20,0,male
4.577142238616943,6.356572151184082,0,8,20,0,male
13.401139259338379,6.249553680419922,0,9,20,0,male
-2.776411771774292,5.5227274894714355,0,0,21,6,female
-6.298190593719482,5.167931079864502,0,1,21,6,female
-8.005417823791504,5.541527271270752,0,2,21,6,female
-7.78611946105957,5.793373107910156,0,3,21,6,female
-6.4639997482299805,6.485035419464111,0,4,21,6,female
-5.715786457061768,6.483157157897949,0,5,21,6,female
-3.9005837440490723,6.373730182647705,0,6,21,6,female
-1.7257542610168457,5.31331205368042,0,7,21,6,female
-0.3653040826320648,4.673217296600342,0,8,21,6,female
0.7953332662582397,4.947216987609863,0,9,21,6,female
-3.7814643383026123,5.493293285369873,0,0,22,10,female
-7.982417583465576,5.192546844482422,0,1,22,10,female
-9.588691711425781,5.030900478363037,0,2,22,10,female
-9.314277648925781,5.144104480743408,0,3,22,10,female
-7.5357346534729,5.568458080291748,0,4,22,10,female
-7.053135395050049,5.511519908905029,0,5,22,10,female
-5.298433780670166,5.322923183441162,0,6,22,10,female
-2.96213698387146,6.396125793457031,0,7,22,10,female
2.6509435176849365,6.420554161071777,0,8,22,10,female
11.754697799682617,6.638588905334473,0,9,22,10,female
-4.788260459899902,5.214338302612305,0,0,23,2,female
-6.602431297302246,6.057222366333008,0,1,23,2,female
-7.209187984466553,7.0621724128723145,0,2,23,2,female
-6.873937606811523,6.453053951263428,0,3,23,2,female
-6.670904636383057,4.348152160644531,0,4,23,2,female
-4.961601257324219,4.129271507263184,0,5,23,2,female
-2.6811063289642334,4.282003879547119,0,6,23,2,female
0.8888035416603088,4.83497953414917,0,7,23,2,female
8.981372833251953,5.150802135467529,0,8,23,2,female
13.673538208007812,4.771574974060059,0,9,23,2,female
-0.7716091871261597,4.545003890991211,0,0,24,0,male
-4.795596122741699,2.97164249420166,0,1,24,0,male
-8.198612213134766,1.5861459970474243,0,2,24,0,male
-8.66488265991211,2.1547460556030273,0,3,24,0,male
-8.338293075561523,3.792884349822998,0,4,24,0,male
-5.622329235076904,4.665863513946533,0,5,24,0,male
-3.5758273601531982,6.316534042358398,0,6,24,0,male
1.4874095916748047,6.392488956451416,0,7,24,0,male
9.997756004333496,6.374301433563232,0,8,24,0,male
14.354840278625488,5.980331897735596,0,9,24,0,male
-4.585762023925781,5.259162425994873,0,0,25,10,female
-8.41767406463623,5.1101202964782715,0,1,25,10,female
-9.604928970336914,5.045107841491699,0,2,25,10,female
-9.539960861206055,5.1053242683410645,0,3,25,10,female
-8.009943962097168,5.427041530609131,0,4,25,10,female
-7.007449626922607,5.37151575088501,0,5,25,10,female
-5.179511547088623,5.277796745300293,0,6,25,10,female
-2.5905396938323975,6.304538726806641,0,7,25,10,female
2.9831485748291016,6.364161014556885,0,8,25,10,female
12.20901107788086,6.434631824493408,0,9,25,10,female
-0.023763351142406464,6.079810619354248,0,0,26,6,female
-4.916806221008301,5.31591272354126,0,1,26,6,female
-8.22256088256836,5.258703231811523,0,2,26,6,female
-8.010980606079102,5.673883438110352,0,3,26,6,female
-7.665369033813477,5.9230804443359375,0,4,26,6,female
-6.558904647827148,6.434070587158203,0,5,26,6,female
-4.706715106964111,6.0743303298950195,0,6,26,6,female
-3.151028871536255,6.356183052062988,0,7,26,6,female
2.38301682472229,6.45352029800415,0,8,26,6,female
11.683891296386719,6.6685004234313965,0,9,26,6,female
-1.1895195245742798,-0.9852696657180786,0,0,27,8,male
-3.8975093364715576,-3.356302261352539,0,1,27,8,male
-6.189734935760498,-4.171962261199951,0,2,27,8,male
-6.311519145965576,-4.331226348876953,0,3,27,8,male
-6.111924171447754,-3.8101696968078613,0,4,27,8,male
-4.261734962463379,-2.595269203186035,0,5,27,8,male
-2.1654956340789795,-0.4665077328681946,0,6,27,8,male
0.48444825410842896,1.7840654850006104,0,7,27,8,male
6.890275001525879,3.6508963108062744,0,8,27,8,male
13.175604820251465,4.081981182098389,0,9,27,8,male
-5.015777587890625,4.5876851081848145,0,0,28,2,female
-6.953100681304932,5.492320537567139,0,1,28,2,female
-7.263307094573975,6.9599738121032715,0,2,28,2,female
-7.02788782119751,6.578728199005127,0,3,28,2,female
-6.8595356941223145,4.273478984832764,0,4,28,2,female
-4.788986682891846,4.251879692077637,0,5,28,2,female
-2.602288007736206,4.407427787780762,0,6,28,2,female
0.8173127174377441,4.840323448181152,0,7,28,2,female
9.035087585449219,5.188776969909668,0,8,28,2,female
13.673399925231934,4.88305139541626,0,9,28,2,female
-2.4844343662261963,-1.9534894227981567,0,0,29,9,male
-4.369008541107178,-3.6468727588653564,0,1,29,9,male
-6.159356594085693,-4.366767406463623,0,2,29,9,male
-5.582706451416016,-4.1559576988220215,0,3,29,9,male
-4.744746685028076,-4.032352924346924,0,4,29,9,male
-3.740330934524536,-2.7965633869171143,0,5,29,9,male
-2.153676986694336,-1.0772593021392822,0,6,29,9,male
-0.12952521443367004,1.5672919750213623,0,7,29,9,male
5.561282634735107,3.4250330924987793,0,8,29,9,male
11.412087440490723,4.056758880615234,0,9,29,9,male
-6.893555641174316,4.613040447235107,0,0,30,3,female
-9.149940490722656,4.627558708190918,0,1,30,3,female
-7.930339336395264,5.664943695068359,0,2,30,3,female
-6.537110328674316,6.407632350921631,0,3,30,3,female
-5.564749240875244,6.520386219024658,0,4,30,3,female
-4.166250705718994,6.582237243652344,0,5,30,3,female
-3.3506102561950684,6.803990364074707,0,6,30,3,female
2.3326146602630615,6.544754981994629,0,7,30,3,female
11.974452018737793,6.633260250091553,0,8,30,3,female
16.26443099975586,5.921845436096191,0,9,30,3,female
-4.676743030548096,4.853932857513428,0,0,31,2,female
-6.68009090423584,5.703298091888428,0,1,31,2,female
-7.19343376159668,7.018442630767822,0,2,31,2,female
-7.072792053222656,6.380914211273193,0,3,31,2,female
-5.947386264801025,4.377037048339844,0,4,31,2,female
-4.477015495300293,4.573346138000488,0,5,31,2,female
-2.3156051635742188,4.3445515632629395,0,6,31,2,female
0.7688603401184082,4.860832691192627,0,7,31,2,female
9.260315895080566,5.328636169433594,0,8,31,2,female
13.724287033081055,4.856187343597412,0,9,31,2,female
-3.2390217781066895,4.433303356170654,0,0,32,3,female
-6.392148971557617,4.093042373657227,0,1,32,3,female
-8.094555854797363,4.061407089233398,0,2,32,3,female
-7.560020446777344,4.946836471557617,0,3,32,3,female
-6.044173717498779,6.506387233734131,0,4,32,3,female
-5.131817817687988,6.44297456741333,0,5,32,3,female
-3.8609132766723633,6.8676371574401855,0,6,32,3,female
1.3893088102340698,6.445507049560547,0,7,32,3,female
9.130705833435059,6.215025424957275,0,8,32,3,female
14.08967113494873,5.974625110626221,0,9,32,3,female
0.7488237619400024,0.3450271785259247,0,0,33,7,male
-1.8238112926483154,-3.0257906913757324,0,1,33,7,male
-4.7476630210876465,-6.291112899780273,0,2,33,7,male
-5.110880374908447,-6.481194972991943,0,3,33,7,male
-4.948436737060547,-6.222258567810059,0,4,33,7,male
-4.22564697265625,-3.4036686420440674,0,5,33,7,male
-3.079864263534546,-1.4387401342391968,0,6,33,7,male
-1.0695115327835083,0.6432222127914429,0,7,33,7,male
3.3875696659088135,3.2529892921447754,0,8,33,7,male
10.132378578186035,4.568894863128662,0,9,33,7,male
-0.5635483264923096,4.5502119064331055,0,0,34,0,male
-4.674213886260986,2.869563102722168,0,1,34,0,male
-7.76741361618042,1.3806021213531494,0,2,34,0,male
-8.693121910095215,1.7857052087783813,0,3,34,0,male
-8.307294845581055,2.544922351837158,0,4,34,0,male
-7.358154296875,4.558486461639404,0,5,34,0,male
-4.814481258392334,5.53126335144043,0,6,34,0,male
-2.508197546005249,6.089667320251465,0,7,34,0,male
3.0087838172912598,6.245333194732666,0,8,34,0,male
11.938885688781738,6.4659104347229,0,9,34,0,male
0.36609184741973877,0.02640039660036564,0,0,35,7,male
-2.176185131072998,-3.4634087085723877,0,1,35,7,male
-5.098874568939209,-6.70858097076416,0,2,35,7,male
-5.133134365081787,-6.811492443084717,0,3,35,7,male
-3.882519483566284,-5.539520263671875,0,4,35,7,male
-3.1283905506134033,-3.1468863487243652,0,5,35,7,male
-1.7921295166015625,-0.8901228904724121,0,6,35,7,male
0.406284898519516,1.3156336545944214,0,7,35,7,male
5.944922924041748,3.2850139141082764,0,8,35,7,male
12.1216459274292,3.853179931640625,0,9,35,7,male
-1.1948074102401733,5.782350540161133,0,0,36,6,female
-4.8819756507873535,5.178289413452148,0,1,36,6,female
-8.069841384887695,5.181350231170654,0,2,36,6,female
-7.819034576416016,5.4656758308410645,0,3,36,6,female
-6.481554985046387,6.356822490692139,0,4,36,6,female
-5.907096862792969,6.524286270141602,0,5,36,6,female
-4.336343288421631,6.2074055671691895,0,6,36,6,female
-2.9832980632781982,6.485318183898926,0,7,36,6,female
2.706171989440918,6.479085445404053,0,8,36,6,female
11.8099365234375,6.759909629821777,0,9,36,6,female
-1.7180650234222412,5.87357759475708,0,0,37,6,female
-5.878721714019775,5.331589698791504,0,1,37,6,female
-7.9726691246032715,5.739194393157959,0,2,37,6,female
-7.7764692306518555,5.846696853637695,0,3,37,6,female
-6.814117431640625,6.37192440032959,0,4,37,6,female
-5.729241371154785,6.341005325317383,0,5,37,6,female
-4.283770561218262,6.1024651527404785,0,6,37,6,female
-2.663888931274414,6.361504077911377,0,7,37,6,female
2.8566458225250244,6.462398052215576,0,8,37,6,female
11.856039047241211,6.608440399169922,0,9,37,6,female
-0.9063645005226135,4.533831596374512,0,0,38,0,male
-5.05490779876709,3.0835440158843994,0,1,38,0,male
-8.463146209716797,1.7965575456619263,0,2,38,0,male
-8.570120811462402,2.383563280105591,0,3,38,0,male
-8.148541450500488,4.202674388885498,0,4,38,0,male
-5.68623161315918,5.111340522766113,0,5,38,0,male
-3.6476588249206543,6.274885654449463,0,6,38,0,male
1.1435333490371704,6.307272434234619,0,7,38,0,male
9.803590774536133,6.356844902038574,0,8,38,0,male
13.869632720947266,6.127819538116455,0,9,38,0,male
-2.979198694229126,-2.9503629207611084,0,0,39,9,male
-5.82727575302124,-4.09745454788208,0,1,39,9,male
-6.260445594787598,-4.6264543533325195,0,2,39,9,male
-5.686069488525391,-4.248839855194092,0,3,39,9,male
-4.7906341552734375,-3.9626007080078125,0,4,39,9,male
-4.100130081176758,-2.731248140335083,0,5,39,9,male
-2.241722822189331,-0.6699188947677612,0,6,39,9,male
-0.43838125467300415,2.086695432662964,0,7,39,9,male
5.354621410369873,3.8834545612335205,0,8,39,9,male
12.051834106445312,4.400644779205322,0,9,39,9,male
-2.694605827331543,-1.598311185836792,0,0,40,1,male
-5.1760358810424805,-3.5257110595703125,0,1,40,1,male
-6.416500091552734,-4.306558609008789,0,2,40,1,male
-6.154591083526611,-2.58591365814209,0,3,40,1,male
-5.6954827308654785,-1.9964686632156372,0,4,40,1,male
-4.688678741455078,-1.2398980855941772,0,5,40,1,male
-2.4991235733032227,-0.0360414981842041,0,6,40,1,male
-0.3301091492176056,2.158442258834839,0,7,40,1,male
5.56256628036499,4.1263747215271,0,8,40,1,male
12.082226753234863,4.525257110595703,0,9,40,1,male
-4.787710666656494,4.480208396911621,0,0,41,2,female
-6.512988567352295,5.302126884460449,0,1,41,2,female
-7.022271156311035,7.308716297149658,0,2,41,2,female
-7.106677532196045,7.1721343994140625,0,3,41,2,female
-6.875006675720215,6.186675071716309,0,4,41,2,female
-5.8268818855285645,4.397668838500977,0,5,41,2,female
-4.3682637214660645,4.515502452850342,0,6,41,2,female
-1.9595106840133667,4.500764846801758,0,7,41,2,female
1.532005786895752,5.001632213592529,0,8,41,2,female
9.942413330078125,5.442634105682373,0,9,41,2,female
-0.6685154438018799,-0.06400902569293976,0,0,42,8,male
-3.4286370277404785,-2.855410575866699,0,1,42,8,male
-6.3964433670043945,-4.14325475692749,0,2,42,8,male
-6.413938522338867,-4.261946201324463,0,3,42,8,male
-5.901800632476807,-2.5791237354278564,0,4,42,8,male
-5.025353908538818,-1.855514407157898,0,5,42,8,male
-3.6210832595825195,-1.0803873538970947,0,6,42,8,male
-1.638475775718689,0.7560802102088928,0,7,42,8,male
3.435009717941284,3.2892699241638184,0,8,42,8,male
10.409165382385254,4.440268039703369,0,9,42,8,male
1.2289117574691772,6.015814781188965,0,0,43,6,female
-3.5083346366882324,5.308990478515625,0,1,43,6,female
-6.693282604217529,5.119300842285156,0,2,43,6,female
-7.9121623039245605,5.665100574493408,0,3,43,6,female
-7.716701030731201,5.849860191345215,0,4,43,6,female
-6.354647159576416,6.512905597686768,0,5,43,6,female
-5.6855998039245605,6.526335716247559,0,6,43,6,female
-4.2246599197387695,5.9164276123046875,0,7,43,6,female
-3.107308864593506,4.442704200744629,0,8,43,6,female
-2.2718727588653564,4.392879009246826,0,9,43,6,female
0.6846519112586975,0.3493534326553345,0,0,44,7,male
-1.9195705652236938,-3.1232199668884277,0,1,44,7,male
-4.85338020324707,-6.297054767608643,0,2,44,7,male
-5.3505778312683105,-6.470146656036377,0,3,44,7,male
-5.133211135864258,-4.906927585601807,0,4,44,7,male
-4.557681083679199,-2.4595401287078857,0,5,44,7,male
-3.4600372314453125,-1.1162761449813843,0,6,44,7,male
-1.597337007522583,0.7736469507217407,0,7,44,7,male
3.4396913051605225,3.33315110206604,0,8,44,7,male
10.48440933227539,4.567500591278076,0,9,44,7,male
-0.8211267590522766,4.557170391082764,0,0,45,0,male
-4.951327800750732,2.9859671592712402,0,1,45,0,male
-8.290571212768555,1.3212664127349854,0,2,45,0,male
-8.774901390075684,0.31652623414993286,0,3,45,0,male
-5.7952494621276855,-1.7451575994491577,0,4,45,0,male
-5.065735816955566,-1.148303508758545,0,5,45,0,male
-5.128415584564209,2.7285714149475098,0,6,45,0,male
-3.036799907684326,4.339151382446289,0,7,45,0,male
1.0510507822036743,5.122923851013184,0,8,45,0,male
10.198690414428711,5.668423175811768,0,9,45,0,male
-3.7927193641662598,6.644516944885254,0,0,46,2,female
-5.9145426750183105,7.081159591674805,0,1,46,2,female
-6.9679975509643555,7.135611534118652,0,2,46,2,female
-6.7692155838012695,6.424501895904541,0,3,46,2,female
-5.750514507293701,4.544979095458984,0,4,46,2,female
-4.248385906219482,4.890629768371582,0,5,46,2,female
-2.0992307662963867,4.44708776473999,0,6,46,2,female
1.295363426208496,5.023356914520264,0,7,46,2,female
9.529052734375,5.444667339324951,0,8,46,2,female
13.905351638793945,4.9794230461120605,0,9,46,2,female
27.300168991088867,2.733447313308716,0,0,47,11,female
-4.743699550628662,3.2835450172424316,0,1,47,11,female
-8.101702690124512,1.4109809398651123,0,2,47,11,female
-9.34894847869873,0.3017452657222748,0,3,47,11,female
-8.825350761413574,0.3444506525993347,0,4,47,11,female
-8.388238906860352,0.404496967792511,0,5,47,11,female
-7.743473052978516,0.830138087272644,0,6,47,11,female
-6.638783931732178,1.4456708431243896,0,7,47,11,female
-4.8536152839660645,2.653956174850464,0,8,47,11,female
-2.7007553577423096,4.089831829071045,0,9,47,11,female
-2.6904242038726807,-2.4271693229675293,0,0,48,9,male
-6.14937686920166,-4.41371488571167,0,1,48,9,male
-6.0679731369018555,-4.678864479064941,0,2,48,9,male
-5.389560222625732,-4.582169532775879,0,3,48,9,male
-4.213867664337158,-4.4600629806518555,0,4,48,9,male
-3.0532498359680176,-3.178081512451172,0,5,48,9,male
-1.4083187580108643,-1.0703024864196777,0,6,48,9,male
0.9642645716667175,1.3553780317306519,0,7,48,9,male
6.4383769035339355,3.417426109313965,0,8,48,9,male
12.72921085357666,3.916834831237793,0,9,48,9,male
-1.721614122390747,4.3457465171813965,0,0,49,11,female
-6.2798895835876465,2.2940564155578613,0,1,49,11,female
-9.091276168823242,0.4122554063796997,0,2,49,11,female
-9.50252628326416,0.30546456575393677,0,3,49,11,female
-8.839149475097656,0.5495054721832275,0,4,49,11,female
-8.426657676696777,0.8531950116157532,0,5,49,11,female
-7.975846767425537,1.1290520429611206,0,6,49,11,female
-6.520425796508789,1.5673726797103882,0,7,49,11,female
-4.138015270233154,3.118365526199341,0,8,49,11,female
-0.7969487309455872,4.400096416473389,0,9,49,11,female
-5.270113945007324,6.824350357055664,1,0,50,2,female
-5.414902687072754,6.617573261260986,1,1,50,2,female
-5.550274848937988,6.0940842628479,1,2,50,2,female
-4.81918478012085,4.622828006744385,1,3,50,2,female
-3.3026089668273926,4.525838851928711,1,4,50,2,female
-0.4145835041999817,4.83371639251709,1,5,50,2,female
8.570378303527832,5.460740089416504,1,6,50,2,female
13.065479278564453,5.243454456329346,1,7,50,2,female
16.8941650390625,4.878369331359863,1,8,50,2,female
32.164573669433594,3.5692670345306396,1,9,50,2,female
-4.559404373168945,-3.4660606384277344,1,0,51,1,male
-5.428201675415039,-3.5714614391326904,1,1,51,1,male
-5.917379856109619,-2.121016502380371,1,2,51,1,male
-4.715944290161133,-1.499201774597168,1,3,51,1,male
-2.7236130237579346,-0.3225996792316437,1,4,51,1,male
-0.7675609588623047,1.5999113321304321,1,5,51,1,male
4.995445251464844,3.8670051097869873,1,6,51,1,male
11.67304801940918,4.477768898010254,1,7,51,1,male
15.986559867858887,4.417306423187256,1,8,51,1,male
31.43396759033203,3.714006185531616,1,9,51,1,male
-5.975138187408447,6.457450866699219,1,0,52,2,female
-6.469781398773193,6.275547981262207,1,1,52,2,female
-6.130860328674316,4.361932754516602,1,2,52,2,female
-5.2768425941467285,3.561523675918579,1,3,52,2,female
-2.928602933883667,4.233031272888184,1,4,52,2,female
0.6650946140289307,4.862802028656006,1,5,52,2,female
9.662220001220703,5.3516058921813965,1,6,52,2,female
14.47507381439209,4.664303779602051,1,7,52,2,female
16.89712905883789,4.36285924911499,1,8,52,2,female
31.329097747802734,3.6288111209869385,1,9,52,2,female
-8.145140647888184,0.3585886061191559,1,0,53,11,female
-9.08896255493164,-0.1373499631881714,1,1,53,11,female
-8.997365951538086,-0.16201269626617432,1,2,53,11,female
-8.4088134765625,0.1845526397228241,1,3,53,11,female
-8.095246315002441,0.5823628306388855,1,4,53,11,female
-7.215288162231445,1.238280177116394,1,5,53,11,female
-5.20950984954834,3.1731956005096436,1,6,53,11,female
-2.5702786445617676,4.747328281402588,1,7,53,11,female
2.4967219829559326,5.804080963134766,1,8,53,11,female
12.129338264465332,6.207453727722168,1,9,53,11,female
-2.7261650562286377,-3.4669687747955322,1,0,54,8,male
-5.867019176483154,-5.318490028381348,1,1,54,8,male
-6.23082160949707,-4.6857452392578125,1,2,54,8,male
-6.0109028816223145,-3.822723627090454,1,3,54,8,male
-3.8413994312286377,-2.449385404586792,1,4,54,8,male
-1.2805798053741455,-0.28196680545806885,1,5,54,8,male
2.7855141162872314,2.1840531826019287,1,6,54,8,male
9.852570533752441,4.1003546714782715,1,7,54,8,male
15.087258338928223,4.401478290557861,1,8,54,8,male
32.05369186401367,2.999490261077881,1,9,54,8,male
-2.663754463195801,-3.5490620136260986,1,0,55,8,male
-5.61541223526001,-5.4526686668396,1,1,55,8,male
-6.195633411407471,-4.669927597045898,1,2,55,8,male
-5.378468990325928,-3.6064839363098145,1,3,55,8,male
-3.04522705078125,-1.7496857643127441,1,4,55,8,male
-0.5922827124595642,0.4992029070854187,1,5,55,8,male
4.263019561767578,2.996246814727783,1,6,55,8,male
10.889500617980957,3.993980646133423,1,7,55,8,male
15.68186092376709,4.161376476287842,1,8,55,8,male
31.836008071899414,3.0708274841308594,1,9,55,8,male
-4.974656105041504,-2.630293130874634,1,0,56,1,male
-5.990475654602051,-2.295895576477051,1,1,56,1,male
-5.93838357925415,-1.9820754528045654,1,2,56,1,male
-4.6559271812438965,-1.829101324081421,1,3,56,1,male
-2.935708522796631,-0.7181205749511719,1,4,56,1,male
-0.9185777306556702,1.2420581579208374,1,5,56,1,male
4.6261138916015625,3.5321221351623535,1,6,56,1,male
11.008877754211426,4.410492420196533,1,7,56,1,male
15.603596687316895,4.362576007843018,1,8,56,1,male
31.224184036254883,3.0473005771636963,1,9,56,1,male
-7.105611801147461,4.0845160484313965,1,0,57,6,female
-7.13502311706543,4.048526763916016,1,1,57,6,female
-7.3568949699401855,4.648589611053467,1,2,57,6,female
-6.7462239265441895,4.955147743225098,1,3,57,6,female
-3.8184642791748047,5.456392765045166,1,4,57,6,female
-0.1053774505853653,6.085988521575928,1,5,57,6,female
5.084158420562744,6.344743251800537,1,6,57,6,female
14.121843338012695,5.942446708679199,1,7,57,6,female
17.49150848388672,5.5033860206604,1,8,57,6,female
31.567447662353516,3.9696850776672363,1,9,57,6,female
-4.956958770751953,-1.607973575592041,1,0,58,1,male
-6.035660743713379,-1.9891777038574219,1,1,58,1,male
-5.878602504730225,-1.4861259460449219,1,2,58,1,male
-4.755651950836182,-1.2528479099273682,1,3,58,1,male
-2.5385689735412598,-0.0720696747303009,1,4,58,1,male
-0.6402173638343811,1.8179434537887573,1,5,58,1,male
4.848165988922119,3.80238938331604,1,6,58,1,male
10.395465850830078,4.584262371063232,1,7,58,1,male
14.870794296264648,4.637884140014648,1,8,58,1,male
31.339895248413086,2.4359819889068604,1,9,58,1,male
-3.492215633392334,-5.428414344787598,1,0,59,7,male
-4.918339252471924,-6.970029354095459,1,1,59,7,male
-4.409968852996826,-6.414371490478516,1,2,59,7,male
-3.177943468093872,-3.9759862422943115,1,3,59,7,male
-2.205413341522217,-1.489595651626587,1,4,59,7,male
-0.2312081754207611,0.5713694095611572,1,5,59,7,male
4.673380374908447,3.0189294815063477,1,6,59,7,male
11.099020004272461,3.9465882778167725,1,7,59,7,male
15.80406665802002,4.089946269989014,1,8,59,7,male
31.825244903564453,3.093949794769287,1,9,59,7,male
-7.937987804412842,3.6266274452209473,1,0,60,10,female
-8.842220306396484,3.5555436611175537,1,1,60,10,female
-8.951571464538574,3.7320048809051514,1,2,60,10,female
-8.950536727905273,4.886422634124756,1,3,60,10,female
-7.262290954589844,5.184830188751221,1,4,60,10,female
-3.669389486312866,5.763996601104736,1,5,60,10,female
1.4992599487304688,6.3753275871276855,1,6,60,10,female
10.699384689331055,6.467370986938477,1,7,60,10,female
15.93712043762207,5.830821514129639,1,8,60,10,female
32.57375717163086,3.610973358154297,1,9,60,10,female
-8.583282470703125,0.5461556911468506,1,0,61,11,female
-9.3233642578125,-0.015140093863010406,1,1,61,11,female
-9.180919647216797,-0.09978779405355453,1,2,61,11,female
-8.432921409606934,0.21820981800556183,1,3,61,11,female
-7.821180820465088,0.691283106803894,1,4,61,11,female
-6.439610481262207,1.5826561450958252,1,5,61,11,female
-3.82594895362854,3.206468105316162,1,6,61,11,female
-0.45657777786254883,4.566593647003174,1,7,61,11,female
8.98315715789795,5.251184940338135,1,8,61,11,female
13.978188514709473,4.983371257781982,1,9,61,11,female
-3.033785343170166,-3.890321969985962,1,0,62,8,male
-5.3270792961120605,-5.3230438232421875,1,1,62,8,male
-6.00043249130249,-4.636946201324463,1,2,62,8,male
-4.2903008460998535,-2.7213923931121826,1,3,62,8,male
-2.2248618602752686,-0.40808796882629395,1,4,62,8,male
0.09568322449922562,2.0385992527008057,1,5,62,8,male
6.252745151519775,4.0069708824157715,1,6,62,8,male
12.923918724060059,4.350249290466309,1,7,62,8,male
16.85468292236328,4.445948123931885,1,8,62,8,male
32.09395217895508,3.1045384407043457,1,9,62,8,male
-3.2891335487365723,-5.195034027099609,1,0,63,7,male
-4.818331718444824,-7.013866901397705,1,1,63,7,male
-4.73590087890625,-7.024251461029053,1,2,63,7,male
-4.3819804191589355,-4.968207836151123,1,3,63,7,male
-3.282405138015747,-2.34602427482605,1,4,63,7,male
-1.883927583694458,-0.18538549542427063,1,5,63,7,male
-0.1317787766456604,2.180464506149292,1,6,63,7,male
5.6222639083862305,4.069922924041748,1,7,63,7,male
12.272573471069336,4.570331573486328,1,8,63,7,male
16.254520416259766,4.38442850112915,1,9,63,7,male
-5.601245403289795,5.4583964347839355,1,0,64,2,female
-6.540301322937012,6.454896926879883,1,1,64,2,female
-6.27388858795166,6.343625068664551,1,2,64,2,female
-5.950756549835205,4.087378978729248,1,3,64,2,female
-4.98975133895874,3.279273271560669,1,4,64,2,female
-3.048906087875366,3.868584632873535,1,5,64,2,female
0.32196325063705444,4.701126575469971,1,6,64,2,female
9.443172454833984,5.069953441619873,1,7,64,2,female
14.265397071838379,4.677408695220947,1,8,64,2,female
16.887731552124023,4.410381317138672,1,9,64,2,female
-8.943300247192383,0.6144862174987793,1,0,65,11,female
-9.463377952575684,0.23891758918762207,1,1,65,11,female
-9.0762939453125,0.048499930649995804,1,2,65,11,female
-8.352689743041992,0.2435435801744461,1,3,65,11,female
-7.732572555541992,0.7991644144058228,1,4,65,11,female
-6.2856268882751465,1.761817455291748,1,5,65,11,female
-3.305419921875,3.8764820098876953,1,6,65,11,female
0.790595531463623,5.037336349487305,1,7,65,11,female
10.1816987991333,5.664170742034912,1,8,65,11,female
15.534002304077148,5.306947231292725,1,9,65,11,female
-3.2407422065734863,-1.1463344097137451,1,0,66,0,male
-5.20936393737793,-1.791876196861267,1,1,66,0,male
-7.34130859375,0.1765614002943039,1,2,66,0,male
-7.977483749389648,1.5968776941299438,1,3,66,0,male
-7.224912166595459,3.8963191509246826,1,4,66,0,male
-4.182505130767822,4.565201759338379,1,5,66,0,male
-0.3577786982059479,5.936059951782227,1,6,66,0,male
4.675210475921631,6.357654094696045,1,7,66,0,male
13.796343803405762,6.139878749847412,1,8,66,0,male
17.50759506225586,5.436842441558838,1,9,66,0,male
-8.200803756713867,3.8059210777282715,1,0,67,10,female
-8.936901092529297,3.6746556758880615,1,1,67,10,female
-9.247199058532715,4.111847400665283,1,2,67,10,female
-8.575918197631836,4.927732944488525,1,3,67,10,female
-6.366509437561035,5.327587127685547,1,4,67,10,female
-3.3701019287109375,6.065911769866943,1,5,67,10,female
2.0805084705352783,6.433703899383545,1,6,67,10,female
11.549741744995117,6.656834602355957,1,7,67,10,female
16.34587860107422,5.822063446044922,1,8,67,10,female
32.2379264831543,3.620295763015747,1,9,67,10,female
-5.320959091186523,-2.198134660720825,1,0,68,1,male
-6.074962139129639,-2.2877578735351562,1,1,68,1,male
-5.888111114501953,-2.03165864944458,1,2,68,1,male
-4.504636764526367,-1.2178709506988525,1,3,68,1,male
-2.024792432785034,0.2971753478050232,1,4,68,1,male
2.735609769821167,3.0813100337982178,1,5,68,1,male
9.204261779785156,4.449183940887451,1,6,68,1,male
13.853174209594727,4.399382591247559,1,7,68,1,male
16.944562911987305,3.9377598762512207,1,8,68,1,male
31.468557357788086,3.4069833755493164,1,9,68,1,male
-3.4989848136901855,-5.383623123168945,1,0,69,7,male
-5.025813102722168,-6.764869689941406,1,1,69,7,male
-5.205377101898193,-6.797093868255615,1,2,69,7,male
-4.650322914123535,-5.002282619476318,1,3,69,7,male
-3.8348686695098877,-2.017888307571411,1,4,69,7,male
-2.235752820968628,-0.0856846272945404,1,5,69,7,male
-0.046402495354413986,2.3496994972229004,1,6,69,7,male
6.2480549812316895,4.206579208374023,1,7,69,7,male
12.971108436584473,4.671019077301025,1,8,69,7,male
16.564931869506836,4.405253887176514,1,9,69,7,male
-3.490546464920044,-3.968099355697632,1,0,70,9,male
-5.216881275177002,-5.3039350509643555,1,1,70,9,male
-5.20061731338501,-5.070766925811768,1,2,70,9,male
-5.595225811004639,-4.815990447998047,1,3,70,9,male
-3.914158344268799,-3.2938833236694336,1,4,70,9,male
-2.3628134727478027,-1.513299822807312,1,5,70,9,male
0.1113581582903862,1.0012519359588623,1,6,70,9,male
5.374927520751953,3.2130768299102783,1,7,70,9,male
11.726907730102539,3.932926654815674,1,8,70,9,male
15.988495826721191,4.124826908111572,1,9,70,9,male
-3.4530370235443115,-5.503641605377197,1,0,71,7,male
-4.80063533782959,-6.944128513336182,1,1,71,7,male
-4.39347505569458,-6.141153335571289,1,2,71,7,male
-3.2420907020568848,-3.2875006198883057,1,3,71,7,male
-1.361991047859192,-0.7655451893806458,1,4,71,7,male
1.6626821756362915,1.6131746768951416,1,5,71,7,male
7.224685192108154,3.636082887649536,1,6,71,7,male
13.786619186401367,4.161288738250732,1,7,71,7,male
16.978160858154297,3.964665412902832,1,8,71,7,male
31.762306213378906,3.8533942699432373,1,9,71,7,male
-3.1688740253448486,-1.137756586074829,1,0,72,0,male
-4.886817455291748,-1.731404423713684,1,1,72,0,male
-7.397695064544678,0.22360330820083618,1,2,72,0,male
-7.453871726989746,1.8241446018218994,1,3,72,0,male
-6.595361232757568,3.903400421142578,1,4,72,0,male
-4.236924171447754,4.592258453369141,1,5,72,0,male
-0.9209123849868774,5.9360575675964355,1,6,72,0,male
3.841465950012207,6.255125045776367,1,7,72,0,male
12.944897651672363,6.15770149230957,1,8,72,0,male
16.916547775268555,5.32764196395874,1,9,72,0,male
-3.291691541671753,-5.246739387512207,1,0,73,7,male
-4.587985992431641,-7.039417743682861,1,1,73,7,male
-4.387318134307861,-6.3930158615112305,1,2,73,7,male
-3.2781949043273926,-3.7147927284240723,1,3,73,7,male
-2.0620479583740234,-1.2465870380401611,1,4,73,7,male
0.3067905008792877,1.160856008529663,1,5,73,7,male
5.788906574249268,3.2865757942199707,1,6,73,7,male
11.925653457641602,3.8938546180725098,1,7,73,7,male
16.00479507446289,4.091578960418701,1,8,73,7,male
31.842304229736328,3.536524772644043,1,9,73,7,male
-5.120560646057129,6.012631893157959,1,0,74,2,female
-6.415101528167725,6.471749782562256,1,1,74,2,female
-6.436167240142822,6.25771427154541,1,2,74,2,female
-6.316987037658691,4.280206680297852,1,3,74,2,female
-5.242915153503418,3.1746137142181396,1,4,74,2,female
-3.238177537918091,3.86834979057312,1,5,74,2,female
0.35386738181114197,4.750575065612793,1,6,74,2,female
9.480003356933594,5.277672290802002,1,7,74,2,female
14.53557014465332,4.708250522613525,1,8,74,2,female
31.07318687438965,3.1545486450195312,1,9,74,2,female
-7.845696449279785,3.4486639499664307,1,0,75,6,female
-8.401837348937988,3.5014281272888184,1,1,75,6,female
-7.987260341644287,4.646117210388184,1,2,75,6,female
-7.215301036834717,5.1641740798950195,1,3,75,6,female
-5.110391616821289,5.278587341308594,1,4,75,6,female
-2.2458572387695312,6.329432487487793,1,5,75,6,female
3.4971048831939697,6.374212265014648,1,6,75,6,female
13.090638160705566,6.342641353607178,1,7,75,6,female
17.043777465820312,5.668198585510254,1,8,75,6,female
31.59099006652832,3.6879987716674805,1,9,75,6,female
-7.976052284240723,3.260603666305542,1,0,76,6,female
-8.58300495147705,3.410588026046753,1,1,76,6,female
-7.771218776702881,4.638890266418457,1,2,76,6,female
-6.745316028594971,5.108405590057373,1,3,76,6,female
-3.6019015312194824,5.739956378936768,1,4,76,6,female
1.3908320665359497,6.356950759887695,1,5,76,6,female
9.874910354614258,6.292092323303223,1,6,76,6,female
14.522886276245117,5.844602108001709,1,7,76,6,female
17.738754272460938,5.392210006713867,1,8,76,6,female
32.187679290771484,3.614466428756714,1,9,76,6,female
-3.390897512435913,-5.37479305267334,1,0,77,7,male
-4.990718841552734,-6.91511869430542,1,1,77,7,male
-4.424201011657715,-6.309213638305664,1,2,77,7,male
-3.216198205947876,-3.817443370819092,1,3,77,7,male
-1.9286686182022095,-1.316122055053711,1,4,77,7,male
0.5046709179878235,1.0933716297149658,1,5,77,7,male
6.148335933685303,3.2985153198242188,1,6,77,7,male
12.659026145935059,3.912846326828003,1,7,77,7,male
16.673734664916992,4.332883358001709,1,8,77,7,male
31.801464080810547,2.8936400413513184,1,9,77,7,male
-3.7638511657714844,-3.756251096725464,1,0,78,9,male
-5.3844218254089355,-4.374101161956787,1,1,78,9,male
-5.434133529663086,-4.122851848602295,1,2,78,9,male
-5.695354461669922,-4.1354475021362305,1,3,78,9,male
-3.989881753921509,-3.1663758754730225,1,4,78,9,male
-2.5298471450805664,-1.56721031665802,1,5,78,9,male
-0.3595856726169586,0.5650256872177124,1,6,78,9,male
4.642127513885498,2.9438135623931885,1,7,78,9,male
11.145479202270508,3.8967251777648926,1,8,78,9,male
15.838017463684082,4.04489278793335,1,9,78,9,male
-8.950708389282227,1.3642704486846924,1,0,79,11,female
-9.831528663635254,0.8134253621101379,1,1,79,11,female
-9.667850494384766,0.7504009008407593,1,2,79,11,female
-8.690384864807129,1.3559999465942383,1,3,79,11,female
-6.6662373542785645,1.5798906087875366,1,4,79,11,female
-3.733978033065796,4.006503105163574,1,5,79,11,female
0.26267877221107483,5.051715850830078,1,6,79,11,female
9.770201683044434,5.827381134033203,1,7,79,11,female
14.643214225769043,5.631147384643555,1,8,79,11,female
17.893014907836914,5.353978633880615,1,9,79,11,female
-3.525965452194214,-1.3301821947097778,1,0,80,0,male
-5.212027072906494,-1.8132762908935547,1,1,80,0,male
-7.469681739807129,0.20411881804466248,1,2,80,0,male
-7.703840255737305,1.9037268161773682,1,3,80,0,male
-6.828802108764648,4.1553521156311035,1,4,80,0,male
-4.027833938598633,4.665960311889648,1,5,80,0,male
-0.4651655852794647,5.987583637237549,1,6,80,0,male
4.6412811279296875,6.344038009643555,1,7,80,0,male
13.73464584350586,6.152026653289795,1,8,80,0,male
17.358041763305664,5.464003086090088,1,9,80,0,male
-3.4614274501800537,-5.4570722579956055,1,0,81,7,male
-4.697228908538818,-6.852409362792969,1,1,81,7,male
-4.443236351013184,-6.838490962982178,1,2,81,7,male
-3.153953790664673,-4.008615493774414,1,3,81,7,male
-1.9990520477294922,-1.376761794090271,1,4,81,7,male
0.23882950842380524,1.0505155324935913,1,5,81,7,male
5.373387813568115,3.295488119125366,1,6,81,7,male
11.578475952148438,4.039665222167969,1,7,81,7,male
15.942631721496582,4.141249179840088,1,8,81,7,male
32.089359283447266,3.3838846683502197,1,9,81,7,male
-3.969562530517578,-4.066761016845703,1,0,82,9,male
-5.329089641571045,-4.997467041015625,1,1,82,9,male
-5.357120513916016,-4.832061290740967,1,2,82,9,male
-5.535608291625977,-4.760217189788818,1,3,82,9,male
-4.104551792144775,-3.3638110160827637,1,4,82,9,male
-2.6809346675872803,-1.4955984354019165,1,5,82,9,male
-0.2461535781621933,0.6606245040893555,1,6,82,9,male
4.879032135009766,3.163515567779541,1,7,82,9,male
11.360713958740234,4.032208442687988,1,8,82,9,male
15.862839698791504,4.171721935272217,1,9,82,9,male
-5.433927536010742,6.838892936706543,1,0,83,2,female
-5.675876140594482,6.689191818237305,1,1,83,2,female
-5.671428680419922,5.437423229217529,1,2,83,2,female
-5.240322113037109,3.7308688163757324,1,3,83,2,female
-3.200364112854004,4.354594707489014,1,4,83,2,female
-0.4912447929382324,4.682154178619385,1,5,83,2,female
8.440690994262695,5.315273284912109,1,6,83,2,female
13.033127784729004,5.184837341308594,1,7,83,2,female
16.71759796142578,4.62003755569458,1,8,83,2,female
31.43062973022461,2.818039894104004,1,9,83,2,female
-7.306754112243652,3.444380283355713,1,0,84,6,female
-7.532957553863525,3.591566562652588,1,1,84,6,female
-7.6203694343566895,4.648136138916016,1,2,84,6,female
-7.141470909118652,5.1681365966796875,1,3,84,6,female
-5.481085300445557,5.291396141052246,1,4,84,6,female
-3.4631471633911133,6.057301998138428,1,5,84,6,female
1.1845086812973022,6.386803150177002,1,6,84,6,female
4.801145553588867,6.353800296783447,1,7,84,6,female
13.455644607543945,6.271651268005371,1,8,84,6,female
17.24671173095703,5.637143135070801,1,9,84,6,female
-4.768123149871826,-2.9917118549346924,1,0,85,1,male
-5.966483116149902,-2.7824795246124268,1,1,85,1,male
-6.099871635437012,-2.236867904663086,1,2,85,1,male
-5.005324363708496,-1.595304012298584,1,3,85,1,male
-3.7131757736206055,-1.1593263149261475,1,4,85,1,male
-1.829508900642395,0.7597007751464844,1,5,85,1,male
3.3412671089172363,3.3546712398529053,1,6,85,1,male
10.175589561462402,4.72567892074585,1,7,85,1,male
15.21837043762207,4.722210884094238,1,8,85,1,male
31.175006866455078,2.908724546432495,1,9,85,1,male
-8.474843978881836,0.9054484963417053,1,0,86,11,female
-9.25123119354248,0.2559575140476227,1,1,86,11,female
-8.73288345336914,0.19245894253253937,1,2,86,11,female
-7.593899726867676,0.7341175079345703,1,3,86,11,female
-5.99386739730835,2.2863376140594482,1,4,86,11,female
-3.4147796630859375,3.811955451965332,1,5,86,11,female
0.5239630341529846,4.947048664093018,1,6,86,11,female
9.864204406738281,5.584704875946045,1,7,86,11,female
15.361793518066406,5.31892728805542,1,8,86,11,female
31.200057983398438,3.268786907196045,1,9,86,11,female
-3.358126640319824,-5.324664115905762,1,0,87,7,male
-5.282249927520752,-6.852711200714111,1,1,87,7,male
-5.2172064781188965,-5.8396806716918945,1,2,87,7,male
-4.077828884124756,-3.2552151679992676,1,3,87,7,male
-2.4883882999420166,-0.943052351474762,1,4,87,7,male
-0.47830164432525635,1.9918838739395142,1,5,87,7,male
5.335062026977539,3.969539165496826,1,6,87,7,male
12.005658149719238,4.422194004058838,1,7,87,7,male
16.338802337646484,4.263873100280762,1,8,87,7,male
32.314453125,3.297253370285034,1,9,87,7,male
-7.238405704498291,2.467630386352539,1,0,88,3,female
-8.70008373260498,2.8816745281219482,1,1,88,3,female
-8.745926856994629,3.161839008331299,1,2,88,3,female
-7.868417263031006,4.066852569580078,1,3,88,3,female
-4.7935895919799805,4.486901760101318,1,4,88,3,female
-0.83734130859375,5.779122829437256,1,5,88,3,female
4.568909168243408,6.308640956878662,1,6,88,3,female
13.80373764038086,6.052364826202393,1,7,88,3,female
17.48529624938965,5.470280647277832,1,8,88,3,female
32.18151092529297,3.857182741165161,1,9,88,3,female
-3.318288564682007,-1.4885635375976562,1,0,89,0,male
-4.99767541885376,-2.2755653858184814,1,1,89,0,male
-6.034080982208252,-1.1757012605667114,1,2,89,0,male
-5.752770900726318,0.6173909902572632,1,3,89,0,male
-5.979949474334717,3.8567960262298584,1,4,89,0,male
-3.4046578407287598,4.787456512451172,1,5,89,0,male
0.09480550140142441,5.8429036140441895,1,6,89,0,male
4.807271957397461,6.359271049499512,1,7,89,0,male
14.001152038574219,6.11680269241333,1,8,89,0,male
17.430294036865234,5.359410762786865,1,9,89,0,male
-2.559277057647705,-3.6559360027313232,1,0,90,8,male
-5.456578731536865,-5.721156597137451,1,1,90,8,male
-5.868009090423584,-5.251258850097656,1,2,90,8,male
-5.898671627044678,-3.977975845336914,1,3,90,8,male
-3.422612428665161,-2.3997251987457275,1,4,90,8,male
-0.8686891794204712,-0.12559498846530914,1,5,90,8,male
2.9073216915130615,2.192307472229004,1,6,90,8,male
9.782899856567383,4.009154796600342,1,7,90,8,male
14.896515846252441,4.324801921844482,1,8,90,8,male
31.457191467285156,3.2243025302886963,1,9,90,8,male
-3.950381278991699,-3.781390428543091,1,0,91,9,male
-5.3846306800842285,-4.677282333374023,1,1,91,9,male
-5.265793323516846,-4.812248706817627,1,2,91,9,male
-5.366106986999512,-4.937860488891602,1,3,91,9,male
-4.409389019012451,-3.6945383548736572,1,4,91,9,male
-3.161313056945801,-2.6365249156951904,1,5,91,9,male
-0.6589953303337097,-0.235178142786026,1,6,91,9,male
2.507986307144165,1.9220983982086182,1,7,91,9,male
9.653120994567871,3.888631582260132,1,8,91,9,male
14.841620445251465,4.494411468505859,1,9,91,9,male
-8.831972122192383,1.122722864151001,1,0,92,11,female
-9.633042335510254,0.3521713316440582,1,1,92,11,female
-9.55240249633789,0.2848471999168396,1,2,92,11,female
-8.892106056213379,0.5451422929763794,1,3,92,11,female
-8.278398513793945,0.8037713170051575,1,4,92,11,female
-6.803410053253174,1.4218056201934814,1,5,92,11,female
-3.8858611583709717,3.45916485786438,1,6,92,11,female
-0.5815192461013794,4.681968688964844,1,7,92,11,female
8.966642379760742,5.496711254119873,1,8,92,11,female
13.812954902648926,5.48301887512207,1,9,92,11,female
-2.603250741958618,-3.6505937576293945,1,0,93,8,male
-5.502255439758301,-5.642315864562988,1,1,93,8,male
-6.046680450439453,-4.937347888946533,1,2,93,8,male
-5.21863317489624,-3.4215478897094727,1,3,93,8,male
-3.0660154819488525,-1.5252355337142944,1,4,93,8,male
-0.7390025854110718,0.8619397282600403,1,5,93,8,male
4.610012054443359,3.257681131362915,1,6,93,8,male
11.268776893615723,4.182534694671631,1,7,93,8,male
15.582855224609375,4.247485637664795,1,8,93,8,male
31.568675994873047,2.8370511531829834,1,9,93,8,male
-7.964710712432861,3.583050012588501,1,0,94,10,female
-8.861739158630371,3.6379239559173584,1,1,94,10,female
-9.019146919250488,3.7719950675964355,1,2,94,10,female
-9.032588958740234,4.624674320220947,1,3,94,10,female
-7.669005393981934,5.111722469329834,1,4,94,10,female
-5.048645496368408,5.26710319519043,1,5,94,10,female
-1.813939094543457,6.247626304626465,1,6,94,10,female
4.068899631500244,6.377987861633301,1,7,94,10,female
13.601255416870117,6.18552827835083,1,8,94,10,female
17.478076934814453,5.419450283050537,1,9,94,10,female
-4.988702774047852,-2.571505308151245,1,0,95,1,male
-6.124507427215576,-2.370229721069336,1,1,95,1,male
-6.012143611907959,-2.0288758277893066,1,2,95,1,male
-4.817208290100098,-1.259536862373352,1,3,95,1,male
-2.686720371246338,-0.15256500244140625,1,4,95,1,male
-0.7734184861183167,1.5591835975646973,1,5,95,1,male
4.2397661209106445,3.564692497253418,1,6,95,1,male
10.064314842224121,4.650336742401123,1,7,95,1,male
14.51888370513916,4.393116474151611,1,8,95,1,male
17.0990047454834,4.109218597412109,1,9,95,1,male
-4.755909442901611,-2.2634410858154297,1,0,96,1,male
-6.058699607849121,-2.2935597896575928,1,1,96,1,male
-6.03537130355835,-2.082598924636841,1,2,96,1,male
-4.964156627655029,-1.3622777462005615,1,3,96,1,male
-2.701333522796631,-0.30230969190597534,1,4,96,1,male
-0.7933986186981201,1.506813406944275,1,5,96,1,male
4.604057788848877,3.626217842102051,1,6,96,1,male
10.643019676208496,4.496189117431641,1,7,96,1,male
14.433903694152832,4.3316240310668945,1,8,96,1,male
17.092609405517578,3.888043165206909,1,9,96,1,male
-3.436464548110962,-5.389318943023682,1,0,97,7,male
-4.828137397766113,-6.957540988922119,1,1,97,7,male
-4.715792179107666,-6.3158674240112305,1,2,97,7,male
-4.106190204620361,-3.393104076385498,1,3,97,7,male
-2.8515875339508057,-1.2346913814544678,1,4,97,7,male
-0.7946045994758606,1.5025461912155151,1,5,97,7,male
4.910227298736572,3.8203787803649902,1,6,97,7,male
11.56196117401123,4.558662414550781,1,7,97,7,male
15.779296875,4.625442981719971,1,8,97,7,male
31.578754425048828,2.5834741592407227,1,9,97,7,male
-7.32319974899292,2.559173345565796,1,0,98,3,female
-8.607870101928711,3.0387699604034424,1,1,98,3,female
-8.552801132202148,3.4035797119140625,1,2,98,3,female
-7.434128284454346,4.4822258949279785,1,3,98,3,female
-4.951858043670654,4.794816017150879,1,4,98,3,female
-1.6145025491714478,6.009818077087402,1,5,98,3,female
3.3990976810455322,6.286903381347656,1,6,98,3,female
12.422087669372559,6.352867603302002,1,7,98,3,female
16.734577178955078,5.735530376434326,1,8,98,3,female
32.36919403076172,3.660466432571411,1,9,98,3,female
-8.75330638885498,1.355155348777771,1,0,99,11,female
-9.685484886169434,0.6614590287208557,1,1,99,11,female
-9.52495288848877,0.5567594766616821,1,2,99,11,female
-8.888035774230957,1.355944037437439,1,3,99,11,female
-6.927341461181641,1.555918574333191,1,4,99,11,female
-4.006872177124023,4.6803507804870605,1,5,99,11,female
0.051855139434337616,5.767513275146484,1,6,99,11,female
9.774511337280273,6.249349117279053,1,7,99,11,female
14.427433967590332,5.882411956787109,1,8,99,11,female
17.779617309570312,5.427698612213135,1,9,99,11,female
-2.3963842391967773,-2.1552560329437256,2,0,100,9,male
-6.3219990730285645,-4.149942398071289,2,1,100,9,male
-6.368194580078125,-4.514112949371338,2,2,100,9,male
-6.2265400886535645,-4.146910667419434,2,3,100,9,male
-3.983410120010376,-3.252936840057373,2,4,100,9,male
-2.1680710315704346,-1.1615716218948364,2,5,100,9,male
0.2981838285923004,1.234804391860962,2,6,100,9,male
5.988520622253418,3.3137741088867188,2,7,100,9,male
12.382195472717285,3.8414347171783447,2,8,100,9,male
16.425724029541016,3.939047336578369,2,9,100,9,male
-2.2287354469299316,-2.1994502544403076,2,0,101,9,male
-5.967878818511963,-4.741125106811523,2,1,101,9,male
-6.097045421600342,-5.213918685913086,2,2,101,9,male
-5.9220967292785645,-4.670163154602051,2,3,101,9,male
-3.370551824569702,-3.167902708053589,2,4,101,9,male
-1.251613974571228,-0.8953227996826172,2,5,101,9,male
1.6604593992233276,1.5986088514328003,2,6,101,9,male
7.368876934051514,3.6701314449310303,2,7,101,9,male
13.916748046875,4.189661026000977,2,8,101,9,male
17.004697799682617,3.9896395206451416,2,9,101,9,male
-1.2798669338226318,-1.382753610610962,2,0,102,8,male
-3.893496036529541,-3.5467746257781982,2,1,102,8,male
-5.965165138244629,-4.234135627746582,2,2,102,8,male
-4.612375736236572,-3.4570815563201904,2,3,102,8,male
-2.59516978263855,-1.5148872137069702,2,4,102,8,male
0.3376723527908325,0.8606246709823608,2,5,102,8,male
5.9850969314575195,3.171475887298584,2,6,102,8,male
12.489489555358887,3.7327377796173096,2,7,102,8,male
16.2686767578125,4.019500732421875,2,8,102,8,male
31.815488815307617,3.4772086143493652,2,9,102,8,male
-1.434832215309143,-2.140953302383423,2,0,103,7,male
-3.7793102264404297,-5.502737522125244,2,1,103,7,male
-4.932048797607422,-6.196732997894287,2,2,103,7,male
-4.272885799407959,-6.00397253036499,2,3,103,7,male
-3.0446364879608154,-3.8284080028533936,2,4,103,7,male
-1.8844465017318726,-1.3170284032821655,2,5,103,7,male
0.493068665266037,1.020463466644287,2,6,103,7,male
5.856543064117432,3.2426819801330566,2,7,103,7,male
12.099746704101562,3.7731897830963135,2,8,103,7,male
15.971348762512207,3.9709055423736572,2,9,103,7,male
-0.9505777955055237,-0.7689997553825378,2,0,104,8,male
-3.529186248779297,-3.1101908683776855,2,1,104,8,male
-6.096635818481445,-4.13337516784668,2,2,104,8,male
-5.630768775939941,-3.8213467597961426,2,3,104,8,male
-3.0067389011383057,-2.0221469402313232,2,4,104,8,male
-0.31978216767311096,0.19442670047283173,2,5,104,8,male
4.478290557861328,2.744405508041382,2,6,104,8,male
11.099020957946777,3.804842948913574,2,7,104,8,male
15.78620719909668,3.947124481201172,2,8,104,8,male
32.3549919128418,4.040005683898926,2,9,104,8,male
-6.492219924926758,4.800509452819824,2,0,105,6,female
-9.770934104919434,4.661315441131592,2,1,105,6,female
-9.535928726196289,4.838644027709961,2,2,105,6,female
-6.563994407653809,5.199189186096191,2,3,105,6,female
-3.2410662174224854,5.988397598266602,2,4,105,6,female
2.368546485900879,6.382680416107178,2,5,105,6,female
11.691113471984863,6.529099464416504,2,6,105,6,female
16.274171829223633,5.798776149749756,2,7,105,6,female
32.113101959228516,3.7094290256500244,2,8,105,6,female
31.991201400756836,3.450641632080078,2,9,105,6,female
-3.4373903274536133,-1.2529933452606201,2,0,106,1,male
-5.881226539611816,-2.4933977127075195,2,1,106,1,male
-5.975091934204102,-2.6150832176208496,2,2,106,1,male
-4.065890312194824,-1.7171465158462524,2,3,106,1,male
-2.1518800258636475,0.44724100828170776,2,4,106,1,male
2.97967267036438,3.217130661010742,2,5,106,1,male
9.636994361877441,4.6410346031188965,2,6,106,1,male
14.209612846374512,4.443660259246826,2,7,106,1,male
17.145687103271484,4.591421127319336,2,8,106,1,male
31.768840789794922,2.917344331741333,2,9,106,1,male
-5.520468235015869,3.245842456817627,2,0,107,0,male
-9.190638542175293,2.002255916595459,2,1,107,0,male
-9.899646759033203,3.974229574203491,2,2,107,0,male
-6.93756628036499,5.138036727905273,2,3,107,0,male
-3.4208474159240723,6.068366050720215,2,4,107,0,male
2.058342933654785,6.446852207183838,2,5,107,0,male
11.687484741210938,6.656127452850342,2,6,107,0,male
16.202972412109375,5.655665874481201,2,7,107,0,male
31.831707000732422,2.922126531600952,2,8,107,0,male
31.877038955688477,3.36448073387146,2,9,107,0,male
-6.616818904876709,4.826221466064453,2,0,108,10,female
-10.23886775970459,4.407214164733887,2,1,108,10,female
-10.4503812789917,4.4189677238464355,2,2,108,10,female
-9.23781967163086,4.80967903137207,2,3,108,10,female
-5.96005916595459,5.104811191558838,2,4,108,10,female
-2.684697389602661,5.816679000854492,2,5,108,10,female
2.890758991241455,6.273220062255859,2,6,108,10,female
12.419940948486328,6.400577545166016,2,7,108,10,female
16.786909103393555,5.654708385467529,2,8,108,10,female
32.153228759765625,3.7388551235198975,2,9,108,10,female
-5.340261459350586,7.518880367279053,2,0,109,2,female
-6.803708076477051,7.743853569030762,2,1,109,2,female
-7.294147491455078,6.999056816101074,2,2,109,2,female
-6.720198154449463,4.569704055786133,2,3,109,2,female
-3.7113943099975586,4.3864521980285645,2,4,109,2,female
-0.2666865885257721,4.721003532409668,2,5,109,2,female
8.917922019958496,5.1259894371032715,2,6,109,2,female
13.629355430603027,4.9093708992004395,2,7,109,2,female
16.847362518310547,4.572047710418701,2,8,109,2,female
31.32301902770996,2.965419292449951,2,9,109,2,female
-5.491883754730225,3.148667335510254,2,0,110,0,male
-9.151352882385254,1.6098216772079468,2,1,110,0,male
-9.522200584411621,1.9585518836975098,2,2,110,0,male
-7.031966209411621,4.921136379241943,2,3,110,0,male
-3.4526610374450684,5.909224510192871,2,4,110,0,male
1.882879614830017,6.423196792602539,2,5,110,0,male
11.515532493591309,6.614750862121582,2,6,110,0,male
16.263341903686523,5.821331024169922,2,7,110,0,male
32.268009185791016,3.755478858947754,2,8,110,0,male
31.463693618774414,3.8982419967651367,2,9,110,0,male
-6.142706394195557,4.897039413452148,2,0,111,10,female
-9.968100547790527,4.627829074859619,2,1,111,10,female
-10.482913970947266,4.5075154304504395,2,2,111,10,female
-10.101126670837402,4.603994846343994,2,3,111,10,female
-7.912628173828125,5.067685127258301,2,4,111,10,female
-4.248225688934326,5.3672051429748535,2,5,111,10,female
0.4656662940979004,6.168267250061035,2,6,111,10,female
9.977127075195312,6.354851722717285,2,7,111,10,female
14.843461990356445,5.737427711486816,2,8,111,10,female
31.757448196411133,3.011683225631714,2,9,111,10,female
-2.911231279373169,-3.520204782485962,2,0,112,7,male
-5.973908424377441,-5.240636825561523,2,1,112,7,male
-6.224470615386963,-4.4994049072265625,2,2,112,7,male
-5.835850715637207,-3.1362926959991455,2,3,112,7,male
-4.018676280975342,-1.5143293142318726,2,4,112,7,male
-2.209940195083618,0.4798075556755066,2,5,112,7,male
2.6856303215026855,3.1020989418029785,2,6,112,7,male
8.967214584350586,4.5444111824035645,2,7,112,7,male
13.739764213562012,4.631073951721191,2,8,112,7,male
17.02484893798828,4.009976863861084,2,9,112,7,male
-5.185572147369385,3.51629638671875,2,0,113,3,female
-8.951478004455566,2.0289103984832764,2,1,113,3,female
-9.58378791809082,1.887425422668457,2,2,113,3,female
-9.479559898376465,4.260275840759277,2,3,113,3,female
-6.496294021606445,4.755201816558838,2,4,113,3,female
-3.054347038269043,5.2891364097595215,2,5,113,3,female
2.0345942974090576,6.105849266052246,2,6,113,3,female
11.436600685119629,6.255561828613281,2,7,113,3,female
16.11540412902832,5.705182075500488,2,8,113,3,female
32.27936935424805,3.6440701484680176,2,9,113,3,female
-5.460534572601318,7.652143955230713,2,0,114,2,female
-6.809670925140381,7.808406352996826,2,1,114,2,female
-7.117988586425781,6.668111324310303,2,2,114,2,female
-4.66013240814209,5.400755405426025,2,3,114,2,female
-0.9761571884155273,5.541861057281494,2,4,114,2,female
8.58399486541748,5.650481224060059,2,5,114,2,female
12.96998405456543,5.490990161895752,2,6,114,2,female
17.026151657104492,4.751206874847412,2,7,114,2,female
31.69196128845215,2.7164485454559326,2,8,114,2,female
32.058311462402344,3.8424949645996094,2,9,114,2,female
-6.771920204162598,4.851149082183838,2,0,115,10,female
-10.400693893432617,4.387347221374512,2,1,115,10,female
-10.483924865722656,4.453659534454346,2,2,115,10,female
-9.209505081176758,4.93922233581543,2,3,115,10,female
-6.079574108123779,5.23325252532959,2,4,115,10,female
-2.7487101554870605,5.884941101074219,2,5,115,10,female
2.883587121963501,6.31003475189209,2,6,115,10,female
12.262336730957031,6.501578330993652,2,7,115,10,female
16.9284725189209,5.675084114074707,2,8,115,10,female
32.48671340942383,3.9336392879486084,2,9,115,10,female
-5.623686790466309,3.2932138442993164,2,0,116,3,female
-9.144501686096191,1.995311975479126,2,1,116,3,female
-9.662117958068848,1.790992021560669,2,2,116,3,female
-9.312426567077637,4.397805213928223,2,3,116,3,female
-6.014774799346924,5.039367198944092,2,4,116,3,female
-2.703361988067627,5.639777183532715,2,5,116,3,female
2.8375306129455566,6.250786781311035,2,6,116,3,female
12.133835792541504,6.370772838592529,2,7,116,3,female
16.586915969848633,5.692188262939453,2,8,116,3,female
32.12653350830078,3.929626703262329,2,9,116,3,female
-2.2837798595428467,-2.191483736038208,2,0,117,9,male
-6.306633949279785,-4.294659614562988,2,1,117,9,male
-6.321916580200195,-4.7297139167785645,2,2,117,9,male
-5.9558796882629395,-4.5552873611450195,2,3,117,9,male
-3.0650200843811035,-2.870682954788208,2,4,117,9,male
-0.8047997951507568,-0.424148291349411,2,5,117,9,male
3.116576671600342,2.279054641723633,2,6,117,9,male
9.91399097442627,3.905325412750244,2,7,117,9,male
14.83432674407959,4.201680660247803,2,8,117,9,male
31.22577476501465,3.333620548248291,2,9,117,9,male
-6.442339897155762,4.709928512573242,2,0,118,10,female
-9.90843391418457,4.366764068603516,2,1,118,10,female
-10.458294868469238,4.387327671051025,2,2,118,10,female
-9.310040473937988,4.662246227264404,2,3,118,10,female
-6.010422706604004,5.036800861358643,2,4,118,10,female
-2.5449280738830566,5.6249613761901855,2,5,118,10,female
2.895430088043213,6.148073673248291,2,6,118,10,female
12.129865646362305,6.356257438659668,2,7,118,10,female
16.673206329345703,5.701288223266602,2,8,118,10,female
31.882450103759766,3.7987775802612305,2,9,118,10,female
-6.727181434631348,4.734480381011963,2,0,119,10,female
-10.405834197998047,4.390181541442871,2,1,119,10,female
-10.497452735900879,4.437774658203125,2,2,119,10,female
-9.216707229614258,4.794130802154541,2,3,119,10,female
-5.8396687507629395,4.966497898101807,2,4,119,10,female
-2.18411922454834,5.770926475524902,2,5,119,10,female
3.367061138153076,6.274262428283691,2,6,119,10,female
12.842877388000488,6.354142665863037,2,7,119,10,female
16.951019287109375,5.557511806488037,2,8,119,10,female
32.15092849731445,3.9468040466308594,2,9,119,10,female
-4.323579788208008,3.3554229736328125,2,0,120,11,female
-7.780685901641846,1.478397011756897,2,1,120,11,female
-9.114663124084473,0.4760485887527466,2,2,120,11,female
-8.817964553833008,0.39772510528564453,2,3,120,11,female
-7.69232702255249,0.8613331317901611,2,4,120,11,female
-6.3302812576293945,1.6611884832382202,2,5,120,11,female
-3.7103657722473145,3.325730562210083,2,6,120,11,female
-0.4252062737941742,4.544588088989258,2,7,120,11,female
8.957066535949707,5.377192497253418,2,8,120,11,female
13.685152053833008,6.023731231689453,2,9,120,11,female
-5.570278167724609,4.779684066772461,2,0,121,6,female
-9.293359756469727,4.718923091888428,2,1,121,6,female
-9.873416900634766,4.704873561859131,2,2,121,6,female
-8.625334739685059,5.0723371505737305,2,3,121,6,female
-6.069263935089111,5.458808422088623,2,4,121,6,female
-3.0959036350250244,6.365345001220703,2,5,121,6,female
2.787769079208374,6.476813316345215,2,6,121,6,female
11.93925666809082,6.735363483428955,2,7,121,6,female
16.462392807006836,5.795242786407471,2,8,121,6,female
31.56949234008789,3.7743120193481445,2,9,121,6,female
-2.391489267349243,-2.1941933631896973,2,0,122,9,male
-6.319201469421387,-4.138271808624268,2,1,122,9,male
-6.34708833694458,-4.512254238128662,2,2,122,9,male
-6.316782474517822,-4.081631660461426,2,3,122,9,male
-3.533860683441162,-2.9050920009613037,2,4,122,9,male
-1.6002596616744995,-0.6076604127883911,2,5,122,9,male
1.5202683210372925,1.5612468719482422,2,6,122,9,male
7.194268226623535,3.6462812423706055,2,7,122,9,male
13.590618133544922,4.108753204345703,2,8,122,9,male
16.83306312561035,4.060525417327881,2,9,122,9,male
-0.9416860342025757,-0.7599536776542664,2,0,123,8,male
-3.291534662246704,-3.047172784805298,2,1,123,8,male
-5.92782735824585,-4.14138650894165,2,2,123,8,male
-4.972326755523682,-3.548874616622925,2,3,123,8,male
-2.853710412979126,-1.7303848266601562,2,4,123,8,male
-0.15528109669685364,0.3813073933124542,2,5,123,8,male
4.660732746124268,2.704612970352173,2,6,123,8,male
11.29575252532959,3.727494716644287,2,7,123,8,male
15.914546012878418,3.926128387451172,2,8,123,8,male
31.908246994018555,3.0529987812042236,2,9,123,8,male
-4.9428229331970215,2.992255926132202,2,0,124,11,female
-8.164446830749512,1.275614619255066,2,1,124,11,female
-8.955703735351562,0.4368222951889038,2,2,124,11,female
-8.150949478149414,0.8837211728096008,2,3,124,11,female
-6.412726402282715,1.6746090650558472,2,4,124,11,female
-4.489167213439941,3.1151199340820312,2,5,124,11,female
-2.270084857940674,4.279742240905762,2,6,124,11,female
2.670804738998413,5.477493762969971,2,7,124,11,female
12.315805435180664,5.782519817352295,2,8,124,11,female
16.326183319091797,4.802993297576904,2,9,124,11,female
-5.43159294128418,7.564268589019775,2,0,125,2,female
-6.847751617431641,7.758738994598389,2,1,125,2,female
-7.213231086730957,6.833613395690918,2,2,125,2,female
-5.365206718444824,4.201709747314453,2,3,125,2,female
-2.4427385330200195,4.5329108238220215,2,4,125,2,female
1.676364541053772,5.132346153259277,2,5,125,2,female
11.720440864562988,5.531214714050293,2,6,125,2,female
15.996533393859863,4.906101226806641,2,7,125,2,female
31.238656997680664,3.1824424266815186,2,8,125,2,female
32.11724090576172,3.7040960788726807,2,9,125,2,female
-1.335984706878662,-1.693932056427002,2,0,126,8,male
-4.373458385467529,-3.273235559463501,2,1,126,8,male
-6.10757303237915,-3.9747555255889893,2,2,126,8,male
-4.884790420532227,-3.3286054134368896,2,3,126,8,male
-2.43343186378479,-1.131437063217163,2,4,126,8,male
0.5030557513237,1.5190259218215942,2,5,126,8,male
6.736059188842773,3.565460443496704,2,6,126,8,male
13.061391830444336,4.008220672607422,2,7,126,8,male
16.71310806274414,4.05686616897583,2,8,126,8,male
31.926227569580078,3.7104532718658447,2,9,126,8,male
-5.44821834564209,7.573193550109863,2,0,127,2,female
-6.874614238739014,7.714359283447266,2,1,127,2,female
-7.174392223358154,6.646710395812988,2,2,127,2,female
-4.8959431648254395,5.024660110473633,2,3,127,2,female
-1.1511353254318237,5.040578365325928,2,4,127,2,female
8.501309394836426,5.446061134338379,2,5,127,2,female
13.00509262084961,5.252507209777832,2,6,127,2,female
16.788219451904297,4.682425498962402,2,7,127,2,female
31.919994354248047,4.020055294036865,2,8,127,2,female
31.60760498046875,3.941908597946167,2,9,127,2,female
-6.5550761222839355,4.7023186683654785,2,0,128,10,female
-10.288474082946777,4.380134582519531,2,1,128,10,female
-10.493700981140137,4.419137001037598,2,2,128,10,female
-9.874714851379395,4.609336853027344,2,3,128,10,female
-6.828694820404053,5.074765205383301,2,4,128,10,female
-3.252714157104492,5.612459659576416,2,5,128,10,female
1.8891912698745728,6.115760803222656,2,6,128,10,female
11.19166088104248,6.428858280181885,2,7,128,10,female
16.031747817993164,5.808089733123779,2,8,128,10,female
31.920503616333008,3.090221643447876,2,9,128,10,female
-6.462190628051758,4.7978692054748535,2,0,129,10,female
-10.150285720825195,4.4175190925598145,2,1,129,10,female
-10.505887031555176,4.450949668884277,2,2,129,10,female
-9.518795013427734,4.8094940185546875,2,3,129,10,female
-6.58975887298584,5.074056148529053,2,4,129,10,female
-3.149073362350464,5.763323783874512,2,5,129,10,female
2.3431618213653564,6.22280740737915,2,6,129,10,female
11.746853828430176,6.380469799041748,2,7,129,10,female
16.080963134765625,5.5794677734375,2,8,129,10,female
31.541969299316406,3.41943359375,2,9,129,10,female
-1.301607370376587,-1.2062550783157349,2,0,130,8,male
-4.132457733154297,-3.426239252090454,2,1,130,8,male
-6.056194305419922,-4.036506652832031,2,2,130,8,male
-4.8274407386779785,-3.388245105743408,2,3,130,8,male
-2.582371711730957,-1.419133186340332,2,4,130,8,male
0.33849936723709106,0.8750830292701721,2,5,130,8,male
6.022925853729248,3.2018206119537354,2,6,130,8,male
12.494690895080566,3.786032199859619,2,7,130,8,male
16.43169593811035,3.979736328125,2,8,130,8,male
32.1647834777832,3.188246011734009,2,9,130,8,male
-6.537394046783447,4.740911483764648,2,0,131,6,female
-9.699684143066406,4.607251167297363,2,1,131,6,female
-9.213242530822754,4.839452743530273,2,2,131,6,female
-6.029367446899414,5.187649726867676,2,3,131,6,female
-2.4975671768188477,5.933874607086182,2,4,131,6,female
3.2508654594421387,6.35621976852417,2,5,131,6,female
12.761487007141113,6.372483253479004,2,6,131,6,female
16.99165916442871,5.677306652069092,2,7,131,6,female
32.39603042602539,3.158705711364746,2,8,131,6,female
31.604503631591797,3.9440054893493652,2,9,131,6,female
-5.591648578643799,7.6443772315979,2,0,132,2,female
-6.805321216583252,7.792026519775391,2,1,132,2,female
-7.076886177062988,6.813564300537109,2,2,132,2,female
-6.070611476898193,4.627511501312256,2,3,132,2,female
-3.184124231338501,4.584429740905762,2,4,132,2,female
0.11639551818370819,5.086355686187744,2,5,132,2,female
9.002287864685059,5.554520130157471,2,6,132,2,female
13.350296020507812,5.228272914886475,2,7,132,2,female
16.927188873291016,4.574283123016357,2,8,132,2,female
31.319597244262695,3.124354124069214,2,9,132,2,female
-1.001621961593628,-1.6333755254745483,2,0,133,7,male
-3.447939157485962,-4.713181972503662,2,1,133,7,male
-5.6647138595581055,-5.79546594619751,2,2,133,7,male
-5.749497413635254,-5.119593620300293,2,3,133,7,male
-4.384875297546387,-2.982520341873169,2,4,133,7,male
-2.9268577098846436,-1.1237879991531372,2,5,133,7,male
-0.8560157418251038,1.3075711727142334,2,6,133,7,male
4.691738605499268,3.64601469039917,2,7,133,7,male
10.995035171508789,4.437834739685059,2,8,133,7,male
15.657380104064941,4.292105197906494,2,9,133,7,male
-3.402942419052124,3.7588043212890625,2,0,134,11,female
-7.288430213928223,1.6611933708190918,2,1,134,11,female
-9.393171310424805,0.3998725414276123,2,2,134,11,female
-9.35844898223877,0.35598909854888916,2,3,134,11,female
-8.301114082336426,0.8797167539596558,2,4,134,11,female
-6.70900821685791,1.4979170560836792,2,5,134,11,female
-4.760960578918457,2.8090641498565674,2,6,134,11,female
-2.193272352218628,4.208924770355225,2,7,134,11,female
3.145179271697998,5.590630054473877,2,8,134,11,female
12.78209400177002,5.859067440032959,2,9,134,11,female
-5.520827770233154,4.618182182312012,2,0,135,6,female
-9.475865364074707,4.530126571655273,2,1,135,6,female
-9.926127433776855,4.647417068481445,2,2,135,6,female
-8.760802268981934,5.063210964202881,2,3,135,6,female
-6.164820671081543,5.472111225128174,2,4,135,6,female
-3.2759041786193848,6.30382776260376,2,5,135,6,female
2.4820034503936768,6.483265399932861,2,6,135,6,female
11.813360214233398,6.714358806610107,2,7,135,6,female
16.38199806213379,5.8302106857299805,2,8,135,6,female
32.15871047973633,3.599900960922241,2,9,135,6,female
-1.8064422607421875,-2.9316439628601074,2,0,136,7,male
-4.494597911834717,-5.86198616027832,2,1,136,7,male
-5.1630167961120605,-6.033116340637207,2,2,136,7,male
-4.188632011413574,-3.5353970527648926,2,3,136,7,male
-2.863456964492798,-1.462705373764038,2,4,136,7,male
-0.6722134351730347,0.8088668584823608,2,5,136,7,male
4.648571014404297,3.337350845336914,2,6,136,7,male
10.792217254638672,4.350732803344727,2,7,136,7,male
15.555585861206055,4.335268020629883,2,8,136,7,male
31.717788696289062,2.8086488246917725,2,9,136,7,male
-4.893218517303467,2.8345980644226074,2,0,137,0,male
-8.675894737243652,1.5519741773605347,2,1,137,0,male
-9.70776081085205,1.481366515159607,2,2,137,0,male
-9.37578296661377,4.231354713439941,2,3,137,0,male
-5.8848371505737305,5.128075122833252,2,4,137,0,male
-2.0504868030548096,6.094045162200928,2,5,137,0,male
3.98842453956604,6.341476917266846,2,6,137,0,male
13.41831111907959,6.197019100189209,2,7,137,0,male
17.232921600341797,5.541870594024658,2,8,137,0,male
32.10377883911133,3.503575563430786,2,9,137,0,male
-0.7911759614944458,-0.5478107929229736,2,0,138,8,male
-3.244760751724243,-3.0892179012298584,2,1,138,8,male
-6.123228549957275,-4.28914213180542,2,2,138,8,male
-5.961030006408691,-3.946784734725952,2,3,138,8,male
-3.263150691986084,-2.16410756111145,2,4,138,8,male
-0.49591922760009766,0.08940768241882324,2,5,138,8,male
4.061794281005859,2.6005499362945557,2,6,138,8,male
10.612319946289062,3.808767318725586,2,7,138,8,male
15.279397964477539,4.04702615737915,2,8,138,8,male
31.59745216369629,3.383568286895752,2,9,138,8,male
-3.6113412380218506,3.626049757003784,2,0,139,11,female
-7.370172500610352,1.5185129642486572,2,1,139,11,female
-9.477309226989746,0.35731157660484314,2,2,139,11,female
-9.471355438232422,0.20020239055156708,2,3,139,11,female
-8.643590927124023,0.7064495086669922,2,4,139,11,female
-6.884270668029785,1.4755281209945679,2,5,139,11,female
-4.781961917877197,2.6430063247680664,2,6,139,11,female
-2.4577810764312744,4.185797691345215,2,7,139,11,female
2.28439998626709,5.3639068603515625,2,8,139,11,female
11.662270545959473,5.832929611206055,2,9,139,11,female
-5.428908824920654,7.485681533813477,2,0,140,2,female
-6.960111141204834,7.653970718383789,2,1,140,2,female
-7.295370578765869,6.8903303146362305,2,2,140,2,female
-6.389244079589844,4.61474084854126,2,3,140,2,female
-3.0722508430480957,4.533786773681641,2,4,140,2,female
1.007736325263977,5.065491676330566,2,5,140,2,female
10.014143943786621,5.516578674316406,2,6,140,2,female
15.070487976074219,4.906839847564697,2,7,140,2,female
31.532798767089844,2.5944361686706543,2,8,140,2,female
31.700044631958008,3.1630916595458984,2,9,140,2,female
-4.037144660949707,-0.8291798830032349,2,0,141,1,male
-6.247651100158691,-2.2649776935577393,2,1,141,1,male
-6.130218982696533,-2.323014497756958,2,2,141,1,male
-4.055769443511963,-1.2485469579696655,2,3,141,1,male
-1.8329819440841675,0.7254437804222107,2,4,141,1,male
3.295632839202881,3.3086941242218018,2,5,141,1,male
10.10716724395752,4.584230422973633,2,6,141,1,male
14.982561111450195,4.7302751541137695,2,7,141,1,male
31.07001304626465,2.9804468154907227,2,8,141,1,male
32.08036804199219,3.4485981464385986,2,9,141,1,male
-5.456214904785156,7.718992710113525,2,0,142,2,female
-6.755431652069092,7.816570281982422,2,1,142,2,female
-6.816703796386719,6.029094696044922,2,2,142,2,female
-4.595760822296143,5.109039783477783,2,3,142,2,female
-0.9372221231460571,5.325592517852783,2,4,142,2,female
8.567190170288086,5.488345623016357,2,5,142,2,female
13.129583358764648,5.298091888427734,2,6,142,2,female
16.813003540039062,4.618863582611084,2,7,142,2,female
31.318208694458008,3.056321859359741,2,8,142,2,female
32.12777328491211,3.361361265182495,2,9,142,2,female
-1.5021405220031738,-1.9194321632385254,2,0,143,8,male
-4.118318557739258,-3.696589469909668,2,1,143,8,male
-6.0358123779296875,-4.057460784912109,2,2,143,8,male
-4.9774675369262695,-3.413085460662842,2,3,143,8,male
-2.682703971862793,-1.3210275173187256,2,4,143,8,male
0.3166033923625946,1.254968285560608,2,5,143,8,male
6.216701507568359,3.329441785812378,2,6,143,8,male
12.65650463104248,3.8661997318267822,2,7,143,8,male
16.49251937866211,3.9550657272338867,2,8,143,8,male
31.592267990112305,3.612551689147949,2,9,143,8,male
-5.650069236755371,7.7362565994262695,2,0,144,2,female
-6.797209739685059,7.774886608123779,2,1,144,2,female
-6.930535793304443,6.482534408569336,2,2,144,2,female
-4.820056438446045,5.23996114730835,2,3,144,2,female
-1.376570701599121,5.382084846496582,2,4,144,2,female
3.106076717376709,5.634755611419678,2,5,144,2,female
12.472074508666992,5.702879428863525,2,6,144,2,female
16.90671157836914,5.102136611938477,2,7,144,2,female
31.930522918701172,3.1165380477905273,2,8,144,2,female
31.823495864868164,4.073665618896484,2,9,144,2,female
-2.494903802871704,-2.3411593437194824,2,0,145,9,male
-6.272589206695557,-4.451944351196289,2,1,145,9,male
-6.265503883361816,-4.9332170486450195,2,2,145,9,male
-6.077896595001221,-4.719555377960205,2,3,145,9,male
-3.9366703033447266,-3.4081552028656006,2,4,145,9,male
-2.2734458446502686,-1.4710012674331665,2,5,145,9,male
0.09535732120275497,1.0624072551727295,2,6,145,9,male
5.317893981933594,3.252729892730713,2,7,145,9,male
11.688777923583984,3.952983856201172,2,8,145,9,male
16.30637550354004,4.112490653991699,2,9,145,9,male
-2.2642924785614014,-2.1640548706054688,2,0,146,9,male
-6.254312515258789,-4.3862457275390625,2,1,146,9,male
-6.289167404174805,-4.766807556152344,2,2,146,9,male
-6.025915145874023,-4.625395774841309,2,3,146,9,male
-3.362116813659668,-2.9975082874298096,2,4,146,9,male
-1.218772053718567,-0.8439399600028992,2,5,146,9,male
1.7010538578033447,1.626840591430664,2,6,146,9,male
7.392760276794434,3.6786258220672607,2,7,146,9,male
13.836398124694824,4.167108058929443,2,8,146,9,male
17.01786994934082,4.118441104888916,2,9,146,9,male
-4.737881660461426,3.020636558532715,2,0,147,11,female
-8.496676445007324,1.3215489387512207,2,1,147,11,female
-9.633471488952637,0.6275441646575928,2,2,147,11,female
-9.386911392211914,0.9888163805007935,2,3,147,11,female
-7.726102352142334,1.3825520277023315,2,4,147,11,female
-5.283940315246582,3.1636571884155273,2,5,147,11,female
-2.5637106895446777,4.421764373779297,2,6,147,11,female
2.4185233116149902,5.51438045501709,2,7,147,11,female
12.12806224822998,5.982102394104004,2,8,147,11,female
16.38426399230957,5.4906840324401855,2,9,147,11,female
-6.400529384613037,4.040709495544434,2,0,148,3,female
-9.438459396362305,2.110534906387329,2,1,148,3,female
-10.354948997497559,4.081489562988281,2,2,148,3,female
-9.111983299255371,4.7397379875183105,2,3,148,3,female
-5.898005962371826,4.976311683654785,2,4,148,3,female
-2.5855391025543213,5.748409748077393,2,5,148,3,female
2.433345317840576,6.05914831161499,2,6,148,3,female
11.765012741088867,6.251381874084473,2,7,148,3,female
16.268281936645508,5.620599746704102,2,8,148,3,female
31.658857345581055,3.6489064693450928,2,9,148,3,female
-5.40322732925415,7.633152961730957,2,0,149,2,female
-6.732998371124268,7.788670063018799,2,1,149,2,female
-7.169304370880127,6.87711238861084,2,2,149,2,female
-5.337810039520264,5.047725200653076,2,3,149,2,female
-2.2848093509674072,5.122979640960693,2,4,149,2,female
2.271918773651123,5.4437031745910645,2,5,149,2,female
11.925896644592285,5.6299333572387695,2,6,149,2,female
16.222463607788086,5.084665298461914,2,7,149,2,female
31.26475715637207,3.348975658416748,2,8,149,2,female
32.44988250732422,3.2616398334503174,2,9,149,2,female
-3.089630126953125,3.915776252746582,3,0,150,0,male
-6.798332691192627,1.9200319051742554,3,1,150,0,male
-9.663605690002441,1.4075343608856201,3,2,150,0,male
-9.778812408447266,1.7140190601348877,3,3,150,0,male
-9.682893753051758,4.808192729949951,3,4,150,0,male
-6.840579032897949,5.344358921051025,3,5,150,0,male
-3.5259768962860107,6.022602081298828,3,6,150,0,male
1.7328174114227295,6.432655334472656,3,7,150,0,male
11.317611694335938,6.5854644775390625,3,8,150,0,male
15.965736389160156,5.85107946395874,3,9,150,0,male
0.7162980437278748,0.5666759610176086,3,0,151,7,male
-1.8912028074264526,-3.1362931728363037,3,1,151,7,male
-4.837998390197754,-6.321617603302002,3,2,151,7,male
-5.241100311279297,-6.245365619659424,3,3,151,7,male
-5.7465972900390625,-4.458191394805908,3,4,151,7,male
-4.036443710327148,-1.663777232170105,3,5,151,7,male
-2.2570605278015137,0.2507161796092987,3,6,151,7,male
2.8214640617370605,3.161724805831909,3,7,151,7,male
9.280296325683594,4.638899803161621,3,8,151,7,male
14.122274398803711,4.56235408782959,3,9,151,7,male
-3.3863437175750732,3.6341466903686523,3,0,152,0,male
-7.1955766677856445,1.2610182762145996,3,1,152,0,male
-9.13711929321289,0.300099641084671,3,2,152,0,male
-9.396927833557129,0.7536861896514893,3,3,152,0,male
-8.928969383239746,4.415322303771973,3,4,152,0,male
-5.987483501434326,5.267190456390381,3,5,152,0,male
-2.6789040565490723,6.264725685119629,3,6,152,0,male
3.1219942569732666,6.492440700531006,3,7,152,0,male
12.773512840270996,6.435028076171875,3,8,152,0,male
17.070222854614258,5.676848888397217,3,9,152,0,male
-7.375678539276123,1.7665706872940063,3,0,153,11,female
-9.815024375915527,0.9734460711479187,3,1,153,11,female
-9.891666412353516,0.9320584535598755,3,2,153,11,female
-9.634132385253906,1.228119134902954,3,3,153,11,female
-7.451163291931152,1.513275146484375,3,4,153,11,female
-5.194777488708496,3.3014960289001465,3,5,153,11,female
-2.9946818351745605,4.931615352630615,3,6,153,11,female
1.6988483667373657,5.753089427947998,3,7,153,11,female
11.102559089660645,6.1219048500061035,3,8,153,11,female
15.962691307067871,5.723771095275879,3,9,153,11,female
-1.7389464378356934,-0.3245847225189209,3,0,154,1,male
-4.952592849731445,-2.2893075942993164,3,1,154,1,male
-6.073818206787109,-2.512296199798584,3,2,154,1,male
-5.700350761413574,-2.4886064529418945,3,3,154,1,male
-3.826655864715576,-1.3821234703063965,3,4,154,1,male
-1.8508957624435425,0.759935736656189,3,5,154,1,male
3.298719882965088,3.3185253143310547,3,6,154,1,male
9.928857803344727,4.876227855682373,3,7,154,1,male
14.677319526672363,4.810850143432617,3,8,154,1,male
31.400379180908203,2.3974666595458984,3,9,154,1,male
-9.481181144714355,4.398355484008789,3,0,155,10,female
-10.407358169555664,4.364582538604736,3,1,155,10,female
-10.00629997253418,4.579437732696533,3,2,155,10,female
-8.48831558227539,5.052924156188965,3,3,155,10,female
-5.845312118530273,5.250407695770264,3,4,155,10,female
-2.8154211044311523,6.0101728439331055,3,5,155,10,female
2.786863088607788,6.308912754058838,3,6,155,10,female
11.963338851928711,6.51304817199707,3,7,155,10,female
16.40716552734375,5.697180271148682,3,8,155,10,female
32.27437973022461,3.7785816192626953,3,9,155,10,female
-4.359328746795654,3.373234510421753,3,0,156,0,male
-7.825374603271484,1.6814420223236084,3,1,156,0,male
-9.749045372009277,1.2067878246307373,3,2,156,0,male
-9.666472434997559,1.7210360765457153,3,3,156,0,male
-8.904073715209961,4.6892242431640625,3,4,156,0,male
-5.451600551605225,5.272904872894287,3,5,156,0,male
-2.505746841430664,6.255330562591553,3,6,156,0,male
3.238692045211792,6.396078586578369,3,7,156,0,male
12.805453300476074,6.410435676574707,3,8,156,0,male
17.221574783325195,5.630555629730225,3,9,156,0,male
-1.1906781196594238,-1.7271127700805664,3,0,157,7,male
-3.2699027061462402,-5.120898723602295,3,1,157,7,male
-4.9545135498046875,-6.273833751678467,3,2,157,7,male
-5.174244403839111,-5.130385398864746,3,3,157,7,male
-4.093223571777344,-2.683342218399048,3,4,157,7,male
-2.105456829071045,-0.24470068514347076,3,5,157,7,male
0.031273387372493744,2.184562921524048,3,6,157,7,male
6.220993995666504,4.11460542678833,3,7,157,7,male
12.954227447509766,4.385548114776611,3,8,157,7,male
16.631235122680664,4.227331161499023,3,9,157,7,male
-5.7289533615112305,7.027072429656982,3,0,158,2,female
-7.209640979766846,7.366329669952393,3,1,158,2,female
-7.342649936676025,7.121056079864502,3,2,158,2,female
-7.158976078033447,4.984706401824951,3,3,158,2,female
-4.918885231018066,3.8759512901306152,3,4,158,2,female
-2.1001999378204346,4.378870487213135,3,5,158,2,female
1.8827028274536133,5.083203315734863,3,6,158,2,female
12.220663070678711,5.360681533813477,3,7,158,2,female
16.46232032775879,4.586570739746094,3,8,158,2,female
31.67118263244629,3.2155654430389404,3,9,158,2,female
-2.593463659286499,-2.3784475326538086,3,0,159,9,male
-6.337671279907227,-4.257955074310303,3,1,159,9,male
-6.396296977996826,-4.455544948577881,3,2,159,9,male
-6.143621444702148,-4.032325267791748,3,3,159,9,male
-4.039542198181152,-3.3127365112304688,3,4,159,9,male
-2.6557810306549072,-1.4933584928512573,3,5,159,9,male
-0.48614731431007385,0.328471302986145,3,6,159,9,male
4.182514190673828,2.9365594387054443,3,7,159,9,male
10.771281242370605,4.10062837600708,3,8,159,9,male
15.546875,4.213653087615967,3,9,159,9,male
-5.184756755828857,7.403315544128418,3,0,160,2,female
-6.319573402404785,7.764686107635498,3,1,160,2,female
-6.7558135986328125,7.690748691558838,3,2,160,2,female
-6.62972354888916,5.49985408782959,3,3,160,2,female
-4.384059906005859,4.50556755065918,3,4,160,2,female
-1.96403968334198,4.532721519470215,3,5,160,2,female
2.3391900062561035,5.304677963256836,3,6,160,2,female
12.293595314025879,5.598910331726074,3,7,160,2,female
16.438615798950195,4.961732864379883,3,8,160,2,female
32.08287048339844,2.9832019805908203,3,9,160,2,female
-4.707033634185791,3.0269176959991455,3,0,161,0,male
-8.225837707519531,1.4883692264556885,3,1,161,0,male
-9.78589153289795,1.2529881000518799,3,2,161,0,male
-9.703625679016113,1.6542112827301025,3,3,161,0,male
-9.232004165649414,4.580780982971191,3,4,161,0,male
-6.373021125793457,5.364143371582031,3,5,161,0,male
-3.1151199340820312,6.183877944946289,3,6,161,0,male
2.6108386516571045,6.450384140014648,3,7,161,0,male
11.858786582946777,6.679298400878906,3,8,161,0,male
16.463523864746094,5.837090969085693,3,9,161,0,male
-5.45266056060791,2.934021472930908,3,0,162,11,female
-9.585968971252441,1.1968224048614502,3,1,162,11,female
-9.861441612243652,0.957406759262085,3,2,162,11,female
-9.857376098632812,1.0052764415740967,3,3,162,11,female
-8.984864234924316,1.3982216119766235,3,4,162,11,female
-7.534519195556641,1.5345180034637451,3,5,162,11,female
-5.118088245391846,3.208927869796753,3,6,162,11,female
-2.0447797775268555,4.937988758087158,3,7,162,11,female
3.3119029998779297,5.8777852058410645,3,8,162,11,female
12.73255729675293,6.131977081298828,3,9,162,11,female
-9.482110023498535,4.496457576751709,3,0,163,10,female
-10.28559398651123,4.406104564666748,3,1,163,10,female
-9.668121337890625,4.602621555328369,3,2,163,10,female
-7.890176296234131,4.962031364440918,3,3,163,10,female
-5.040731430053711,5.1983819007873535,3,4,163,10,female
-1.8319318294525146,6.005151748657227,3,5,163,10,female
3.3746087551116943,6.217245101928711,3,6,163,10,female
12.601115226745605,6.309823989868164,3,7,163,10,female
16.886526107788086,5.564441204071045,3,8,163,10,female
31.83954429626465,3.6370372772216797,3,9,163,10,female
-2.078582286834717,-0.3594869375228882,3,0,164,1,male
-5.097559452056885,-2.3291049003601074,3,1,164,1,male
-6.097622871398926,-2.4404125213623047,3,2,164,1,male
-5.664829254150391,-2.4840316772460938,3,3,164,1,male
-3.680363893508911,-1.1935575008392334,3,4,164,1,male
-1.4926981925964355,0.9527409076690674,3,5,164,1,male
3.753793478012085,3.4312686920166016,3,6,164,1,male
10.702902793884277,4.523215293884277,3,7,164,1,male
15.693428039550781,4.3423662185668945,3,8,164,1,male
32.58030700683594,3.601890802383423,3,9,164,1,male
-5.277397632598877,7.232166767120361,3,0,165,2,female
-7.060080528259277,7.512383460998535,3,1,165,2,female
-7.242337226867676,7.2718915939331055,3,2,165,2,female
-7.061844825744629,4.907911777496338,3,3,165,2,female
-5.027552127838135,4.002248287200928,3,4,165,2,female
-2.217255115509033,4.436148166656494,3,5,165,2,female
1.864241600036621,5.139557838439941,3,6,165,2,female
12.298490524291992,5.456317901611328,3,7,165,2,female
16.281381607055664,4.858968257904053,3,8,165,2,female
31.747629165649414,3.4433963298797607,3,9,165,2,female
0.08444022387266159,-0.14429137110710144,3,0,166,7,male
-2.5891265869140625,-3.557286500930786,3,1,166,7,male
-4.959878444671631,-6.195680618286133,3,2,166,7,male
-5.098336219787598,-5.875781059265137,3,3,166,7,male
-3.619342565536499,-3.557797431945801,3,4,166,7,male
-2.1115851402282715,-1.3166704177856445,3,5,166,7,male
0.3724565804004669,1.0337556600570679,3,6,166,7,male
5.903163433074951,3.211231231689453,3,7,166,7,male
12.249767303466797,3.7084147930145264,3,8,166,7,male
16.453325271606445,3.8771378993988037,3,9,166,7,male
-2.475857734680176,-0.45336803793907166,3,0,167,1,male
-5.536895751953125,-2.3209078311920166,3,1,167,1,male
-6.143454551696777,-2.557746410369873,3,2,167,1,male
-5.889069080352783,-2.50655460357666,3,3,167,1,male
-3.8427350521087646,-1.4152365922927856,3,4,167,1,male
-1.942976951599121,0.6352884769439697,3,5,167,1,male
3.335324764251709,3.3113396167755127,3,6,167,1,male
10.304628372192383,4.508780002593994,3,7,167,1,male
15.625957489013672,5.072246551513672,3,8,167,1,male
31.275415420532227,2.777217149734497,3,9,167,1,male
-9.445015907287598,4.338318824768066,3,0,168,6,female
-9.374534606933594,4.476309776306152,3,1,168,6,female
-5.887081623077393,4.903051853179932,3,2,168,6,female
-2.1158087253570557,5.878182411193848,3,3,168,6,female
3.6049678325653076,6.245663642883301,3,4,168,6,female
13.033638000488281,6.2956318855285645,3,5,168,6,female
17.17072296142578,5.605506896972656,3,6,168,6,female
31.40663719177246,3.7504520416259766,3,7,168,6,female
31.64842414855957,3.996178388595581,3,8,168,6,female
31.797649383544922,3.507112979888916,3,9,168,6,female
-9.426045417785645,4.362236022949219,3,0,169,6,female
-10.001954078674316,4.516902446746826,3,1,169,6,female
-9.597743034362793,4.835323810577393,3,2,169,6,female
-8.427855491638184,5.161446571350098,3,3,169,6,female
-5.99965763092041,5.2858381271362305,3,4,169,6,female
-3.112149238586426,5.8804755210876465,3,5,169,6,female
2.206824779510498,6.235869884490967,3,6,169,6,female
11.501951217651367,6.441591739654541,3,7,169,6,female
16.019512176513672,5.65290641784668,3,8,169,6,female
31.311796188354492,3.077836275100708,3,9,169,6,female
-2.6089234352111816,4.061002731323242,3,0,170,1,male
-2.1546449661254883,0.6273902058601379,3,1,170,1,male
-4.699935436248779,-1.2002040147781372,3,2,170,1,male
-6.213726997375488,-2.429682731628418,3,3,170,1,male
-6.1416521072387695,-2.4195327758789062,3,4,170,1,male
-4.719648361206055,-1.444039225578308,3,5,170,1,male
-2.7247817516326904,-0.06957010179758072,3,6,170,1,male
-0.4225098192691803,2.075688123703003,3,7,170,1,male
5.5429863929748535,4.103929042816162,3,8,170,1,male
12.158341407775879,4.495807647705078,3,9,170,1,male
-2.583056926727295,-2.173004627227783,3,0,171,9,male
-6.417580604553223,-4.1399431228637695,3,1,171,9,male
-6.3716888427734375,-4.216798305511475,3,2,171,9,male
-6.001452445983887,-3.619861602783203,3,3,171,9,male
-2.995368719100952,-2.3149573802948,3,4,171,9,male
-1.3314642906188965,-0.17721544206142426,3,5,171,9,male
2.723454475402832,2.1175127029418945,3,6,171,9,male
9.547895431518555,3.907255172729492,3,7,171,9,male
14.345743179321289,4.223441123962402,3,8,171,9,male
16.97821617126465,4.030318260192871,3,9,171,9,male
0.8555514812469482,0.5800896883010864,3,0,172,7,male
-1.7644726037979126,-2.970433235168457,3,1,172,7,male
-4.909286022186279,-6.461698532104492,3,2,172,7,male
-5.308958053588867,-6.173194885253906,3,3,172,7,male
-5.34075403213501,-3.817319393157959,3,4,172,7,male
-3.62088680267334,-1.526118278503418,3,5,172,7,male
-1.9150009155273438,0.6905227303504944,3,6,172,7,male
3.1039023399353027,3.2107367515563965,3,7,172,7,male
9.995640754699707,4.618178844451904,3,8,172,7,male
14.587725639343262,4.397200107574463,3,9,172,7,male
-0.2978101968765259,0.3645210266113281,3,0,173,8,male
-3.12530255317688,-2.8154680728912354,3,1,173,8,male
-6.251824378967285,-4.170413970947266,3,2,173,8,male
-6.166164875030518,-4.036534786224365,3,3,173,8,male
-4.035029888153076,-3.2117598056793213,3,4,173,8,male
-1.3409149646759033,-0.7383084297180176,3,5,173,8,male
2.0465357303619385,1.7883758544921875,3,6,173,8,male
9.636491775512695,3.9267537593841553,3,7,173,8,male
14.856048583984375,5.097448825836182,3,8,173,8,male
17.94015884399414,5.329237461090088,3,9,173,8,male
-4.127242088317871,3.424696445465088,3,0,174,0,male
-7.752597332000732,1.6082040071487427,3,1,174,0,male
-9.794426918029785,1.1803432703018188,3,2,174,0,male
-9.69760799407959,1.639040470123291,3,3,174,0,male
-9.184462547302246,4.618047714233398,3,4,174,0,male
-5.617037296295166,5.2126569747924805,3,5,174,0,male
-2.2930355072021484,6.267033576965332,3,6,174,0,male
3.5620501041412354,6.41294527053833,3,7,174,0,male
13.114808082580566,6.325078010559082,3,8,174,0,male
17.325590133666992,5.715773105621338,3,9,174,0,male
-9.65672492980957,4.454896450042725,3,0,175,6,female
-10.01915454864502,4.61651611328125,3,1,175,6,female
-8.936037063598633,5.082348346710205,3,2,175,6,female
-6.758249759674072,5.508440971374512,3,3,175,6,female
-3.51308536529541,6.182864189147949,3,4,175,6,female
1.5415211915969849,6.468231201171875,3,5,175,6,female
10.075006484985352,6.385435581207275,3,6,175,6,female
14.623441696166992,5.885523796081543,3,7,175,6,female
17.799325942993164,5.373592376708984,3,8,175,6,female
32.51024627685547,3.206237316131592,3,9,175,6,female
-5.5835442543029785,7.248271942138672,3,0,176,2,female
-7.192229270935059,7.408786296844482,3,1,176,2,female
-7.301231861114502,7.177174091339111,3,2,176,2,female
-6.8421220779418945,4.938869953155518,3,3,176,2,female
-3.9772181510925293,4.265448570251465,3,4,176,2,female
-0.5476698279380798,4.6178107261657715,3,5,176,2,female
8.503989219665527,5.2971320152282715,3,6,176,2,female
13.215128898620605,5.064403057098389,3,7,176,2,female
16.706953048706055,4.514645099639893,3,8,176,2,female
31.896177291870117,2.820010185241699,3,9,176,2,female
-4.7138566970825195,2.791215419769287,3,0,177,0,male
-8.147616386413574,1.2043942213058472,3,1,177,0,male
-9.776683807373047,0.924543559551239,3,2,177,0,male
-9.749801635742188,1.4701743125915527,3,3,177,0,male
-9.098748207092285,4.5694966316223145,3,4,177,0,male
-5.820578098297119,5.243498802185059,3,5,177,0,male
-2.4158146381378174,6.259742736816406,3,6,177,0,male
3.379457473754883,6.3830180168151855,3,7,177,0,male
12.93013858795166,6.377542018890381,3,8,177,0,male
17.03021240234375,5.75651741027832,3,9,177,0,male
-9.23011302947998,3.278409957885742,3,0,178,3,female
-9.356257438659668,2.556546211242676,3,1,178,3,female
-8.867341995239258,4.7183146476745605,3,2,178,3,female
-6.358269691467285,5.406601905822754,3,3,178,3,female
-3.4830968379974365,6.21155309677124,3,4,178,3,female
1.609581470489502,6.497959613800049,3,5,178,3,female
10.508607864379883,6.499124526977539,3,6,178,3,female
15.904688835144043,5.95297908782959,3,7,178,3,female
31.93222427368164,2.8939123153686523,3,8,178,3,female
32.03379440307617,3.1987311840057373,3,9,178,3,female
-3.2537662982940674,-2.9999759197235107,3,0,179,8,male
-6.0780439376831055,-4.213153839111328,3,1,179,8,male
-6.111425399780273,-4.062381744384766,3,2,179,8,male
-4.280672550201416,-2.871845006942749,3,3,179,8,male
-1.900438666343689,-0.43661749362945557,3,4,179,8,male
2.0415408611297607,1.9628478288650513,3,5,179,8,male
9.33576774597168,4.024969577789307,3,6,179,8,male
14.707846641540527,4.472315788269043,3,7,179,8,male
31.55177879333496,2.5881171226501465,3,8,179,8,male
31.846477508544922,3.576157808303833,3,9,179,8,male
-7.616700649261475,4.865461826324463,3,0,180,10,female
-10.269469261169434,4.461470127105713,3,1,180,10,female
-10.386751174926758,4.452652454376221,3,2,180,10,female
-9.281486511230469,4.8477020263671875,3,3,180,10,female
-6.598428726196289,5.120754241943359,3,4,180,10,female
-3.466512680053711,5.750151634216309,3,5,180,10,female
1.775624394416809,6.243741512298584,3,6,180,10,female
11.189864158630371,6.478206157684326,3,7,180,10,female
16.009052276611328,5.802191257476807,3,8,180,10,female
32.16239929199219,3.297400951385498,3,9,180,10,female
-5.3827667236328125,-2.3766894340515137,3,0,181,1,male
-6.0497589111328125,-2.536796808242798,3,1,181,1,male
-5.131162166595459,-2.185347080230713,3,2,181,1,male
-3.072631597518921,-0.8468668460845947,3,3,181,1,male
-0.8549029231071472,1.4262142181396484,3,4,181,1,male
4.945159435272217,3.8036789894104004,3,5,181,1,male
11.492088317871094,4.442500114440918,3,6,181,1,male
15.695798873901367,4.313840866088867,3,7,181,1,male
31.800369262695312,2.7592720985412598,3,8,181,1,male
32.241668701171875,3.601325035095215,3,9,181,1,male
-6.0685715675354,6.836001873016357,3,0,182,2,female
-7.2412848472595215,7.329260349273682,3,1,182,2,female
-7.28647518157959,7.079355716705322,3,2,182,2,female
-6.964260578155518,4.942996025085449,3,3,182,2,female
-5.1094651222229,4.11182975769043,3,4,182,2,female
-2.452594757080078,4.456517219543457,3,5,182,2,female
1.7197996377944946,5.166347980499268,3,6,182,2,female
11.71718692779541,5.607602119445801,3,7,182,2,female
16.181428909301758,4.882469177246094,3,8,182,2,female
31.232072830200195,3.5755085945129395,3,9,182,2,female
-9.488104820251465,4.3849077224731445,3,0,183,10,female
-10.297813415527344,4.320981979370117,3,1,183,10,female
-9.762395858764648,4.4123101234436035,3,2,183,10,female
-7.499917030334473,4.970409393310547,3,3,183,10,female
-4.452790260314941,5.246326446533203,3,4,183,10,female
0.29095491766929626,6.070901393890381,3,5,183,10,female
10.004776000976562,6.308444499969482,3,6,183,10,female
14.931305885314941,5.764407157897949,3,7,183,10,female
32.239280700683594,3.0249509811401367,3,8,183,10,female
31.59213638305664,3.5403237342834473,3,9,183,10,female
-9.540045738220215,4.5975470542907715,3,0,184,6,female
-9.85891342163086,4.654181480407715,3,1,184,6,female
-8.682355880737305,5.055987358093262,3,2,184,6,female
-6.2964959144592285,5.390458583831787,3,3,184,6,female
-3.251133918762207,6.069547653198242,3,4,184,6,female
2.348984956741333,6.461533546447754,3,5,184,6,female
11.655390739440918,6.664921283721924,3,6,184,6,female
16.256505966186523,5.748983860015869,3,7,184,6,female
31.948375701904297,3.1723833084106445,3,8,184,6,female
32.29991149902344,3.867950201034546,3,9,184,6,female
-3.5454154014587402,-2.878298759460449,3,0,185,8,male
-6.2159905433654785,-4.064668655395508,3,1,185,8,male
-5.889975547790527,-3.7067339420318604,3,2,185,8,male
-3.2510643005371094,-1.8928712606430054,3,3,185,8,male
-0.7716432213783264,0.400473415851593,3,4,185,8,male
4.110318660736084,2.914299249649048,3,5,185,8,male
10.785074234008789,4.090935230255127,3,6,185,8,male
15.534809112548828,4.219667434692383,3,7,185,8,male
31.62074851989746,3.2471141815185547,3,8,185,8,male
31.837799072265625,3.558253765106201,3,9,185,8,male
-9.471543312072754,4.385775566101074,3,0,186,10,female
-10.392605781555176,4.347888946533203,3,1,186,10,female
-10.160834312438965,4.426852226257324,3,2,186,10,female
-8.30512809753418,5.106191635131836,3,3,186,10,female
-4.733194828033447,5.309051990509033,3,4,186,10,female
0.11869993805885315,6.1143479347229,3,5,186,10,female
9.514071464538574,6.279996395111084,3,6,186,10,female
14.4828519821167,5.801414966583252,3,7,186,10,female
17.8570613861084,5.401844501495361,3,8,186,10,female
31.631940841674805,3.9767775535583496,3,9,186,10,female
-2.338951349258423,-0.38948798179626465,3,0,187,1,male
-5.323730945587158,-2.278534412384033,3,1,187,1,male
-6.0754804611206055,-2.5614402294158936,3,2,187,1,male
-5.231359004974365,-2.17136287689209,3,3,187,1,male
-2.724395751953125,-0.4149017930030823,3,4,187,1,male
-0.5018344521522522,2.090955972671509,3,5,187,1,male
5.374483108520508,3.986309766769409,3,6,187,1,male
12.099189758300781,4.501834392547607,3,7,187,1,male
16.41982650756836,4.218093395233154,3,8,187,1,male
32.41628646850586,3.3424363136291504,3,9,187,1,male
-9.491888046264648,4.410009860992432,3,0,188,10,female
-10.382210731506348,4.337154865264893,3,1,188,10,female
-10.189905166625977,4.454441070556641,3,2,188,10,female
-8.764307975769043,4.977568626403809,3,3,188,10,female
-5.986559867858887,5.1353044509887695,3,4,188,10,female
-2.9390146732330322,5.633185863494873,3,5,188,10,female
2.295616626739502,6.164768695831299,3,6,188,10,female
11.607098579406738,6.340699195861816,3,7,188,10,female
16.22176742553711,5.810489177703857,3,8,188,10,female
31.38518714904785,2.983617067337036,3,9,188,10,female
-8.739106178283691,1.996814489364624,3,0,189,11,female
-9.836963653564453,1.0814218521118164,3,1,189,11,female
-9.848055839538574,1.0821887254714966,3,2,189,11,female
-8.979654312133789,1.380290150642395,3,3,189,11,female
-7.46626615524292,1.4448862075805664,3,4,189,11,female
-5.075506210327148,3.2560875415802,3,5,189,11,female
-2.2140796184539795,4.997751235961914,3,6,189,11,female
3.0997443199157715,5.879883766174316,3,7,189,11,female
12.772233009338379,6.239116668701172,3,8,189,11,female
16.795249938964844,5.632400035858154,3,9,189,11,female
-5.367783546447754,7.407687664031982,3,0,190,2,female
-7.057188987731934,7.49907112121582,3,1,190,2,female
-7.281436920166016,7.21145486831665,3,2,190,2,female
-6.877793312072754,4.866178512573242,3,3,190,2,female
-4.218381881713867,4.228116989135742,3,4,190,2,female
-0.7372292280197144,4.568683624267578,3,5,190,2,female
8.38122844696045,5.225859642028809,3,6,190,2,female
13.000282287597656,5.09419584274292,3,7,190,2,female
16.524702072143555,4.550919532775879,3,8,190,2,female
32.02486801147461,2.991398572921753,3,9,190,2,female
-8.804636001586914,2.0673024654388428,3,0,191,3,female
-9.563047409057617,1.9028935432434082,3,1,191,3,female
-9.580458641052246,4.19003963470459,3,2,191,3,female
-7.516036510467529,4.777809143066406,3,3,191,3,female
-4.507602691650391,5.190839767456055,3,4,191,3,female
-0.4803984463214874,5.886963844299316,3,5,191,3,female
4.532853126525879,6.301154613494873,3,6,191,3,female
13.578936576843262,6.07238245010376,3,7,191,3,female
17.33428382873535,5.309604644775391,3,8,191,3,female
32.11896896362305,3.1823108196258545,3,9,191,3,female
-2.0603466033935547,-2.0085620880126953,3,0,192,8,male
-5.076416969299316,-3.8215134143829346,3,1,192,8,male
-6.097763538360596,-4.106473445892334,3,2,192,8,male
-5.093379020690918,-3.4808034896850586,3,3,192,8,male
-2.959519386291504,-1.783364176750183,3,4,192,8,male
-0.42485612630844116,0.3021669387817383,3,5,192,8,male
4.354887008666992,2.8118574619293213,3,6,192,8,male
10.967562675476074,3.8673887252807617,3,7,192,8,male
15.707621574401855,3.9987378120422363,3,8,192,8,male
31.953784942626953,3.797985553741455,3,9,192,8,male
-5.165409564971924,3.215848445892334,3,0,193,11,female
-8.823383331298828,1.8912765979766846,3,1,193,11,female
-9.725598335266113,0.950157880783081,3,2,193,11,female
-9.156367301940918,1.13131844997406,3,3,193,11,female
-7.570579528808594,1.199362874031067,3,4,193,11,female
-6.669475555419922,1.5515846014022827,3,5,193,11,female
-5.167275428771973,3.24580454826355,3,6,193,11,female
-2.930145263671875,4.65324068069458,3,7,193,11,female
1.8359681367874146,5.529952049255371,3,8,193,11,female
11.156862258911133,5.938132286071777,3,9,193,11,female
-1.0979300737380981,-1.9018886089324951,3,0,194,7,male
-3.446352481842041,-5.324522495269775,3,1,194,7,male
-5.104763984680176,-6.429492950439453,3,2,194,7,male
-5.169986248016357,-5.911849498748779,3,3,194,7,male
-4.184622287750244,-3.4543509483337402,3,4,194,7,male
-2.5977542400360107,-1.4470806121826172,3,5,194,7,male
-0.3856882154941559,0.6953278183937073,3,6,194,7,male
4.866207122802734,3.2228078842163086,3,7,194,7,male
11.295665740966797,4.071016788482666,3,8,194,7,male
15.934239387512207,4.1307220458984375,3,9,194,7,male
-9.376526832580566,4.206569671630859,3,0,195,6,female
-9.619359016418457,4.425765037536621,3,1,195,6,female
-8.212696075439453,5.032966136932373,3,2,195,6,female
-5.037694931030273,5.3537750244140625,3,3,195,6,female
-2.0054445266723633,6.164814472198486,3,4,195,6,female
3.9770119190216064,6.371480941772461,3,5,195,6,female
13.229555130004883,6.29953145980835,3,6,195,6,female
17.161170959472656,5.684794902801514,3,7,195,6,female
32.01848602294922,3.241389751434326,3,8,195,6,female
32.20231628417969,3.537262201309204,3,9,195,6,female
-5.182387828826904,7.488734722137451,3,0,196,2,female
-6.602691173553467,7.793298721313477,3,1,196,2,female
-6.821027755737305,7.703824043273926,3,2,196,2,female
-6.584201812744141,5.603323459625244,3,3,196,2,female
-3.7059032917022705,5.219521999359131,3,4,196,2,female
0.18854497373104095,5.650964736938477,3,5,196,2,female
9.238558769226074,5.531580924987793,3,6,196,2,female
13.746042251586914,5.062709331512451,3,7,196,2,female
16.999807357788086,4.5634613037109375,3,8,196,2,female
32.20387268066406,3.9321084022521973,3,9,196,2,female
-1.9831033945083618,-2.132617712020874,3,0,197,9,male
-6.022881031036377,-4.515821933746338,3,1,197,9,male
-6.177615165710449,-5.070385456085205,3,2,197,9,male
-6.004549503326416,-4.932109355926514,3,3,197,9,male
-4.3138813972473145,-3.5592105388641357,3,4,197,9,male
-2.811432123184204,-2.3112711906433105,3,5,197,9,male
-0.6028605699539185,-0.11001431941986084,3,6,197,9,male
3.83998441696167,2.5585439205169678,3,7,197,9,male
10.056548118591309,4.096786975860596,3,8,197,9,male
14.69355297088623,4.259189128875732,3,9,197,9,male
-9.386877059936523,4.392444133758545,3,0,198,6,female
-9.957832336425781,4.583598613739014,3,1,198,6,female
-9.380849838256836,4.985630035400391,3,2,198,6,female
-6.954187393188477,5.269420146942139,3,3,198,6,female
-3.7785356044769287,5.924458980560303,3,4,198,6,female
0.8890750408172607,6.404963493347168,3,5,198,6,female
9.343485832214355,6.2364912033081055,3,6,198,6,female
14.364137649536133,5.804729461669922,3,7,198,6,female
17.667922973632812,5.463706016540527,3,8,198,6,female
31.645456314086914,3.4632956981658936,3,9,198,6,female
-4.965742588043213,7.436026096343994,3,0,199,2,female
-5.941481590270996,7.759097576141357,3,1,199,2,female
-6.557188510894775,7.75248908996582,3,2,199,2,female
-6.31125545501709,5.665999889373779,3,3,199,2,female
-3.805917263031006,5.106508255004883,3,4,199,2,female
-0.9112772941589355,5.475060939788818,3,5,199,2,female
8.381295204162598,5.592408657073975,3,6,199,2,female
12.803916931152344,5.545607566833496,3,7,199,2,female
17.002010345458984,5.214605808258057,3,8,199,2,female
31.734357833862305,3.4196133613586426,3,9,199,2,female
-5.527560234069824,1.9663817882537842,4,0,200,0,male
-7.917916774749756,1.497969150543213,4,1,200,0,male
-7.871309757232666,1.7051317691802979,4,2,200,0,male
-6.4936909675598145,2.9295501708984375,4,3,200,0,male
-4.178833961486816,5.236893177032471,4,4,200,0,male
-0.1251639723777771,5.6564040184021,4,5,200,0,male
8.952502250671387,6.173621654510498,4,6,200,0,male
13.418758392333984,6.150708198547363,4,7,200,0,male
17.305988311767578,5.499598979949951,4,8,200,0,male
31.747631072998047,4.106979846954346,4,9,200,0,male
-7.469598770141602,2.9413912296295166,4,0,201,3,female
-7.942206382751465,3.048748016357422,4,1,201,3,female
-7.761258125305176,3.400059461593628,4,2,201,3,female
-6.257126808166504,4.1732497215271,4,3,201,3,female
-3.548661470413208,4.986455917358398,4,4,201,3,female
-0.5446367263793945,5.749073028564453,4,5,201,3,female
4.553255558013916,6.310176372528076,4,6,201,3,female
13.426348686218262,6.085763454437256,4,7,201,3,female
17.203081130981445,5.394039154052734,4,8,201,3,female
32.11212921142578,3.9908599853515625,4,9,201,3,female
0.0049661495722830296,0.5104842782020569,4,0,202,9,male
-2.3856446743011475,-2.727447748184204,4,1,202,9,male
-5.139167785644531,-4.177498817443848,4,2,202,9,male
-5.308345317840576,-4.304080486297607,4,3,202,9,male
-4.611809730529785,-4.013606071472168,4,4,202,9,male
-2.782078266143799,-2.346679449081421,4,5,202,9,male
-1.0771414041519165,0.30424606800079346,4,6,202,9,male
3.7363438606262207,2.883375883102417,4,7,202,9,male
10.26598072052002,4.251205921173096,4,8,202,9,male
15.021602630615234,4.379194259643555,4,9,202,9,male
-7.0969014167785645,3.986588954925537,4,0,203,6,female
-7.178295612335205,3.879533052444458,4,1,203,6,female
-6.8325958251953125,4.043128967285156,4,2,203,6,female
-4.811168670654297,5.656651973724365,4,3,203,6,female
-1.9840893745422363,5.684473991394043,4,4,203,6,female
3.3358304500579834,6.247007369995117,4,5,203,6,female
12.864829063415527,6.36210298538208,4,6,203,6,female
16.853191375732422,5.144013404846191,4,7,203,6,female
31.275020599365234,2.9665279388427734,4,8,203,6,female
32.257293701171875,3.546400547027588,4,9,203,6,female
0.06695753335952759,-0.23917844891548157,4,0,204,8,male
-2.5507237911224365,-3.9464917182922363,4,1,204,8,male
-5.356756687164307,-5.813948154449463,4,2,204,8,male
-5.4209980964660645,-5.53499698638916,4,3,204,8,male
-3.089365243911743,-2.7698819637298584,4,4,204,8,male
-0.6231861114501953,0.0592600554227829,4,5,204,8,male
3.9670817852020264,2.6408638954162598,4,6,204,8,male
10.72458553314209,3.9854021072387695,4,7,204,8,male
15.589622497558594,4.135653018951416,4,8,204,8,male
31.950002670288086,4.165084362030029,4,9,204,8,male
-7.072514533996582,2.8399884700775146,4,0,205,3,female
-7.789743900299072,2.451171875,4,1,205,3,female
-7.704244613647461,3.223196268081665,4,2,205,3,female
-6.831383228302002,4.2220330238342285,4,3,205,3,female
-4.1924333572387695,5.4288201332092285,4,4,205,3,female
-0.6975892782211304,6.0366129875183105,4,5,205,3,female
4.034167766571045,6.316319942474365,4,6,205,3,female
13.06054401397705,6.192440032958984,4,7,205,3,female
17.06331443786621,5.486658096313477,4,8,205,3,female
31.941116333007812,4.080467700958252,4,9,205,3,female
-5.262425899505615,6.937136173248291,4,0,206,2,female
-5.435365676879883,6.907280445098877,4,1,206,2,female
-5.012766361236572,6.469151020050049,4,2,206,2,female
-4.048013687133789,5.394796371459961,4,3,206,2,female
-1.6424925327301025,4.984101295471191,4,4,206,2,female
1.4437229633331299,5.031591415405273,4,5,206,2,female
9.41813850402832,5.096059799194336,4,6,206,2,female
13.832311630249023,4.809345245361328,4,7,206,2,female
16.750459671020508,4.437178611755371,4,8,206,2,female
32.07212448120117,2.9469072818756104,4,9,206,2,female
-4.726675510406494,-0.9860841631889343,4,0,207,1,male
-5.886063575744629,-1.951309323310852,4,1,207,1,male
-5.654821872711182,-2.0298590660095215,4,2,207,1,male
-2.33979868888855,-1.0651934146881104,4,3,207,1,male
-0.47236520051956177,2.179201126098633,4,4,207,1,male
5.429163455963135,3.9141154289245605,4,5,207,1,male
12.047564506530762,4.376540660858154,4,6,207,1,male
16.240436553955078,4.8803181648254395,4,7,207,1,male
31.40243911743164,3.0628623962402344,4,8,207,1,male
31.671894073486328,3.9570744037628174,4,9,207,1,male
-0.8900656700134277,-1.69098699092865,4,0,208,7,male
-3.209226608276367,-4.7779927253723145,4,1,208,7,male
-4.9874587059021,-6.7300262451171875,4,2,208,7,male
-4.43773078918457,-6.516419887542725,4,3,208,7,male
-3.29244327545166,-5.09208345413208,4,4,208,7,male
-2.1363189220428467,-1.9599238634109497,4,5,208,7,male
0.07079241424798965,0.09590138494968414,4,6,208,7,male
4.253379821777344,2.512977123260498,4,7,208,7,male
10.753406524658203,3.74194598197937,4,8,208,7,male
15.340710639953613,4.157944202423096,4,9,208,7,male
-0.9110533595085144,-1.6915761232376099,4,0,209,8,male
-3.303014039993286,-4.7696003913879395,4,1,209,8,male
-5.3945817947387695,-5.988125324249268,4,2,209,8,male
-4.834480285644531,-5.485314846038818,4,3,209,8,male
-2.713893413543701,-2.8127353191375732,4,4,209,8,male
-0.16667436063289642,-0.03320563957095146,4,5,209,8,male
4.477854251861572,2.6013410091400146,4,6,209,8,male
11.212767601013184,3.666557550430298,4,7,209,8,male
15.952898025512695,3.9357125759124756,4,8,209,8,male
32.32101821899414,3.7332851886749268,4,9,209,8,male
-1.9454891681671143,-2.264167070388794,4,0,210,9,male
-4.847068786621094,-4.167609691619873,4,1,210,9,male
-5.253951072692871,-4.288381099700928,4,2,210,9,male
-4.804966926574707,-4.578183174133301,4,3,210,9,male
-2.947434186935425,-3.3013813495635986,4,4,210,9,male
-1.4091588258743286,-1.1265796422958374,4,5,210,9,male
0.6995173692703247,1.2205506563186646,4,6,210,9,male
6.049105167388916,3.2932212352752686,4,7,210,9,male
12.229545593261719,3.7632315158843994,4,8,210,9,male
16.070518493652344,3.965728282928467,4,9,210,9,male
-2.269029140472412,-2.0579402446746826,4,0,211,9,male
-4.945038318634033,-3.829472541809082,4,1,211,9,male
-5.162465572357178,-4.165383815765381,4,2,211,9,male
-4.556077003479004,-4.080386161804199,4,3,211,9,male
-3.07180118560791,-3.035454750061035,4,4,211,9,male
-1.472015619277954,-0.9532700777053833,4,5,211,9,male
1.0949853658676147,1.4387496709823608,4,6,211,9,male
6.670534610748291,3.4843385219573975,4,7,211,9,male
13.10141372680664,3.970816135406494,4,8,211,9,male
16.853729248046875,4.022567272186279,4,9,211,9,male
-7.274198532104492,3.718341827392578,4,0,212,6,female
-7.291140556335449,3.8819210529327393,4,1,212,6,female
-6.829246520996094,4.146583557128906,4,2,212,6,female
-4.655543804168701,5.403979778289795,4,3,212,6,female
-2.2380692958831787,5.7288408279418945,4,4,212,6,female
3.182783842086792,6.229404449462891,4,5,212,6,female
11.748706817626953,6.516476154327393,4,6,212,6,female
14.94150161743164,5.435958385467529,4,7,212,6,female
17.892154693603516,5.35225772857666,4,8,212,6,female
32.38846969604492,3.2542810440063477,4,9,212,6,female
-1.1669667959213257,-2.0038838386535645,4,0,213,7,male
-3.3049449920654297,-5.122982501983643,4,1,213,7,male
-5.002231121063232,-6.930276870727539,4,2,213,7,male
-4.48499870300293,-6.332027912139893,4,3,213,7,male
-3.306175947189331,-4.108185291290283,4,4,213,7,male
-2.5658600330352783,-1.6465972661972046,4,5,213,7,male
-0.5673784017562866,0.39064186811447144,4,6,213,7,male
4.032384395599365,2.868260145187378,4,7,213,7,male
10.493005752563477,4.120711803436279,4,8,213,7,male
15.239110946655273,4.28909158706665,4,9,213,7,male
-4.178790092468262,-4.249680995941162,4,0,214,9,male
-5.247483730316162,-4.752260684967041,4,1,214,9,male
-5.153316497802734,-4.918620586395264,4,2,214,9,male
-3.795492172241211,-4.133793354034424,4,3,214,9,male
-2.5024783611297607,-2.165701150894165,4,4,214,9,male
-0.4341547191143036,0.07069450616836548,4,5,214,9,male
3.711446523666382,2.492305040359497,4,6,214,9,male
9.651077270507812,3.9555771350860596,4,7,214,9,male
14.68599796295166,4.2919440269470215,4,8,214,9,male
17.26953887939453,4.0987677574157715,4,9,214,9,male
-3.2048864364624023,3.8461530208587646,4,0,215,0,male
-6.080377101898193,2.1569178104400635,4,1,215,0,male
-7.98445463180542,1.6797888278961182,4,2,215,0,male
-8.017717361450195,1.8657196760177612,4,3,215,0,male
-7.0823259353637695,3.405965805053711,4,4,215,0,male
-4.984646320343018,4.728713512420654,4,5,215,0,male
-2.2471816539764404,5.7332892417907715,4,6,215,0,male
2.019556999206543,6.090982437133789,4,7,215,0,male
10.185139656066895,6.191429138183594,4,8,215,0,male
14.820028305053711,5.593824863433838,4,9,215,0,male
-5.91877555847168,-1.6422978639602661,4,0,216,1,male
-6.008141994476318,-1.8405320644378662,4,1,216,1,male
-4.587071418762207,-1.4652317762374878,4,2,216,1,male
-1.7569223642349243,-0.11434914916753769,4,3,216,1,male
0.2699200510978699,2.212069511413574,4,4,216,1,male
6.2561187744140625,4.104310989379883,4,5,216,1,male
12.981935501098633,4.436661720275879,4,6,216,1,male
16.945903778076172,4.894180774688721,4,7,216,1,male
31.396358489990234,3.3356575965881348,4,8,216,1,male
31.654052734375,3.750379800796509,4,9,216,1,male
-7.418300628662109,2.9103751182556152,4,0,217,3,female
-7.722769737243652,3.0716142654418945,4,1,217,3,female
-7.508801460266113,3.517587661743164,4,2,217,3,female
-5.900794506072998,4.432374477386475,4,3,217,3,female
-3.146332025527954,5.255667209625244,4,4,217,3,female
0.755427896976471,6.004651069641113,4,5,217,3,female
9.937736511230469,6.193161964416504,4,6,217,3,female
14.334074974060059,5.8801445960998535,4,7,217,3,female
17.62447738647461,5.360373020172119,4,8,217,3,female
31.82493782043457,3.8493728637695312,4,9,217,3,female
-2.4782590866088867,-2.811588764190674,4,0,218,9,male
-5.048991680145264,-4.645529747009277,4,1,218,9,male
-5.233394622802734,-4.676125526428223,4,2,218,9,male
-4.802853584289551,-4.756159782409668,4,3,218,9,male
-3.045518636703491,-3.417973756790161,4,4,218,9,male
-1.4772366285324097,-1.027276635169983,4,5,218,9,male
0.6358146667480469,1.19704008102417,4,6,218,9,male
6.111268043518066,3.3072142601013184,4,7,218,9,male
12.401625633239746,3.7501184940338135,4,8,218,9,male
16.742280960083008,3.9147472381591797,4,9,218,9,male
-8.391552925109863,3.7973082065582275,4,0,219,10,female
-8.67552661895752,3.6807658672332764,4,1,219,10,female
-7.9774956703186035,4.148218631744385,4,2,219,10,female
-6.18756103515625,4.8489227294921875,4,3,219,10,female
-3.768770694732666,5.388498306274414,4,4,219,10,female
-0.28956273198127747,6.022917747497559,4,5,219,10,female
4.531216621398926,6.3377814292907715,4,6,219,10,female
13.511616706848145,6.149916648864746,4,7,219,10,female
17.305444717407227,5.5238871574401855,4,8,219,10,female
31.63181495666504,3.525155544281006,4,9,219,10,female
-7.322815895080566,3.0589120388031006,4,0,220,3,female
-7.523712158203125,3.314897298812866,4,1,220,3,female
-6.940547466278076,4.193576335906982,4,2,220,3,female
-4.666184902191162,5.725236415863037,4,3,220,3,female
-2.578801393508911,5.9528703689575195,4,4,220,3,female
2.6773359775543213,6.167279243469238,4,5,220,3,female
10.914925575256348,6.365079402923584,4,6,220,3,female
15.230070114135742,5.759032726287842,4,7,220,3,female
31.322446823120117,2.936332941055298,4,8,220,3,female
32.04522705078125,4.041225433349609,4,9,220,3,female
-3.917069435119629,6.868746757507324,4,0,221,2,female
-5.615110397338867,6.933907985687256,4,1,221,2,female
-5.8163676261901855,6.827524662017822,4,2,221,2,female
-5.942368507385254,6.398255825042725,4,3,221,2,female
-4.875571250915527,5.021620750427246,4,4,221,2,female
-2.7821152210235596,4.650629043579102,4,5,221,2,female
0.5409620404243469,5.177497863769531,4,6,221,2,female
9.236536979675293,5.701900005340576,4,7,221,2,female
13.550769805908203,5.124729633331299,4,8,221,2,female
16.932039260864258,4.6282477378845215,4,9,221,2,female
-1.5247222185134888,-1.818171739578247,4,0,222,9,male
-4.34689998626709,-4.04283332824707,4,1,222,9,male
-5.277003765106201,-4.518985748291016,4,2,222,9,male
-5.127647399902344,-4.589330196380615,4,3,222,9,male
-3.888582229614258,-3.8930070400238037,4,4,222,9,male
-1.825770616531372,-2.1068034172058105,4,5,222,9,male
0.03762524202466011,0.5921825766563416,4,6,222,9,male
4.711956977844238,2.944126605987549,4,7,222,9,male
10.960023880004883,3.963732957839966,4,8,222,9,male
15.665190696716309,4.098719596862793,4,9,222,9,male
-1.3980399370193481,-2.0579023361206055,4,0,223,7,male
-3.6549599170684814,-4.845355987548828,4,1,223,7,male
-4.860299110412598,-6.7266974449157715,4,2,223,7,male
-3.232309103012085,-5.182495594024658,4,3,223,7,male
-2.320493459701538,-2.2645468711853027,4,4,223,7,male
-0.34325623512268066,-0.13032753765583038,4,5,223,7,male
2.044616460800171,1.7484521865844727,4,6,223,7,male
7.198447227478027,3.6342999935150146,4,7,223,7,male
13.07576847076416,4.098392009735107,4,8,223,7,male
16.48243522644043,4.148230075836182,4,9,223,7,male
-2.7668704986572266,-2.981809616088867,4,0,224,8,male
-5.388471603393555,-4.263655662536621,4,1,224,8,male
-5.769848346710205,-4.024095058441162,4,2,224,8,male
-4.656704902648926,-2.4311728477478027,4,3,224,8,male
-2.1524856090545654,-0.2502891719341278,4,4,224,8,male
2.1704373359680176,2.1539828777313232,4,5,224,8,male
9.181883811950684,4.116890907287598,4,6,224,8,male
14.503485679626465,4.557836532592773,4,7,224,8,male
31.43366813659668,2.4623823165893555,4,8,224,8,male
31.780452728271484,3.5975546836853027,4,9,224,8,male
-1.3446450233459473,-2.175137996673584,4,0,225,8,male
-4.344361782073975,-4.918653964996338,4,1,225,8,male
-5.289157867431641,-5.4089035987854,4,2,225,8,male
-5.38374662399292,-5.179616451263428,4,3,225,8,male
-2.637829542160034,-2.459271192550659,4,4,225,8,male
-0.33113524317741394,0.14587578177452087,4,5,225,8,male
4.502557754516602,2.8390631675720215,4,6,225,8,male
10.980507850646973,3.886842966079712,4,7,225,8,male
15.832010269165039,4.097827911376953,4,8,225,8,male
32.20209503173828,3.5325379371643066,4,9,225,8,male
-1.427042841911316,-1.950474500656128,4,0,226,9,male
-4.195211887359619,-4.302995204925537,4,1,226,9,male
-5.2042036056518555,-4.873658657073975,4,2,226,9,male
-4.953775882720947,-4.826423645019531,4,3,226,9,male
-3.5381176471710205,-3.778024196624756,4,4,226,9,male
-2.427295684814453,-1.9345401525497437,4,5,226,9,male
-0.3415331244468689,0.020035745576024055,4,6,226,9,male
4.0799641609191895,2.5554637908935547,4,7,226,9,male
10.681587219238281,3.807288408279419,4,8,226,9,male
15.301636695861816,3.9958081245422363,4,9,226,9,male
-1.231985092163086,-2.153132200241089,4,0,227,7,male
-3.461629629135132,-5.1654181480407715,4,1,227,7,male
-5.1164422035217285,-6.881832122802734,4,2,227,7,male
-4.498661041259766,-6.2910475730896,4,3,227,7,male
-4.184657573699951,-3.606891632080078,4,4,227,7,male
-3.1933743953704834,-1.7565574645996094,4,5,227,7,male
-1.9124867916107178,0.5883049368858337,4,6,227,7,male
2.8575379848480225,3.18569278717041,4,7,227,7,male
9.299559593200684,4.700847625732422,4,8,227,7,male
14.166664123535156,4.621713161468506,4,9,227,7,male
-7.344356060028076,3.731759786605835,4,0,228,6,female
-7.354147911071777,3.980440616607666,4,1,228,6,female
-6.955470085144043,4.614891529083252,4,2,228,6,female
-4.651247024536133,5.7935471534729,4,3,228,6,female
-2.7806456089019775,6.107029438018799,4,4,228,6,female
1.8321095705032349,6.3919806480407715,4,5,228,6,female
9.932001113891602,6.32560396194458,4,6,228,6,female
14.312352180480957,5.99485969543457,4,7,228,6,female
17.46156883239746,5.392028331756592,4,8,228,6,female
31.89109992980957,3.1277453899383545,4,9,228,6,female
-1.9731097221374512,0.2917189598083496,4,0,229,1,male
-5.478061676025391,-1.0476130247116089,4,1,229,1,male
-6.035654067993164,-1.5288945436477661,4,2,229,1,male
-5.799618244171143,-1.117510437965393,4,3,229,1,male
-4.679682731628418,-1.1722164154052734,4,4,229,1,male
-2.280349016189575,0.034495048224925995,4,5,229,1,male
-0.43866467475891113,2.1631531715393066,4,6,229,1,male
5.353757858276367,4.04327392578125,4,7,229,1,male
11.892924308776855,4.533470153808594,4,8,229,1,male
16.266315460205078,4.368876934051514,4,9,229,1,male
-7.302097320556641,3.8564999103546143,4,0,230,6,female
-7.477802276611328,4.104620456695557,4,1,230,6,female
-7.422874450683594,4.6575517654418945,4,2,230,6,female
-5.852646827697754,5.217973232269287,4,3,230,6,female
-3.5728039741516113,5.541195392608643,4,4,230,6,female
-0.3488680422306061,6.073733806610107,4,5,230,6,female
4.340829849243164,6.340677261352539,4,6,230,6,female
13.412650108337402,6.196385860443115,4,7,230,6,female
17.06938362121582,5.507568359375,4,8,230,6,female
32.06970977783203,3.4717791080474854,4,9,230,6,female
-5.395604610443115,6.838294982910156,4,0,231,2,female
-5.6439409255981445,6.90654993057251,4,1,231,2,female
-5.591580867767334,6.548139572143555,4,2,231,2,female
-4.448088645935059,5.476987838745117,4,3,231,2,female
-2.8845345973968506,4.452936172485352,4,4,231,2,female
-0.9426008462905884,4.542392253875732,4,5,231,2,female
8.241621971130371,5.219857215881348,4,6,231,2,female
12.908660888671875,4.930022716522217,4,7,231,2,female
16.13428497314453,4.542130470275879,4,8,231,2,female
31.14167022705078,3.400641679763794,4,9,231,2,female
-1.0868184566497803,3.8807215690612793,4,0,232,0,male
-5.5217742919921875,2.164015769958496,4,1,232,0,male
-7.963734149932861,1.6001161336898804,4,2,232,0,male
-7.958730220794678,1.760312557220459,4,3,232,0,male
-7.221001148223877,3.137563467025757,4,4,232,0,male
-5.248523712158203,4.714038372039795,4,5,232,0,male
-3.266719102859497,6.104125022888184,4,6,232,0,male
1.6830817461013794,6.468140602111816,4,7,232,0,male
10.002999305725098,6.404755115509033,4,8,232,0,male
14.195253372192383,6.036557197570801,4,9,232,0,male
-5.5915422439575195,6.867137908935547,4,0,233,2,female
-5.720647811889648,6.834675312042236,4,1,233,2,female
-4.979598045349121,6.267472267150879,4,2,233,2,female
-2.3938796520233154,5.692068576812744,4,3,233,2,female
0.12811855971813202,5.347088813781738,4,4,233,2,female
8.657835960388184,5.6473236083984375,4,5,233,2,female
12.663662910461426,5.5704498291015625,4,6,233,2,female
16.339757919311523,4.968596458435059,4,7,233,2,female
31.669681549072266,2.648388385772705,4,8,233,2,female
32.3267707824707,3.558946371078491,4,9,233,2,female
-4.9704484939575195,6.800772666931152,4,0,234,2,female
-5.051004886627197,6.733658313751221,4,1,234,2,female
-4.867184638977051,6.525134563446045,4,2,234,2,female
-2.4237253665924072,5.831449031829834,4,3,234,2,female
0.0736442282795906,5.573750019073486,4,4,234,2,female
3.49302339553833,5.749833583831787,4,5,234,2,female
12.159819602966309,5.773752212524414,4,6,234,2,female
15.273332595825195,5.493399143218994,4,7,234,2,female
31.509462356567383,2.521726369857788,4,8,234,2,female
31.431482315063477,3.897865056991577,4,9,234,2,female
-5.88303804397583,-1.4070672988891602,4,0,235,1,male
-6.033347129821777,-1.7122361660003662,4,1,235,1,male
-5.217835903167725,-1.1064996719360352,4,2,235,1,male
-2.415337324142456,-0.13746505975723267,4,3,235,1,male
-0.6485001444816589,2.4071033000946045,4,4,235,1,male
5.205541133880615,3.966585636138916,4,5,235,1,male
11.787223815917969,4.48653507232666,4,6,235,1,male
16.02996826171875,4.461227893829346,4,7,235,1,male
31.832429885864258,3.0223376750946045,4,8,235,1,male
31.972890853881836,3.7828714847564697,4,9,235,1,male
-5.449369430541992,6.871861934661865,4,0,236,2,female
-5.854123592376709,6.795685768127441,4,1,236,2,female
-5.79210901260376,6.626948833465576,4,2,236,2,female
-4.280595779418945,5.436216354370117,4,3,236,2,female
-1.731618046760559,5.451235771179199,4,4,236,2,female
1.8063385486602783,5.122418403625488,4,5,236,2,female
10.074734687805176,5.696652412414551,4,6,236,2,female
14.460079193115234,5.0973687171936035,4,7,236,2,female
31.352710723876953,2.3262722492218018,4,8,236,2,female
31.991607666015625,3.5144240856170654,4,9,236,2,female
0.454171746969223,0.21319162845611572,4,0,237,7,male
-2.0476748943328857,-3.387722969055176,4,1,237,7,male
-5.047264575958252,-6.858074188232422,4,2,237,7,male
-5.193210124969482,-6.897104263305664,4,3,237,7,male
-3.3583507537841797,-4.902105808258057,4,4,237,7,male
-2.3753623962402344,-1.8912417888641357,4,5,237,7,male
-0.47058290243148804,0.2571033537387848,4,6,237,7,male
4.048579692840576,2.745290756225586,4,7,237,7,male
9.78795337677002,3.8485405445098877,4,8,237,7,male
14.41846752166748,4.227512359619141,4,9,237,7,male
-4.583623886108398,-0.2848011255264282,4,0,238,1,male
-5.9727301597595215,-1.632100224494934,4,1,238,1,male
-6.014156341552734,-1.672123670578003,4,2,238,1,male
-4.999383926391602,-0.8467185497283936,4,3,238,1,male
-2.149395704269409,-0.09634976089000702,4,4,238,1,male
-0.476010262966156,2.244694471359253,4,5,238,1,male
5.103822231292725,3.885727643966675,4,6,238,1,male
10.616332054138184,4.56589937210083,4,7,238,1,male
14.618785858154297,4.412594318389893,4,8,238,1,male
17.14655876159668,4.5927228927612305,4,9,238,1,male
-5.256298065185547,2.5983726978302,4,0,239,0,male
-7.920057773590088,1.7322163581848145,4,1,239,0,male
-7.98455810546875,1.7663692235946655,4,2,239,0,male
-7.172966003417969,3.336202383041382,4,3,239,0,male
-4.854099273681641,4.7639546394348145,4,4,239,0,male
-1.948760986328125,5.731293678283691,4,5,239,0,male
3.4503467082977295,6.295398712158203,4,6,239,0,male
12.669432640075684,6.419965744018555,4,7,239,0,male
16.763811111450195,5.6750922203063965,4,8,239,0,male
32.23856735229492,3.019625425338745,4,9,239,0,male
1.2474818229675293,1.123863935470581,4,0,240,9,male
-1.613360047340393,-2.1491918563842773,4,1,240,9,male
-4.5953898429870605,-4.3334879875183105,4,2,240,9,male
-5.370398044586182,-4.5039801597595215,4,3,240,9,male
-5.376623630523682,-4.280143737792969,4,4,240,9,male
-4.236639976501465,-2.9275753498077393,4,5,240,9,male
-2.247554302215576,-1.0440969467163086,4,6,240,9,male
-0.04499059543013573,0.7953921556472778,4,7,240,9,male
4.86505651473999,3.0762815475463867,4,8,240,9,male
11.214820861816406,3.994459867477417,4,9,240,9,male
-7.242975234985352,4.115473747253418,4,0,241,6,female
-7.391575813293457,4.291555404663086,4,1,241,6,female
-6.91948127746582,5.1930365562438965,4,2,241,6,female
-4.770698070526123,5.966002464294434,4,3,241,6,female
-2.420074462890625,5.988656520843506,4,4,241,6,female
2.7997899055480957,6.386965274810791,4,5,241,6,female
11.452396392822266,6.58613920211792,4,6,241,6,female
15.56291675567627,5.844256401062012,4,7,241,6,female
17.990177154541016,5.2675371170043945,4,8,241,6,female
32.4306526184082,3.6195406913757324,4,9,241,6,female
-4.598060607910156,6.966334342956543,4,0,242,2,female
-5.671954154968262,6.882433891296387,4,1,242,2,female
-5.6605305671691895,6.884521961212158,4,2,242,2,female
-4.733424186706543,6.140860080718994,4,3,242,2,female
-2.322079658508301,5.789064884185791,4,4,242,2,female
0.4250820279121399,5.782044410705566,4,5,242,2,female
8.681086540222168,5.732442378997803,4,6,242,2,female
13.437250137329102,5.804133892059326,4,7,242,2,female
17.161800384521484,5.197481632232666,4,8,242,2,female
32.25045394897461,3.968879461288452,4,9,242,2,female
-2.21794056892395,-2.39048171043396,4,0,243,9,male
-4.855860710144043,-4.107869625091553,4,1,243,9,male
-5.326562404632568,-4.100169658660889,4,2,243,9,male
-4.6524882316589355,-3.892563819885254,4,3,243,9,male
-3.3695976734161377,-2.793870449066162,4,4,243,9,male
-1.9998712539672852,-0.9379817247390747,4,5,243,9,male
0.1657877415418625,1.1852974891662598,4,6,243,9,male
5.387636661529541,3.2675108909606934,4,7,243,9,male
11.527125358581543,3.9505436420440674,4,8,243,9,male
15.931816101074219,3.99770188331604,4,9,243,9,male
-5.51413631439209,6.960574626922607,4,0,244,2,female
-5.573920249938965,6.898936748504639,4,1,244,2,female
-5.465660095214844,6.478919506072998,4,2,244,2,female
-4.428417205810547,5.696505069732666,4,3,244,2,female
-2.3811709880828857,5.583427906036377,4,4,244,2,female
0.2438313364982605,5.2931647300720215,4,5,244,2,female
8.839638710021973,5.679596424102783,4,6,244,2,female
13.181400299072266,5.459123134613037,4,7,244,2,female
16.921674728393555,4.682912826538086,4,8,244,2,female
31.823753356933594,2.599048137664795,4,9,244,2,female
-7.340022563934326,3.742975950241089,4,0,245,6,female
-7.398073673248291,3.8779377937316895,4,1,245,6,female
-7.020413875579834,4.569066524505615,4,2,245,6,female
-4.931789398193359,5.691630840301514,4,3,245,6,female
-3.071958065032959,6.10853385925293,4,4,245,6,female
1.3573001623153687,6.243752956390381,4,5,245,6,female
10.089334487915039,6.3491644859313965,4,6,245,6,female
14.311466217041016,5.925094127655029,4,7,245,6,female
17.62636375427246,5.3597612380981445,4,8,245,6,female
31.798398971557617,4.0124897956848145,4,9,245,6,female
-7.246963977813721,4.721072196960449,4,0,246,6,female
-7.326340675354004,4.712299823760986,4,1,246,6,female
-7.019640922546387,4.895686626434326,4,2,246,6,female
-4.827604293823242,5.920887470245361,4,3,246,6,female
-3.1601383686065674,6.21048641204834,4,4,246,6,female
1.4633886814117432,6.363635063171387,4,5,246,6,female
9.897040367126465,6.384260177612305,4,6,246,6,female
14.184662818908691,5.982297897338867,4,7,246,6,female
17.50769805908203,5.431440353393555,4,8,246,6,female
32.46805191040039,3.147876739501953,4,9,246,6,female
-0.8720489740371704,-1.5339652299880981,4,0,247,8,male
-3.383944511413574,-4.242172718048096,4,1,247,8,male
-5.596792221069336,-5.6304521560668945,4,2,247,8,male
-5.50671911239624,-5.359807968139648,4,3,247,8,male
-3.2451870441436768,-3.219086170196533,4,4,247,8,male
-0.8909080028533936,-0.5897244215011597,4,5,247,8,male
2.967222213745117,2.1363365650177,4,6,247,8,male
9.798189163208008,3.822384834289551,4,7,247,8,male
15.164606094360352,4.1829118728637695,4,8,247,8,male
31.64339828491211,3.2802541255950928,4,9,247,8,male
-5.715604305267334,-1.3176811933517456,4,0,248,1,male
-5.916621685028076,-1.303152322769165,4,1,248,1,male
-5.077857494354248,-0.8693952560424805,4,2,248,1,male
-2.4800753593444824,-0.055276814848184586,4,3,248,1,male
-0.7532166838645935,1.6722121238708496,4,4,248,1,male
3.3528430461883545,3.33727765083313,4,5,248,1,male
9.183450698852539,4.954355716705322,4,6,248,1,male
13.624824523925781,4.814266681671143,4,7,248,1,male
16.92345428466797,4.423470497131348,4,8,248,1,male
32.3956298828125,3.8081367015838623,4,9,248,1,male
-5.103806018829346,-0.9116304516792297,4,0,249,1,male
-6.012333393096924,-1.6491650342941284,4,1,249,1,male
-5.89890718460083,-1.650997281074524,4,2,249,1,male
-4.2052202224731445,-1.018324613571167,4,3,249,1,male
-1.5510047674179077,0.6254152655601501,4,4,249,1,male
3.1772072315216064,3.2661752700805664,4,5,249,1,male
9.487951278686523,4.7891411781311035,4,6,249,1,male
14.25949478149414,4.518826961517334,4,7,249,1,male
17.107072830200195,4.6312174797058105,4,8,249,1,male
31.787118911743164,2.785025119781494,4,9,249,1,male
-4.070620059967041,5.265406131744385,5,0,250,0,male
-5.911911487579346,3.223088264465332,5,1,250,0,male
-6.21393346786499,2.971959352493286,5,2,250,0,male
-5.874553680419922,3.069096565246582,5,3,250,0,male
-5.033186912536621,4.211180686950684,5,4,250,0,male
-3.2466604709625244,5.374218463897705,5,5,250,0,male
0.36095279455184937,6.083024501800537,5,6,250,0,male
9.531118392944336,6.2904815673828125,5,7,250,0,male
13.739867210388184,5.831158638000488,5,8,250,0,male
17.35147476196289,5.509916305541992,5,9,250,0,male
-1.3963745832443237,3.3571321964263916,5,0,251,1,male
-5.132630348205566,0.36097651720046997,5,1,251,1,male
-5.421026706695557,-0.12864850461483002,5,2,251,1,male
-5.337684631347656,0.05357764661312103,5,3,251,1,male
-2.199277877807617,0.06791827082633972,5,4,251,1,male
-0.718015193939209,2.4525139331817627,5,5,251,1,male
3.4096426963806152,3.348073959350586,5,6,251,1,male
9.766454696655273,4.699733257293701,5,7,251,1,male
14.117836952209473,4.598893165588379,5,8,251,1,male
17.000587463378906,4.3065409660339355,5,9,251,1,male
-2.4529972076416016,-3.8842413425445557,5,0,252,8,male
-4.9750447273254395,-5.7137298583984375,5,1,252,8,male
-4.695113182067871,-5.09810209274292,5,2,252,8,male
-2.1395134925842285,-2.286862373352051,5,3,252,8,male
0.2667829096317291,0.7207586169242859,5,4,252,8,male
6.040574073791504,3.2364542484283447,5,5,252,8,male
12.42647647857666,3.8201122283935547,5,6,252,8,male
16.600154876708984,3.9313950538635254,5,7,252,8,male
32.057674407958984,3.734715700149536,5,8,252,8,male
31.72857666015625,3.3254292011260986,5,9,252,8,male
-5.306031227111816,6.390738010406494,5,0,253,2,female
-5.446176052093506,6.166475296020508,5,1,253,2,female
-5.3650312423706055,5.761194229125977,5,2,253,2,female
-4.1067938804626465,4.715808868408203,5,3,253,2,female
-2.2120766639709473,4.300069332122803,5,4,253,2,female
0.9727729558944702,4.869236469268799,5,5,253,2,female
9.313541412353516,5.160465717315674,5,6,253,2,female
13.865495681762695,4.7160868644714355,5,7,253,2,female
17.01211166381836,4.138839244842529,5,8,253,2,female
31.533987045288086,3.918396472930908,5,9,253,2,female
-6.413804054260254,3.870412588119507,5,0,254,6,female
-6.6765899658203125,3.8861348628997803,5,1,254,6,female
-5.952259540557861,4.409132480621338,5,2,254,6,female
-4.9189677238464355,5.414859294891357,5,3,254,6,female
-3.234713554382324,5.920270919799805,5,4,254,6,female
1.4147922992706299,6.325709342956543,5,5,254,6,female
10.112262725830078,6.340372562408447,5,6,254,6,female
14.566422462463379,5.854433059692383,5,7,254,6,female
17.69805335998535,5.297158241271973,5,8,254,6,female
31.756423950195312,3.3958723545074463,5,9,254,6,female
-6.476330757141113,3.8596816062927246,5,0,255,6,female
-6.911115646362305,3.7639682292938232,5,1,255,6,female
-6.4588751792907715,4.240355968475342,5,2,255,6,female
-5.980720520019531,4.930301189422607,5,3,255,6,female
-3.693866491317749,5.581089496612549,5,4,255,6,female
-0.31366339325904846,6.109756946563721,5,5,255,6,female
4.2691264152526855,6.387552738189697,5,6,255,6,female
13.484460830688477,6.252108573913574,5,7,255,6,female
17.168365478515625,5.7114739418029785,5,8,255,6,female
32.26792526245117,3.5589685440063477,5,9,255,6,female
-2.279832601547241,-2.596949577331543,5,0,256,9,male
-4.962798595428467,-4.432619571685791,5,1,256,9,male
-5.2546844482421875,-4.618862152099609,5,2,256,9,male
-5.478245258331299,-4.818213939666748,5,3,256,9,male
-3.530271053314209,-3.182466506958008,5,4,256,9,male
-1.1561213731765747,-0.9077210426330566,5,5,256,9,male
2.404339551925659,1.964424967765808,5,6,256,9,male
9.50951862335205,3.959263324737549,5,7,256,9,male
14.835000038146973,4.324544906616211,5,8,256,9,male
31.200416564941406,2.9879419803619385,5,9,256,9,male
-5.466928958892822,3.5691914558410645,5,0,257,0,male
-6.37407922744751,2.9175729751586914,5,1,257,0,male
-6.440390110015869,2.9004948139190674,5,2,257,0,male
-5.823782920837402,4.207037925720215,5,3,257,0,male
-4.031927585601807,5.2351298332214355,5,4,257,0,male
-1.0920825004577637,6.041682720184326,5,5,257,0,male
3.921269655227661,6.329171657562256,5,6,257,0,male
13.083821296691895,6.2395548820495605,5,7,257,0,male
17.060644149780273,5.601713180541992,5,8,257,0,male
31.992103576660156,3.345888376235962,5,9,257,0,male
-5.058751106262207,-0.362520694732666,5,0,258,1,male
-5.179231643676758,-0.45133593678474426,5,1,258,1,male
-5.00475549697876,-0.5026831030845642,5,2,258,1,male
-2.5069262981414795,-0.37531208992004395,5,3,258,1,male
-1.4398010969161987,0.6967952251434326,5,4,258,1,male
3.390948534011841,3.1702029705047607,5,5,258,1,male
10.121442794799805,4.510342121124268,5,6,258,1,male
14.37191104888916,4.407140254974365,5,7,258,1,male
17.02412223815918,4.40916109085083,5,8,258,1,male
31.712921142578125,3.793715715408325,5,9,258,1,male
-1.8945353031158447,0.472535640001297,5,0,259,1,male
-5.1402411460876465,-0.35178378224372864,5,1,259,1,male
-5.363276958465576,-0.6990517377853394,5,2,259,1,male
-5.170523643493652,-0.613299548625946,5,3,259,1,male
-3.6808249950408936,-0.6412997841835022,5,4,259,1,male
-1.6673226356506348,0.5109294652938843,5,5,259,1,male
2.634168863296509,2.6927988529205322,5,6,259,1,male
9.049095153808594,4.350921154022217,5,7,259,1,male
13.759429931640625,4.289884090423584,5,8,259,1,male
16.967370986938477,4.106145858764648,5,9,259,1,male
-1.579890251159668,-2.2317752838134766,5,0,260,9,male
-4.772462368011475,-4.619014263153076,5,1,260,9,male
-5.266816139221191,-4.817770004272461,5,2,260,9,male
-5.429677963256836,-4.505881309509277,5,3,260,9,male
-4.604568004608154,-4.1217451095581055,5,4,260,9,male
-2.726911783218384,-2.337726593017578,5,5,260,9,male
-0.45456889271736145,0.15006156265735626,5,6,260,9,male
4.124003887176514,2.766610622406006,5,7,260,9,male
10.781717300415039,3.912731885910034,5,8,260,9,male
15.606184005737305,4.0928053855896,5,9,260,9,male
0.07438379526138306,-0.17916129529476166,5,0,261,8,male
-2.429403781890869,-3.9274628162384033,5,1,261,8,male
-4.794735908508301,-6.251284122467041,5,2,261,8,male
-4.1305251121521,-5.409680366516113,5,3,261,8,male
-1.6639621257781982,-2.1103992462158203,5,4,261,8,male
1.164996862411499,1.0938762426376343,5,5,261,8,male
8.80952262878418,4.125612258911133,5,6,261,8,male
14.604371070861816,4.401116847991943,5,7,261,8,male
31.556224822998047,3.12345290184021,5,8,261,8,male
32.125648498535156,3.3076250553131104,5,9,261,8,male
-6.303228378295898,3.0304644107818604,5,0,262,3,female
-6.5152482986450195,3.072448253631592,5,1,262,3,female
-6.358548641204834,3.9364025592803955,5,2,262,3,female
-5.197290420532227,5.070716857910156,5,3,262,3,female
-3.395244598388672,5.442787170410156,5,4,262,3,female
0.7969423532485962,6.1574273109436035,5,5,262,3,female
9.795659065246582,6.326569080352783,5,6,262,3,female
14.192832946777344,5.977896213531494,5,7,262,3,female
17.545320510864258,5.421047687530518,5,8,262,3,female
31.7454776763916,3.6438639163970947,5,9,262,3,female
-3.4342164993286133,3.6752517223358154,5,0,263,11,female
-7.305962562561035,1.9405115842819214,5,1,263,11,female
-8.880218505859375,0.16059793531894684,5,2,263,11,female
-8.591697692871094,0.025173570960760117,5,3,263,11,female
-7.940077304840088,0.5191216468811035,5,4,263,11,female
-6.766857624053955,1.3906300067901611,5,5,263,11,female
-3.8941829204559326,3.279059886932373,5,6,263,11,female
-0.5688891410827637,4.629266262054443,5,7,263,11,female
9.112728118896484,5.590110778808594,5,8,263,11,female
14.591666221618652,5.271239280700684,5,9,263,11,female
-1.3014864921569824,4.376739025115967,5,0,264,11,female
-6.0514817237854,2.4475865364074707,5,1,264,11,female
-9.34131908416748,0.606576681137085,5,2,264,11,female
-9.553380966186523,0.2722920775413513,5,3,264,11,female
-9.463318824768066,0.1545046716928482,5,4,264,11,female
-8.856176376342773,0.5115952491760254,5,5,264,11,female
-7.163188457489014,1.5984642505645752,5,6,264,11,female
-4.237390518188477,3.4892661571502686,5,7,264,11,female
-0.1408439576625824,4.798581123352051,5,8,264,11,female
9.473885536193848,5.647104263305664,5,9,264,11,female
-5.981235504150391,3.3706910610198975,5,0,265,3,female
-6.244134426116943,3.3107268810272217,5,1,265,3,female
-5.797856330871582,4.857516765594482,5,2,265,3,female
-4.157402992248535,5.558348655700684,5,3,265,3,female
-1.5647971630096436,5.996061325073242,5,4,265,3,female
3.6333000659942627,6.328910827636719,5,5,265,3,female
12.897034645080566,6.327388286590576,5,6,265,3,female
16.84657859802246,5.687302589416504,5,7,265,3,female
32.0789680480957,3.972527027130127,5,8,265,3,female
32.05427169799805,4.033290863037109,5,9,265,3,female
-4.9557390213012695,3.572870969772339,5,0,266,0,male
-5.475423812866211,0.3099251985549927,5,1,266,0,male
-5.497829437255859,0.17172671854496002,5,2,266,0,male
-5.1152024269104,0.8769719004631042,5,3,266,0,male
-4.72377347946167,4.137205600738525,5,4,266,0,male
-2.090810775756836,5.18422269821167,5,5,266,0,male
2.2186288833618164,5.985291957855225,5,6,266,0,male
11.391716957092285,6.300768852233887,5,7,266,0,male
15.64692211151123,5.596351146697998,5,8,266,0,male
31.78316307067871,2.5796947479248047,5,9,266,0,male
-1.4171829223632812,-2.4283740520477295,5,0,267,7,male
-4.137052536010742,-6.834059715270996,5,1,267,7,male
-4.262656211853027,-6.901254653930664,5,2,267,7,male
-3.1420645713806152,-4.695957183837891,5,3,267,7,male
-2.0134007930755615,-1.9453543424606323,5,4,267,7,male
0.22340434789657593,0.8220272064208984,5,5,267,7,male
5.481601238250732,3.177647352218628,5,6,267,7,male
11.503400802612305,3.853259801864624,5,7,267,7,male
15.796843528747559,3.9060611724853516,5,8,267,7,male
32.22921371459961,3.1758012771606445,5,9,267,7,male
-7.4893951416015625,3.5899782180786133,5,0,268,10,female
-8.626276016235352,3.113739490509033,5,1,268,10,female
-8.534268379211426,3.3444535732269287,5,2,268,10,female
-6.672439098358154,4.165149211883545,5,3,268,10,female
-3.366988182067871,4.985066890716553,5,4,268,10,female
1.3740320205688477,5.9037275314331055,5,5,268,10,female
10.69411563873291,6.154729843139648,5,6,268,10,female
15.581298828125,5.623666286468506,5,7,268,10,female
32.52961349487305,3.524303913116455,5,8,268,10,female
32.133148193359375,3.2217583656311035,5,9,268,10,female
-1.9689838886260986,0.4219810664653778,5,0,269,1,male
-5.252580165863037,-0.33192941546440125,5,1,269,1,male
-5.405590057373047,-0.5013628005981445,5,2,269,1,male
-4.804064750671387,-0.3514648675918579,5,3,269,1,male
-1.971474289894104,0.18753397464752197,5,4,269,1,male
-0.32007721066474915,2.270915985107422,5,5,269,1,male
5.525697708129883,4.036726951599121,5,6,269,1,male
12.178426742553711,4.446707248687744,5,7,269,1,male
16.515443801879883,4.361424922943115,5,8,269,1,male
31.926013946533203,3.7779157161712646,5,9,269,1,male
-5.054645538330078,6.671581268310547,5,0,270,2,female
-5.085592746734619,6.603514671325684,5,1,270,2,female
-5.171362400054932,5.927659034729004,5,2,270,2,female
-2.9435524940490723,4.491988182067871,5,3,270,2,female
-1.6388497352600098,4.455561637878418,5,4,270,2,female
1.621993899345398,5.058912754058838,5,5,270,2,female
9.923330307006836,5.183303356170654,5,6,270,2,female
14.531230926513672,4.563916206359863,5,7,270,2,female
31.275863647460938,2.3279881477355957,5,8,270,2,female
31.885330200195312,3.336393117904663,5,9,270,2,female
-4.037500381469727,5.245311737060547,5,0,271,0,male
-6.098854064941406,3.118849039077759,5,1,271,0,male
-6.223308086395264,2.9912712574005127,5,2,271,0,male
-6.040597438812256,3.1845006942749023,5,3,271,0,male
-5.032280445098877,4.158874034881592,5,4,271,0,male
-2.738750696182251,5.159285545349121,5,5,271,0,male
1.964387059211731,6.0197014808654785,5,6,271,0,male
11.176887512207031,6.408041954040527,5,7,271,0,male
15.258882522583008,5.606492519378662,5,8,271,0,male
31.791545867919922,2.845355749130249,5,9,271,0,male
-5.1321702003479,6.62025260925293,5,0,272,2,female
-5.260392665863037,6.41270112991333,5,1,272,2,female
-5.338425159454346,6.180960178375244,5,2,272,2,female
-4.899256229400635,5.458589553833008,5,3,272,2,female
-3.4391937255859375,4.4586710929870605,5,4,272,2,female
-1.2023963928222656,4.560510635375977,5,5,272,2,female
1.9935448169708252,5.147566795349121,5,6,272,2,female
12.49420166015625,5.3507609367370605,5,7,272,2,female
16.081201553344727,4.933010578155518,5,8,272,2,female
31.981609344482422,3.610567092895508,5,9,272,2,female
-0.7520122528076172,-1.463727593421936,5,0,273,7,male
-2.7702841758728027,-4.486502647399902,5,1,273,7,male
-4.23004150390625,-7.008134365081787,5,2,273,7,male
-4.31379508972168,-7.03941535949707,5,3,273,7,male
-4.029407501220703,-5.680703163146973,5,4,273,7,male
-4.224430561065674,-3.1452202796936035,5,5,273,7,male
-2.9263079166412354,-1.1981934309005737,5,6,273,7,male
-0.8332266807556152,1.0242047309875488,5,7,273,7,male
4.737540245056152,3.4903182983398438,5,8,273,7,male
11.577751159667969,4.337197303771973,5,9,273,7,male
-1.8739993572235107,-2.3864450454711914,5,0,274,9,male
-4.7624311447143555,-4.601777076721191,5,1,274,9,male
-5.138291358947754,-4.866742134094238,5,2,274,9,male
-5.21622896194458,-5.005562782287598,5,3,274,9,male
-4.220407962799072,-4.490625858306885,5,4,274,9,male
-1.9445987939834595,-2.079803466796875,5,5,274,9,male
0.3772770166397095,0.7035230994224548,5,6,274,9,male
6.106042385101318,3.271768569946289,5,7,274,9,male
12.43734073638916,3.846113443374634,5,8,274,9,male
16.506147384643555,4.068010330200195,5,9,274,9,male
-5.556615829467773,2.3422036170959473,5,0,275,11,female
-8.706637382507324,0.26957789063453674,5,1,275,11,female
-9.002311706542969,-0.21164603531360626,5,2,275,11,female
-8.850058555603027,-0.12141779065132141,5,3,275,11,female
-8.076274871826172,0.586789608001709,5,4,275,11,female
-6.595923900604248,1.6136778593063354,5,5,275,11,female
-3.4739909172058105,3.7482430934906006,5,6,275,11,female
0.6153936982154846,5.044785976409912,5,7,275,11,female
10.062256813049316,5.696000576019287,5,8,275,11,female
15.431008338928223,5.3750104904174805,5,9,275,11,female
-4.987553119659424,3.6499269008636475,5,0,276,0,male
-6.163400173187256,2.6622908115386963,5,1,276,0,male
-5.59276008605957,0.36883991956710815,5,2,276,0,male
-5.420158863067627,1.1969869136810303,5,3,276,0,male
-4.731268882751465,4.028590679168701,5,4,276,0,male
-2.427037239074707,5.4279561042785645,5,5,276,0,male
2.370697021484375,6.02243185043335,5,6,276,0,male
11.567157745361328,6.178343296051025,5,7,276,0,male
15.945422172546387,5.457265377044678,5,8,276,0,male
32.4460334777832,3.868487596511841,5,9,276,0,male
-2.4485270977020264,-2.8011696338653564,5,0,277,9,male
-4.937081336975098,-4.779276371002197,5,1,277,9,male
-5.2213287353515625,-5.097470760345459,5,2,277,9,male
-5.34675931930542,-5.413688659667969,5,3,277,9,male
-3.688566207885742,-3.550509214401245,5,4,277,9,male
-1.3323575258255005,-1.123022198677063,5,5,277,9,male
1.6325191259384155,1.5046888589859009,5,6,277,9,male
8.96683406829834,4.051479816436768,5,7,277,9,male
14.563863754272461,4.356806755065918,5,8,277,9,male
31.512466430664062,2.4966704845428467,5,9,277,9,male
-5.045748233795166,6.581508159637451,5,0,278,2,female
-5.190568447113037,6.444441795349121,5,1,278,2,female
-5.191523551940918,5.97022819519043,5,2,278,2,female
-4.204852104187012,5.027009963989258,5,3,278,2,female
-2.039353132247925,4.745019435882568,5,4,278,2,female
1.442687749862671,5.148048400878906,5,5,278,2,female
9.538420677185059,5.600732326507568,5,6,278,2,female
14.71169376373291,5.349359035491943,5,7,278,2,female
17.421018600463867,5.229855537414551,5,8,278,2,female
32.001548767089844,3.0914180278778076,5,9,278,2,female
-0.8007993102073669,2.6532716751098633,5,0,279,1,male
-5.0041680335998535,-0.013134937733411789,5,1,279,1,male
-5.669709205627441,-0.6878300905227661,5,2,279,1,male
-5.654826641082764,-0.8005285263061523,5,3,279,1,male
-4.7520976066589355,-1.102781891822815,5,4,279,1,male
-2.436607837677002,0.009998193010687828,5,5,279,1,male
-0.5781198740005493,2.3666064739227295,5,6,279,1,male
5.226832866668701,3.930582046508789,5,7,279,1,male
11.768528938293457,4.432076454162598,5,8,279,1,male
16.1943416595459,4.493350982666016,5,9,279,1,male
-6.627768516540527,2.6746459007263184,5,0,280,3,female
-7.011049270629883,2.42480731010437,5,1,280,3,female
-6.9151611328125,2.419131278991699,5,2,280,3,female
-5.39816951751709,3.64182186126709,5,3,280,3,female
-2.5029714107513428,4.57427978515625,5,4,280,3,female
2.08845853805542,5.514431476593018,5,5,280,3,female
11.484075546264648,5.833061218261719,5,6,280,3,female
16.02759552001953,5.376375198364258,5,7,280,3,female
32.248291015625,3.4720449447631836,5,8,280,3,female
32.05238342285156,3.8164124488830566,5,9,280,3,female
-2.3984172344207764,-2.7506814002990723,5,0,281,9,male
-5.028040409088135,-4.7350969314575195,5,1,281,9,male
-5.26149845123291,-4.8149895668029785,5,2,281,9,male
-5.038471698760986,-4.525964260101318,5,3,281,9,male
-2.65842604637146,-2.4670472145080566,5,4,281,9,male
-0.5434492826461792,0.05099955201148987,5,5,281,9,male
3.8954248428344727,2.710714340209961,5,6,281,9,male
10.628030776977539,3.913696050643921,5,7,281,9,male
15.495704650878906,4.02807092666626,5,8,281,9,male
31.61681365966797,2.834813356399536,5,9,281,9,male
-5.020439147949219,6.652276992797852,5,0,282,2,female
-5.14391565322876,6.530546188354492,5,1,282,2,female
-5.119256973266602,5.902131080627441,5,2,282,2,female
-4.281871795654297,5.101036548614502,5,3,282,2,female
-2.388512372970581,4.639639854431152,5,4,282,2,female
0.746714174747467,5.073230743408203,5,5,282,2,female
8.909459114074707,5.556159496307373,5,6,282,2,female
13.173824310302734,5.238125324249268,5,7,282,2,female
16.68800926208496,4.681640625,5,8,282,2,female
31.400785446166992,2.8256471157073975,5,9,282,2,female
-1.7449672222137451,0.5199339389801025,5,0,283,1,male
-5.019706726074219,-0.6189984083175659,5,1,283,1,male
-5.637925624847412,-1.8763805627822876,5,2,283,1,male
-5.573922634124756,-1.9820215702056885,5,3,283,1,male
-4.073250770568848,-0.8597415089607239,5,4,283,1,male
-1.578528642654419,0.5228911638259888,5,5,283,1,male
3.2468085289001465,2.8497507572174072,5,6,283,1,male
10.331222534179688,4.3365092277526855,5,7,283,1,male
15.257060050964355,4.550420761108398,5,8,283,1,male
31.572917938232422,3.2814981937408447,5,9,283,1,male
-8.974616050720215,1.1622648239135742,5,0,284,11,female
-9.533034324645996,0.3640754222869873,5,1,284,11,female
-9.265815734863281,0.33603450655937195,5,2,284,11,female
-8.794061660766602,0.8494251370429993,5,3,284,11,female
-6.970715045928955,1.7446954250335693,5,4,284,11,female
-4.161380290985107,3.647270917892456,5,5,284,11,female
0.05143400654196739,5.016556739807129,5,6,284,11,female
9.85398006439209,5.819687843322754,5,7,284,11,female
15.118759155273438,5.554625034332275,5,8,284,11,female
32.24712371826172,2.7370662689208984,5,9,284,11,female
-7.700891494750977,3.375638961791992,5,0,285,10,female
-8.121487617492676,3.372081995010376,5,1,285,10,female
-7.850911617279053,3.705235242843628,5,2,285,10,female
-5.696523189544678,4.579597473144531,5,3,285,10,female
-2.881228446960449,5.3218841552734375,5,4,285,10,female
2.2046151161193848,6.037927627563477,5,5,285,10,female
11.391119956970215,6.1188836097717285,5,6,285,10,female
16.0950927734375,5.632664680480957,5,7,285,10,female
31.72153663635254,2.901256799697876,5,8,285,10,female
31.57906723022461,4.168372631072998,5,9,285,10,female
-4.307394027709961,-4.302595615386963,5,0,286,9,male
-4.867149353027344,-4.689758777618408,5,1,286,9,male
-4.686269760131836,-4.819472312927246,5,2,286,9,male
-3.0373616218566895,-3.2547194957733154,5,3,286,9,male
-0.8863400220870972,-0.7307597398757935,5,4,286,9,male
2.4278547763824463,1.9810117483139038,5,5,286,9,male
9.586282730102539,3.8807194232940674,5,6,286,9,male
14.802473068237305,4.2575249671936035,5,7,286,9,male
31.96208381652832,3.183591604232788,5,8,286,9,male
31.677955627441406,3.7456977367401123,5,9,286,9,male
-3.7254905700683594,6.820257663726807,5,0,287,2,female
-5.100420951843262,6.6426920890808105,5,1,287,2,female
-5.184484958648682,6.4920783042907715,5,2,287,2,female
-5.293151378631592,5.771241664886475,5,3,287,2,female
-4.406303882598877,4.880824565887451,5,4,287,2,female
-2.241006374359131,4.648002624511719,5,5,287,2,female
1.352576732635498,5.226813793182373,5,6,287,2,female
10.2164306640625,5.711024761199951,5,7,287,2,female
15.163368225097656,5.09852933883667,5,8,287,2,female
31.55720329284668,2.4769234657287598,5,9,287,2,female
-5.308826446533203,6.005214691162109,5,0,288,3,female
-5.283755302429199,6.265916347503662,5,1,288,3,female
-5.297065734863281,6.0993523597717285,5,2,288,3,female
-3.7607598304748535,6.384768962860107,5,3,288,3,female
-3.0092039108276367,6.708796977996826,5,4,288,3,female
2.961003065109253,6.5499467849731445,5,5,288,3,female
12.082932472229004,6.645825386047363,5,6,288,3,female
16.440048217773438,5.833698749542236,5,7,288,3,female
32.12203598022461,3.5113883018493652,5,8,288,3,female
32.07916259765625,3.198132276535034,5,9,288,3,female
-6.325045585632324,2.9066977500915527,5,0,289,3,female
-6.648158073425293,2.8765833377838135,5,1,289,3,female
-6.980993270874023,2.8493335247039795,5,2,289,3,female
-5.433502674102783,3.724743127822876,5,3,289,3,female
-2.6859214305877686,4.690265655517578,5,4,289,3,female
1.8612946271896362,5.840007781982422,5,5,289,3,female
11.247071266174316,6.253014087677002,5,6,289,3,female
15.966243743896484,5.665643215179443,5,7,289,3,female
31.80249786376953,3.971479892730713,5,8,289,3,female
32.263099670410156,3.395451545715332,5,9,289,3,female
-5.97206974029541,4.187243938446045,5,0,290,10,female
-7.877256870269775,3.417344093322754,5,1,290,10,female
-8.35072135925293,3.420278310775757,5,2,290,10,female
-6.975045680999756,4.2404046058654785,5,3,290,10,female
-4.054028511047363,4.8346686363220215,5,4,290,10,female
-0.40785565972328186,5.8382344245910645,5,5,290,10,female
4.752969264984131,6.289200305938721,5,6,290,10,female
13.651228904724121,5.957461357116699,5,7,290,10,female
16.976045608520508,4.747610569000244,5,8,290,10,female
31.21487808227539,2.8665378093719482,5,9,290,10,female
13.76538372039795,5.414647579193115,5,0,291,11,female
8.753145217895508,5.7887654304504395,5,1,291,11,female
-1.4377330541610718,4.0909624099731445,5,2,291,11,female
-6.5310468673706055,2.318237781524658,5,3,291,11,female
-9.375557899475098,0.4537428021430969,5,4,291,11,female
-9.510528564453125,0.4111602306365967,5,5,291,11,female
-8.948622703552246,0.3461249768733978,5,6,291,11,female
-7.708384037017822,0.9431719183921814,5,7,291,11,female
-6.206529140472412,1.7300359010696411,5,8,291,11,female
-3.373898506164551,3.5433223247528076,5,9,291,11,female
-0.5841785669326782,-1.1565638780593872,5,0,292,8,male
-2.6945478916168213,-4.232027053833008,5,1,292,8,male
-5.267829895019531,-5.725846290588379,5,2,292,8,male
-4.39603328704834,-5.019921779632568,5,3,292,8,male
-1.7861964702606201,-2.0647850036621094,5,4,292,8,male
1.2913024425506592,1.2196005582809448,5,5,292,8,male
8.692726135253906,4.06681489944458,5,6,292,8,male
14.493532180786133,4.322931289672852,5,7,292,8,male
31.384262084960938,3.6119492053985596,5,8,292,8,male
32.13349151611328,4.068702697753906,5,9,292,8,male
-5.070131301879883,6.58721399307251,5,0,293,2,female
-5.184171676635742,6.389885425567627,5,1,293,2,female
-5.108868598937988,5.939633369445801,5,2,293,2,female
-4.365170001983643,5.151114463806152,5,3,293,2,female
-2.3359310626983643,4.5439958572387695,5,4,293,2,female
0.236506387591362,4.982444763183594,5,5,293,2,female
9.027761459350586,5.3813018798828125,5,6,293,2,female
13.612929344177246,4.928816795349121,5,7,293,2,female
16.933895111083984,4.6162285804748535,5,8,293,2,female
32.340023040771484,3.7753281593322754,5,9,293,2,female
-1.7279828786849976,4.303933143615723,5,0,294,0,male
-5.659709453582764,3.4238438606262207,5,1,294,0,male
-6.244637966156006,2.953165292739868,5,2,294,0,male
-6.205780982971191,2.9863839149475098,5,3,294,0,male
-5.3196702003479,4.031938552856445,5,4,294,0,male
-4.013191223144531,5.320703029632568,5,5,294,0,male
-1.5446451902389526,5.821809768676758,5,6,294,0,male
3.6436760425567627,6.306551456451416,5,7,294,0,male
12.933333396911621,6.3705644607543945,5,8,294,0,male
17.127544403076172,5.680190563201904,5,9,294,0,male
-5.049046039581299,6.660120964050293,5,0,295,2,female
-5.070216655731201,6.550153732299805,5,1,295,2,female
-5.102913856506348,6.035771369934082,5,2,295,2,female
-3.777430772781372,5.2453389167785645,5,3,295,2,female
-1.4070965051651,5.366616725921631,5,4,295,2,female
3.582359790802002,6.057380676269531,5,5,295,2,female
11.787940979003906,5.857325553894043,5,6,295,2,female
15.732292175292969,5.354379653930664,5,7,295,2,female
31.905569076538086,2.699183940887451,5,8,295,2,female
31.33983039855957,3.7629282474517822,5,9,295,2,female
-1.2217117547988892,-2.1446409225463867,5,0,296,7,male
-3.1736674308776855,-4.864582538604736,5,1,296,7,male
-4.353504180908203,-7.114168643951416,5,2,296,7,male
-4.2886738777160645,-6.547238826751709,5,3,296,7,male
-3.4874565601348877,-5.054745197296143,5,4,296,7,male
-2.98132586479187,-2.922362804412842,5,5,296,7,male
-1.0894408226013184,-0.5394220352172852,5,6,296,7,male
2.116190195083618,1.8009989261627197,5,7,296,7,male
9.515829086303711,3.8972058296203613,5,8,296,7,male
14.499197006225586,4.188309192657471,5,9,296,7,male
-5.234015464782715,-0.05762723460793495,5,0,297,1,male
-5.42919921875,-0.1880102902650833,5,1,297,1,male
-4.583746910095215,-0.2524050176143646,5,2,297,1,male
-1.8254684209823608,0.3214832842350006,5,3,297,1,male
-0.38605090975761414,2.2261011600494385,5,4,297,1,male
5.448812961578369,4.002078056335449,5,5,297,1,male
11.997247695922852,4.3968987464904785,5,6,297,1,male
16.05559539794922,4.2395219802856445,5,7,297,1,male
32.13125991821289,3.0045762062072754,5,8,297,1,male
31.941659927368164,3.6805202960968018,5,9,297,1,male
-4.222036838531494,-4.269578456878662,5,0,298,9,male
-4.871236324310303,-4.724218845367432,5,1,298,9,male
-4.989194869995117,-4.864192485809326,5,2,298,9,male
-4.560448169708252,-4.806062698364258,5,3,298,9,male
-3.0968079566955566,-2.9795775413513184,5,4,298,9,male
-0.858057975769043,-0.5491064786911011,5,5,298,9,male
2.8855865001678467,2.189634084701538,5,6,298,9,male
9.773419380187988,3.8794479370117188,5,7,298,9,male
15.184839248657227,4.099041938781738,5,8,298,9,male
32.07465362548828,3.4885926246643066,5,9,298,9,male
-0.8358784914016724,-1.6387224197387695,5,0,299,7,male
-2.934065580368042,-4.655378818511963,5,1,299,7,male
-4.281489849090576,-7.116136074066162,5,2,299,7,male
-4.330933570861816,-7.102522373199463,5,3,299,7,male
-3.584315776824951,-5.495136260986328,5,4,299,7,male
-3.1198132038116455,-3.0965588092803955,5,5,299,7,male
-1.344995141029358,-0.517967700958252,5,6,299,7,male
1.979451298713684,1.8387137651443481,5,7,299,7,male
9.129307746887207,4.0965256690979,5,8,299,7,male
14.358444213867188,4.345155239105225,5,9,299,7,male
-4.187948226928711,-0.746968150138855,6,0,300,1,male
-5.467215538024902,-1.4418045282363892,6,1,300,1,male
-4.325290679931641,-0.42632028460502625,6,2,300,1,male
-0.9406834840774536,3.519655704498291,6,3,300,1,male
8.536767959594727,5.755735874176025,6,4,300,1,male
13.612421989440918,4.727983474731445,6,5,300,1,male
17.051794052124023,4.30075216293335,6,6,300,1,male
31.86800765991211,3.9226114749908447,6,7,300,1,male
32.251346588134766,3.2961955070495605,6,8,300,1,male
32.48709487915039,3.1515536308288574,6,9,300,1,male
27.48682975769043,2.732724189758301,6,0,301,11,female
27.148393630981445,2.7519218921661377,6,1,301,11,female
-6.043168544769287,2.508256196975708,6,2,301,11,female
-8.438026428222656,1.911319375038147,6,3,301,11,female
-6.267998218536377,3.344228506088257,6,4,301,11,female
-2.483919858932495,4.987962245941162,6,5,301,11,female
27.914997100830078,2.722762107849121,6,6,301,11,female
28.027305603027344,2.740161180496216,6,7,301,11,female
28.213237762451172,2.753755807876587,6,8,301,11,female
28.91379165649414,2.8379931449890137,6,9,301,11,female
-1.1768687963485718,-2.092580795288086,6,0,302,7,male
-3.4496591091156006,-4.91196870803833,6,1,302,7,male
-3.8274261951446533,-4.927409648895264,6,2,302,7,male
-1.6244374513626099,-2.4053163528442383,6,3,302,7,male
1.0338958501815796,0.821277916431427,6,4,302,7,male
28.042936325073242,2.771685838699341,6,5,302,7,male
28.111942291259766,2.754472017288208,6,6,302,7,male
28.500150680541992,2.789207935333252,6,7,302,7,male
29.27349281311035,2.9083821773529053,6,8,302,7,male
30.010286331176758,3.131077289581299,6,9,302,7,male
-0.19350826740264893,4.565783977508545,6,0,303,0,male
-4.67155122756958,3.5553603172302246,6,1,303,0,male
-7.749026298522949,2.4700701236724854,6,2,303,0,male
-8.192554473876953,2.6386427879333496,6,3,303,0,male
-5.733166694641113,4.484680652618408,6,4,303,0,male
-1.6817458868026733,5.672327518463135,6,5,303,0,male
9.169034957885742,6.116292953491211,6,6,303,0,male
14.80122184753418,5.673051834106445,6,7,303,0,male
32.39703369140625,3.386741876602173,6,8,303,0,male
31.731042861938477,3.620349407196045,6,9,303,0,male
-3.282604455947876,4.835575580596924,6,0,304,10,female
-7.62673807144165,3.746478796005249,6,1,304,10,female
-8.591391563415527,3.530961751937866,6,2,304,10,female
-7.831570148468018,4.102597713470459,6,3,304,10,female
-3.9407665729522705,5.311169624328613,6,4,304,10,female
1.706601858139038,6.116073131561279,6,5,304,10,female
11.32492446899414,6.427017688751221,6,6,304,10,female
16.177780151367188,5.670793533325195,6,7,304,10,female
32.17019271850586,3.5131659507751465,6,8,304,10,female
31.655189514160156,3.450613021850586,6,9,304,10,female
0.5168455243110657,0.5301516652107239,6,0,305,9,male
-2.3518311977386475,-2.7559101581573486,6,1,305,9,male
-5.009457588195801,-4.695974349975586,6,2,305,9,male
-4.6256537437438965,-4.568793296813965,6,3,305,9,male
-1.5861996412277222,-2.063908815383911,6,4,305,9,male
1.1919091939926147,1.0597294569015503,6,5,305,9,male
8.785431861877441,4.207064151763916,6,6,305,9,male
14.38110065460205,4.28690767288208,6,7,305,9,male
17.08652687072754,3.8426105976104736,6,8,305,9,male
32.55620193481445,3.8788256645202637,6,9,305,9,male
14.465229034423828,4.996749401092529,6,0,306,1,male
8.66374397277832,5.708415985107422,6,1,306,1,male
-0.9637443423271179,3.4604711532592773,6,2,306,1,male
-4.406562805175781,-0.38371849060058594,6,3,306,1,male
-5.504061222076416,-1.5343724489212036,6,4,306,1,male
-5.066677093505859,-1.1831510066986084,6,5,306,1,male
-1.8091950416564941,0.4269849359989166,6,6,306,1,male
3.2230780124664307,3.0021169185638428,6,7,306,1,male
10.366955757141113,4.407932281494141,6,8,306,1,male
15.6370210647583,4.191615581512451,6,9,306,1,male
-0.8256283402442932,-1.2038629055023193,6,0,307,7,male
-2.540616035461426,-2.9657206535339355,6,1,307,7,male
-3.537601947784424,-3.734534740447998,6,2,307,7,male
-1.3724732398986816,-1.6898400783538818,6,3,307,7,male
1.0363526344299316,0.8870850801467896,6,4,307,7,male
28.420400619506836,2.6875171661376953,6,5,307,7,male
28.59066390991211,2.6719839572906494,6,6,307,7,male
29.00554084777832,2.786203145980835,6,7,307,7,male
29.673519134521484,3.00439453125,6,8,307,7,male
30.42535972595215,3.2771739959716797,6,9,307,7,male
-2.3833837509155273,4.6582136154174805,6,0,308,0,male
-6.861443519592285,3.9593777656555176,6,1,308,0,male
-8.291189193725586,3.011002540588379,6,2,308,0,male
-6.268471717834473,4.46150541305542,6,3,308,0,male
-2.092836380004883,5.652514457702637,6,4,308,0,male
8.942590713500977,6.147811412811279,6,5,308,0,male
14.66386604309082,5.629027843475342,6,6,308,0,male
17.57252311706543,5.202088356018066,6,7,308,0,male
31.999544143676758,3.250250816345215,6,8,308,0,male
31.877017974853516,3.2182652950286865,6,9,308,0,male
-2.4488697052001953,4.444192409515381,6,0,309,0,male
-6.240834712982178,4.145244121551514,6,1,309,0,male
-8.329789161682129,3.2712790966033936,6,2,309,0,male
-5.989158630371094,4.638156414031982,6,3,309,0,male
-2.011155128479004,5.801093101501465,6,4,309,0,male
9.126469612121582,6.191204071044922,6,5,309,0,male
15.012725830078125,5.65603494644165,6,6,309,0,male
32.35259246826172,3.716947078704834,6,7,309,0,male
32.40274429321289,3.539876699447632,6,8,309,0,male
31.57901382446289,3.669806718826294,6,9,309,0,male
-2.3110649585723877,-0.23898622393608093,6,0,310,1,male
-5.160802841186523,-1.3345401287078857,6,1,310,1,male
-5.01037073135376,-1.2021692991256714,6,2,310,1,male
-1.9431711435317993,0.14020535349845886,6,3,310,1,male
2.5118861198425293,2.611741542816162,6,4,310,1,male
9.98713493347168,4.296307563781738,6,5,310,1,male
15.047335624694824,4.9111127853393555,6,6,310,1,male
32.30802536010742,3.932217597961426,6,7,310,1,male
31.475919723510742,3.8004117012023926,6,8,310,1,male
31.749889373779297,3.8363869190216064,6,9,310,1,male
-4.693972587585449,7.2855682373046875,6,0,311,2,female
-5.682345867156982,7.756204128265381,6,1,311,2,female
-5.3959455490112305,7.628376483917236,6,2,311,2,female
-3.571073293685913,6.903398036956787,6,3,311,2,female
2.571406602859497,6.446054458618164,6,4,311,2,female
13.775275230407715,6.006081581115723,6,5,311,2,female
16.760658264160156,5.839914798736572,6,6,311,2,female
31.802553176879883,3.420084238052368,6,7,311,2,female
31.952238082885742,3.7528624534606934,6,8,311,2,female
32.321495056152344,3.2026567459106445,6,9,311,2,female
-5.291025161743164,4.766951560974121,6,0,312,6,female
-7.640258312225342,4.874332904815674,6,1,312,6,female
-5.657294273376465,4.666764259338379,6,2,312,6,female
-2.701525926589966,6.012707710266113,6,3,312,6,female
3.193859100341797,6.350310325622559,6,4,312,6,female
12.79224967956543,6.377961158752441,6,5,312,6,female
16.92432975769043,5.582028388977051,6,6,312,6,female
31.47722625732422,2.952719211578369,6,7,312,6,female
31.891935348510742,3.4690663814544678,6,8,312,6,female
32.32417678833008,3.8529789447784424,6,9,312,6,female
-4.832332611083984,6.228677749633789,6,0,313,2,female
-7.423091888427734,6.4877028465271,6,1,313,2,female
-7.124256134033203,7.119640827178955,6,2,313,2,female
-4.911609172821045,7.132565498352051,6,3,313,2,female
1.0934175252914429,6.452139854431152,6,4,313,2,female
10.280838966369629,6.4978861808776855,6,5,313,2,female
16.15448760986328,5.951746940612793,6,6,313,2,female
31.869924545288086,3.5498204231262207,6,7,313,2,female
32.018768310546875,3.3905937671661377,6,8,313,2,female
31.43535804748535,3.5504209995269775,6,9,313,2,female
27.278478622436523,2.7329213619232178,6,0,314,11,female
-4.987258434295654,3.3384079933166504,6,1,314,11,female
-8.2803373336792,1.8971083164215088,6,2,314,11,female
-8.215381622314453,2.1619229316711426,6,3,314,11,female
-4.747971057891846,3.6855549812316895,6,4,314,11,female
27.285873413085938,2.7771191596984863,6,5,314,11,female
27.989761352539062,2.7693891525268555,6,6,314,11,female
28.210031509399414,2.7725841999053955,6,7,314,11,female
28.807453155517578,2.8493645191192627,6,8,314,11,female
29.520666122436523,2.991896629333496,6,9,314,11,female
-4.936710357666016,4.655797481536865,6,0,315,10,female
-8.305566787719727,3.790349006652832,6,1,315,10,female
-8.500591278076172,3.703834295272827,6,2,315,10,female
-5.849289894104004,4.4222588539123535,6,3,315,10,female
-2.275263786315918,5.664341926574707,6,4,315,10,female
3.378899097442627,6.202607154846191,6,5,315,10,female
12.845974922180176,6.359940528869629,6,6,315,10,female
17.009889602661133,5.524599075317383,6,7,315,10,female
32.57315444946289,3.1414601802825928,6,8,315,10,female
32.303382873535156,3.4037134647369385,6,9,315,10,female
-5.306236743927002,3.8537540435791016,6,0,316,3,female
-8.242855072021484,2.6686904430389404,6,1,316,3,female
-8.199081420898438,2.8590259552001953,6,2,316,3,female
-5.030709743499756,4.637199401855469,6,3,316,3,female
27.380422592163086,2.726118326187134,6,4,316,3,female
27.642147064208984,2.717433214187622,6,5,316,3,female
28.029560089111328,2.7500662803649902,6,6,316,3,female
28.427947998046875,2.754484176635742,6,7,316,3,female
29.263965606689453,2.9320273399353027,6,8,316,3,female
30.101274490356445,3.1556508541107178,6,9,316,3,female
-4.95497465133667,4.661574363708496,6,0,317,10,female
-8.373115539550781,3.6504359245300293,6,1,317,10,female
-8.503995895385742,3.4835147857666016,6,2,317,10,female
-6.369647026062012,4.231287956237793,6,3,317,10,female
-2.8937010765075684,5.155835151672363,6,4,317,10,female
2.005366086959839,6.090635299682617,6,5,317,10,female
11.577369689941406,6.399756908416748,6,6,317,10,female
16.296504974365234,5.652480602264404,6,7,317,10,female
32.4345703125,3.278266429901123,6,8,317,10,female
31.877595901489258,3.7858316898345947,6,9,317,10,female
-0.755939781665802,-1.0435630083084106,6,0,318,8,male
-2.4358251094818115,-3.303856372833252,6,1,318,8,male
-3.103407144546509,-3.7378175258636475,6,2,318,8,male
-1.1179180145263672,-1.7407572269439697,6,3,318,8,male
1.1597061157226562,1.3406916856765747,6,4,318,8,male
8.944389343261719,5.963540554046631,6,5,318,8,male
14.60149097442627,5.494565486907959,6,6,318,8,male
18.036693572998047,5.451729774475098,6,7,318,8,male
32.52909469604492,3.611558675765991,6,8,318,8,male
31.60205078125,3.942708969116211,6,9,318,8,male
-4.133729934692383,5.16372537612915,6,0,319,10,female
-8.100865364074707,3.9322824478149414,6,1,319,10,female
-8.661564826965332,3.63919997215271,6,2,319,10,female
-7.8852691650390625,4.171638488769531,6,3,319,10,female
-4.023029804229736,5.291378021240234,6,4,319,10,female
1.5357306003570557,6.071397304534912,6,5,319,10,female
11.164552688598633,6.46566915512085,6,6,319,10,female
15.840248107910156,5.718957424163818,6,7,319,10,female
31.92693519592285,3.2730042934417725,6,8,319,10,female
32.08793258666992,3.785217761993408,6,9,319,10,female
1.048102855682373,1.06424081325531,6,0,320,9,male
-1.795028567314148,-2.1562340259552,6,1,320,9,male
-4.682308673858643,-4.284876823425293,6,2,320,9,male
-4.754936695098877,-4.5833258628845215,6,3,320,9,male
-1.9584064483642578,-2.57175350189209,6,4,320,9,male
0.54951012134552,0.5847984552383423,6,5,320,9,male
6.344687461853027,3.405068874359131,6,6,320,9,male
12.62495231628418,3.86540150642395,6,7,320,9,male
16.509599685668945,4.304166793823242,6,8,320,9,male
31.61954116821289,2.9784882068634033,6,9,320,9,male
0.25931113958358765,0.5822040438652039,6,0,321,9,male
-2.3704447746276855,-2.6904757022857666,6,1,321,9,male
-4.817177772521973,-4.271153926849365,6,2,321,9,male
-4.458037853240967,-4.1560211181640625,6,3,321,9,male
-1.2342376708984375,-1.5654990673065186,6,4,321,9,male
1.3740028142929077,1.2642652988433838,6,5,321,9,male
9.451266288757324,4.080239772796631,6,6,321,9,male
14.831942558288574,4.514240741729736,6,7,321,9,male
31.607709884643555,3.209897756576538,6,8,321,9,male
31.881710052490234,3.7667691707611084,6,9,321,9,male
-5.512102127075195,4.442896842956543,6,0,322,6,female
-8.404722213745117,3.6858651638031006,6,1,322,6,female
-7.809835910797119,4.688857555389404,6,2,322,6,female
-4.164174556732178,5.630674362182617,6,3,322,6,female
1.5171467065811157,6.285161018371582,6,4,322,6,female
28.1949405670166,2.7770752906799316,6,5,322,6,female
28.47779083251953,2.802271842956543,6,6,322,6,female
29.177318572998047,2.9478204250335693,6,7,322,6,female
29.987638473510742,3.1399447917938232,6,8,322,6,female
30.491790771484375,3.2632601261138916,6,9,322,6,female
27.207571029663086,2.7407283782958984,6,0,323,11,female
-5.664732456207275,2.9401867389678955,6,1,323,11,female
-8.524823188781738,1.6377339363098145,6,2,323,11,female
-8.068882942199707,1.7370891571044922,6,3,323,11,female
-4.692626953125,3.6147310733795166,6,4,323,11,female
-0.21243958175182343,4.497714519500732,6,5,323,11,female
28.505033493041992,2.7659013271331787,6,6,323,11,female
28.725419998168945,2.8279223442077637,6,7,323,11,female
29.18502426147461,2.9325191974639893,6,8,323,11,female
29.86301612854004,3.0923011302948,6,9,323,11,female
-5.026130199432373,4.724801540374756,6,0,324,10,female
-8.432211875915527,3.718996286392212,6,1,324,10,female
-8.50252628326416,3.626540184020996,6,2,324,10,female
-5.76336669921875,4.444310188293457,6,3,324,10,female
-1.7661045789718628,5.594997406005859,6,4,324,10,female
8.77304744720459,6.161850452423096,6,5,324,10,female
14.171174049377441,5.808945655822754,6,6,324,10,female
17.50289535522461,5.292975425720215,6,7,324,10,female
32.133934020996094,4.190906524658203,6,8,324,10,female
32.1312255859375,3.404102087020874,6,9,324,10,female
-4.767554759979248,4.6697869300842285,6,0,325,10,female
-8.247283935546875,3.6406054496765137,6,1,325,10,female
-8.633502960205078,3.656244993209839,6,2,325,10,female
-6.131053447723389,4.319703102111816,6,3,325,10,female
-2.4933338165283203,5.527401447296143,6,4,325,10,female
3.2148680686950684,6.1768646240234375,6,5,325,10,female
12.557961463928223,6.373988151550293,6,6,325,10,female
16.783031463623047,5.660083770751953,6,7,325,10,female
32.238563537597656,3.240569591522217,6,8,325,10,female
31.70213508605957,3.515767812728882,6,9,325,10,female
27.39887809753418,2.7276365756988525,6,0,326,11,female
-3.404092788696289,3.760697841644287,6,1,326,11,female
-7.049116611480713,1.6850627660751343,6,2,326,11,female
-7.875025272369385,1.3088699579238892,6,3,326,11,female
-5.295755386352539,2.56453013420105,6,4,326,11,female
27.23870277404785,2.737062931060791,6,5,326,11,female
27.52452278137207,2.7227237224578857,6,6,326,11,female
27.615007400512695,2.7366106510162354,6,7,326,11,female
28.035184860229492,2.782756805419922,6,8,326,11,female
28.4578800201416,2.7997419834136963,6,9,326,11,female
-4.072029113769531,5.344779014587402,6,0,327,6,female
-7.558110237121582,4.687304496765137,6,1,327,6,female
-7.695643901824951,4.823467254638672,6,2,327,6,female
-5.545170783996582,4.759279251098633,6,3,327,6,female
-1.8531513214111328,5.7928876876831055,6,4,327,6,female
8.986233711242676,6.156668663024902,6,5,327,6,female
14.033275604248047,6.109973430633545,6,6,327,6,female
17.860197067260742,5.432239532470703,6,7,327,6,female
31.621896743774414,4.07703971862793,6,8,327,6,female
31.597148895263672,3.8137757778167725,6,9,327,6,female
27.45482635498047,2.7165815830230713,6,0,328,11,female
27.202327728271484,2.736668825149536,6,1,328,11,female
-5.859353542327881,2.504563093185425,6,2,328,11,female
-8.318535804748535,1.410378336906433,6,3,328,11,female
-6.9059367179870605,1.8430304527282715,6,4,328,11,female
-3.389695644378662,3.7952077388763428,6,5,328,11,female
27.47340965270996,2.7186083793640137,6,6,328,11,female
27.58783721923828,2.712676763534546,6,7,328,11,female
28.1606388092041,2.742964744567871,6,8,328,11,female
28.8327693939209,2.798585891723633,6,9,328,11,female
-4.88652229309082,4.872862815856934,6,0,329,10,female
-8.273762702941895,3.9128458499908447,6,1,329,10,female
-8.455440521240234,3.8263168334960938,6,2,329,10,female
-5.7070088386535645,4.48393440246582,6,3,329,10,female
-2.03635573387146,5.620439052581787,6,4,329,10,female
3.695770740509033,6.334578037261963,6,5,329,10,female
13.194540977478027,6.321258068084717,6,6,329,10,female
17.24528694152832,5.590571880340576,6,7,329,10,female
32.27228546142578,4.046151161193848,6,8,329,10,female
32.490806579589844,3.9557015895843506,6,9,329,10,female
-3.420836925506592,6.895712375640869,6,0,330,2,female
-5.4979681968688965,7.6049957275390625,6,1,330,2,female
-5.69730281829834,7.69813871383667,6,2,330,2,female
-5.164412975311279,7.530582427978516,6,3,330,2,female
1.378207802772522,6.514146327972412,6,4,330,2,female
28.84510612487793,2.857245683670044,6,5,330,2,female
29.151317596435547,2.8886072635650635,6,6,330,2,female
29.681772232055664,3.032346248626709,6,7,330,2,female
32.10555648803711,4.122030735015869,6,8,330,2,female
32.367645263671875,3.8806755542755127,6,9,330,2,female
-4.786035537719727,7.333372592926025,6,0,331,2,female
-5.643393039703369,7.744837284088135,6,1,331,2,female
-5.4640631675720215,7.641757965087891,6,2,331,2,female
-3.469212770462036,6.904804706573486,6,3,331,2,female
2.477146625518799,6.54923677444458,6,4,331,2,female
28.79816246032715,2.8505914211273193,6,5,331,2,female
29.42987060546875,3.0675981044769287,6,6,331,2,female
30.02155876159668,3.139862537384033,6,7,331,2,female
31.17417335510254,3.551373243331909,6,8,331,2,female
31.895790100097656,3.503044605255127,6,9,331,2,female
-1.9825999736785889,5.5343708992004395,6,0,332,0,male
-6.121032238006592,4.311440944671631,6,1,332,0,male
-8.293455123901367,3.0635945796966553,6,2,332,0,male
-6.443845748901367,4.5195536613464355,6,3,332,0,male
-2.6525022983551025,5.571512222290039,6,4,332,0,male
3.0875940322875977,6.350648880004883,6,5,332,0,male
12.911133766174316,6.365689754486084,6,6,332,0,male
17.128084182739258,5.657846927642822,6,7,332,0,male
32.265262603759766,3.7112772464752197,6,8,332,0,male
31.69631004333496,3.7525627613067627,6,9,332,0,male
-4.958747863769531,4.8699727058410645,6,0,333,6,female
-7.988985061645508,4.564605236053467,6,1,333,6,female
-7.841240882873535,4.946017265319824,6,2,333,6,female
-4.583677291870117,5.77860689163208,6,3,333,6,female
0.8453671932220459,6.278177738189697,6,4,333,6,female
10.127535820007324,6.402953147888184,6,5,333,6,female
15.242518424987793,5.7411394119262695,6,6,333,6,female
31.971067428588867,3.426877975463867,6,7,333,6,female
32.17284393310547,3.638184070587158,6,8,333,6,female
32.10595703125,3.685765266418457,6,9,333,6,female
-8.240079879760742,2.90544056892395,6,0,334,3,female
-7.9901556968688965,3.8201441764831543,6,1,334,3,female
-4.264450550079346,5.582360744476318,6,2,334,3,female
1.2356866598129272,6.215487003326416,6,3,334,3,female
10.798409461975098,6.452151298522949,6,4,334,3,female
15.587464332580566,5.767269611358643,6,5,334,3,female
32.187835693359375,3.6040573120117188,6,6,334,3,female
31.812480926513672,3.661665678024292,6,7,334,3,female
32.50468826293945,3.625232219696045,6,8,334,3,female
32.54399108886719,3.6071033477783203,6,9,334,3,female
0.5392354726791382,0.13951312005519867,6,0,335,7,male
-2.0945518016815186,-3.3733971118927,6,1,335,7,male
-3.3167285919189453,-4.841968536376953,6,2,335,7,male
-1.8445298671722412,-2.836169958114624,6,3,335,7,male
0.8300938010215759,0.4954349994659424,6,4,335,7,male
28.168840408325195,2.6361827850341797,6,5,335,7,male
28.320419311523438,2.6202571392059326,6,6,335,7,male
28.513486862182617,2.6543092727661133,6,7,335,7,male
29.119064331054688,2.857041120529175,6,8,335,7,male
29.886320114135742,3.079772472381592,6,9,335,7,male
0.43384018540382385,0.5874049663543701,6,0,336,9,male
-2.2938010692596436,-2.5650672912597656,6,1,336,9,male
-4.73790979385376,-4.244892597198486,6,2,336,9,male
-3.935856819152832,-3.711372137069702,6,3,336,9,male
-1.0695079565048218,-0.9730042815208435,6,4,336,9,male
2.7551064491271973,2.2541863918304443,6,5,336,9,male
9.829483032226562,4.03554630279541,6,6,336,9,male
15.196372985839844,4.3308234214782715,6,7,336,9,male
31.400585174560547,3.5606658458709717,6,8,336,9,male
31.826562881469727,3.408162832260132,6,9,336,9,male
-5.510742664337158,7.408365726470947,6,0,337,2,female
-6.767454147338867,7.427215576171875,6,1,337,2,female
-5.545296669006348,7.6576313972473145,6,2,337,2,female
-3.414010524749756,6.8415985107421875,6,3,337,2,female
9.020977973937988,6.189809322357178,6,4,337,2,female
14.283023834228516,5.746104717254639,6,5,337,2,female
17.63381576538086,5.57729434967041,6,6,337,2,female
31.6540470123291,3.673112154006958,6,7,337,2,female
31.53731346130371,3.9189741611480713,6,8,337,2,female
31.920984268188477,3.5513947010040283,6,9,337,2,female
-0.6853934526443481,-0.6809401512145996,6,0,338,9,male
-3.382481098175049,-3.8497118949890137,6,1,338,9,male
-4.876921653747559,-4.940591335296631,6,2,338,9,male
-3.4603991508483887,-3.9369571208953857,6,3,338,9,male
-0.7923666834831238,-1.046071171760559,6,4,338,9,male
3.112837553024292,2.3146560192108154,6,5,338,9,male
10.059331893920898,3.948500871658325,6,6,338,9,male
15.347225189208984,4.104791164398193,6,7,338,9,male
31.589332580566406,3.826235771179199,6,8,338,9,male
32.36151885986328,3.876495122909546,6,9,338,9,male
-4.317156791687012,-0.43067970871925354,6,0,339,1,male
-5.436506271362305,-1.4850199222564697,6,1,339,1,male
-4.995153427124023,-1.2432520389556885,6,2,339,1,male
-1.8126469850540161,0.29272598028182983,6,3,339,1,male
2.8697330951690674,2.872133493423462,6,4,339,1,male
10.279065132141113,4.485162734985352,6,5,339,1,male
15.401378631591797,4.899111747741699,6,6,339,1,male
32.08460235595703,3.6164095401763916,6,7,339,1,male
31.652864456176758,3.807236433029175,6,8,339,1,male
31.60084342956543,3.8018789291381836,6,9,339,1,male
-2.179610013961792,-0.048100151121616364,6,0,340,1,male
-5.345118522644043,-1.3898017406463623,6,1,340,1,male
-5.458372116088867,-1.510554552078247,6,2,340,1,male
-4.293912410736084,-0.5264942049980164,6,3,340,1,male
-0.7915039658546448,2.8449509143829346,6,4,340,1,male
5.691100597381592,4.122992038726807,6,5,340,1,male
12.617932319641113,4.415281772613525,6,6,340,1,male
16.71776580810547,4.293061256408691,6,7,340,1,male
31.999483108520508,3.289213180541992,6,8,340,1,male
32.38517761230469,3.968337059020996,6,9,340,1,male
-0.39028820395469666,-0.6229230165481567,6,0,341,8,male
-2.320013999938965,-3.4814507961273193,6,1,341,8,male
-2.980463743209839,-4.088538646697998,6,2,341,8,male
-1.326876163482666,-2.097357988357544,6,3,341,8,male
1.1143181324005127,0.9086611270904541,6,4,341,8,male
8.576016426086426,4.448861122131348,6,5,341,8,male
29.220779418945312,2.8328256607055664,6,6,341,8,male
29.72863006591797,2.9936280250549316,6,7,341,8,male
30.588537216186523,3.3127493858337402,6,8,341,8,male
32.272178649902344,3.443737506866455,6,9,341,8,male
-5.087924003601074,4.597804546356201,6,0,342,10,female
-8.383482933044434,3.7488279342651367,6,1,342,10,female
-8.515068054199219,3.607767343521118,6,2,342,10,female
-5.9254231452941895,4.40863561630249,6,3,342,10,female
-2.355762481689453,5.596200466156006,6,4,342,10,female
3.4866623878479004,6.125142574310303,6,5,342,10,female
12.898868560791016,6.221902847290039,6,6,342,10,female
17.151567459106445,5.546616077423096,6,7,342,10,female
32.11829376220703,3.01418137550354,6,8,342,10,female
32.07937240600586,3.969426393508911,6,9,342,10,female
-5.629563808441162,4.141903400421143,6,0,343,3,female
-8.164417266845703,2.903350830078125,6,1,343,3,female
-7.516433238983154,3.832143545150757,6,2,343,3,female
-4.096124649047852,5.371901988983154,6,3,343,3,female
27.508771896362305,2.7177157402038574,6,4,343,3,female
27.673364639282227,2.7314202785491943,6,5,343,3,female
28.074539184570312,2.7830939292907715,6,6,343,3,female
28.821481704711914,2.8507626056671143,6,7,343,3,female
29.51408576965332,2.9828412532806396,6,8,343,3,female
30.298980712890625,3.2496519088745117,6,9,343,3,female
-1.5675145387649536,0.6645380854606628,6,0,344,1,male
-4.310908794403076,-0.8197166919708252,6,1,344,1,male
-5.287546634674072,-1.2850515842437744,6,2,344,1,male
-4.355219841003418,-0.04520602151751518,6,3,344,1,male
-0.8420127630233765,3.459188938140869,6,4,344,1,male
8.873814582824707,5.886829376220703,6,5,344,1,male
14.649266242980957,5.354049205780029,6,6,344,1,male
31.800016403198242,3.4656875133514404,6,7,344,1,male
32.47587966918945,3.958662986755371,6,8,344,1,male
31.579898834228516,3.9123058319091797,6,9,344,1,male
-0.7584541440010071,-1.3985413312911987,6,0,345,7,male
-3.1266696453094482,-4.116950988769531,6,1,345,7,male
-4.055061340332031,-4.4631123542785645,6,2,345,7,male
-1.7661813497543335,-2.3354339599609375,6,3,345,7,male
0.9750708341598511,0.6902419924736023,6,4,345,7,male
28.354673385620117,2.620025634765625,6,5,345,7,male
28.459531784057617,2.62979793548584,6,6,345,7,male
28.960315704345703,2.7559778690338135,6,7,345,7,male
29.678205490112305,2.986713171005249,6,8,345,7,male
30.31546974182129,3.162515878677368,6,9,345,7,male
-4.782740592956543,4.765044689178467,6,0,346,10,female
-8.255291938781738,3.7978246212005615,6,1,346,10,female
-8.549505233764648,3.648216962814331,6,2,346,10,female
-5.830344200134277,4.427157878875732,6,3,346,10,female
-1.8980445861816406,5.672338962554932,6,4,346,10,female
8.910540580749512,6.204169750213623,6,5,346,10,female
29.06755828857422,2.8314759731292725,6,6,346,10,female
17.704357147216797,5.4735870361328125,6,7,346,10,female
30.005170822143555,3.1325700283050537,6,8,346,10,female
30.72320556640625,3.51546311378479,6,9,346,10,female
-0.6060801148414612,-0.6189004182815552,6,0,347,8,male
-2.424877166748047,-3.5227673053741455,6,1,347,8,male
-3.077303886413574,-4.083235263824463,6,2,347,8,male
-1.375320553779602,-2.2134017944335938,6,3,347,8,male
1.0307022333145142,0.9532009959220886,6,4,347,8,male
8.926207542419434,6.042059421539307,6,5,347,8,male
14.032007217407227,5.782805919647217,6,6,347,8,male
17.681764602661133,5.4461236000061035,6,7,347,8,male
32.18523025512695,3.2075414657592773,6,8,347,8,male
32.259613037109375,3.84427809715271,6,9,347,8,male
0.7133440375328064,0.24645079672336578,6,0,348,8,male
-1.9782384634017944,-3.2228167057037354,6,1,348,8,male
-3.212202310562134,-4.5764055252075195,6,2,348,8,male
-1.776651382446289,-2.818415641784668,6,3,348,8,male
0.6216626167297363,0.5563637614250183,6,4,348,8,male
6.749037265777588,3.604585647583008,6,5,348,8,male
13.314474105834961,4.329333305358887,6,6,348,8,male
16.808429718017578,3.964198350906372,6,7,348,8,male
31.900827407836914,2.9595587253570557,6,8,348,8,male
31.681262969970703,3.926398992538452,6,9,348,8,male
0.7101263403892517,0.39032527804374695,6,0,349,8,male
-2.343207597732544,-2.237766742706299,6,1,349,8,male
-4.463929176330566,-3.1955926418304443,6,2,349,8,male
-2.3302550315856934,-2.1521878242492676,6,3,349,8,male
0.9001184105873108,0.5489581823348999,6,4,349,8,male
28.216188430786133,2.5738675594329834,6,5,349,8,male
28.510478973388672,2.6726698875427246,6,6,349,8,male
29.173349380493164,2.8594343662261963,6,7,349,8,male
29.855304718017578,3.068913698196411,6,8,349,8,male
30.900569915771484,3.6431775093078613,6,9,349,8,male
-1.0072726011276245,3.6377780437469482,7,0,350,0,male
-5.322192668914795,1.3097562789916992,7,1,350,0,male
-7.310815811157227,0.4372047483921051,7,2,350,0,male
-7.453379154205322,0.3785206973552704,7,3,350,0,male
-8.029736518859863,2.651693820953369,7,4,350,0,male
-6.641207218170166,4.649112701416016,7,5,350,0,male
-3.755223274230957,5.232666492462158,7,6,350,0,male
-0.11789414286613464,6.035804271697998,7,7,350,0,male
4.679322242736816,6.3335418701171875,7,8,350,0,male
13.716070175170898,6.1431884765625,7,9,350,0,male
-4.439294338226318,4.888636589050293,7,0,351,10,female
-7.780672073364258,3.356309175491333,7,1,351,10,female
-8.81402587890625,2.9365179538726807,7,2,351,10,female
-8.718770980834961,2.8436224460601807,7,3,351,10,female
-8.40890121459961,3.1688010692596436,7,4,351,10,female
-7.803231239318848,4.0288987159729,7,5,351,10,female
-4.91636848449707,4.4326395988464355,7,6,351,10,female
-1.269797921180725,5.71890926361084,7,7,351,10,female
4.244192123413086,6.299370288848877,7,8,351,10,female
13.402750968933105,6.252588272094727,7,9,351,10,female
27.379884719848633,2.764039993286133,7,0,352,11,female
27.25206756591797,2.7195045948028564,7,1,352,11,female
-5.909248352050781,2.486785888671875,7,2,352,11,female
-8.925776481628418,1.123572587966919,7,3,352,11,female
-8.894603729248047,0.9726448655128479,7,4,352,11,female
-8.617460250854492,0.6895648837089539,7,5,352,11,female
-8.102744102478027,0.7159632444381714,7,6,352,11,female
-6.766002178192139,1.4621857404708862,7,7,352,11,female
-3.8385303020477295,3.397627830505371,7,8,352,11,female
-0.17707771062850952,4.8274688720703125,7,9,352,11,female
-1.731889247894287,0.5462945103645325,7,0,353,1,male
-5.013624668121338,-0.6512155532836914,7,1,353,1,male
-5.722533702850342,-1.8651143312454224,7,2,353,1,male
-5.599390506744385,-2.1194875240325928,7,3,353,1,male
-4.984263896942139,-2.263681650161743,7,4,353,1,male
-4.04246711730957,-1.4978106021881104,7,5,353,1,male
-2.6609737873077393,-0.1745789796113968,7,6,353,1,male
-0.7094056606292725,1.6993389129638672,7,7,353,1,male
4.978145599365234,3.9082067012786865,7,8,353,1,male
11.723088264465332,4.492600440979004,7,9,353,1,male
-0.9252000451087952,3.542570114135742,7,0,354,0,male
-5.351921558380127,1.6011403799057007,7,1,354,0,male
-7.41460657119751,0.41777878999710083,7,2,354,0,male
-8.067532539367676,0.3648236095905304,7,3,354,0,male
-8.447267532348633,2.4555203914642334,7,4,354,0,male
-7.632047176361084,4.262510299682617,7,5,354,0,male
-4.545059680938721,4.6503777503967285,7,6,354,0,male
-0.7878255248069763,5.921917915344238,7,7,354,0,male
4.3500165939331055,6.300198554992676,7,8,354,0,male
13.435129165649414,6.130762577056885,7,9,354,0,male
-0.28459426760673523,-0.6029553413391113,7,0,355,7,male
-2.6621038913726807,-4.274882793426514,7,1,355,7,male
-4.499543190002441,-7.04556131362915,7,2,355,7,male
-4.591078758239746,-6.683382034301758,7,3,355,7,male
-4.338047981262207,-5.784199237823486,7,4,355,7,male
-3.2853891849517822,-3.7465531826019287,7,5,355,7,male
-1.7089790105819702,-1.0499721765518188,7,6,355,7,male
0.994543194770813,1.3718515634536743,7,7,355,7,male
6.855443000793457,3.5469517707824707,7,8,355,7,male
13.257402420043945,4.031500816345215,7,9,355,7,male
-3.470231771469116,6.7441487312316895,7,0,356,2,female
-5.483358860015869,6.770737648010254,7,1,356,2,female
-6.297337532043457,6.603472709655762,7,2,356,2,female
-6.223875999450684,6.638769626617432,7,3,356,2,female
-5.783416748046875,6.873137474060059,7,4,356,2,female
-4.998129367828369,6.892605781555176,7,5,356,2,female
-3.2334554195404053,6.836845397949219,7,6,356,2,female
2.864464044570923,6.530655860900879,7,7,356,2,female
12.444321632385254,6.579501152038574,7,8,356,2,female
17.132152557373047,5.647553443908691,7,9,356,2,female
-1.2144291400909424,3.7089288234710693,7,0,357,0,male
-5.357069492340088,1.2769585847854614,7,1,357,0,male
-7.131436824798584,0.5168707966804504,7,2,357,0,male
-7.269038677215576,0.7923309206962585,7,3,357,0,male
-7.715439319610596,2.711094856262207,7,4,357,0,male
-6.049734115600586,4.486973762512207,7,5,357,0,male
-3.053955078125,5.248404502868652,7,6,357,0,male
1.4408727884292603,6.074845314025879,7,7,357,0,male
10.833776473999023,6.327206134796143,7,8,357,0,male
15.485243797302246,5.727377891540527,7,9,357,0,male
-0.8822139501571655,3.322568416595459,7,0,358,1,male
-4.743220806121826,-0.25142160058021545,7,1,358,1,male
-5.759659290313721,-1.8716239929199219,7,2,358,1,male
-5.966425895690918,-2.097604274749756,7,3,358,1,male
-5.272197246551514,-2.212995767593384,7,4,358,1,male
-3.878300905227661,-1.4585564136505127,7,5,358,1,male
-2.2306602001190186,-0.04185168445110321,7,6,358,1,male
-0.17467036843299866,2.1520843505859375,7,7,358,1,male
5.526828289031982,4.0281243324279785,7,8,358,1,male
12.21119213104248,4.517673492431641,7,9,358,1,male
-5.244589328765869,4.179553508758545,7,0,359,6,female
-7.41072416305542,3.395625114440918,7,1,359,6,female
-7.693731784820557,3.4492897987365723,7,2,359,6,female
-8.130718231201172,3.882901668548584,7,3,359,6,female
-7.89787483215332,4.418066024780273,7,4,359,6,female
-6.227610111236572,4.864424228668213,7,5,359,6,female
-2.941021203994751,5.3730316162109375,7,6,359,6,female
2.0973386764526367,6.0874924659729,7,7,359,6,female
11.489364624023438,6.267367839813232,7,8,359,6,female
16.118515014648438,5.735318660736084,7,9,359,6,female
0.518460214138031,0.3636934161186218,7,0,360,8,male
-2.0369160175323486,-3.306305408477783,7,1,360,8,male
-5.037993431091309,-5.557260036468506,7,2,360,8,male
-5.459846019744873,-5.698690891265869,7,3,360,8,male
-4.729606628417969,-5.143231391906738,7,4,360,8,male
-2.7604737281799316,-2.3562746047973633,7,5,360,8,male
-0.32204505801200867,0.17298294603824615,7,6,360,8,male
4.38194465637207,2.6595444679260254,7,7,360,8,male
11.042023658752441,3.7598555088043213,7,8,360,8,male
15.859382629394531,3.899854898452759,7,9,360,8,male
-1.8597873449325562,0.3445185422897339,7,0,361,1,male
-5.071765899658203,-0.9784783720970154,7,1,361,1,male
-5.731433391571045,-1.9191560745239258,7,2,361,1,male
-5.567997455596924,-2.0696873664855957,7,3,361,1,male
-4.792037487030029,-1.7383347749710083,7,4,361,1,male
-3.712076425552368,-1.2276142835617065,7,5,361,1,male
-1.9672653675079346,0.7005506157875061,7,6,361,1,male
3.1404361724853516,3.261794090270996,7,7,361,1,male
9.901651382446289,4.683746814727783,7,8,361,1,male
14.859715461730957,4.497951030731201,7,9,361,1,male
-4.583836078643799,4.6264238357543945,7,0,362,10,female
-7.810983657836914,3.001112699508667,7,1,362,10,female
-8.886723518371582,2.7814881801605225,7,2,362,10,female
-8.74162483215332,2.4153056144714355,7,3,362,10,female
-8.574922561645508,2.6908257007598877,7,4,362,10,female
-7.9953765869140625,3.6017096042633057,7,5,362,10,female
-5.195502758026123,3.423227071762085,7,6,362,10,female
-2.7588417530059814,4.797890663146973,7,7,362,10,female
2.2392544746398926,5.6414361000061035,7,8,362,10,female
11.597640037536621,6.052610397338867,7,9,362,10,female
-7.313424110412598,3.289283514022827,7,0,363,6,female
-7.465579509735107,3.3221077919006348,7,1,363,6,female
-7.263825416564941,3.5166566371917725,7,2,363,6,female
-6.928438663482666,3.7865264415740967,7,3,363,6,female
-5.509503364562988,3.986745834350586,7,4,363,6,female
-3.193598747253418,4.691494941711426,7,5,363,6,female
1.630876064300537,5.625532150268555,7,6,363,6,female
10.94728946685791,6.0276007652282715,7,7,363,6,female
15.691218376159668,5.621091365814209,7,8,363,6,female
32.20831298828125,3.6405417919158936,7,9,363,6,female
-0.8882478475570679,3.2732532024383545,7,0,364,1,male
-4.5934271812438965,-0.09788771718740463,7,1,364,1,male
-5.787424564361572,-1.540196418762207,7,2,364,1,male
-5.896216869354248,-2.0834662914276123,7,3,364,1,male
-5.5033369064331055,-2.2242250442504883,7,4,364,1,male
-4.015113830566406,-1.5211273431777954,7,5,364,1,male
-2.4508814811706543,0.064459428191185,7,6,364,1,male
-0.1289099007844925,2.207596778869629,7,7,364,1,male
5.976047039031982,4.144968509674072,7,8,364,1,male
12.621269226074219,4.486299514770508,7,9,364,1,male
-0.6491584181785583,-1.130653738975525,7,0,365,7,male
-2.7219765186309814,-4.19339656829834,7,1,365,7,male
-4.338791370391846,-7.014204502105713,7,2,365,7,male
-4.335005283355713,-6.424589157104492,7,3,365,7,male
-3.3192498683929443,-4.559617042541504,7,4,365,7,male
-2.717552900314331,-2.5601232051849365,7,5,365,7,male
-0.45069804787635803,-0.2019362896680832,7,6,365,7,male
2.6889853477478027,1.9505093097686768,7,7,365,7,male
9.55703353881836,3.8428993225097656,7,8,365,7,male
14.700557708740234,4.216365814208984,7,9,365,7,male
27.540483474731445,2.7173044681549072,7,0,366,11,female
27.201509475708008,2.7521183490753174,7,1,366,11,female
-6.089805603027344,2.339214324951172,7,2,366,11,female
-9.012452125549316,0.34068477153778076,7,3,366,11,female
-9.414616584777832,0.26109158992767334,7,4,366,11,female
-9.26213264465332,0.5168814659118652,7,5,366,11,female
-8.908560752868652,1.1394940614700317,7,6,366,11,female
-7.067855358123779,1.5025286674499512,7,7,366,11,female
-4.002817153930664,3.4316632747650146,7,8,366,11,female
-0.6173345446586609,4.684506893157959,7,9,366,11,female
-0.9379669427871704,-1.4163777828216553,7,0,367,9,male
-3.541393280029297,-3.920670747756958,7,1,367,9,male
-4.975200653076172,-5.234030723571777,7,2,367,9,male
-5.297601222991943,-5.501392841339111,7,3,367,9,male
-5.50393009185791,-5.408294200897217,7,4,367,9,male
-4.26339054107666,-5.251186370849609,7,5,367,9,male
-2.6034982204437256,-2.5872981548309326,7,6,367,9,male
-0.1578722447156906,-0.023087194189429283,7,7,367,9,male
4.318076133728027,2.55196213722229,7,8,367,9,male
11.021784782409668,3.7090370655059814,7,9,367,9,male
-4.435560703277588,4.984156131744385,7,0,368,6,female
-7.467443466186523,3.7071704864501953,7,1,368,6,female
-7.781708240509033,3.658928632736206,7,2,368,6,female
-7.92681884765625,4.5081939697265625,7,3,368,6,female
-8.121347427368164,4.884960174560547,7,4,368,6,female
-7.627227783203125,5.006444454193115,7,5,368,6,female
-4.882282257080078,5.179157733917236,7,6,368,6,female
-0.6897353529930115,5.930917263031006,7,7,368,6,female
4.661379337310791,6.338080406188965,7,8,368,6,female
13.651091575622559,6.160566329956055,7,9,368,6,female
-0.8323017358779907,-1.4559742212295532,7,0,369,7,male
-2.8536062240600586,-4.518589973449707,7,1,369,7,male
-4.33197021484375,-7.043083667755127,7,2,369,7,male
-3.3689393997192383,-5.414515495300293,7,3,369,7,male
-3.0944175720214844,-4.503846645355225,7,4,369,7,male
-2.4592456817626953,-2.2024195194244385,7,5,369,7,male
-0.25910645723342896,-0.1526440680027008,7,6,369,7,male
3.699105978012085,2.321352481842041,7,7,369,7,male
10.578458786010742,3.7473180294036865,7,8,369,7,male
15.09124755859375,3.985656499862671,7,9,369,7,male
-0.9741459488868713,3.5843212604522705,7,0,370,0,male
-5.060919761657715,0.6597788333892822,7,1,370,0,male
-7.2414445877075195,0.20268376171588898,7,2,370,0,male
-7.26159143447876,0.18085375428199768,7,3,370,0,male
-7.946170330047607,2.3748555183410645,7,4,370,0,male
-7.762704849243164,4.172640800476074,7,5,370,0,male
-5.619882583618164,4.805683135986328,7,6,370,0,male
-1.658316731452942,5.896636486053467,7,7,370,0,male
3.643420696258545,6.2195353507995605,7,8,370,0,male
12.8582124710083,6.199276447296143,7,9,370,0,male
28.231365203857422,2.5984673500061035,7,0,371,7,male
0.5767570734024048,0.18190819025039673,7,1,371,7,male
-2.1607203483581543,-3.596808671951294,7,2,371,7,male
-4.4299116134643555,-7.006654739379883,7,3,371,7,male
-4.949309349060059,-6.719354629516602,7,4,371,7,male
-4.107363224029541,-5.898281097412109,7,5,371,7,male
-2.8215079307556152,-3.0554018020629883,7,6,371,7,male
-0.4965357184410095,-0.2572111189365387,7,7,371,7,male
2.8614819049835205,2.00477933883667,7,8,371,7,male
9.88267993927002,3.7656726837158203,7,9,371,7,male
-1.5529332160949707,-1.9784737825393677,7,0,372,9,male
-4.391340255737305,-4.116190433502197,7,1,372,9,male
-5.26076078414917,-4.839306354522705,7,2,372,9,male
-5.389731407165527,-5.084652423858643,7,3,372,9,male
-5.792462348937988,-5.0786519050598145,7,4,372,9,male
-5.728549957275391,-4.602845668792725,7,5,372,9,male
-3.263122320175171,-2.6925249099731445,7,6,372,9,male
-0.88606196641922,-0.2592903971672058,7,7,372,9,male
2.231755256652832,1.833817720413208,7,8,372,9,male
9.219947814941406,3.8493192195892334,7,9,372,9,male
-0.7650798559188843,-1.4717293977737427,7,0,373,7,male
-2.9028351306915283,-4.667086124420166,7,1,373,7,male
-4.659729480743408,-6.957054615020752,7,2,373,7,male
-4.503511428833008,-6.550936698913574,7,3,373,7,male
-3.1612448692321777,-4.513702869415283,7,4,373,7,male
-1.841655969619751,-1.5632346868515015,7,5,373,7,male
0.5720993876457214,0.8395217061042786,7,6,373,7,male
5.600132942199707,2.839489698410034,7,7,373,7,male
12.302695274353027,3.6559996604919434,7,8,373,7,male
16.59357452392578,3.922600507736206,7,9,373,7,male
-4.706366062164307,4.804207801818848,7,0,374,10,female
-7.9502387046813965,3.2978055477142334,7,1,374,10,female
-8.915705680847168,2.910836696624756,7,2,374,10,female
-8.873292922973633,2.934011697769165,7,3,374,10,female
-8.725507736206055,3.2212014198303223,7,4,374,10,female
-7.297708988189697,4.311075210571289,7,5,374,10,female
-3.921290874481201,4.957370281219482,7,6,374,10,female
0.27361395955085754,5.974379539489746,7,7,374,10,female
9.950271606445312,6.217614650726318,7,8,374,10,female
14.760428428649902,5.7820048332214355,7,9,374,10,female
0.21952366828918457,0.012342166155576706,7,0,375,8,male
-2.399691343307495,-3.3615856170654297,7,1,375,8,male
-5.39918851852417,-5.44620418548584,7,2,375,8,male
-5.796725749969482,-5.218194484710693,7,3,375,8,male
-5.855518341064453,-4.456185340881348,7,4,375,8,male
-4.08466100692749,-3.4103550910949707,7,5,375,8,male
-2.207522392272949,-1.457603096961975,7,6,375,8,male
0.5523560643196106,1.1448725461959839,7,7,375,8,male
6.274644374847412,3.333550214767456,7,8,375,8,male
12.660049438476562,3.960523843765259,7,9,375,8,male
-3.9064865112304688,6.453928470611572,7,0,376,2,female
-6.442041873931885,6.4075608253479,7,1,376,2,female
-6.524188041687012,6.522932052612305,7,2,376,2,female
-6.430469036102295,6.536753177642822,7,3,376,2,female
-5.343297958374023,7.011170864105225,7,4,376,2,female
-3.480609178543091,6.859614372253418,7,5,376,2,female
2.179664373397827,6.55489444732666,7,6,376,2,female
11.951055526733398,6.619083404541016,7,7,376,2,female
16.319334030151367,5.9553327560424805,7,8,376,2,female
32.03167724609375,3.036893367767334,7,9,376,2,female
-0.31966111063957214,0.34242188930511475,7,0,377,9,male
-2.387970209121704,-2.6581227779388428,7,1,377,9,male
-4.758756160736084,-4.235827445983887,7,2,377,9,male
-5.2648420333862305,-4.515368938446045,7,3,377,9,male
-5.577332496643066,-4.567288875579834,7,4,377,9,male
-5.691992282867432,-4.296597480773926,7,5,377,9,male
-2.686305522918701,-2.1713945865631104,7,6,377,9,male
-0.3522438406944275,0.40919429063796997,7,7,377,9,male
4.940445423126221,3.168107748031616,7,8,377,9,male
11.40470027923584,3.9300756454467773,7,9,377,9,male
-7.420858383178711,3.4389986991882324,7,0,378,6,female
-7.725004196166992,3.3969640731811523,7,1,378,6,female
-7.760751247406006,3.641261100769043,7,2,378,6,female
-7.8220367431640625,4.099188327789307,7,3,378,6,female
-7.110579490661621,4.451164722442627,7,4,378,6,female
-3.9436235427856445,4.935848236083984,7,5,378,6,female
0.5316086411476135,5.93496036529541,7,6,378,6,female
10.350203514099121,6.165790557861328,7,7,378,6,female
15.751138687133789,5.657495021820068,7,8,378,6,female
31.498550415039062,3.5944266319274902,7,9,378,6,female
27.236757278442383,2.733887195587158,7,0,379,11,female
-5.709163188934326,2.4204471111297607,7,1,379,11,female
-8.389878273010254,0.360982209444046,7,2,379,11,female
-8.687786102294922,0.1012425571680069,7,3,379,11,female
-8.130725860595703,0.12569668889045715,7,4,379,11,female
-7.680229663848877,0.719943642616272,7,5,379,11,female
-6.404685974121094,1.5954058170318604,7,6,379,11,female
-3.734820604324341,3.4027886390686035,7,7,379,11,female
-0.1482870876789093,4.7596001625061035,7,8,379,11,female
9.39063835144043,5.515496253967285,7,9,379,11,female
-4.967986106872559,3.848555564880371,7,0,380,3,female
-7.480384826660156,2.3500421047210693,7,1,380,3,female
-8.771685600280762,2.8845982551574707,7,2,380,3,female
-8.793785095214844,3.1345012187957764,7,3,380,3,female
-8.371922492980957,3.4774036407470703,7,4,380,3,female
-7.2399115562438965,4.29800271987915,7,5,380,3,female
-3.9735569953918457,4.701554775238037,7,6,380,3,female
-0.2766779959201813,5.791393756866455,7,7,380,3,female
4.876053810119629,6.32070255279541,7,8,380,3,female
13.90180778503418,6.100966930389404,7,9,380,3,female
-1.2948185205459595,-1.762370228767395,7,0,381,9,male
-4.214406967163086,-4.144599914550781,7,1,381,9,male
-5.104054927825928,-4.978907585144043,7,2,381,9,male
-5.370926856994629,-5.549858570098877,7,3,381,9,male
-5.2914323806762695,-5.667674541473389,7,4,381,9,male
-4.924313068389893,-5.467321872711182,7,5,381,9,male
-3.0906965732574463,-3.2893788814544678,7,6,381,9,male
-1.0570533275604248,-0.6840131878852844,7,7,381,9,male
2.1579527854919434,1.8057023286819458,7,8,381,9,male
9.37656021118164,3.8801958560943604,7,9,381,9,male
-1.0787572860717773,-1.4611942768096924,7,0,382,9,male
-3.963529586791992,-4.033406734466553,7,1,382,9,male
-5.2391743659973145,-4.727975845336914,7,2,382,9,male
-5.462528705596924,-4.875854015350342,7,3,382,9,male
-5.5945539474487305,-4.749483108520508,7,4,382,9,male
-4.354310035705566,-3.6236984729766846,7,5,382,9,male
-2.5157418251037598,-1.513956904411316,7,6,382,9,male
0.1888926774263382,0.9543582201004028,7,7,382,9,male
5.879087448120117,3.271226167678833,7,8,382,9,male
12.124677658081055,3.8926188945770264,7,9,382,9,male
-4.333876132965088,5.067547798156738,7,0,383,10,female
-7.57548713684082,3.437062978744507,7,1,383,10,female
-8.819612503051758,2.9979708194732666,7,2,383,10,female
-8.858148574829102,2.9653706550598145,7,3,383,10,female
-8.763790130615234,3.039752721786499,7,4,383,10,female
-7.879855632781982,4.068439483642578,7,5,383,10,female
-5.160084247589111,4.541019916534424,7,6,383,10,female
-1.8705384731292725,5.566457271575928,7,7,383,10,female
3.329228401184082,6.0758490562438965,7,8,383,10,female
12.574819564819336,6.20513391494751,7,9,383,10,female
27.518482208251953,2.7363083362579346,7,0,384,11,female
-3.4305381774902344,3.7306768894195557,7,1,384,11,female
-7.2546820640563965,2.1081814765930176,7,2,384,11,female
-8.939884185791016,0.4589659869670868,7,3,384,11,female
-8.779936790466309,0.5124821066856384,7,4,384,11,female
-7.6318206787109375,0.9482026100158691,7,5,384,11,female
-7.188438892364502,1.2595481872558594,7,6,384,11,female
-6.153981685638428,1.8170993328094482,7,7,384,11,female
-3.3757846355438232,3.6445834636688232,7,8,384,11,female
0.44811397790908813,4.881340980529785,7,9,384,11,female
-5.651427745819092,1.8569579124450684,7,0,385,3,female
-7.4502692222595215,1.9932254552841187,7,1,385,3,female
-8.818660736083984,2.9758033752441406,7,2,385,3,female
-9.125386238098145,4.089295864105225,7,3,385,3,female
-7.758864879608154,4.609498500823975,7,4,385,3,female
-4.995790481567383,4.963970184326172,7,5,385,3,female
-1.404269814491272,5.9042863845825195,7,6,385,3,female
3.480637550354004,6.092851638793945,7,7,385,3,female
12.698714256286621,6.130009651184082,7,8,385,3,female
16.854236602783203,5.294807434082031,7,9,385,3,female
-0.07024793326854706,-0.22902828454971313,7,0,386,8,male
-2.6394355297088623,-3.783015489578247,7,1,386,8,male
-4.65369176864624,-6.079460144042969,7,2,386,8,male
-5.016314506530762,-5.963927268981934,7,3,386,8,male
-4.665935516357422,-5.919766902923584,7,4,386,8,male
-3.07759165763855,-3.9525036811828613,7,5,386,8,male
-1.0402592420578003,-0.6604903936386108,7,6,386,8,male
2.428602695465088,1.8328179121017456,7,7,386,8,male
9.564939498901367,3.7963101863861084,7,8,386,8,male
14.82303524017334,4.2204694747924805,7,9,386,8,male
-0.11372220516204834,5.191641330718994,7,0,387,10,female
-4.589851379394531,4.568982124328613,7,1,387,10,female
-7.627683162689209,3.227287530899048,7,2,387,10,female
-8.821556091308594,2.958876132965088,7,3,387,10,female
-8.844032287597656,2.952194929122925,7,4,387,10,female
-8.773673057556152,3.185177803039551,7,5,387,10,female
-7.842263221740723,4.068313121795654,7,6,387,10,female
-4.898804664611816,4.553717613220215,7,7,387,10,female
-0.9416618347167969,5.738833427429199,7,8,387,10,female
4.603978157043457,6.318436145782471,7,9,387,10,female
-4.379952907562256,6.071846961975098,7,0,388,2,female
-7.056417942047119,5.691372871398926,7,1,388,2,female
-7.417217254638672,4.437849521636963,7,2,388,2,female
-7.719936370849609,4.819758892059326,7,3,388,2,female
-6.662981986999512,5.829773902893066,7,4,388,2,female
-5.1791205406188965,7.264015197753906,7,5,388,2,female
-3.125962495803833,6.788015365600586,7,6,388,2,female
2.8243002891540527,6.538393497467041,7,7,388,2,female
13.1963472366333,6.303906440734863,7,8,388,2,female
17.040973663330078,5.7454657554626465,7,9,388,2,female
0.09772255271673203,-0.1117706224322319,7,0,389,8,male
-2.4356167316436768,-3.7057881355285645,7,1,389,8,male
-5.27154016494751,-5.765444278717041,7,2,389,8,male
-5.4808268547058105,-5.780998229980469,7,3,389,8,male
-5.41945743560791,-5.503284931182861,7,4,389,8,male
-3.502609968185425,-3.6045875549316406,7,5,389,8,male
-1.359844446182251,-0.9145605564117432,7,6,389,8,male
1.9081330299377441,1.658968448638916,7,7,389,8,male
9.285672187805176,3.845900297164917,7,8,389,8,male
14.909208297729492,4.259368419647217,7,9,389,8,male
0.702137291431427,0.32152441143989563,7,0,390,8,male
-2.2240359783172607,-3.3810837268829346,7,1,390,8,male
-5.48153829574585,-5.4216742515563965,7,2,390,8,male
-5.722439765930176,-5.466618537902832,7,3,390,8,male
-5.754330158233643,-4.880070686340332,7,4,390,8,male
-3.59995436668396,-3.3631420135498047,7,5,390,8,male
-1.2558188438415527,-0.7577638626098633,7,6,390,8,male
2.003929615020752,1.7602137327194214,7,7,390,8,male
9.44222640991211,3.8981025218963623,7,8,390,8,male
14.652374267578125,4.336199760437012,7,9,390,8,male
1.1126903295516968,0.848992645740509,7,0,391,7,male
-1.101270079612732,-2.038727045059204,7,1,391,7,male
-3.096158266067505,-4.804287433624268,7,2,391,7,male
-4.473203182220459,-7.021273612976074,7,3,391,7,male
-4.3818039894104,-6.353569030761719,7,4,391,7,male
-3.560112953186035,-4.862975597381592,7,5,391,7,male
-2.776460886001587,-2.739131212234497,7,6,391,7,male
-0.5180492997169495,-0.1298389583826065,7,7,391,7,male
2.5963730812072754,1.9372133016586304,7,8,391,7,male
9.522665977478027,3.803920269012451,7,9,391,7,male
-0.5992913246154785,3.977489471435547,7,0,392,0,male
-4.95928430557251,3.497850179672241,7,1,392,0,male
-7.531117916107178,1.6138607263565063,7,2,392,0,male
-7.474517345428467,0.37490883469581604,7,3,392,0,male
-7.9361252784729,2.1606342792510986,7,4,392,0,male
-7.638803958892822,4.115537643432617,7,5,392,0,male
-5.077175140380859,4.629912376403809,7,6,392,0,male
-1.448789119720459,5.8462233543396,7,7,392,0,male
3.5595169067382812,6.1585187911987305,7,8,392,0,male
12.81520938873291,6.118014812469482,7,9,392,0,male
-4.177389621734619,5.087573051452637,7,0,393,10,female
-7.357954025268555,3.5260801315307617,7,1,393,10,female
-8.536675453186035,3.046499252319336,7,2,393,10,female
-8.736076354980469,3.005880117416382,7,3,393,10,female
-8.809588432312012,3.3038330078125,7,4,393,10,female
-7.928455829620361,4.051080703735352,7,5,393,10,female
-5.201235771179199,4.369090557098389,7,6,393,10,female
-1.5198348760604858,5.606873512268066,7,7,393,10,female
3.7869861125946045,6.167125701904297,7,8,393,10,female
13.32310676574707,6.163331031799316,7,9,393,10,female
-2.0539345741271973,0.08105088025331497,7,0,394,1,male
-5.307980060577393,-1.389297366142273,7,1,394,1,male
-5.792857646942139,-2.0845556259155273,7,2,394,1,male
-5.6205596923828125,-2.196408748626709,7,3,394,1,male
-4.334494113922119,-1.6224875450134277,7,4,394,1,male
-2.7375025749206543,-0.3215302526950836,7,5,394,1,male
-0.7251543998718262,1.6718851327896118,7,6,394,1,male
5.086142539978027,3.9136953353881836,7,7,394,1,male
11.723485946655273,4.47321081161499,7,8,394,1,male
16.135299682617188,4.3369526863098145,7,9,394,1,male
27.376432418823242,2.698745012283325,7,0,395,11,female
-4.165787696838379,3.481201171875,7,1,395,11,female
-7.6427226066589355,1.5988329648971558,7,2,395,11,female
-8.944905281066895,0.39310887455940247,7,3,395,11,female
-8.816277503967285,0.3783325254917145,7,4,395,11,female
-8.453325271606445,0.34744974970817566,7,5,395,11,female
-7.931820869445801,0.7695071697235107,7,6,395,11,female
-6.519669532775879,1.5038036108016968,7,7,395,11,female
-3.6230125427246094,3.4596686363220215,7,8,395,11,female
0.13370443880558014,4.743659973144531,7,9,395,11,female
-0.9395569562911987,-1.3407522439956665,7,0,396,9,male
-3.532517671585083,-3.845566749572754,7,1,396,9,male
-5.136488437652588,-5.207217693328857,7,2,396,9,male
-5.208195686340332,-5.467601776123047,7,3,396,9,male
-5.467719078063965,-5.437287330627441,7,4,396,9,male
-5.606259346008301,-5.076544761657715,7,5,396,9,male
-3.7845683097839355,-3.20800518989563,7,6,396,9,male
-1.9548155069351196,-1.1141958236694336,7,7,396,9,male
0.3931948244571686,1.2286994457244873,7,8,396,9,male
5.992616653442383,3.334446430206299,7,9,396,9,male
-4.61494779586792,4.825460433959961,7,0,397,10,female
-7.822567462921143,3.328395128250122,7,1,397,10,female
-8.869222640991211,2.922800064086914,7,2,397,10,female
-8.835684776306152,2.975907325744629,7,3,397,10,female
-8.731559753417969,3.160400629043579,7,4,397,10,female
-8.002878189086914,3.9114418029785156,7,5,397,10,female
-5.168765544891357,4.491050720214844,7,6,397,10,female
-1.687903881072998,5.605130195617676,7,7,397,10,female
3.784123659133911,6.126697063446045,7,8,397,10,female
13.086912155151367,6.197454929351807,7,9,397,10,female
-5.3594746589660645,3.9743711948394775,7,0,398,3,female
-7.312071800231934,2.9979770183563232,7,1,398,3,female
-8.123062133789062,3.1591548919677734,7,2,398,3,female
-8.806310653686523,3.468991994857788,7,3,398,3,female
-7.884718418121338,4.3604936599731445,7,4,398,3,female
-6.492414951324463,4.716209411621094,7,5,398,3,female
-3.153978109359741,5.1001105308532715,7,6,398,3,female
0.9446732401847839,6.0051069259643555,7,7,398,3,female
9.92283821105957,6.081499099731445,7,8,398,3,female
14.652499198913574,5.651690483093262,7,9,398,3,female
-1.811047077178955,0.4068501591682434,7,0,399,1,male
-5.131099224090576,-0.5980373024940491,7,1,399,1,male
-5.582040309906006,-1.6704570055007935,7,2,399,1,male
-5.382563591003418,-1.933071255683899,7,3,399,1,male
-4.1615824699401855,-1.4876612424850464,7,4,399,1,male
-2.511526584625244,-0.018570614978671074,7,5,399,1,male
-0.3268246352672577,2.1210408210754395,7,6,399,1,male
5.627989292144775,4.078786849975586,7,7,399,1,male
12.278926849365234,4.503927230834961,7,8,399,1,male
16.26670265197754,4.305266857147217,7,9,399,1,male
-4.157890796661377,-4.716254234313965,8,0,400,9,male
-5.944404125213623,-5.5762104988098145,8,1,400,9,male
-5.71115779876709,-5.311118125915527,8,2,400,9,male
-3.030073881149292,-3.2478630542755127,8,3,400,9,male
-0.7575654983520508,-0.48927292227745056,8,4,400,9,male
3.1880712509155273,2.2751121520996094,8,5,400,9,male
10.070405006408691,3.9225239753723145,8,6,400,9,male
15.401664733886719,4.153569221496582,8,7,400,9,male
32.01413345336914,3.3143692016601562,8,8,400,9,male
31.34668731689453,3.8296422958374023,8,9,400,9,male
-3.053929090499878,-4.685821533203125,8,0,401,7,male
-4.9968581199646,-6.829331398010254,8,1,401,7,male
-4.638896942138672,-6.412326335906982,8,2,401,7,male
-3.0850579738616943,-4.227573394775391,8,3,401,7,male
-1.7851802110671997,-1.5334609746932983,8,4,401,7,male
0.40130510926246643,0.4583283066749573,8,5,401,7,male
5.212370872497559,2.772989273071289,8,6,401,7,male
11.565277099609375,3.6546292304992676,8,7,401,7,male
15.901772499084473,3.9830455780029297,8,8,401,7,male
32.238548278808594,3.0628628730773926,8,9,401,7,male
-7.445376396179199,2.176039457321167,8,0,402,0,male
-7.887352466583252,2.091930389404297,8,1,402,0,male
-7.097658634185791,4.371682643890381,8,2,402,0,male
-3.8291518688201904,5.178431510925293,8,3,402,0,male
1.0598547458648682,6.080834865570068,8,4,402,0,male
10.639925956726074,6.331032752990723,8,5,402,0,male
15.642467498779297,5.803700923919678,8,6,402,0,male
32.197959899902344,3.8637938499450684,8,7,402,0,male
31.712665557861328,3.611172676086426,8,8,402,0,male
31.836502075195312,4.103107929229736,8,9,402,0,male
-7.501809597015381,2.03409743309021,8,0,403,0,male
-8.072489738464355,1.7121440172195435,8,1,403,0,male
-7.44277811050415,3.88820219039917,8,2,403,0,male
-4.287827491760254,4.54686975479126,8,3,403,0,male
0.1893673837184906,5.697611331939697,8,4,403,0,male
9.997076988220215,6.069766998291016,8,5,403,0,male
15.12354850769043,5.61384916305542,8,6,403,0,male
32.414588928222656,3.44831919670105,8,7,403,0,male
31.485233306884766,3.5972373485565186,8,8,403,0,male
32.3806266784668,3.5211212635040283,8,9,403,0,male
-7.4295806884765625,2.352823495864868,8,0,404,3,female
-7.955656051635742,1.7443844079971313,8,1,404,3,female
-7.978514671325684,1.505950927734375,8,2,404,3,female
-4.8765411376953125,2.89847731590271,8,3,404,3,female
-0.9250428676605225,4.350111961364746,8,4,404,3,female
8.963204383850098,5.749083995819092,8,5,404,3,female
14.063702583312988,5.5370869636535645,8,6,404,3,female
17.843000411987305,5.159538745880127,8,7,404,3,female
31.709674835205078,4.0986833572387695,8,8,404,3,female
31.98098373413086,4.255186080932617,8,9,404,3,female
-4.105862140655518,-4.568884372711182,8,0,405,9,male
-5.865072250366211,-5.635481357574463,8,1,405,9,male
-5.937617301940918,-5.592785358428955,8,2,405,9,male
-4.026819705963135,-4.547862529754639,8,3,405,9,male
-1.4632158279418945,-1.8041709661483765,8,4,405,9,male
1.0624754428863525,1.0308951139450073,8,5,405,9,male
7.367281436920166,3.775925874710083,8,6,405,9,male
13.466788291931152,4.249303340911865,8,7,405,9,male
16.87823486328125,4.107465744018555,8,8,405,9,male
32.159751892089844,3.933464288711548,8,9,405,9,male
-3.0469918251037598,-4.8339691162109375,8,0,406,7,male
-4.891114234924316,-6.842106342315674,8,1,406,7,male
-4.282491683959961,-6.144798278808594,8,2,406,7,male
-2.7422780990600586,-3.105860471725464,8,3,406,7,male
-0.2794468402862549,-0.1428125500679016,8,4,406,7,male
3.793501853942871,2.338003158569336,8,5,406,7,male
10.534384727478027,3.7450878620147705,8,6,406,7,male
15.428799629211426,3.980799913406372,8,7,406,7,male
31.50002670288086,3.4048922061920166,8,8,406,7,male
31.644180297851562,3.6936209201812744,8,9,406,7,male
-5.3365068435668945,-1.3568956851959229,8,0,407,1,male
-5.40941858291626,-1.4601713418960571,8,1,407,1,male
-4.162469863891602,-0.7575767040252686,8,2,407,1,male
-1.0277796983718872,1.270687222480774,8,3,407,1,male
4.778217315673828,3.8856053352355957,8,4,407,1,male
11.687792778015137,4.381767272949219,8,5,407,1,male
16.018938064575195,4.36365270614624,8,6,407,1,male
32.07950973510742,3.170377254486084,8,7,407,1,male
32.43886184692383,3.462752342224121,8,8,407,1,male
31.580524444580078,3.969431161880493,8,9,407,1,male
-7.46323299407959,2.2042174339294434,8,0,408,0,male
-8.07226276397705,2.043274164199829,8,1,408,0,male
-7.240179061889648,4.4082722663879395,8,2,408,0,male
-3.788529634475708,5.363491058349609,8,3,408,0,male
1.4852886199951172,6.193846225738525,8,4,408,0,male
10.983053207397461,6.363562107086182,8,5,408,0,male
15.880838394165039,5.740040302276611,8,6,408,0,male
31.57911491394043,3.381040334701538,8,7,408,0,male
31.790958404541016,4.13010311126709,8,8,408,0,male
32.40619659423828,3.4597599506378174,8,9,408,0,male
-7.194911956787109,6.239400863647461,8,0,409,2,female
-7.500362873077393,6.240609169006348,8,1,409,2,female
-6.292510986328125,5.694180011749268,8,2,409,2,female
-3.1682984828948975,6.318853855133057,8,3,409,2,female
2.768758535385132,6.282381057739258,8,4,409,2,female
11.919734954833984,6.50236701965332,8,5,409,2,female
16.373104095458984,5.710649490356445,8,6,409,2,female
32.349510192871094,3.6427419185638428,8,7,409,2,female
32.062442779541016,3.1684858798980713,8,8,409,2,female
31.84957504272461,4.106755256652832,8,9,409,2,female
-7.407116413116455,2.266176700592041,8,0,410,3,female
-7.682526111602783,1.9284188747406006,8,1,410,3,female
-7.166377544403076,2.203707218170166,8,2,410,3,female
-4.48972225189209,3.4439783096313477,8,3,410,3,female
-1.271537184715271,4.640397071838379,8,4,410,3,female
3.733819007873535,6.028862476348877,8,5,410,3,female
12.92862606048584,6.0887298583984375,8,6,410,3,female
16.869985580444336,5.713686943054199,8,7,410,3,female
32.281429290771484,2.7662909030914307,8,8,410,3,female
32.5228271484375,3.1645452976226807,8,9,410,3,female
-5.636673450469971,-1.7817624807357788,8,0,411,1,male
-5.881857872009277,-2.1119484901428223,8,1,411,1,male
-4.521697521209717,-1.2776516675949097,8,2,411,1,male
-1.771910548210144,0.60579913854599,8,3,411,1,male
3.3878257274627686,3.306615114212036,8,4,411,1,male
10.36521053314209,4.582787036895752,8,5,411,1,male
15.407386779785156,4.474856853485107,8,6,411,1,male
31.640369415283203,4.098911285400391,8,7,411,1,male
32.179256439208984,3.8571746349334717,8,8,411,1,male
32.11491775512695,3.998838186264038,8,9,411,1,male
-8.306873321533203,0.580346941947937,8,0,412,11,female
-8.659564971923828,0.1526722013950348,8,1,412,11,female
-6.921731472015381,1.3954046964645386,8,2,412,11,female
-3.1953630447387695,3.6454808712005615,8,3,412,11,female
3.8006417751312256,3.660623073577881,8,4,412,11,female
28.822690963745117,2.6360995769500732,8,5,412,11,female
29.04892349243164,2.631133556365967,8,6,412,11,female
29.237642288208008,2.7121691703796387,8,7,412,11,female
29.517866134643555,2.8590645790100098,8,8,412,11,female
30.331195831298828,3.212322950363159,8,9,412,11,female
-7.576392650604248,2.0464894771575928,8,0,413,0,male
-8.22027587890625,1.6604279279708862,8,1,413,0,male
-7.840908527374268,3.0853042602539062,8,2,413,0,male
-4.539682388305664,4.464348793029785,8,3,413,0,male
0.07508178055286407,5.818291664123535,8,4,413,0,male
9.922531127929688,6.107795238494873,8,5,413,0,male
15.098018646240234,5.622815132141113,8,6,413,0,male
31.90194320678711,4.002209186553955,8,7,413,0,male
32.533836364746094,3.523524522781372,8,8,413,0,male
32.4834098815918,3.9606494903564453,8,9,413,0,male
-7.559202194213867,2.3662643432617188,8,0,414,0,male
-8.111334800720215,2.3613741397857666,8,1,414,0,male
-6.989083766937256,4.6692376136779785,8,2,414,0,male
-3.577876091003418,5.571598052978516,8,3,414,0,male
1.6971943378448486,6.3891801834106445,8,4,414,0,male
11.233376502990723,6.489400386810303,8,5,414,0,male
15.895854949951172,5.8043718338012695,8,6,414,0,male
32.44499206542969,3.723879098892212,8,7,414,0,male
32.31184005737305,3.6611437797546387,8,8,414,0,male
31.702308654785156,3.370006799697876,8,9,414,0,male
-8.060600280761719,0.9354084730148315,8,0,415,11,female
-8.59074878692627,0.1605827510356903,8,1,415,11,female
-7.528138160705566,0.8509870767593384,8,2,415,11,female
-4.385613441467285,2.694746494293213,8,3,415,11,female
-0.7561858296394348,4.412589073181152,8,4,415,11,female
5.278852462768555,6.199887275695801,8,5,415,11,female
13.785542488098145,6.102872848510742,8,6,415,11,female
17.359474182128906,5.508983612060547,8,7,415,11,female
32.49053192138672,3.5837111473083496,8,8,415,11,female
31.990060806274414,3.240183115005493,8,9,415,11,female
-7.598768711090088,6.039732933044434,8,0,416,2,female
-7.773545742034912,6.013254165649414,8,1,416,2,female
-6.91192102432251,5.535679340362549,8,2,416,2,female
-3.3294668197631836,6.022690773010254,8,3,416,2,female
2.224074602127075,6.39691162109375,8,4,416,2,female
11.659540176391602,6.614856719970703,8,5,416,2,female
16.11748695373535,5.795662879943848,8,6,416,2,female
32.342037200927734,3.529562473297119,8,7,416,2,female
32.316898345947266,3.8085291385650635,8,8,416,2,female
32.135765075683594,4.069373607635498,8,9,416,2,female
-7.3851776123046875,2.1626319885253906,8,0,417,3,female
-8.020981788635254,1.643147587776184,8,1,417,3,female
-7.752720832824707,2.2224960327148438,8,2,417,3,female
-4.490270614624023,3.549241542816162,8,3,417,3,female
-0.17823673784732819,4.8459882736206055,8,4,417,3,female
9.562464714050293,5.759944915771484,8,5,417,3,female
14.873074531555176,5.482261657714844,8,6,417,3,female
31.451087951660156,3.0776560306549072,8,7,417,3,female
32.17061233520508,4.183764934539795,8,8,417,3,female
32.27924346923828,3.850132465362549,8,9,417,3,female
-5.595213890075684,-1.48564612865448,8,0,418,1,male
-6.059548377990723,-2.183640480041504,8,1,418,1,male
-5.16392707824707,-1.5411263704299927,8,2,418,1,male
-4.485418319702148,2.4523165225982666,8,3,418,1,male
2.606595993041992,3.1095738410949707,8,4,418,1,male
9.204495429992676,4.5763421058654785,8,5,418,1,male
14.716659545898438,4.591646671295166,8,6,418,1,male
31.264568328857422,2.2843868732452393,8,7,418,1,male
32.376441955566406,3.7341973781585693,8,8,418,1,male
32.40047836303711,3.4371864795684814,8,9,418,1,male
-3.089996099472046,-4.96268367767334,8,0,419,7,male
-5.01608943939209,-6.727193832397461,8,1,419,7,male
-4.731067657470703,-6.350701332092285,8,2,419,7,male
-3.1123194694519043,-4.287980079650879,8,3,419,7,male
-1.7595139741897583,-1.3559476137161255,8,4,419,7,male
1.0918415784835815,1.2864972352981567,8,5,419,7,male
7.077007293701172,3.6198620796203613,8,6,419,7,male
13.499841690063477,4.149741172790527,8,7,419,7,male
17.01008415222168,4.461869239807129,8,8,419,7,male
31.69273567199707,2.7799975872039795,8,9,419,7,male
-5.632566452026367,-2.060361385345459,8,0,420,1,male
-5.934152603149414,-2.216764211654663,8,1,420,1,male
-4.6261396408081055,-1.85141122341156,8,2,420,1,male
-1.7431795597076416,-0.14767514169216156,8,3,420,1,male
2.8935296535491943,2.5247626304626465,8,4,420,1,male
10.055910110473633,4.174624919891357,8,5,420,1,male
15.345118522644043,4.173611164093018,8,6,420,1,male
31.78421401977539,2.978480815887451,8,7,420,1,male
32.02812576293945,3.782541036605835,8,8,420,1,male
31.85894203186035,3.6728262901306152,8,9,420,1,male
8.807509422302246,5.931703090667725,8,0,421,11,female
-1.1477323770523071,3.7452986240386963,8,1,421,11,female
-5.548318862915039,1.4015655517578125,8,2,421,11,female
-8.601316452026367,0.09191620349884033,8,3,421,11,female
-8.77086067199707,-0.0728985145688057,8,4,421,11,female
-7.690941333770752,0.6254798173904419,8,5,421,11,female
-4.687941074371338,2.6957876682281494,8,6,421,11,female
-0.952671229839325,4.354483604431152,8,7,421,11,female
3.6680383682250977,5.836234092712402,8,8,421,11,female
13.040375709533691,6.0464768409729,8,9,421,11,female
-8.238216400146484,2.6485447883605957,8,0,422,6,female
-8.831404685974121,2.520395517349243,8,1,422,6,female
-7.841701030731201,4.011680603027344,8,2,422,6,female
-4.507342338562012,4.745391368865967,8,3,422,6,female
-0.7150805592536926,5.687767505645752,8,4,422,6,female
4.95613956451416,6.251557350158691,8,5,422,6,female
14.007407188415527,5.937065601348877,8,6,422,6,female
17.600357055664062,5.416452884674072,8,7,422,6,female
32.10252380371094,3.9342730045318604,8,8,422,6,female
32.00796890258789,4.046105861663818,8,9,422,6,female
-5.477351188659668,-1.4983261823654175,8,0,423,1,male
-5.622909069061279,-1.6326932907104492,8,1,423,1,male
-4.201424598693848,-0.8730884194374084,8,2,423,1,male
-1.7365704774856567,0.718282163143158,8,3,423,1,male
3.4632155895233154,3.3330423831939697,8,4,423,1,male
10.436272621154785,4.530954837799072,8,5,423,1,male
15.453338623046875,4.430994033813477,8,6,423,1,male
31.718421936035156,3.2480905055999756,8,7,423,1,male
32.36923599243164,3.2434184551239014,8,8,423,1,male
32.422637939453125,3.369683027267456,8,9,423,1,male
-4.176265716552734,-5.408052444458008,8,0,424,9,male
-5.40720272064209,-6.001932621002197,8,1,424,9,male
-4.68904972076416,-5.658370494842529,8,2,424,9,male
-2.8128275871276855,-3.2842445373535156,8,3,424,9,male
-0.6935774683952332,-0.5100715160369873,8,4,424,9,male
3.080366849899292,2.234088659286499,8,5,424,9,male
9.975432395935059,3.9115850925445557,8,6,424,9,male
15.383574485778809,4.096805572509766,8,7,424,9,male
32.31686782836914,3.648787021636963,8,8,424,9,male
32.31138610839844,3.746824026107788,8,9,424,9,male
-4.035465240478516,-4.653391361236572,8,0,425,9,male
-5.944469928741455,-5.5556721687316895,8,1,425,9,male
-4.112668514251709,-5.111541748046875,8,2,425,9,male
-1.8190096616744995,-2.117687463760376,8,3,425,9,male
0.6409788727760315,0.6896232962608337,8,4,425,9,male
6.512970447540283,3.472900152206421,8,5,425,9,male
13.036632537841797,4.063777446746826,8,6,425,9,male
16.788372039794922,4.145450592041016,8,7,425,9,male
32.00546646118164,3.348629951477051,8,8,425,9,male
31.98772621154785,4.072617530822754,8,9,425,9,male
-5.299995422363281,-1.3157494068145752,8,0,426,1,male
-5.455201148986816,-1.411794900894165,8,1,426,1,male
-4.220800399780273,-0.6818463206291199,8,2,426,1,male
-1.0655901432037354,0.9668200612068176,8,3,426,1,male
4.361586570739746,3.7162535190582275,8,4,426,1,male
11.51787281036377,4.365871429443359,8,5,426,1,male
15.926363945007324,5.387314319610596,8,6,426,1,male
31.748409271240234,3.3709959983825684,8,7,426,1,male
32.18613815307617,3.7001357078552246,8,8,426,1,male
31.54069709777832,3.511653423309326,8,9,426,1,male
-4.131522178649902,-4.7240214347839355,8,0,427,9,male
-6.031830310821533,-5.36807107925415,8,1,427,9,male
-6.011434555053711,-4.9231743812561035,8,2,427,9,male
-3.3820595741271973,-3.005946159362793,8,3,427,9,male
-1.1166141033172607,-0.6122263669967651,8,4,427,9,male
2.6775496006011963,2.096905469894409,8,5,427,9,male
9.592401504516602,3.9668986797332764,8,6,427,9,male
14.957560539245605,4.319869041442871,8,7,427,9,male
32.23688888549805,2.8856568336486816,8,8,427,9,male
31.54644203186035,3.9462249279022217,8,9,427,9,male
-7.983309745788574,0.5144535303115845,8,0,428,11,female
-8.759517669677734,0.026188356801867485,8,1,428,11,female
-7.863675117492676,0.5361761450767517,8,2,428,11,female
-4.735620021820068,2.6406028270721436,8,3,428,11,female
-1.006892442703247,4.2939558029174805,8,4,428,11,female
3.790940284729004,5.9094133377075195,8,5,428,11,female
13.01352310180664,6.159417629241943,8,6,428,11,female
17.19685935974121,5.570041179656982,8,7,428,11,female
31.737686157226562,3.7295684814453125,8,8,428,11,female
31.873001098632812,3.7372093200683594,8,9,428,11,female
-7.36964750289917,6.189533233642578,8,0,429,2,female
-7.501600742340088,6.216644287109375,8,1,429,2,female
-5.768712043762207,5.867191314697266,8,2,429,2,female
-3.0444154739379883,6.4991278648376465,8,3,429,2,female
3.052046775817871,6.391927719116211,8,4,429,2,female
12.674837112426758,6.480721950531006,8,5,429,2,female
17.113197326660156,5.653213977813721,8,6,429,2,female
32.54667663574219,3.05216121673584,8,7,429,2,female
32.54269790649414,3.603254556655884,8,8,429,2,female
31.766218185424805,4.234548568725586,8,9,429,2,female
-7.453803539276123,2.188049077987671,8,0,430,0,male
-8.170401573181152,1.9992189407348633,8,1,430,0,male
-7.760974884033203,4.00993013381958,8,2,430,0,male
-4.607454299926758,4.992883682250977,8,3,430,0,male
0.133761927485466,5.9989495277404785,8,4,430,0,male
10.071657180786133,6.254484176635742,8,5,430,0,male
15.11574935913086,5.715713024139404,8,6,430,0,male
31.95196533203125,3.344830274581909,8,7,430,0,male
32.300987243652344,3.4405574798583984,8,8,430,0,male
31.437681198120117,3.4399919509887695,8,9,430,0,male
-1.8838049173355103,-3.104091167449951,8,0,431,8,male
-4.358673572540283,-5.622325897216797,8,1,431,8,male
-4.172534465789795,-5.3930792808532715,8,2,431,8,male
-1.6321841478347778,-2.0723507404327393,8,3,431,8,male
1.1953017711639404,1.0823217630386353,8,4,431,8,male
8.535484313964844,4.148163795471191,8,5,431,8,male
14.668375968933105,5.015976905822754,8,6,431,8,male
17.46702003479004,5.017908573150635,8,7,431,8,male
32.411712646484375,2.9239578247070312,8,8,431,8,male
32.4726676940918,3.594702959060669,8,9,431,8,male
-4.083823204040527,-4.470015048980713,8,0,432,9,male
-6.013629913330078,-5.458066463470459,8,1,432,9,male
-6.01262092590332,-5.435563087463379,8,2,432,9,male
-3.657134532928467,-3.868333339691162,8,3,432,9,male
-1.2119114398956299,-1.3239290714263916,8,4,432,9,male
1.4559751749038696,1.306054949760437,8,5,432,9,male
8.92357349395752,4.042881965637207,8,6,432,9,male
14.260746002197266,4.331279754638672,8,7,432,9,male
17.214202880859375,4.177695274353027,8,8,432,9,male
31.38703727722168,3.9371120929718018,8,9,432,9,male
-2.7170891761779785,-4.468881607055664,8,0,433,7,male
-4.892107009887695,-6.789153099060059,8,1,433,7,male
-4.6315412521362305,-6.489290714263916,8,2,433,7,male
-2.8146727085113525,-3.36213755607605,8,3,433,7,male
-0.4537093937397003,-0.3645796775817871,8,4,433,7,male
3.351982593536377,2.273064374923706,8,5,433,7,male
10.228473663330078,3.848219156265259,8,6,433,7,male
15.447526931762695,4.035898685455322,8,7,433,7,male
31.839946746826172,3.682086229324341,8,8,433,7,male
31.616870880126953,3.421001672744751,8,9,433,7,male
-7.379410266876221,2.8238508701324463,8,0,434,6,female
-8.077356338500977,2.7416365146636963,8,1,434,6,female
-7.130270957946777,3.4895577430725098,8,2,434,6,female
-4.485787868499756,4.831225395202637,8,3,434,6,female
-0.019922301173210144,5.0970458984375,8,4,434,6,female
9.473394393920898,5.932925701141357,8,5,434,6,female
14.835265159606934,5.573685169219971,8,6,434,6,female
17.951467514038086,5.272146701812744,8,7,434,6,female
31.885387420654297,3.895759105682373,8,8,434,6,female
32.31075668334961,3.4182770252227783,8,9,434,6,female
-8.04648208618164,2.606452703475952,8,0,435,10,female
-8.863188743591309,2.109889268875122,8,1,435,10,female
-8.343852996826172,2.687225818634033,8,2,435,10,female
-4.96720552444458,3.957601308822632,8,3,435,10,female
-1.210477352142334,5.401700019836426,8,4,435,10,female
4.39183235168457,6.21290922164917,8,5,435,10,female
13.512238502502441,6.125011920928955,8,6,435,10,female
17.392230987548828,5.5466389656066895,8,7,435,10,female
32.347389221191406,4.003552436828613,8,8,435,10,female
32.31700134277344,3.937992811203003,8,9,435,10,female
-1.810537338256836,-2.8788812160491943,8,0,436,8,male
-4.186747074127197,-5.691354751586914,8,1,436,8,male
-4.032061576843262,-5.674246311187744,8,2,436,8,male
-1.7351337671279907,-2.3241279125213623,8,3,436,8,male
0.9796018600463867,0.899179995059967,8,4,436,8,male
7.463087558746338,3.794823408126831,8,5,436,8,male
13.867593765258789,4.195212364196777,8,6,436,8,male
17.09019660949707,4.169436454772949,8,7,436,8,male
32.26667022705078,3.7452127933502197,8,8,436,8,male
31.971120834350586,4.148277759552002,8,9,436,8,male
-7.453223705291748,2.3068573474884033,8,0,437,3,female
-7.617652416229248,1.9765318632125854,8,1,437,3,female
-7.125626564025879,1.981122612953186,8,2,437,3,female
-4.291440963745117,3.3636677265167236,8,3,437,3,female
-0.6106401085853577,4.691375732421875,8,4,437,3,female
8.969921112060547,6.057722091674805,8,5,437,3,female
13.785847663879395,5.786410331726074,8,6,437,3,female
17.650978088378906,5.137627124786377,8,7,437,3,female
31.38338851928711,3.4638314247131348,8,8,437,3,female
32.50463104248047,3.9735324382781982,8,9,437,3,female
-8.015710830688477,1.0088367462158203,8,0,438,11,female
-8.976662635803223,-0.015138000249862671,8,1,438,11,female
-8.217881202697754,0.409701943397522,8,2,438,11,female
-5.088990688323975,2.6676595211029053,8,3,438,11,female
-0.9724478721618652,3.701827049255371,8,4,438,11,female
4.535208225250244,4.158738613128662,8,5,438,11,female
29.1163387298584,2.6774184703826904,8,6,438,11,female
29.148265838623047,2.6619930267333984,8,7,438,11,female
29.311569213867188,2.7537975311279297,8,8,438,11,female
30.254547119140625,3.1504082679748535,8,9,438,11,female
-2.5175418853759766,-4.121434688568115,8,0,439,7,male
-4.957702159881592,-6.795877456665039,8,1,439,7,male
-4.883099555969238,-6.57047176361084,8,2,439,7,male
-3.0793261528015137,-4.026128768920898,8,3,439,7,male
-1.1662575006484985,-0.6981053948402405,8,4,439,7,male
2.178497791290283,1.7986924648284912,8,5,439,7,male
9.458518028259277,3.8220458030700684,8,6,439,7,male
14.621150016784668,4.21736478805542,8,7,439,7,male
31.639026641845703,2.944143772125244,8,8,439,7,male
31.48894691467285,3.9036943912506104,8,9,439,7,male
-7.6426286697387695,2.0833117961883545,8,0,440,0,male
-8.061860084533691,1.8764355182647705,8,1,440,0,male
-7.202923774719238,4.207565784454346,8,2,440,0,male
-3.6300301551818848,5.367513656616211,8,3,440,0,male
1.2487759590148926,6.104173183441162,8,4,440,0,male
10.823512077331543,6.385922908782959,8,5,440,0,male
15.730416297912598,5.6743855476379395,8,6,440,0,male
31.705224990844727,2.729335069656372,8,7,440,0,male
31.912168502807617,3.490034341812134,8,8,440,0,male
31.94818115234375,3.732931137084961,8,9,440,0,male
-7.602532863616943,6.128776550292969,8,0,441,2,female
-7.594806671142578,6.315181255340576,8,1,441,2,female
-6.161388397216797,6.2042694091796875,8,2,441,2,female
-3.447084903717041,6.649217128753662,8,3,441,2,female
2.3901264667510986,6.535062789916992,8,4,441,2,female
12.053816795349121,6.631504535675049,8,5,441,2,female
16.557899475097656,5.910170555114746,8,6,441,2,female
31.77901840209961,3.188232421875,8,7,441,2,female
32.013004302978516,3.91294264793396,8,8,441,2,female
31.4064884185791,3.747162103652954,8,9,441,2,female
-3.222297430038452,-5.327209949493408,8,0,442,7,male
-4.887890338897705,-6.77280330657959,8,1,442,7,male
-4.524362564086914,-6.264938831329346,8,2,442,7,male
-3.0569639205932617,-3.3386144638061523,8,3,442,7,male
-1.0809922218322754,-0.42902714014053345,8,4,442,7,male
2.678276777267456,2.102715253829956,8,5,442,7,male
9.75519847869873,3.9724411964416504,8,6,442,7,male
15.22118854522705,4.261965274810791,8,7,442,7,male
32.490936279296875,3.420588731765747,8,8,442,7,male
32.39110565185547,3.433030605316162,8,9,442,7,male
-7.439465045928955,2.201211452484131,8,0,443,0,male
-8.08792781829834,1.8835508823394775,8,1,443,0,male
-7.392694473266602,3.904059410095215,8,2,443,0,male
-4.039961338043213,4.790675640106201,8,3,443,0,male
0.43057048320770264,5.876613140106201,8,4,443,0,male
10.101971626281738,6.200628280639648,8,5,443,0,male
15.187520027160645,5.640322685241699,8,6,443,0,male
31.744482040405273,3.9815409183502197,8,7,443,0,male
32.11860275268555,3.4505221843719482,8,8,443,0,male
32.33689880371094,4.027719497680664,8,9,443,0,male
-5.410305500030518,-1.40168035030365,8,0,444,1,male
-5.498740196228027,-1.4731955528259277,8,1,444,1,male
-4.440428256988525,-0.9598328471183777,8,2,444,1,male
-1.777847409248352,0.5891156792640686,8,3,444,1,male
3.405297040939331,3.331716299057007,8,4,444,1,male
10.250712394714355,4.5698418617248535,8,5,444,1,male
15.408543586730957,4.523584842681885,8,6,444,1,male
31.782306671142578,3.880227565765381,8,7,444,1,male
31.565183639526367,3.385157823562622,8,8,444,1,male
31.390409469604492,3.5918211936950684,8,9,444,1,male
-7.304994106292725,6.210449695587158,8,0,445,2,female
-7.66282844543457,6.16408634185791,8,1,445,2,female
-6.845895290374756,5.662771224975586,8,2,445,2,female
-3.36769962310791,6.153903007507324,8,3,445,2,female
1.9909141063690186,6.430428504943848,8,4,445,2,female
11.473343849182129,6.619942665100098,8,5,445,2,female
16.110536575317383,5.817307472229004,8,6,445,2,female
31.73385238647461,3.6820130348205566,8,7,445,2,female
31.345455169677734,3.779982566833496,8,8,445,2,female
31.520761489868164,3.594730854034424,8,9,445,2,female
-4.119875907897949,-4.414931297302246,8,0,446,9,male
-5.993636131286621,-5.218448162078857,8,1,446,9,male
-5.997907638549805,-4.793633460998535,8,2,446,9,male
-3.2732739448547363,-3.080777168273926,8,3,446,9,male
-1.0001158714294434,-0.599449634552002,8,4,446,9,male
2.8432793617248535,2.183103084564209,8,5,446,9,male
9.766043663024902,3.9376039505004883,8,6,446,9,male
15.137739181518555,4.137974262237549,8,7,446,9,male
31.444534301757812,3.925457239151001,8,8,446,9,male
31.528112411499023,3.687617540359497,8,9,446,9,male
-8.194998741149902,0.6003878116607666,8,0,447,11,female
-8.824872016906738,-0.1106991320848465,8,1,447,11,female
-8.039674758911133,0.2421165257692337,8,2,447,11,female
-3.7535288333892822,-1.0323235988616943,8,3,447,11,female
-1.3778780698776245,0.9721994400024414,8,4,447,11,female
3.7033557891845703,3.6030948162078857,8,5,447,11,female
10.62727165222168,4.716842174530029,8,6,447,11,female
15.547469139099121,4.592211723327637,8,7,447,11,female
31.637441635131836,4.136489391326904,8,8,447,11,female
31.688777923583984,3.5683743953704834,8,9,447,11,female
-8.111068725585938,2.741175651550293,8,0,448,10,female
-8.824707984924316,2.1543917655944824,8,1,448,10,female
-8.243785858154297,2.4387307167053223,8,2,448,10,female
-5.186809539794922,3.779344320297241,8,3,448,10,female
-1.849115252494812,4.856046199798584,8,4,448,10,female
3.454718828201294,6.068733215332031,8,5,448,10,female
12.846214294433594,6.25484561920166,8,6,448,10,female
16.674015045166016,5.456948280334473,8,7,448,10,female
31.999765396118164,2.9802613258361816,8,8,448,10,female
31.729246139526367,3.887166738510132,8,9,448,10,female
-7.618799209594727,2.122114419937134,8,0,449,0,male
-8.03605842590332,2.022730827331543,8,1,449,0,male
-7.2851128578186035,4.172644138336182,8,2,449,0,male
-3.684861183166504,5.1197357177734375,8,3,449,0,male
1.1136263608932495,6.0442585945129395,8,4,449,0,male
10.679967880249023,6.288414001464844,8,5,449,0,male
15.861838340759277,5.872011661529541,8,6,449,0,male
32.054012298583984,3.6780951023101807,8,7,449,0,male
32.20292663574219,3.9567997455596924,8,8,449,0,male
32.12714767456055,3.211395025253296,8,9,449,0,male
-3.221029281616211,-5.277687072753906,9,0,450,7,male
-4.4810791015625,-6.888490676879883,9,1,450,7,male
-4.462249755859375,-6.772069454193115,9,2,450,7,male
-4.452219009399414,-5.960476875305176,9,3,450,7,male
-4.33089017868042,-3.5767757892608643,9,4,450,7,male
-3.2877607345581055,-1.794620394706726,9,5,450,7,male
-1.8254365921020508,0.6301820874214172,9,6,450,7,male
3.284949541091919,3.294245481491089,9,7,450,7,male
10.265190124511719,4.566432476043701,9,8,450,7,male
15.33517074584961,4.477730751037598,9,9,450,7,male
-8.980753898620605,1.3794493675231934,9,0,451,10,female
-9.496515274047852,0.739621639251709,9,1,451,10,female
-8.93583869934082,0.842643141746521,9,2,451,10,female
-7.483177661895752,1.0579510927200317,9,3,451,10,female
-5.098720073699951,2.4309256076812744,9,4,451,10,female
-2.745070219039917,4.072968482971191,9,5,451,10,female
1.8741614818572998,5.290253639221191,9,6,451,10,female
11.274982452392578,5.700079917907715,9,7,451,10,female
16.12030792236328,5.166021347045898,9,8,451,10,female
31.41777229309082,3.2161898612976074,9,9,451,10,female
-8.538737297058105,0.15226052701473236,9,0,452,11,female
-8.882209777832031,-0.2109462320804596,9,1,452,11,female
-8.604666709899902,-0.07655844837427139,9,2,452,11,female
-7.820669174194336,0.6744697093963623,9,3,452,11,female
-6.600358963012695,1.5662213563919067,9,4,452,11,female
-3.8118371963500977,3.416306972503662,9,5,452,11,female
-0.38345029950141907,4.6562180519104,9,6,452,11,female
9.164237022399902,5.463551998138428,9,7,452,11,female
14.010527610778809,4.943502426147461,9,8,452,11,female
17.188791275024414,4.404470920562744,9,9,452,11,female
-6.866292953491211,5.0558762550354,9,0,453,2,female
-7.1530842781066895,5.495645046234131,9,1,453,2,female
-6.154044151306152,5.904680252075195,9,2,453,2,female
-5.803945064544678,5.716858863830566,9,3,453,2,female
-5.248486518859863,3.6153078079223633,9,4,453,2,female
-3.949038505554199,3.2363035678863525,9,5,453,2,female
-3.0175862312316895,3.7775557041168213,9,6,453,2,female
-0.08661865442991257,4.532680034637451,9,7,453,2,female
8.61161994934082,5.123035430908203,9,8,453,2,female
13.133940696716309,4.807966232299805,9,9,453,2,female
-7.276037693023682,0.7141453623771667,9,0,454,0,male
-7.726160049438477,0.008349236100912094,9,1,454,0,male
-5.915741443634033,-0.2846890985965729,9,2,454,0,male
-5.702186107635498,0.4891165494918823,9,3,454,0,male
-5.931262969970703,2.119415283203125,9,4,454,0,male
-5.171870231628418,3.7019224166870117,9,5,454,0,male
-2.9256815910339355,5.073484420776367,9,6,454,0,male
1.0869032144546509,5.993988037109375,9,7,454,0,male
9.846246719360352,6.191839694976807,9,8,454,0,male
14.45501708984375,5.897039413452148,9,9,454,0,male
-7.090928554534912,5.61829137802124,9,0,455,2,female
-7.090763092041016,5.7529168128967285,9,1,455,2,female
-6.366251468658447,5.93225622177124,9,2,455,2,female
-6.0489397048950195,3.9458558559417725,9,3,455,2,female
-5.623137474060059,2.273317575454712,9,4,455,2,female
-5.057676315307617,2.5314013957977295,9,5,455,2,female
-3.2706375122070312,3.5955891609191895,9,6,455,2,female
-0.1335715502500534,4.515520095825195,9,7,455,2,female
8.881030082702637,5.060335159301758,9,8,455,2,female
13.596903800964355,4.8287858963012695,9,9,455,2,female
-2.9188172817230225,-4.021850109100342,9,0,456,8,male
-4.578627109527588,-6.372422695159912,9,1,456,8,male
-4.589754581451416,-6.606895446777344,9,2,456,8,male
-3.5872879028320312,-5.289867877960205,9,3,456,8,male
-2.5844216346740723,-2.6147263050079346,9,4,456,8,male
-0.22924453020095825,-0.09541386365890503,9,5,456,8,male
3.924809455871582,2.3731255531311035,9,6,456,8,male
10.676239967346191,3.707927942276001,9,7,456,8,male
15.285146713256836,4.0542426109313965,9,8,456,8,male
32.091060638427734,3.8324711322784424,9,9,456,8,male
-4.02905797958374,-5.410854339599609,9,0,457,9,male
-5.478081226348877,-7.073399543762207,9,1,457,9,male
-5.412812232971191,-7.104803085327148,9,2,457,9,male
-3.9294142723083496,-5.815808296203613,9,3,457,9,male
-2.942220687866211,-4.034071445465088,9,4,457,9,male
-1.7807059288024902,-1.4450173377990723,9,5,457,9,male
0.46925756335258484,0.5716120004653931,9,6,457,9,male
5.397064208984375,2.807791233062744,9,7,457,9,male
12.045178413391113,3.6599647998809814,9,8,457,9,male
16.355684280395508,3.827122926712036,9,9,457,9,male
-6.892815113067627,2.3792660236358643,9,0,458,6,female
-6.838507175445557,2.2983462810516357,9,1,458,6,female
-6.564899444580078,2.0293562412261963,9,2,458,6,female
-6.224111557006836,1.920168399810791,9,3,458,6,female
-5.412100791931152,2.2703380584716797,9,4,458,6,female
-3.566678285598755,3.458021640777588,9,5,458,6,female
-0.34564653038978577,4.59191370010376,9,6,458,6,female
8.787397384643555,5.216948509216309,9,7,458,6,female
13.642996788024902,4.920388221740723,9,8,458,6,female
16.89311408996582,4.463210105895996,9,9,458,6,female
-2.9651670455932617,-3.999997854232788,9,0,459,8,male
-4.227285861968994,-6.1583967208862305,9,1,459,8,male
-4.144283294677734,-6.183276176452637,9,2,459,8,male
-3.101962089538574,-4.134378433227539,9,3,459,8,male
-1.7891658544540405,-1.4808363914489746,9,4,459,8,male
0.6194786429405212,0.7836093902587891,9,5,459,8,male
5.579986095428467,2.8953933715820312,9,6,459,8,male
12.168736457824707,3.70190167427063,9,7,459,8,male
16.396635055541992,3.89670991897583,9,8,459,8,male
32.104740142822266,2.9155194759368896,9,9,459,8,male
-4.099471092224121,-5.59668493270874,9,0,460,9,male
-5.470949172973633,-7.073146820068359,9,1,460,9,male
-5.421959400177002,-7.105897426605225,9,2,460,9,male
-3.9134461879730225,-5.715847492218018,9,3,460,9,male
-2.981787919998169,-3.8724517822265625,9,4,460,9,male
-1.7318068742752075,-1.4119303226470947,9,5,460,9,male
0.34616681933403015,0.5998511910438538,9,6,460,9,male
5.10404109954834,2.7627999782562256,9,7,460,9,male
11.491308212280273,3.6775870323181152,9,8,460,9,male
15.974154472351074,3.887673854827881,9,9,460,9,male
-8.84480094909668,1.5505329370498657,9,0,461,10,female
-9.24269962310791,0.8283186554908752,9,1,461,10,female
-8.962827682495117,0.8317393660545349,9,2,461,10,female
-7.620497703552246,1.0745078325271606,9,3,461,10,female
-6.311132431030273,1.6995033025741577,9,4,461,10,female
-3.540044069290161,3.6054155826568604,9,5,461,10,female
0.3347259759902954,4.888642311096191,9,6,461,10,female
9.948715209960938,5.591472625732422,9,7,461,10,female
15.406963348388672,5.313831806182861,9,8,461,10,female
31.94856834411621,3.1423747539520264,9,9,461,10,female
-4.6863884925842285,-2.6904430389404297,9,0,462,1,male
-5.58829402923584,-2.7826168537139893,9,1,462,1,male
-5.6668291091918945,-2.4175145626068115,9,2,462,1,male
-5.296261310577393,-1.85374915599823,9,3,462,1,male
-3.841862916946411,-1.0636348724365234,9,4,462,1,male
-1.8310744762420654,0.7456240057945251,9,5,462,1,male
3.2956717014312744,3.2876217365264893,9,6,462,1,male
10.160122871398926,4.606376647949219,9,7,462,1,male
15.068455696105957,4.650506019592285,9,8,462,1,male
31.616907119750977,2.529096841812134,9,9,462,1,male
-4.0218658447265625,-5.642285346984863,9,0,463,9,male
-5.456777572631836,-7.118844032287598,9,1,463,9,male
-5.040080547332764,-7.1622114181518555,9,2,463,9,male
-3.6741206645965576,-5.637812614440918,9,3,463,9,male
-2.8846678733825684,-4.120874404907227,9,4,463,9,male
-1.7526239156723022,-1.4785284996032715,9,5,463,9,male
0.5732191801071167,0.619700014591217,9,6,463,9,male
5.496082305908203,2.7963218688964844,9,7,463,9,male
12.079476356506348,3.6537039279937744,9,8,463,9,male
16.345571517944336,3.845417022705078,9,9,463,9,male
-8.178485870361328,0.09107573330402374,9,0,464,11,female
-8.772540092468262,-0.24063672125339508,9,1,464,11,female
-8.492420196533203,-0.03234568610787392,9,2,464,11,female
-7.953080177307129,0.6644307374954224,9,3,464,11,female
-7.051153659820557,1.2446719408035278,9,4,464,11,female
-5.162988662719727,2.984173536300659,9,5,464,11,female
-2.8175528049468994,4.2311224937438965,9,6,464,11,female
2.018418312072754,5.5170722007751465,9,7,464,11,female
11.496618270874023,5.864241123199463,9,8,464,11,female
16.140039443969727,5.243399143218994,9,9,464,11,female
-8.606639862060547,0.3529116213321686,9,0,465,11,female
-9.10680866241455,-0.15557169914245605,9,1,465,11,female
-8.55700969696045,0.36430123448371887,9,2,465,11,female
-6.850167274475098,1.3848906755447388,9,3,465,11,female
-3.9076130390167236,3.5384039878845215,9,4,465,11,female
-0.23797479271888733,5.393234729766846,9,5,465,11,female
4.845859527587891,6.334228515625,9,6,465,11,female
13.97680377960205,6.122846603393555,9,7,465,11,female
17.281810760498047,5.123470783233643,9,8,465,11,female
31.62639808654785,2.9131031036376953,9,9,465,11,female
-6.85590934753418,4.808084487915039,9,0,466,2,female
-6.521379470825195,5.638387203216553,9,1,466,2,female
-6.085977554321289,5.755407810211182,9,2,466,2,female
-5.704124927520752,3.9651739597320557,9,3,466,2,female
-5.195720195770264,3.4017343521118164,9,4,466,2,female
-4.696558952331543,2.9458072185516357,9,5,466,2,female
-3.6908655166625977,3.3599910736083984,9,6,466,2,female
-0.7742172479629517,4.289974212646484,9,7,466,2,female
2.506413221359253,5.291734218597412,9,8,466,2,female
11.176185607910156,5.555941104888916,9,9,466,2,female
-6.851900577545166,5.104710578918457,9,0,467,2,female
-7.2024946212768555,5.635866165161133,9,1,467,2,female
-6.179862976074219,6.06074857711792,9,2,467,2,female
-5.68937349319458,5.882227897644043,9,3,467,2,female
-5.421026706695557,3.776867628097534,9,4,467,2,female
-4.726267337799072,3.0954134464263916,9,5,467,2,female
-3.3614590167999268,3.588296413421631,9,6,467,2,female
-0.5050180554389954,4.477567195892334,9,7,467,2,female
8.346832275390625,5.229086875915527,9,8,467,2,female
12.745988845825195,5.253835678100586,9,9,467,2,female
-2.7325046062469482,-3.9898929595947266,9,0,468,8,male
-4.305004119873047,-6.361272811889648,9,1,468,8,male
-4.274458885192871,-6.365789890289307,9,2,468,8,male
-3.3093159198760986,-4.625088214874268,9,3,468,8,male
-2.5711865425109863,-2.5945351123809814,9,4,468,8,male
-0.28531414270401,-0.22485600411891937,9,5,468,8,male
3.5816659927368164,2.2670953273773193,9,6,468,8,male
10.320023536682129,3.760118246078491,9,7,468,8,male
15.413858413696289,3.9979143142700195,9,8,468,8,male
32.01420593261719,2.848456859588623,9,9,468,8,male
-8.88015079498291,1.827990174293518,9,0,469,10,female
-9.16565990447998,1.1269333362579346,9,1,469,10,female
-8.97869873046875,1.2887500524520874,9,2,469,10,female
-7.374588489532471,1.2032893896102905,9,3,469,10,female
-6.210643768310547,1.720336675643921,9,4,469,10,female
-3.3391737937927246,3.6959102153778076,9,5,469,10,female
0.5452369451522827,4.947690963745117,9,6,469,10,female
10.166160583496094,5.5759711265563965,9,7,469,10,female
15.395891189575195,5.000211715698242,9,8,469,10,female
31.840614318847656,3.3690402507781982,9,9,469,10,female
-7.500197887420654,5.111722946166992,9,0,470,2,female
-7.640193462371826,5.7146759033203125,9,1,470,2,female
-6.3790202140808105,6.0506792068481445,9,2,470,2,female
-5.815338134765625,5.81534481048584,9,3,470,2,female
-5.556621074676514,3.701465129852295,9,4,470,2,female
-4.647820472717285,2.834083080291748,9,5,470,2,female
-3.427931785583496,3.483915090560913,9,6,470,2,female
-0.44633373618125916,4.39305305480957,9,7,470,2,female
5.632615566253662,4.265505790710449,9,8,470,2,female
12.124920845031738,4.521454811096191,9,9,470,2,female
-8.364927291870117,0.33781376481056213,9,0,471,11,female
-8.95435619354248,-0.11699733138084412,9,1,471,11,female
-8.425243377685547,0.02613133005797863,9,2,471,11,female
-7.5655694007873535,0.8695852756500244,9,3,471,11,female
-6.924283504486084,1.366135835647583,9,4,471,11,female
-5.272433280944824,3.1407454013824463,9,5,471,11,female
-3.012547254562378,4.306384086608887,9,6,471,11,female
1.7178552150726318,5.3399200439453125,9,7,471,11,female
11.150036811828613,5.7838921546936035,9,8,471,11,female
15.881077766418457,5.292550086975098,9,9,471,11,female
-2.9598228931427,-4.158421039581299,9,0,472,8,male
-4.260760307312012,-6.277069568634033,9,1,472,8,male
-4.110217571258545,-6.163773536682129,9,2,472,8,male
-3.1781179904937744,-4.337798595428467,9,3,472,8,male
-1.7464340925216675,-1.5712519884109497,9,4,472,8,male
0.48753592371940613,0.6061840653419495,9,5,472,8,male
5.446155071258545,2.8598568439483643,9,6,472,8,male
11.971036911010742,3.6499340534210205,9,7,472,8,male
16.17469596862793,3.9302234649658203,9,8,472,8,male
32.02437210083008,3.8281774520874023,9,9,472,8,male
-8.236139297485352,0.08026406168937683,9,0,473,11,female
-8.91519832611084,-0.254530131816864,9,1,473,11,female
-8.673425674438477,-0.19889900088310242,9,2,473,11,female
-8.074684143066406,0.36305516958236694,9,3,473,11,female
-7.419183254241943,1.0859190225601196,9,4,473,11,female
-5.402219295501709,2.9714646339416504,9,5,473,11,female
-3.076345920562744,4.197597026824951,9,6,473,11,female
1.4050180912017822,5.264415264129639,9,7,473,11,female
10.658048629760742,5.759317398071289,9,8,473,11,female
15.747349739074707,5.311561584472656,9,9,473,11,female
-4.574293613433838,-2.8491408824920654,9,0,474,1,male
-5.547245025634766,-3.261402130126953,9,1,474,1,male
-5.493759632110596,-2.65342378616333,9,2,474,1,male
-5.386989116668701,-2.2469563484191895,9,3,474,1,male
-4.439352512359619,-1.304465413093567,9,4,474,1,male
-2.425901412963867,-0.01939484290778637,9,5,474,1,male
-0.1722865104675293,2.18411922454834,9,6,474,1,male
6.072253704071045,4.138917922973633,9,7,474,1,male
12.738678932189941,4.435667991638184,9,8,474,1,male
16.642131805419922,4.2678422927856445,9,9,474,1,male
-3.3330914974212646,-5.067816257476807,9,0,475,7,male
-4.7683186531066895,-6.688957691192627,9,1,475,7,male
-4.789462566375732,-6.803195953369141,9,2,475,7,male
-4.709059238433838,-6.625531196594238,9,3,475,7,male
-4.617380142211914,-5.27618932723999,9,4,475,7,male
-4.08463191986084,-2.7395966053009033,9,5,475,7,male
-2.148954391479492,-0.29595810174942017,9,6,475,7,male
-0.03920804709196091,2.1427674293518066,9,7,475,7,male
5.982162952423096,4.105964183807373,9,8,475,7,male
12.715387344360352,4.438879489898682,9,9,475,7,male
-8.342329978942871,0.1558285802602768,9,0,476,11,female
-8.581208229064941,-0.11729846149682999,9,1,476,11,female
-8.283575057983398,0.13453029096126556,9,2,476,11,female
-7.79672908782959,0.7330701351165771,9,3,476,11,female
-7.184885501861572,1.2459008693695068,9,4,476,11,female
-5.253696918487549,3.0946807861328125,9,5,476,11,female
-3.110631227493286,4.4215922355651855,9,6,476,11,female
1.5822283029556274,5.317071914672852,9,7,476,11,female
10.819036483764648,5.756502151489258,9,8,476,11,female
15.716999053955078,5.2132344245910645,9,9,476,11,female
-3.3012807369232178,-5.156918048858643,9,0,477,7,male
-4.794971466064453,-6.685417175292969,9,1,477,7,male
-4.70174503326416,-6.754902362823486,9,2,477,7,male
-4.525314807891846,-6.437676906585693,9,3,477,7,male
-4.226230621337891,-4.609297275543213,9,4,477,7,male
-3.2656190395355225,-2.250896453857422,9,5,477,7,male
-0.9382160305976868,0.022671988233923912,9,6,477,7,male
2.6955981254577637,2.1524174213409424,9,7,477,7,male
9.32548999786377,4.001351356506348,9,8,477,7,male
14.127727508544922,4.19932746887207,9,9,477,7,male
-4.700336933135986,-1.2483222484588623,9,0,478,0,male
-6.040143966674805,-0.7410602569580078,9,1,478,0,male
-5.7042999267578125,-0.40504175424575806,9,2,478,0,male
-5.525533676147461,0.5113940238952637,9,3,478,0,male
-6.316874027252197,3.379054307937622,9,4,478,0,male
-5.34436559677124,4.419194221496582,9,5,478,0,male
-2.9334497451782227,5.339995384216309,9,6,478,0,male
1.1624788045883179,6.0899763107299805,9,7,478,0,male
10.280596733093262,6.256999492645264,9,8,478,0,male
14.77531909942627,5.807766914367676,9,9,478,0,male
-6.969893932342529,2.299543857574463,9,0,479,6,female
-7.103752136230469,2.3253118991851807,9,1,479,6,female
-6.76035213470459,2.132672071456909,9,2,479,6,female
-6.588039875030518,1.8017457723617554,9,3,479,6,female
-5.809663772583008,2.0553600788116455,9,4,479,6,female
-3.737241506576538,3.283512592315674,9,5,479,6,female
-0.5359302759170532,4.47454309463501,9,6,479,6,female
8.505175590515137,5.176771640777588,9,7,479,6,female
13.353861808776855,4.997373580932617,9,8,479,6,female
16.815895080566406,4.54069185256958,9,9,479,6,female
-8.323336601257324,0.09682167321443558,9,0,480,11,female
-8.807157516479492,-0.26925158500671387,9,1,480,11,female
-8.47209358215332,-0.07527682185173035,9,2,480,11,female
-7.827788829803467,0.6995849013328552,9,3,480,11,female
-6.63526725769043,1.4719469547271729,9,4,480,11,female
-3.789381742477417,3.4702024459838867,9,5,480,11,female
0.06588903814554214,4.81544828414917,9,6,480,11,female
9.67835521697998,5.601248741149902,9,7,480,11,female
15.438876152038574,5.610079288482666,9,8,480,11,female
17.48887062072754,4.821439266204834,9,9,480,11,female
-4.778088092803955,-2.991140604019165,9,0,481,1,male
-5.5312180519104,-3.0539610385894775,9,1,481,1,male
-5.481387615203857,-2.628114938735962,9,2,481,1,male
-5.274373531341553,-2.2901039123535156,9,3,481,1,male
-4.435018539428711,-1.4153813123703003,9,4,481,1,male
-2.487410068511963,-0.08833187818527222,9,5,481,1,male
-0.2245151847600937,2.181276559829712,9,6,481,1,male
5.774507522583008,4.100659370422363,9,7,481,1,male
12.325889587402344,4.482632637023926,9,8,481,1,male
16.505111694335938,4.195550918579102,9,9,481,1,male
-4.304760932922363,-5.340665817260742,9,0,482,9,male
-5.493951797485352,-7.042591571807861,9,1,482,9,male
-5.524182319641113,-7.1087188720703125,9,2,482,9,male
-4.279116153717041,-6.2600998878479,9,3,482,9,male
-3.0027778148651123,-4.308856010437012,9,4,482,9,male
-1.770424723625183,-1.4839646816253662,9,5,482,9,male
0.20232774317264557,0.2729845643043518,9,6,482,9,male
4.888814926147461,2.656721830368042,9,7,482,9,male
11.224142074584961,3.6400246620178223,9,8,482,9,male
15.734801292419434,3.9945497512817383,9,9,482,9,male
-4.581808567047119,-1.1352955102920532,9,0,483,0,male
-5.753386974334717,-0.6630722284317017,9,1,483,0,male
-5.654562473297119,-0.16787287592887878,9,2,483,0,male
-5.574310779571533,0.9462495446205139,9,3,483,0,male
-5.579296112060547,3.4728891849517822,9,4,483,0,male
-3.352099657058716,4.464428424835205,9,5,483,0,male
0.13302527368068695,5.763327121734619,9,6,483,0,male
4.956027030944824,6.350454807281494,9,7,483,0,male
13.960623741149902,6.052501201629639,9,8,483,0,male
17.1448917388916,5.247666358947754,9,9,483,0,male
-4.5558366775512695,-2.269831418991089,9,0,484,1,male
-5.472681999206543,-2.4496679306030273,9,1,484,1,male
-5.470231056213379,-2.351870536804199,9,2,484,1,male
-5.400538921356201,-1.9870450496673584,9,3,484,1,male
-4.364136219024658,-1.0764743089675903,9,4,484,1,male
-2.3712756633758545,-0.02912529930472374,9,5,484,1,male
-0.36105892062187195,2.1523079872131348,9,6,484,1,male
5.35425329208374,4.001992225646973,9,7,484,1,male
11.93740463256836,4.525884628295898,9,8,484,1,male
16.095279693603516,4.356832027435303,9,9,484,1,male
-7.113052845001221,5.240085601806641,9,0,485,2,female
-7.338755130767822,5.6571502685546875,9,1,485,2,female
-6.255862712860107,6.007485866546631,9,2,485,2,female
-5.83413553237915,5.8282270431518555,9,3,485,2,female
-5.388453483581543,3.6683013439178467,9,4,485,2,female
-4.2643280029296875,3.121859550476074,9,5,485,2,female
-2.918513298034668,3.873349189758301,9,6,485,2,female
-0.01894346997141838,4.577656269073486,9,7,485,2,female
8.575974464416504,5.151768684387207,9,8,485,2,female
13.335015296936035,4.9837646484375,9,9,485,2,female
-4.9671125411987305,-2.701154947280884,9,0,486,1,male
-5.506339073181152,-2.672434091567993,9,1,486,1,male
-5.426089286804199,-2.425401449203491,9,2,486,1,male
-4.507121562957764,-1.543495774269104,9,3,486,1,male
-2.5474982261657715,-0.2221962809562683,9,4,486,1,male
-0.39278119802474976,2.1685311794281006,9,5,486,1,male
5.28104829788208,4.031371116638184,9,6,486,1,male
11.960078239440918,4.523143291473389,9,7,486,1,male
16.3145694732666,4.4605584144592285,9,8,486,1,male
31.717763900756836,2.680260181427002,9,9,486,1,male
-8.751723289489746,0.46025550365448,9,0,487,11,female
-9.116105079650879,-0.07954062521457672,9,1,487,11,female
-8.075919151306152,0.4204486310482025,9,2,487,11,female
-4.946240425109863,2.5822324752807617,9,3,487,11,female
-0.9722150564193726,4.1160407066345215,9,4,487,11,female
3.834214687347412,5.884027004241943,9,5,487,11,female
13.236736297607422,5.828841686248779,9,6,487,11,female
17.00857162475586,4.13878870010376,9,7,487,11,female
31.2147159576416,3.039292335510254,9,8,487,11,female
32.156917572021484,3.2349908351898193,9,9,487,11,female
-6.13974142074585,-0.43746793270111084,9,0,488,3,female
-5.955600261688232,-0.6560322046279907,9,1,488,3,female
-4.920308589935303,-1.2798974514007568,9,2,488,3,female
-3.867204427719116,-1.3500049114227295,9,3,488,3,female
-2.6919918060302734,-0.30434003472328186,9,4,488,3,female
-0.8548611402511597,1.2838021516799927,9,5,488,3,female
4.68241548538208,3.5953257083892822,9,6,488,3,female
10.735605239868164,4.344984531402588,9,7,488,3,female
15.221589088439941,4.238444805145264,9,8,488,3,female
31.555204391479492,3.1701812744140625,9,9,488,3,female
-4.33932638168335,-1.4613218307495117,9,0,489,0,male
-5.522407531738281,-1.247599720954895,9,1,489,0,male
-5.5712785720825195,-0.4714568853378296,9,2,489,0,male
-5.420877456665039,0.04454366862773895,9,3,489,0,male
-4.279908180236816,-0.46984392404556274,9,4,489,0,male
-5.328974723815918,3.0654375553131104,9,5,489,0,male
-3.763207197189331,4.4485931396484375,9,6,489,0,male
-0.26964327692985535,5.921449184417725,9,7,489,0,male
4.7284932136535645,6.347813606262207,9,8,489,0,male
13.804885864257812,6.1499199867248535,9,9,489,0,male
-6.960474014282227,2.409345865249634,9,0,490,6,female
-6.897096157073975,2.305539846420288,9,1,490,6,female
-6.769471645355225,2.18399977684021,9,2,490,6,female
-6.257612705230713,1.867475986480713,9,3,490,6,female
-5.154550075531006,2.419651985168457,9,4,490,6,female
-3.2327611446380615,3.684230089187622,9,5,490,6,female
0.08242323994636536,4.679188251495361,9,6,490,6,female
9.11745834350586,5.261577129364014,9,7,490,6,female
13.956284523010254,4.829718589782715,9,8,490,6,female
17.020854949951172,4.426730632781982,9,9,490,6,female
-3.3678712844848633,-5.368674278259277,9,0,491,7,male
-4.450607776641846,-7.056203365325928,9,1,491,7,male
-4.492460250854492,-7.039663314819336,9,2,491,7,male
-3.3679440021514893,-5.392434120178223,9,3,491,7,male
-3.192410707473755,-3.911431074142456,9,4,491,7,male
-2.361435890197754,-1.618514060974121,9,5,491,7,male
-0.4461894929409027,0.4575696587562561,9,6,491,7,male
4.377516746520996,2.933242082595825,9,7,491,7,male
10.91824722290039,3.9987998008728027,9,8,491,7,male
15.47238826751709,4.097325801849365,9,9,491,7,male
-6.856384754180908,2.254279375076294,9,0,492,6,female
-6.906423568725586,2.2315337657928467,9,1,492,6,female
-6.678567409515381,2.0068469047546387,9,2,492,6,female
-6.448368072509766,1.759590744972229,9,3,492,6,female
-5.034972190856934,2.4839773178100586,9,4,492,6,female
-2.8444278240203857,3.9374516010284424,9,5,492,6,female
1.8585994243621826,5.168371200561523,9,6,492,6,female
11.23384952545166,5.550880432128906,9,7,492,6,female
15.855124473571777,4.892352104187012,9,8,492,6,female
31.606063842773438,3.553722620010376,9,9,492,6,female
-5.884878635406494,-0.28051745891571045,9,0,493,3,female
-5.987053394317627,-0.510809600353241,9,1,493,3,female
-4.976405143737793,-1.1652313470840454,9,2,493,3,female
-3.7212305068969727,-1.1676119565963745,9,3,493,3,female
-1.9706073999404907,0.7077041864395142,9,4,493,3,female
3.075824022293091,3.2501938343048096,9,5,493,3,female
10.01530647277832,4.641777992248535,9,6,493,3,female
15.138274192810059,4.63087797164917,9,7,493,3,female
31.359365463256836,2.9730637073516846,9,8,493,3,female
32.327388763427734,3.727285861968994,9,9,493,3,female
-4.122848033905029,-5.39631986618042,9,0,494,9,male
-5.529736518859863,-7.120612621307373,9,1,494,9,male
-5.4682111740112305,-7.130435943603516,9,2,494,9,male
-4.1760783195495605,-6.117198944091797,9,3,494,9,male
-2.958692789077759,-4.2042155265808105,9,4,494,9,male
-1.7440930604934692,-1.5411499738693237,9,5,494,9,male
0.6926641464233398,0.8371536731719971,9,6,494,9,male
5.972610950469971,3.0878212451934814,9,7,494,9,male
12.548364639282227,3.746668815612793,9,8,494,9,male
16.500972747802734,3.9110941886901855,9,9,494,9,male
-3.569162130355835,-5.516507148742676,9,0,495,7,male
-4.801943778991699,-7.000762939453125,9,1,495,7,male
-4.456586837768555,-7.0836615562438965,9,2,495,7,male
-3.478850841522217,-5.466714859008789,9,3,495,7,male
-3.2212321758270264,-4.550290107727051,9,4,495,7,male
-2.912151575088501,-3.264744520187378,9,5,495,7,male
-1.6395509243011475,-1.1813867092132568,9,6,495,7,male
0.7609499096870422,1.055957317352295,9,7,495,7,male
6.286951541900635,3.3044538497924805,9,8,495,7,male
12.75733470916748,3.859734058380127,9,9,495,7,male
-4.232181549072266,-4.592290878295898,9,0,496,9,male
-5.314531326293945,-5.3646135330200195,9,1,496,9,male
-5.461015224456787,-6.859884738922119,9,2,496,9,male
-4.040574073791504,-5.918173313140869,9,3,496,9,male
-2.993730068206787,-4.112818241119385,9,4,496,9,male
-1.662330150604248,-1.4454847574234009,9,5,496,9,male
0.8251397013664246,1.0325437784194946,9,6,496,9,male
6.294168472290039,3.264012336730957,9,7,496,9,male
12.867018699645996,3.886324167251587,9,8,496,9,male
16.781795501708984,4.2131781578063965,9,9,496,9,male
-7.411383628845215,5.010406970977783,9,0,497,2,female
-8.05236530303955,5.552126884460449,9,1,497,2,female
-6.532153129577637,5.878207206726074,9,2,497,2,female
-6.120227813720703,5.892317771911621,9,3,497,2,female
-5.778990745544434,3.886341094970703,9,4,497,2,female
-5.235382556915283,2.9135122299194336,9,5,497,2,female
-4.791779041290283,2.7299301624298096,9,6,497,2,female
-3.1065499782562256,3.726301431655884,9,7,497,2,female
0.0753575786948204,4.614881992340088,9,8,497,2,female
8.849746704101562,5.117380142211914,9,9,497,2,female
-8.792256355285645,1.970182180404663,9,0,498,10,female
-9.336443901062012,1.0526306629180908,9,1,498,10,female
-9.080361366271973,1.1584960222244263,9,2,498,10,female
-7.717621326446533,1.1955074071884155,9,3,498,10,female
-6.415896415710449,1.5921375751495361,9,4,498,10,female
-3.649803876876831,3.4706645011901855,9,5,498,10,female
0.20216956734657288,4.858757972717285,9,6,498,10,female
9.841323852539062,5.61571741104126,9,7,498,10,female
15.284090042114258,5.255016803741455,9,8,498,10,female
31.773639678955078,3.6896302700042725,9,9,498,10,female
-4.638669967651367,-1.3308024406433105,9,0,499,0,male
-5.775750637054443,-0.8674755096435547,9,1,499,0,male
-5.781757831573486,-0.4238385856151581,9,2,499,0,male
-5.667121410369873,0.324166476726532,9,3,499,0,male
-6.519212245941162,2.3443222045898438,9,4,499,0,male
-5.296525478363037,3.414884090423584,9,5,499,0,male
-3.565967082977295,4.814443588256836,9,6,499,0,male
0.140123188495636,5.890444755554199,9,7,499,0,male
9.598495483398438,6.171953201293945,9,8,499,0,male
14.11211109161377,6.140857696533203,9,9,499,0,male
