UMAP1,UMAP2,label,time_bin,sample_index,speaker_id,gender
-9.765661239624023,-13.45893669128418,0,0,0,9,male
-11.544157981872559,-13.526301383972168,0,1,0,9,male
-12.139161109924316,-13.335500717163086,0,2,0,9,male
-12.22523307800293,-13.176352500915527,0,3,0,9,male
-11.560738563537598,-13.041069030761719,0,4,0,9,male
-10.49943733215332,-12.832070350646973,0,5,0,9,male
-8.915385246276855,-12.42527961730957,0,6,0,9,male
-7.295987606048584,-11.760659217834473,0,7,0,9,male
-1.40263831615448,-10.20450210571289,0,8,0,9,male
2.6389846801757812,-3.4667561054229736,0,9,0,9,male
-9.992061614990234,-13.78780746459961,0,0,1,9,male
-11.917604446411133,-13.816173553466797,0,1,1,9,male
-12.281686782836914,-13.59339714050293,0,2,1,9,male
-12.357169151306152,-13.340095520019531,0,3,1,9,male
-11.411040306091309,-13.4722261428833,0,4,1,9,male
-9.982303619384766,-13.282134056091309,0,5,1,9,male
-8.388851165771484,-12.610810279846191,0,6,1,9,male
-6.787924289703369,-11.681443214416504,0,7,1,9,male
-0.786037027835846,-10.18191909790039,0,8,1,9,male
2.960299015045166,-2.8754093647003174,0,9,1,9,male
-9.888320922851562,-13.512741088867188,0,0,2,9,male
-11.973628044128418,-13.564270973205566,0,1,2,9,male
-12.343852043151855,-13.45345687866211,0,2,2,9,male
-12.272506713867188,-13.273858070373535,0,3,2,9,male
-11.154319763183594,-13.238975524902344,0,4,2,9,male
-9.401844024658203,-12.847870826721191,0,5,2,9,male
-7.559150695800781,-12.145702362060547,0,6,2,9,male
-1.9416003227233887,-10.637226104736328,0,7,2,9,male
2.344294786453247,-4.188421249389648,0,8,2,9,male
3.7498302459716797,-0.9768392443656921,0,9,2,9,male
-8.161964416503906,-8.701423645019531,0,0,3,2,female
-9.414562225341797,-7.306887626647949,0,1,3,2,female
-8.791998863220215,-5.983161449432373,0,2,3,2,female
-8.790478706359863,-5.972922325134277,0,3,3,2,female
-8.992578506469727,-6.83445405960083,0,4,3,2,female
-8.7795991897583,-8.242875099182129,0,5,3,2,female
-7.873427391052246,-8.904544830322266,0,6,3,2,female
-6.9243597984313965,-9.623971939086914,0,7,3,2,female
-3.9520294666290283,-9.447649955749512,0,8,3,2,female
1.3653253316879272,-4.407474517822266,0,9,3,2,female
-8.15892505645752,-12.845433235168457,0,0,4,7,male
-10.664414405822754,-14.360877990722656,0,1,4,7,male
-12.298883438110352,-15.2091703414917,0,2,4,7,male
-12.260456085205078,-15.209614753723145,0,3,4,7,male
-11.364913940429688,-14.409493446350098,0,4,4,7,male
-9.926475524902344,-13.384454727172852,0,5,4,7,male
-8.275594711303711,-12.68499755859375,0,6,4,7,male
-6.709237575531006,-12.101512908935547,0,7,4,7,male
-0.6674391627311707,-10.374981880187988,0,8,4,7,male
3.140634059906006,-3.0694398880004883,0,9,4,7,male
-6.57255744934082,-11.857407569885254,0,0,5,7,male
-9.211588859558105,-13.423819541931152,0,1,5,7,male
-11.9158296585083,-15.083488464355469,0,2,5,7,male
-12.324390411376953,-15.191847801208496,0,3,5,7,male
-12.060378074645996,-14.907248497009277,0,4,5,7,male
-11.18203067779541,-13.575287818908691,0,5,5,7,male
-9.913229942321777,-11.952746391296387,0,6,5,7,male
-8.383883476257324,-11.285957336425781,0,7,5,7,male
-6.736841678619385,-10.292318344116211,0,8,5,7,male
0.8341931700706482,-5.337795257568359,0,9,5,7,male
-6.616275310516357,-7.954179286956787,0,0,6,2,female
-8.02955436706543,-6.827380657196045,0,1,6,2,female
-8.718728065490723,-5.940661907196045,0,2,6,2,female
-8.72645092010498,-6.080691814422607,0,3,6,2,female
-9.206491470336914,-7.243996620178223,0,4,6,2,female
-8.507795333862305,-8.267682075500488,0,5,6,2,female
-7.439534664154053,-9.178121566772461,0,6,6,2,female
-6.237926959991455,-9.965173721313477,0,7,6,2,female
0.8917911648750305,-5.181422233581543,0,8,6,2,female
2.4807236194610596,-2.2072207927703857,0,9,6,2,female
-9.871614456176758,-13.175393104553223,0,0,7,1,male
-11.710211753845215,-13.194618225097656,0,1,7,1,male
-11.746346473693848,-12.121074676513672,0,2,7,1,male
-11.572169303894043,-11.77510929107666,0,3,7,1,male
-10.834504127502441,-11.563094139099121,0,4,7,1,male
-9.517818450927734,-11.825179100036621,0,5,7,1,male
-7.918558597564697,-11.303641319274902,0,6,7,1,male
-6.086739540100098,-10.570334434509277,0,7,7,1,male
1.2050282955169678,-4.897739887237549,0,8,7,1,male
2.835585355758667,-1.8660900592803955,0,9,7,1,male
-9.520469665527344,-9.32345962524414,0,0,8,11,female
-12.1434907913208,-9.50960636138916,0,1,8,11,female
-12.345402717590332,-9.551680564880371,0,2,8,11,female
-12.025792121887207,-9.678680419921875,0,3,8,11,female
-11.140777587890625,-9.351563453674316,0,4,8,11,female
-10.110640525817871,-9.13916301727295,0,5,8,11,female
-8.608085632324219,-8.819069862365723,0,6,8,11,female
-6.994962215423584,-8.999074935913086,0,7,8,11,female
-3.415660858154297,-8.734162330627441,0,8,8,11,female
1.268688440322876,-2.715351104736328,0,9,8,11,female
-7.921691417694092,-8.698034286499023,0,0,9,2,female
-9.216105461120605,-7.194919586181641,0,1,9,2,female
-8.796682357788086,-5.984972953796387,0,2,9,2,female
-8.860526084899902,-6.068056106567383,0,3,9,2,female
-9.333134651184082,-7.495941162109375,0,4,9,2,female
-8.453465461730957,-8.45870304107666,0,5,9,2,female
-7.51483154296875,-9.107684135437012,0,6,9,2,female
-6.207400798797607,-9.835888862609863,0,7,9,2,female
-3.136934518814087,-9.244022369384766,0,8,9,2,female
1.7112414836883545,-3.353641986846924,0,9,9,2,female
-8.083569526672363,-8.236098289489746,0,0,10,10,female
-10.416908264160156,-6.829634666442871,0,1,10,10,female
-11.06883716583252,-6.656572341918945,0,2,10,10,female
-10.160635948181152,-6.569365978240967,0,3,10,10,female
-9.454822540283203,-6.644426345825195,0,4,10,10,female
-8.95280933380127,-7.154451847076416,0,5,10,10,female
-8.054471969604492,-7.706939220428467,0,6,10,10,female
-6.52829122543335,-8.179170608520508,0,7,10,10,female
-3.8271596431732178,-8.2814359664917,0,8,10,10,female
0.948504626750946,-2.637606143951416,0,9,10,10,female
-5.104328632354736,-9.644482612609863,0,0,11,6,female
-8.118754386901855,-7.985562801361084,0,1,11,6,female
-9.950725555419922,-6.854193687438965,0,2,11,6,female
-10.006282806396484,-6.79261589050293,0,3,11,6,female
-9.317017555236816,-6.597418785095215,0,4,11,6,female
-8.40363597869873,-6.856194496154785,0,5,11,6,female
-7.821435928344727,-7.121109485626221,0,6,11,6,female
-7.015075206756592,-7.743570804595947,0,7,11,6,female
-6.632357120513916,-9.732451438903809,0,8,11,6,female
-6.178558826446533,-9.792579650878906,0,9,11,6,female
-5.557871341705322,-8.783205032348633,0,0,12,6,female
-7.920065879821777,-7.982217311859131,0,1,12,6,female
-9.639459609985352,-6.656299114227295,0,2,12,6,female
-9.593175888061523,-6.509972095489502,0,3,12,6,female
-9.104310989379883,-6.512537002563477,0,4,12,6,female
-8.301888465881348,-6.869426727294922,0,5,12,6,female
-7.618515968322754,-7.245713233947754,0,6,12,6,female
-6.549444675445557,-8.05417251586914,0,7,12,6,female
-4.774888515472412,-8.38818073272705,0,8,12,6,female
0.6237432956695557,-3.6213643550872803,0,9,12,6,female
-6.748765468597412,-7.708338737487793,0,0,13,2,female
-7.741717338562012,-6.587404727935791,0,1,13,2,female
-8.054940223693848,-6.27582311630249,0,2,13,2,female
-8.052257537841797,-6.549482822418213,0,3,13,2,female
-8.365890502929688,-7.361462116241455,0,4,13,2,female
-7.9055938720703125,-7.988682270050049,0,5,13,2,female
-6.880479335784912,-9.232741355895996,0,6,13,2,female
-3.966460943222046,-9.37493896484375,0,7,13,2,female
1.1464543342590332,-4.30059289932251,0,8,13,2,female
2.995137929916382,-1.418307900428772,0,9,13,2,female
-7.331000804901123,-12.531009674072266,0,0,14,7,male
-9.868475914001465,-13.938942909240723,0,1,14,7,male
-12.318629264831543,-15.173381805419922,0,2,14,7,male
-12.396197319030762,-15.069782257080078,0,3,14,7,male
-12.12886905670166,-14.120540618896484,0,4,14,7,male
-10.547590255737305,-13.07266902923584,0,5,14,7,male
-9.071702003479004,-12.148957252502441,0,6,14,7,male
-7.429564476013184,-11.639735221862793,0,7,14,7,male
-1.83583402633667,-10.115686416625977,0,8,14,7,male
2.307586669921875,-3.713364362716675,0,9,14,7,male
-8.536727905273438,-9.53619384765625,0,0,15,11,female
-11.299450874328613,-9.460662841796875,0,1,15,11,female
-12.379167556762695,-9.2063570022583,0,2,15,11,female
-12.375069618225098,-9.250826835632324,0,3,15,11,female
-12.12605094909668,-9.36944580078125,0,4,15,11,female
-11.422910690307617,-9.319836616516113,0,5,15,11,female
-10.300517082214355,-9.256659507751465,0,6,15,11,female
-8.62059211730957,-9.195525169372559,0,7,15,11,female
-6.965973854064941,-9.448184967041016,0,8,15,11,female
-3.1795389652252197,-8.86423110961914,0,9,15,11,female
-8.763544082641602,-7.6222710609436035,0,0,16,2,female
-9.373251914978027,-6.314969062805176,0,1,16,2,female
-8.916056632995605,-6.02675724029541,0,2,16,2,female
-8.914645195007324,-6.535323143005371,0,3,16,2,female
-8.996031761169434,-8.055075645446777,0,4,16,2,female
-8.150545120239258,-8.569002151489258,0,5,16,2,female
-7.0930633544921875,-9.516312599182129,0,6,16,2,female
-4.141211986541748,-9.461318016052246,0,7,16,2,female
1.2284672260284424,-4.4304609298706055,0,8,16,2,female
2.966049909591675,-1.5205835103988647,0,9,16,2,female
-8.069130897521973,-8.12724494934082,0,0,17,10,female
-10.543959617614746,-6.740617275238037,0,1,17,10,female
-11.366545677185059,-6.698825836181641,0,2,17,10,female
-10.993557929992676,-6.619813919067383,0,3,17,10,female
-9.930127143859863,-6.679797172546387,0,4,17,10,female
-9.174291610717773,-7.0957841873168945,0,5,17,10,female
-8.182376861572266,-7.744691371917725,0,6,17,10,female
-6.6396708488464355,-8.089451789855957,0,7,17,10,female
-3.784738540649414,-8.3236722946167,0,8,17,10,female
0.9171271920204163,-2.7657554149627686,0,9,17,10,female
-9.582696914672852,-13.347630500793457,0,0,18,8,male
-11.812992095947266,-13.668401718139648,0,1,18,8,male
-11.963997840881348,-13.477913856506348,0,2,18,8,male
-11.853206634521484,-13.131021499633789,0,3,18,8,male
-11.426495552062988,-12.777511596679688,0,4,18,8,male
-10.17288875579834,-12.384377479553223,0,5,18,8,male
-8.364522933959961,-12.048906326293945,0,6,18,8,male
-6.352212905883789,-11.459236145019531,0,7,18,8,male
2.0863733291625977,-4.997597694396973,0,8,18,8,male
3.578413963317871,-1.455094337463379,0,9,18,8,male
-9.023457527160645,-7.760426998138428,0,0,19,3,female
-10.282790184020996,-7.065439701080322,0,1,19,3,female
-9.511780738830566,-6.7387919425964355,0,2,19,3,female
-8.394438743591309,-6.752906799316406,0,3,19,3,female
-7.5934529304504395,-6.954516887664795,0,4,19,3,female
-6.943268775939941,-7.502636432647705,0,5,19,3,female
-5.707974910736084,-8.47629451751709,0,6,19,3,female
-3.504340171813965,-7.9948930740356445,0,7,19,3,female
1.2368894815444946,-2.1764044761657715,0,8,19,3,female
3.208681583404541,0.5308935642242432,0,9,19,3,female
-6.0397562980651855,-9.818949699401855,0,0,20,0,male
-8.89117431640625,-9.148493766784668,0,1,20,0,male
-11.35527229309082,-8.47484302520752,0,2,20,0,male
-11.46201229095459,-8.044754028320312,0,3,20,0,male
-10.337180137634277,-7.4702253341674805,0,4,20,0,male
-8.769645690917969,-7.38375997543335,0,5,20,0,male
-7.397939205169678,-7.76283597946167,0,6,20,0,male
-5.4983601570129395,-8.621786117553711,0,7,20,0,male
-0.07674484699964523,-4.763240814208984,0,8,20,0,male
1.6597739458084106,-1.648500680923462,0,9,20,0,male
-6.773339748382568,-8.47126579284668,0,0,21,6,female
-8.934513092041016,-7.434790134429932,0,1,21,6,female
-9.952847480773926,-6.5364670753479,0,2,21,6,female
-9.292462348937988,-6.4007649421691895,0,3,21,6,female
-8.605487823486328,-6.5761260986328125,0,4,21,6,female
-7.841521263122559,-6.786726951599121,0,5,21,6,female
-7.172882556915283,-7.545695781707764,0,6,21,6,female
-6.367596626281738,-9.194523811340332,0,7,21,6,female
-5.825432777404785,-9.857926368713379,0,8,21,6,female
-4.530153274536133,-9.515999794006348,0,9,21,6,female
-7.340668201446533,-8.238419532775879,0,0,22,10,female
-9.793099403381348,-6.913691520690918,0,1,22,10,female
-11.11678695678711,-6.684160232543945,0,2,22,10,female
-10.670784950256348,-6.57706356048584,0,3,22,10,female
-9.695746421813965,-6.669768810272217,0,4,22,10,female
-8.978243827819824,-7.128696918487549,0,5,22,10,female
-7.915524959564209,-7.6921067237854,0,6,22,10,female
-6.506650447845459,-8.168212890625,0,7,22,10,female
-3.7293105125427246,-8.257049560546875,0,8,22,10,female
0.9659017324447632,-2.606210947036743,0,9,22,10,female
-8.103968620300293,-8.076668739318848,0,0,23,2,female
-8.833322525024414,-6.445272922515869,0,1,23,2,female
-8.687079429626465,-5.9798264503479,0,2,23,2,female
-8.808884620666504,-6.438872337341309,0,3,23,2,female
-9.409661293029785,-7.879592418670654,0,4,23,2,female
-8.358013153076172,-8.502869606018066,0,5,23,2,female
-7.185631275177002,-9.47301197052002,0,6,23,2,female
-5.546231746673584,-9.88629150390625,0,7,23,2,female
1.1172133684158325,-4.708935260772705,0,8,23,2,female
2.8254528045654297,-1.7427088022232056,0,9,23,2,female
-6.159385681152344,-10.052689552307129,0,0,24,0,male
-8.8136568069458,-9.24955940246582,0,1,24,0,male
-11.221285820007324,-8.794634819030762,0,2,24,0,male
-11.357868194580078,-8.426325798034668,0,3,24,0,male
-10.338140487670898,-7.5768208503723145,0,4,24,0,male
-8.534669876098633,-7.545142650604248,0,5,24,0,male
-7.0836029052734375,-7.735651016235352,0,6,24,0,male
-4.656153202056885,-8.520686149597168,0,7,24,0,male
0.5067771673202515,-3.7609894275665283,0,8,24,0,male
2.1240577697753906,-1.0037142038345337,0,9,24,0,male
-7.810781002044678,-8.141575813293457,0,0,25,10,female
-10.229970932006836,-6.712471961975098,0,1,25,10,female
-11.301695823669434,-6.687747001647949,0,2,25,10,female
-10.864855766296387,-6.624706268310547,0,3,25,10,female
-9.946792602539062,-6.7095794677734375,0,4,25,10,female
-9.203964233398438,-7.108603000640869,0,5,25,10,female
-7.918070316314697,-8.010712623596191,0,6,25,10,female
-6.497600555419922,-8.177779197692871,0,7,25,10,female
-3.4115443229675293,-8.249327659606934,0,8,25,10,female
1.148875117301941,-2.3600049018859863,0,9,25,10,female
-5.261796474456787,-9.286327362060547,0,0,26,6,female
-8.269414901733398,-7.869486331939697,0,1,26,6,female
-10.094435691833496,-6.643704891204834,0,2,26,6,female
-9.871216773986816,-6.522225379943848,0,3,26,6,female
-9.205135345458984,-6.444159030914307,0,4,26,6,female
-8.600674629211426,-6.667487144470215,0,5,26,6,female
-7.853967666625977,-7.28255033493042,0,6,26,6,female
-6.647551536560059,-7.86856746673584,0,7,26,6,female
-4.076508045196533,-8.343214988708496,0,8,26,6,female
0.8733277916908264,-2.760922908782959,0,9,26,6,female
-8.081344604492188,-12.698197364807129,0,0,27,8,male
-10.518776893615723,-13.380779266357422,0,1,27,8,male
-11.910517692565918,-13.491780281066895,0,2,27,8,male
-11.923412322998047,-13.338637351989746,0,3,27,8,male
-11.690305709838867,-13.207489013671875,0,4,27,8,male
-10.408262252807617,-12.77133846282959,0,5,27,8,male
-8.589640617370605,-12.236875534057617,0,6,27,8,male
-6.576466083526611,-11.495894432067871,0,7,27,8,male
-0.39649155735969543,-9.764165878295898,0,8,27,8,male
3.2200281620025635,-2.2112009525299072,0,9,27,8,male
-8.506342887878418,-8.218640327453613,0,0,28,2,female
-9.289485931396484,-6.791196346282959,0,1,28,2,female
-8.793313026428223,-5.974898338317871,0,2,28,2,female
-8.835977554321289,-6.335898399353027,0,3,28,2,female
-9.260355949401855,-7.7846527099609375,0,4,28,2,female
-8.324536323547363,-8.39975643157959,0,5,28,2,female
-7.125039100646973,-9.302693367004395,0,6,28,2,female
-5.490622520446777,-9.827428817749023,0,7,28,2,female
1.0579290390014648,-4.676628112792969,0,8,28,2,female
2.8226094245910645,-1.6491684913635254,0,9,28,2,female
-8.924511909484863,-13.03289794921875,0,0,29,9,male
-11.02967643737793,-13.45895767211914,0,1,29,9,male
-12.146297454833984,-13.289003372192383,0,2,29,9,male
-12.187553405761719,-13.069253921508789,0,3,29,9,male
-11.750524520874023,-12.882462501525879,0,4,29,9,male
-10.261765480041504,-12.980430603027344,0,5,29,9,male
-8.708847999572754,-12.472965240478516,0,6,29,9,male
-6.995969772338867,-11.796379089355469,0,7,29,9,male
-1.0368894338607788,-10.266582489013672,0,8,29,9,male
2.7778382301330566,-3.4225592613220215,0,9,29,9,male
-9.627137184143066,-7.570178508758545,0,0,30,3,female
-10.798481941223145,-6.914243221282959,0,1,30,3,female
-9.806002616882324,-6.662087917327881,0,2,30,3,female
-8.662713050842285,-6.660153388977051,0,3,30,3,female
-7.914412975311279,-6.83488655090332,0,4,30,3,female
-7.232306480407715,-7.299871444702148,0,5,30,3,female
-6.18827486038208,-8.253865242004395,0,6,30,3,female
-4.002860069274902,-8.193782806396484,0,7,30,3,female
0.9664900898933411,-2.651610851287842,0,8,30,3,female
2.8926258087158203,0.21630816161632538,0,9,30,3,female
-8.06474781036377,-8.348958969116211,0,0,31,2,female
-8.995537757873535,-6.84891414642334,0,1,31,2,female
-8.71861457824707,-5.974374771118164,0,2,31,2,female
-8.919172286987305,-6.415365219116211,0,3,31,2,female
-9.023320198059082,-7.972586154937744,0,4,31,2,female
-8.23908805847168,-8.662178039550781,0,5,31,2,female
-7.227421283721924,-9.486181259155273,0,6,31,2,female
-5.301088809967041,-9.836581230163574,0,7,31,2,female
1.1160730123519897,-4.558026313781738,0,8,31,2,female
2.920200824737549,-1.6003798246383667,0,9,31,2,female
-7.612620830535889,-9.116681098937988,0,0,32,3,female
-9.285540580749512,-8.242171287536621,0,1,32,3,female
-10.206040382385254,-7.594548225402832,0,2,32,3,female
-9.363377571105957,-6.793782711029053,0,3,32,3,female
-8.189269065856934,-6.72426700592041,0,4,32,3,female
-7.569613933563232,-7.003243923187256,0,5,32,3,female
-6.633162975311279,-7.8008270263671875,0,6,32,3,female
-4.54725456237793,-8.447574615478516,0,7,32,3,female
0.34927061200141907,-4.353948593139648,0,8,32,3,female
2.118894577026367,-1.1587058305740356,0,9,32,3,female
-6.551114559173584,-11.843585014343262,0,0,33,7,male
-9.215911865234375,-13.484725952148438,0,1,33,7,male
-11.779001235961914,-14.944519996643066,0,2,33,7,male
-12.298538208007812,-15.128554344177246,0,3,33,7,male
-12.171401977539062,-14.837188720703125,0,4,33,7,male
-11.042410850524902,-13.504133224487305,0,5,33,7,male
-9.334662437438965,-12.40890884399414,0,6,33,7,male
-7.633342742919922,-11.812098503112793,0,7,33,7,male
-2.305171489715576,-10.345714569091797,0,8,33,7,male
2.0448246002197266,-4.163518905639648,0,9,33,7,male
-6.075803279876709,-10.011058807373047,0,0,34,0,male
-8.482961654663086,-9.403746604919434,0,1,34,0,male
-11.081032752990723,-9.181848526000977,0,2,34,0,male
-11.732407569885254,-8.653104782104492,0,3,34,0,male
-10.812642097473145,-8.05531120300293,0,4,34,0,male
-9.62716293334961,-7.361526012420654,0,5,34,0,male
-8.003900527954102,-7.793957710266113,0,6,34,0,male
-6.515899658203125,-8.247657775878906,0,7,34,0,male
-3.4846956729888916,-8.350717544555664,0,8,34,0,male
1.0720676183700562,-2.597443103790283,0,9,34,0,male
-6.975337505340576,-12.237043380737305,0,0,35,7,male
-9.730793952941895,-13.763052940368652,0,1,35,7,male
-12.207969665527344,-15.160487174987793,0,2,35,7,male
-12.321345329284668,-15.253877639770508,0,3,35,7,male
-11.285099983215332,-14.60850715637207,0,4,35,7,male
-10.026918411254883,-13.52944564819336,0,5,35,7,male
-8.381438255310059,-12.638579368591309,0,6,35,7,male
-6.762275218963623,-11.820865631103516,0,7,35,7,male
-0.6565940380096436,-10.187920570373535,0,8,35,7,male
3.029911756515503,-3.030594825744629,0,9,35,7,male
-5.973421573638916,-8.98770809173584,0,0,36,6,female
-8.360980033874512,-7.823426246643066,0,1,36,6,female
-9.861440658569336,-6.897670269012451,0,2,36,6,female
-9.449828147888184,-6.604475975036621,0,3,36,6,female
-8.616509437561035,-6.6662445068359375,0,4,36,6,female
-7.99752140045166,-6.986811637878418,0,5,36,6,female
-7.4085187911987305,-7.441922664642334,0,6,36,6,female
-6.246077060699463,-8.17054271697998,0,7,36,6,female
-3.8053741455078125,-8.227701187133789,0,8,36,6,female
0.8717362880706787,-2.693608045578003,0,9,36,6,female
-6.1619462966918945,-8.691604614257812,0,0,37,6,female
-8.461091995239258,-7.550800800323486,0,1,37,6,female
-9.694104194641113,-6.497118949890137,0,2,37,6,female
-9.37314510345459,-6.38360595703125,0,3,37,6,female
-8.785195350646973,-6.585731029510498,0,4,37,6,female
-8.153426170349121,-7.078266620635986,0,5,37,6,female
-7.46674108505249,-7.53904390335083,0,6,37,6,female
-6.257708549499512,-8.1505708694458,0,7,37,6,female
-3.7166762351989746,-8.255537033081055,0,8,37,6,female
1.0606650114059448,-2.516406297683716,0,9,37,6,female
-5.989011764526367,-9.858248710632324,0,0,38,0,male
-8.946959495544434,-9.228150367736816,0,1,38,0,male
-11.233911514282227,-8.627843856811523,0,2,38,0,male
-11.27599811553955,-8.3544921875,0,3,38,0,male
-10.142934799194336,-7.403445243835449,0,4,38,0,male
-8.560144424438477,-7.156888961791992,0,5,38,0,male
-7.00838565826416,-7.861685276031494,0,6,38,0,male
-4.917808532714844,-8.578768730163574,0,7,38,0,male
0.4042508006095886,-4.076010704040527,0,8,38,0,male
2.0771138668060303,-1.251425862312317,0,9,38,0,male
-9.856675148010254,-13.599905014038086,0,0,39,9,male
-11.574002265930176,-13.608896255493164,0,1,39,9,male
-12.063270568847656,-13.43016529083252,0,2,39,9,male
-12.278379440307617,-13.228351593017578,0,3,39,9,male
-11.864739418029785,-13.110851287841797,0,4,39,9,male
-10.483488082885742,-12.978588104248047,0,5,39,9,male
-8.74574089050293,-12.268867492675781,0,6,39,9,male
-6.9098286628723145,-11.461225509643555,0,7,39,9,male
-1.1244828701019287,-9.912981986999512,0,8,39,9,male
2.786208391189575,-2.9655954837799072,0,9,39,9,male
-9.25430679321289,-12.906972885131836,0,0,40,1,male
-11.187439918518066,-13.33970832824707,0,1,40,1,male
-12.006688117980957,-13.074478149414062,0,2,40,1,male
-11.793662071228027,-12.286766052246094,0,3,40,1,male
-11.402315139770508,-11.845197677612305,0,4,40,1,male
-10.164048194885254,-11.781566619873047,0,5,40,1,male
-8.486428260803223,-11.775405883789062,0,6,40,1,male
-6.9829912185668945,-11.04337215423584,0,7,40,1,male
-1.1355502605438232,-9.703697204589844,0,8,40,1,male
2.621155261993408,-2.9315433502197266,0,9,40,1,male
-8.303445816040039,-8.48462963104248,0,0,41,2,female
-8.997088432312012,-7.352497100830078,0,1,41,2,female
-8.559999465942383,-5.984915256500244,0,2,41,2,female
-8.590139389038086,-6.019360542297363,0,3,41,2,female
-8.780304908752441,-6.655191421508789,0,4,41,2,female
-8.837004661560059,-8.063742637634277,0,5,41,2,female
-7.900984764099121,-8.474589347839355,0,6,41,2,female
-6.747127056121826,-9.471611976623535,0,7,41,2,female
-3.6828575134277344,-9.358131408691406,0,8,41,2,female
1.2806289196014404,-3.9751007556915283,0,9,41,2,female
-7.64645528793335,-12.390390396118164,0,0,42,8,male
-10.134305953979492,-13.130937576293945,0,1,42,8,male
-11.844375610351562,-13.211518287658691,0,2,42,8,male
-11.923480987548828,-13.027936935424805,0,3,42,8,male
-11.5367431640625,-12.181402206420898,0,4,42,8,male
-10.745756149291992,-11.943312644958496,0,5,42,8,male
-9.615506172180176,-11.907479286193848,0,6,42,8,male
-7.819258213043213,-11.587994575500488,0,7,42,8,male
-2.3547732830047607,-10.237299919128418,0,8,42,8,male
2.1279489994049072,-4.064900875091553,0,9,42,8,male
-4.295674800872803,-8.928874015808105,0,0,43,6,female
-7.258031845092773,-8.320064544677734,0,1,43,6,female
-9.161632537841797,-7.237959861755371,0,2,43,6,female
-9.72645378112793,-6.577526569366455,0,3,43,6,female
-9.14786148071289,-6.432277679443359,0,4,43,6,female
-8.415521621704102,-6.5855021476745605,0,5,43,6,female
-7.832911491394043,-6.876977443695068,0,6,43,6,female
-7.497221946716309,-7.465177536010742,0,7,43,6,female
-7.427140235900879,-9.140998840332031,0,8,43,6,female
-6.909387111663818,-9.546687126159668,0,9,43,6,female
-6.685796737670898,-11.983893394470215,0,0,44,7,male
-9.299636840820312,-13.548882484436035,0,1,44,7,male
-11.85937786102295,-14.946534156799316,0,2,44,7,male
-12.427550315856934,-14.854907989501953,0,3,44,7,male
-12.33813762664795,-13.629742622375488,0,4,44,7,male
-10.710042953491211,-12.345580101013184,0,5,44,7,male
-9.29463005065918,-11.984577178955078,0,6,44,7,male
-7.6072797775268555,-11.46401309967041,0,7,44,7,male
-2.3312487602233887,-10.214593887329102,0,8,44,7,male
2.061289072036743,-3.9308884143829346,0,9,44,7,male
-5.940108299255371,-9.872278213500977,0,0,45,0,male
-8.869173049926758,-9.242308616638184,0,1,45,0,male
-11.347334861755371,-9.074508666992188,0,2,45,0,male
-12.056318283081055,-9.45543098449707,0,3,45,0,male
-11.426161766052246,-11.768861770629883,0,4,45,0,male
-10.366957664489746,-11.720867156982422,0,5,45,0,male
-9.136387825012207,-9.47148609161377,0,6,45,0,male
-7.460504531860352,-9.193933486938477,0,7,45,0,male
-4.416365146636963,-9.537762641906738,0,8,45,0,male
1.1688741445541382,-3.725374460220337,0,9,45,0,male
-7.0004167556762695,-7.578980445861816,0,0,46,2,female
-8.270233154296875,-6.276247024536133,0,1,46,2,female
-8.585040092468262,-5.9940643310546875,0,2,46,2,female
-8.831578254699707,-6.553680896759033,0,3,46,2,female
-8.79427433013916,-7.878756999969482,0,4,46,2,female
-7.760349273681641,-8.503030776977539,0,5,46,2,female
-6.922823905944824,-9.449930191040039,0,6,46,2,female
-4.128105163574219,-9.451360702514648,0,7,46,2,female
1.1592484712600708,-4.287496566772461,0,8,46,2,female
2.8231871128082275,-1.563073754310608,0,9,46,2,female
-5.0609540939331055,-9.965914726257324,0,0,47,11,female
-8.552518844604492,-9.111821174621582,0,1,47,11,female
-11.388496398925781,-9.037672996520996,0,2,47,11,female
-12.336692810058594,-9.34210205078125,0,3,47,11,female
-12.209687232971191,-9.61296558380127,0,4,47,11,female
-11.724620819091797,-9.666104316711426,0,5,47,11,female
-11.27098274230957,-9.570921897888184,0,6,47,11,female
-10.185646057128906,-9.506494522094727,0,7,47,11,female
-8.751449584960938,-9.490097999572754,0,8,47,11,female
-7.140678405761719,-9.63343620300293,0,9,47,11,female
-9.424705505371094,-13.185394287109375,0,0,48,9,male
-11.824640274047852,-13.470805168151855,0,1,48,9,male
-12.252862930297852,-13.435215950012207,0,2,48,9,male
-12.266012191772461,-13.409086227416992,0,3,48,9,male
-11.256871223449707,-13.675278663635254,0,4,48,9,male
-10.021932601928711,-13.509268760681152,0,5,48,9,male
-8.411601066589355,-12.786935806274414,0,6,48,9,male
-6.524226188659668,-11.932387351989746,0,7,48,9,male
-0.45247867703437805,-10.130559921264648,0,8,48,9,male
3.2348623275756836,-2.6985392570495605,0,9,48,9,male
-6.642544746398926,-9.764725685119629,0,0,49,11,female
-9.915047645568848,-9.005029678344727,0,1,49,11,female
-12.257226943969727,-9.102008819580078,0,2,49,11,female
-12.39392375946045,-9.283160209655762,0,3,49,11,female
-12.04926586151123,-9.419772148132324,0,4,49,11,female
-11.71993350982666,-9.359889030456543,0,5,49,11,female
-11.097582817077637,-9.36569595336914,0,6,49,11,female
-10.059755325317383,-9.277423858642578,0,7,49,11,female
-8.336787223815918,-9.471749305725098,0,8,49,11,female
-6.382600784301758,-9.93870735168457,0,9,49,11,female
-7.495504856109619,-6.909554481506348,1,0,50,2,female
-7.7888383865356445,-6.696225166320801,1,1,50,2,female
-7.956140995025635,-7.093381881713867,1,2,50,2,female
-8.3762845993042,-8.314287185668945,1,3,50,2,female
-7.4047064781188965,-8.890759468078613,1,4,50,2,female
-6.013391971588135,-9.659444808959961,1,5,50,2,female
0.7472000122070312,-4.912812232971191,1,6,50,2,female
2.4278526306152344,-1.9011902809143066,1,7,50,2,female
4.034022331237793,0.332706481218338,1,8,50,2,female
47.728973388671875,-13.04631519317627,1,9,50,2,female
-11.31517505645752,-13.059326171875,1,0,51,1,male
-12.28288745880127,-12.933926582336426,1,1,51,1,male
-11.573396682739258,-11.973584175109863,1,2,51,1,male
-10.490370750427246,-11.865516662597656,1,3,51,1,male
-8.867688179016113,-11.834040641784668,1,4,51,1,male
-7.347227096557617,-11.416168212890625,1,5,51,1,male
-1.4216898679733276,-9.887505531311035,1,6,51,1,male
2.5314362049102783,-3.190107583999634,1,7,51,1,male
3.993354082107544,-0.3189404308795929,1,8,51,1,male
47.85561752319336,-13.144600868225098,1,9,51,1,male
-8.168143272399902,-6.797070026397705,1,0,52,2,female
-8.579902648925781,-6.712917804718018,1,1,52,2,female
-9.098465919494629,-7.732982635498047,1,2,52,2,female
-8.72246265411377,-8.94607162475586,1,3,52,2,female
-7.473477363586426,-9.439863204956055,1,4,52,2,female
-5.040905475616455,-9.778739929199219,1,5,52,2,female
1.2731724977493286,-4.295638561248779,1,6,52,2,female
3.180016040802002,-1.1283519268035889,1,7,52,2,female
4.363460063934326,0.3463936448097229,1,8,52,2,female
48.02585220336914,-13.01822280883789,1,9,52,2,female
-11.649879455566406,-9.775208473205566,1,0,53,11,female
-12.374560356140137,-9.587384223937988,1,1,53,11,female
-12.293647766113281,-9.690150260925293,1,2,53,11,female
-11.992192268371582,-9.764070510864258,1,3,53,11,female
-11.502384185791016,-9.69994831085205,1,4,53,11,female
-10.787585258483887,-9.409347534179688,1,5,53,11,female
-8.980283737182617,-9.112571716308594,1,6,53,11,female
-7.0771918296813965,-9.061763763427734,1,7,53,11,female
-3.4955344200134277,-8.83631420135498,1,8,53,11,female
1.2731525897979736,-2.485790491104126,1,9,53,11,female
-9.946928024291992,-13.784393310546875,1,0,54,8,male
-12.19925594329834,-14.031743049621582,1,1,54,8,male
-12.159594535827637,-13.585007667541504,1,2,54,8,male
-11.661711692810059,-13.31364917755127,1,3,54,8,male
-10.089812278747559,-12.930980682373047,1,4,54,8,male
-7.983023166656494,-12.173669815063477,1,5,54,8,male
-5.822208881378174,-11.42324447631836,1,6,54,8,male
2.1946170330047607,-4.409917831420898,1,7,54,8,male
3.650339126586914,-1.094714879989624,1,8,54,8,male
47.90586853027344,-13.678266525268555,1,9,54,8,male
-10.033173561096191,-13.880881309509277,1,0,55,8,male
-12.239805221557617,-14.154812812805176,1,1,55,8,male
-12.097700119018555,-13.563339233398438,1,2,55,8,male
-11.356537818908691,-13.363564491271973,1,3,55,8,male
-9.28626537322998,-12.688760757446289,1,4,55,8,male
-7.527114391326904,-12.028095245361328,1,5,55,8,male
-1.6312834024429321,-10.573979377746582,1,6,55,8,male
2.6933488845825195,-3.8337960243225098,1,7,55,8,male
3.854970693588257,-0.5497300028800964,1,8,55,8,male
48.05025100708008,-13.696642875671387,1,9,55,8,male
-11.090242385864258,-12.357943534851074,1,0,56,1,male
-11.798891067504883,-12.247465133666992,1,1,56,1,male
-11.497401237487793,-11.921270370483398,1,2,56,1,male
-10.530586242675781,-11.988161087036133,1,3,56,1,male
-8.988771438598633,-12.001343727111816,1,4,56,1,male
-7.597256660461426,-11.52065658569336,1,5,56,1,male
-1.7009706497192383,-10.169431686401367,1,6,56,1,male
2.4161922931671143,-3.6553823947906494,1,7,56,1,male
3.82486629486084,-0.6365656852722168,1,8,56,1,male
48.28117752075195,-13.76337718963623,1,9,56,1,male
-9.718701362609863,-7.874159336090088,1,0,57,6,female
-9.903389930725098,-7.670592784881592,1,1,57,6,female
-9.585038185119629,-7.146953105926514,1,2,57,6,female
-9.102950096130371,-7.385339260101318,1,3,57,6,female
-7.4300432205200195,-8.300249099731445,1,4,57,6,female
-5.395374774932861,-8.814912796020508,1,5,57,6,female
0.16769877076148987,-4.544802665710449,1,6,57,6,female
2.2597241401672363,-1.0063996315002441,1,7,57,6,female
3.8527731895446777,0.8257247805595398,1,8,57,6,female
47.539974212646484,-13.23268985748291,1,9,57,6,female
-10.534058570861816,-12.119847297668457,1,0,58,1,male
-11.57352352142334,-11.936582565307617,1,1,58,1,male
-11.284303665161133,-11.687084197998047,1,2,58,1,male
-10.101705551147461,-11.641973495483398,1,3,58,1,male
-8.437317848205566,-11.71603775024414,1,4,58,1,male
-7.157711029052734,-11.35914421081543,1,5,58,1,male
-1.568793535232544,-9.977919578552246,1,6,58,1,male
2.1621620655059814,-3.8989124298095703,1,7,58,1,male
3.5311992168426514,-1.0876107215881348,1,8,58,1,male
4.505528450012207,0.34103718400001526,1,9,58,1,male
-11.23941707611084,-14.722545623779297,1,0,59,7,male
-12.282082557678223,-15.302492141723633,1,1,59,7,male
-11.928627014160156,-15.160861015319824,1,2,59,7,male
-10.228411674499512,-14.02963638305664,1,3,59,7,male
-8.744707107543945,-12.934398651123047,1,4,59,7,male
-7.058058738708496,-12.200754165649414,1,5,59,7,male
-1.3259316682815552,-10.611186981201172,1,6,59,7,male
2.8224878311157227,-3.7246711254119873,1,7,59,7,male
4.038998126983643,-0.6288737058639526,1,8,59,7,male
47.731143951416016,-13.47896957397461,1,9,59,7,male
-10.481009483337402,-7.600417137145996,1,0,60,10,female
-10.878517150878906,-7.71596097946167,1,1,60,10,female
-10.929990768432617,-7.273379325866699,1,2,60,10,female
-10.727477073669434,-6.722144603729248,1,3,60,10,female
-9.336548805236816,-7.081061363220215,1,4,60,10,female
-7.218815803527832,-8.057612419128418,1,5,60,10,female
-4.658325672149658,-8.523576736450195,1,6,60,10,female
0.7161393761634827,-3.316058397293091,1,7,60,10,female
2.869966745376587,-0.005312092136591673,1,8,60,10,female
47.850040435791016,-13.67270278930664,1,9,60,10,female
-11.76425552368164,-9.501842498779297,1,0,61,11,female
-12.414767265319824,-9.419946670532227,1,1,61,11,female
-12.349422454833984,-9.561070442199707,1,2,61,11,female
-11.887784957885742,-9.720128059387207,1,3,61,11,female
-11.269433975219727,-9.663125038146973,1,4,61,11,female
-10.021979331970215,-9.461084365844727,1,5,61,11,female
-8.138266563415527,-9.648726463317871,1,6,61,11,female
-6.004113674163818,-9.98139762878418,1,7,61,11,female
1.0637952089309692,-4.697416305541992,1,8,61,11,female
2.8711981773376465,-1.5082745552062988,1,9,61,11,female
-10.107793807983398,-13.843222618103027,1,0,62,8,male
-12.474662780761719,-14.067522048950195,1,1,62,8,male
-12.111981391906738,-13.462057113647461,1,2,62,8,male
-10.591297149658203,-12.863993644714355,1,3,62,8,male
-8.624176025390625,-12.166633605957031,1,4,62,8,male
-6.582687854766846,-11.39976692199707,1,5,62,8,male
-0.6067466139793396,-9.652836799621582,1,6,62,8,male
3.0027811527252197,-2.22652530670166,1,7,62,8,male
4.143457412719727,0.4603075385093689,1,8,62,8,male
47.913848876953125,-13.81074333190918,1,9,62,8,male
-10.689167022705078,-14.5060453414917,1,0,63,7,male
-12.191936492919922,-15.433207511901855,1,1,63,7,male
-12.150543212890625,-15.256566047668457,1,2,63,7,male
-11.236809730529785,-14.185957908630371,1,3,63,7,male
-9.767255783081055,-13.096331596374512,1,4,63,7,male
-8.245987892150879,-12.198143005371094,1,5,63,7,male
-6.706577301025391,-11.338082313537598,1,6,63,7,male
-0.9755565524101257,-9.683717727661133,1,7,63,7,male
2.699185609817505,-2.800067901611328,1,8,63,7,male
4.07628870010376,-0.1031019389629364,1,9,63,7,male
-8.51782512664795,-7.371082782745361,1,0,64,2,female
-8.640199661254883,-6.603450775146484,1,1,64,2,female
-8.471000671386719,-6.7389326095581055,1,2,64,2,female
-8.99117660522461,-8.000946044921875,1,3,64,2,female
-8.637742042541504,-9.160077095031738,1,4,64,2,female
-7.463201522827148,-9.468705177307129,1,5,64,2,female
-5.380856037139893,-9.931200981140137,1,6,64,2,female
1.4131838083267212,-4.480066776275635,1,7,64,2,female
3.25327730178833,-1.3174265623092651,1,8,64,2,female
4.32501220703125,0.3413569927215576,1,9,64,2,female
-11.974620819091797,-9.340760231018066,1,0,65,11,female
-12.442657470703125,-9.334691047668457,1,1,65,11,female
-12.284786224365234,-9.612626075744629,1,2,65,11,female
-11.854433059692383,-9.74542236328125,1,3,65,11,female
-11.148622512817383,-9.559331893920898,1,4,65,11,female
-9.703064918518066,-9.30924129486084,1,5,65,11,female
-7.65653657913208,-9.392081260681152,1,6,65,11,female
-4.608030319213867,-9.554364204406738,1,7,65,11,female
1.1566241979599,-3.7671070098876953,1,8,65,11,female
3.1403250694274902,-0.3612290024757385,1,9,65,11,female
-9.452372550964355,-11.99907398223877,1,0,66,0,male
-11.066384315490723,-11.711816787719727,1,1,66,0,male
-11.605456352233887,-10.322732925415039,1,2,66,0,male
-11.153456687927246,-8.983105659484863,1,3,66,0,male
-9.771119117736816,-8.257157325744629,1,4,66,0,male
-7.856513977050781,-8.616622924804688,1,5,66,0,male
-5.513883113861084,-9.023517608642578,1,6,66,0,male
0.06699065119028091,-4.696254730224609,1,7,66,0,male
1.9695377349853516,-1.327733039855957,1,8,66,0,male
3.8074731826782227,0.7700966596603394,1,9,66,0,male
-10.60682201385498,-7.569500923156738,1,0,67,10,female
-11.01296329498291,-7.608388900756836,1,1,67,10,female
-11.169898986816406,-6.917572975158691,1,2,67,10,female
-10.455280303955078,-6.736071586608887,1,3,67,10,female
-9.001630783081055,-7.262278079986572,1,4,67,10,female
-6.9385271072387695,-7.9846978187561035,1,5,67,10,female
-4.147089004516602,-8.416617393493652,1,6,67,10,female
0.8998256325721741,-2.82303524017334,1,7,67,10,female
2.894216775894165,0.33633044362068176,1,8,67,10,female
48.34280014038086,-13.92477035522461,1,9,67,10,female
-11.179619789123535,-12.093859672546387,1,0,68,1,male
-11.667880058288574,-12.061112403869629,1,1,68,1,male
-11.395234107971191,-11.839998245239258,1,2,68,1,male
-10.032784461975098,-11.790005683898926,1,3,68,1,male
-8.20999813079834,-11.67750072479248,1,4,68,1,male
-6.497413158416748,-11.063836097717285,1,5,68,1,male
1.7828933000564575,-4.822806358337402,1,6,68,1,male
3.2339730262756348,-1.897871732711792,1,7,68,1,male
4.499786376953125,-0.04024218022823334,1,8,68,1,male
47.73564529418945,-13.302786827087402,1,9,68,1,male
-10.886574745178223,-14.584425926208496,1,0,69,7,male
-12.328865051269531,-15.175241470336914,1,1,69,7,male
-12.311823844909668,-15.131792068481445,1,2,69,7,male
-11.583883285522461,-14.161540031433105,1,3,69,7,male
-10.110644340515137,-12.714872360229492,1,4,69,7,male
-8.405538558959961,-11.871865272521973,1,5,69,7,male
-6.746897220611572,-10.990606307983398,1,6,69,7,male
-0.7197221517562866,-9.481649398803711,1,7,69,7,male
2.8540751934051514,-2.2283852100372314,1,8,69,7,male
4.192897319793701,0.10215646773576736,1,9,69,7,male
-10.464190483093262,-13.848909378051758,1,0,70,9,male
-12.527222633361816,-13.92629623413086,1,1,70,9,male
-12.570283889770508,-13.78329849243164,1,2,70,9,male
-11.936409950256348,-13.908541679382324,1,3,70,9,male
-10.554045677185059,-13.406098365783691,1,4,70,9,male
-8.715425491333008,-12.76048469543457,1,5,70,9,male
-6.982014179229736,-12.168423652648926,1,6,70,9,male
-0.9404652118682861,-10.409826278686523,1,7,70,9,male
3.0120720863342285,-3.3281168937683105,1,8,70,9,male
4.114109992980957,-0.4368743896484375,1,9,70,9,male
-10.951299667358398,-14.578184127807617,1,0,71,7,male
-12.256381034851074,-15.298380851745605,1,1,71,7,male
-11.748634338378906,-14.780261993408203,1,2,71,7,male
-10.091876983642578,-13.620891571044922,1,3,71,7,male
-8.08565616607666,-12.631092071533203,1,4,71,7,male
-6.2146759033203125,-11.672980308532715,1,5,71,7,male
2.0164082050323486,-5.215301036834717,1,6,71,7,male
3.4380569458007812,-1.9167429208755493,1,7,71,7,male
4.58127498626709,0.13983747363090515,1,8,71,7,male
47.38610076904297,-13.130048751831055,1,9,71,7,male
-9.28658390045166,-12.058250427246094,1,0,72,0,male
-10.689788818359375,-11.88257122039795,1,1,72,0,male
-11.357549667358398,-10.478558540344238,1,2,72,0,male
-10.808699607849121,-8.798370361328125,1,3,72,0,male
-9.560819625854492,-8.109955787658691,1,4,72,0,male
-7.903443813323975,-8.544519424438477,1,5,72,0,male
-5.844612121582031,-8.885517120361328,1,6,72,0,male
-2.776994466781616,-7.988565921783447,1,7,72,0,male
1.584653377532959,-1.8611377477645874,1,8,72,0,male
3.647514581680298,0.6458152532577515,1,9,72,0,male
-10.899469375610352,-14.559980392456055,1,0,73,7,male
-12.171713829040527,-15.362152099609375,1,1,73,7,male
-11.857072830200195,-15.060457229614258,1,2,73,7,male
-10.208561897277832,-13.776055335998535,1,3,73,7,male
-8.54999828338623,-12.72447395324707,1,4,73,7,male
-6.854776859283447,-12.002008438110352,1,5,73,7,male
-0.7871296405792236,-10.286064147949219,1,6,73,7,male
3.038281202316284,-3.177485942840576,1,7,73,7,male
4.150310039520264,-0.39050620794296265,1,8,73,7,male
48.15701675415039,-13.482508659362793,1,9,73,7,male
-8.263051986694336,-7.183704853057861,1,0,74,2,female
-8.446793556213379,-6.599277496337891,1,1,74,2,female
-8.581430435180664,-6.7833251953125,1,2,74,2,female
-9.211075782775879,-7.826887607574463,1,3,74,2,female
-8.902034759521484,-9.027983665466309,1,4,74,2,female
-7.657779693603516,-9.403796195983887,1,5,74,2,female
-5.529245376586914,-9.958365440368652,1,6,74,2,female
1.2632951736450195,-4.3827972412109375,1,7,74,2,female
3.1984214782714844,-1.2191435098648071,1,8,74,2,female
4.564197540283203,0.25429391860961914,1,9,74,2,female
-10.354646682739258,-7.894244194030762,1,0,75,6,female
-10.662293434143066,-7.61501407623291,1,1,75,6,female
-10.111658096313477,-6.928280830383301,1,2,75,6,female
-9.342549324035645,-7.1283159255981445,1,3,75,6,female
-7.832793235778809,-8.0858154296875,1,4,75,6,female
-6.1009202003479,-8.3421049118042,1,5,75,6,female
-2.992969512939453,-8.02017593383789,1,6,75,6,female
1.4977788925170898,-1.8418159484863281,1,7,75,6,female
3.601099967956543,0.701615571975708,1,8,75,6,female
47.52637481689453,-13.091251373291016,1,9,75,6,female
-10.605125427246094,-7.953259468078613,1,0,76,6,female
-10.768507957458496,-7.630951404571533,1,1,76,6,female
-10.133797645568848,-7.094976902008057,1,2,76,6,female
-9.007662773132324,-7.433292865753174,1,3,76,6,female
-7.064663410186768,-8.211104393005371,1,4,76,6,female
-4.849119663238525,-8.562843322753906,1,5,76,6,female
0.5242187976837158,-3.846688985824585,1,6,76,6,female
2.4223055839538574,-0.8155192732810974,1,7,76,6,female
4.0026960372924805,0.8857707381248474,1,8,76,6,female
47.64369583129883,-13.115784645080566,1,9,76,6,female
-10.991937637329102,-14.564908027648926,1,0,77,7,male
-12.264890670776367,-15.355781555175781,1,1,77,7,male
-11.963042259216309,-15.082878112792969,1,2,77,7,male
-10.231654167175293,-13.98570728302002,1,3,77,7,male
-8.441550254821777,-12.774478912353516,1,4,77,7,male
-6.690644264221191,-12.140952110290527,1,5,77,7,male
-0.5206745266914368,-10.228343963623047,1,6,77,7,male
3.219970941543579,-2.7769994735717773,1,7,77,7,male
4.189926624298096,0.0739109143614769,1,8,77,7,male
48.06011962890625,-13.871729850769043,1,9,77,7,male
-10.571830749511719,-13.49604320526123,1,0,78,9,male
-12.46399211883545,-13.376814842224121,1,1,78,9,male
-12.465492248535156,-13.278560638427734,1,2,78,9,male
-11.804574012756348,-13.333344459533691,1,3,78,9,male
-10.513825416564941,-13.335517883300781,1,4,78,9,male
-8.953958511352539,-12.643404960632324,1,5,78,9,male
-7.108665466308594,-12.197671890258789,1,6,78,9,male
-1.2912789583206177,-10.61533260345459,1,7,78,9,male
2.847792148590088,-3.706724166870117,1,8,78,9,male
4.038343906402588,-0.7506141066551208,1,9,78,9,male
-11.85811996459961,-8.775179862976074,1,0,79,11,female
-12.38766098022461,-9.00729751586914,1,1,79,11,female
-12.316967010498047,-8.969685554504395,1,2,79,11,female
-11.586240768432617,-8.959671020507812,1,3,79,11,female
-9.920848846435547,-9.192584037780762,1,4,79,11,female
-7.852965831756592,-9.225395202636719,1,5,79,11,female
-5.494320869445801,-9.662571907043457,1,6,79,11,female
0.7799546122550964,-4.1689887046813965,1,7,79,11,female
2.5321953296661377,-0.8575758337974548,1,8,79,11,female
4.149627208709717,0.7466386556625366,1,9,79,11,female
-9.66232681274414,-12.010360717773438,1,0,80,0,male
-11.049375534057617,-11.668228149414062,1,1,80,0,male
-11.623080253601074,-10.068462371826172,1,2,80,0,male
-11.086014747619629,-8.814705848693848,1,3,80,0,male
-9.517682075500488,-7.937708854675293,1,4,80,0,male
-7.723276615142822,-8.522464752197266,1,5,80,0,male
-5.506648540496826,-8.940730094909668,1,6,80,0,male
0.029162032529711723,-4.7327728271484375,1,7,80,0,male
1.9104286432266235,-1.3753432035446167,1,8,80,0,male
3.7354896068573,0.8454453945159912,1,9,80,0,male
-11.029414176940918,-14.68324089050293,1,0,81,7,male
-12.302201271057129,-15.337679862976074,1,1,81,7,male
-11.800950050354004,-15.181889533996582,1,2,81,7,male
-10.093688011169434,-14.055401802062988,1,3,81,7,male
-8.529840469360352,-12.821333885192871,1,4,81,7,male
-6.861639976501465,-11.985093116760254,1,5,81,7,male
-1.0274804830551147,-10.294490814208984,1,6,81,7,male
2.8805112838745117,-3.2430930137634277,1,7,81,7,male
4.068576335906982,-0.3941638767719269,1,8,81,7,male
47.95561599731445,-13.953352928161621,1,9,81,7,male
-10.945549011230469,-13.654788970947266,1,0,82,9,male
-12.549195289611816,-13.805930137634277,1,1,82,9,male
-12.5657377243042,-13.634849548339844,1,2,82,9,male
-12.276094436645508,-13.595972061157227,1,3,82,9,male
-10.748100280761719,-13.366456031799316,1,4,82,9,male
-9.075968742370605,-12.726204872131348,1,5,82,9,male
-7.250553131103516,-12.005681037902832,1,6,82,9,male
-1.3392257690429688,-10.442131996154785,1,7,82,9,male
2.719073534011841,-3.5232412815093994,1,8,82,9,male
4.022487640380859,-0.5643854141235352,1,9,82,9,male
-7.607043743133545,-6.749721050262451,1,0,83,2,female
-7.892974376678467,-6.766561508178711,1,1,83,2,female
-8.561164855957031,-7.652528285980225,1,2,83,2,female
-8.632546424865723,-8.667068481445312,1,3,83,2,female
-7.690180778503418,-9.206435203552246,1,4,83,2,female
-6.155428886413574,-9.831818580627441,1,5,83,2,female
0.869124174118042,-5.009441375732422,1,6,83,2,female
2.468766927719116,-2.0389063358306885,1,7,83,2,female
4.001700401306152,0.2973676025867462,1,8,83,2,female
47.97905349731445,-13.94262981414795,1,9,83,2,female
-9.959102630615234,-8.065269470214844,1,0,84,6,female
-10.258139610290527,-7.7485456466674805,1,1,84,6,female
-9.971116065979004,-7.135457992553711,1,2,84,6,female
-9.414909362792969,-7.14805793762207,1,3,84,6,female
-8.55932903289795,-7.599935054779053,1,4,84,6,female
-6.8532023429870605,-8.086282730102539,1,5,84,6,female
-5.367441654205322,-8.470651626586914,1,6,84,6,female
-0.008132035844027996,-4.691499710083008,1,7,84,6,female
1.7137775421142578,-1.5883039236068726,1,8,84,6,female
3.5769002437591553,0.7780521512031555,1,9,84,6,female
-11.140645980834961,-12.839542388916016,1,0,85,1,male
-12.13336181640625,-12.717373847961426,1,1,85,1,male
-11.616556167602539,-11.912969589233398,1,2,85,1,male
-10.884621620178223,-11.705284118652344,1,3,85,1,male
-9.375486373901367,-11.871509552001953,1,4,85,1,male
-7.691717147827148,-11.521865844726562,1,5,85,1,male
-2.4682886600494385,-10.249056816101074,1,6,85,1,male
1.9004898071289062,-4.084115028381348,1,7,85,1,male
3.4177732467651367,-0.8564800024032593,1,8,85,1,male
48.377281188964844,-14.523006439208984,1,9,85,1,male
-11.685979843139648,-9.285614967346191,1,0,86,11,female
-12.390344619750977,-9.46008586883545,1,1,86,11,female
-12.054521560668945,-9.709175109863281,1,2,86,11,female
-10.969444274902344,-9.650716781616211,1,3,86,11,female
-9.47515869140625,-9.363715171813965,1,4,86,11,female
-7.685446739196777,-9.421464920043945,1,5,86,11,female
-4.825939655303955,-9.680980682373047,1,6,86,11,female
1.1004679203033447,-3.9358880519866943,1,7,86,11,female
2.9633233547210693,-0.6727887988090515,1,8,86,11,female
48.220523834228516,-14.179176330566406,1,9,86,11,female
-10.789339065551758,-14.48816967010498,1,0,87,7,male
-12.282776832580566,-15.26695728302002,1,1,87,7,male
-12.420845031738281,-14.467309951782227,1,2,87,7,male
-10.659994125366211,-13.312291145324707,1,3,87,7,male
-8.772891998291016,-12.300893783569336,1,4,87,7,male
-7.040704250335693,-11.417205810546875,1,5,87,7,male
-1.1870815753936768,-9.859283447265625,1,6,87,7,male
2.735637664794922,-3.010054349899292,1,7,87,7,male
4.173422336578369,-0.20237110555171967,1,8,87,7,male
47.95250701904297,-12.928935050964355,1,9,87,7,male
-10.386017799377441,-8.607704162597656,1,0,88,3,female
-11.036343574523926,-8.265937805175781,1,1,88,3,female
-11.069599151611328,-7.9624104499816895,1,2,88,3,female
-10.115158081054688,-7.491891860961914,1,3,88,3,female
-8.22608470916748,-8.52109146118164,1,4,88,3,female
-5.891265392303467,-9.150735855102539,1,5,88,3,female
0.05142322927713394,-4.756342887878418,1,6,88,3,female
2.0280706882476807,-1.31658136844635,1,7,88,3,female
3.8443479537963867,0.7278308272361755,1,8,88,3,female
47.559425354003906,-13.154875755310059,1,9,88,3,female
-9.706267356872559,-12.23815631866455,1,0,89,0,male
-10.894926071166992,-12.115157127380371,1,1,89,0,male
-11.191414833068848,-11.533384323120117,1,2,89,0,male
-10.37073040008545,-9.581147193908691,1,3,89,0,male
-9.081742286682129,-8.399288177490234,1,4,89,0,male
-7.588529109954834,-8.708359718322754,1,5,89,0,male
-5.248096466064453,-9.102744102478027,1,6,89,0,male
0.07245893031358719,-4.5713653564453125,1,7,89,0,male
2.0147206783294678,-1.2034590244293213,1,8,89,0,male
3.91109299659729,0.8186455965042114,1,9,89,0,male
-9.760689735412598,-13.85161304473877,1,0,90,8,male
-12.26133918762207,-14.5248384475708,1,1,90,8,male
-12.313249588012695,-14.13227653503418,1,2,90,8,male
-11.670510292053223,-13.603918075561523,1,3,90,8,male
-9.929019927978516,-13.094185829162598,1,4,90,8,male
-7.825745582580566,-12.356184005737305,1,5,90,8,male
-5.710838317871094,-11.5224027633667,1,6,90,8,male
2.3609886169433594,-4.551912784576416,1,7,90,8,male
3.5957181453704834,-1.2045692205429077,1,8,90,8,male
48.18296813964844,-13.377181053161621,1,9,90,8,male
-10.816720008850098,-13.443117141723633,1,0,91,9,male
-12.433850288391113,-13.523991584777832,1,1,91,9,male
-12.585741996765137,-13.59538745880127,1,2,91,9,male
-12.325652122497559,-13.79975414276123,1,3,91,9,male
-11.136757850646973,-13.564927101135254,1,4,91,9,male
-9.780010223388672,-13.33148193359375,1,5,91,9,male
-7.688028335571289,-12.495491027832031,1,6,91,9,male
-5.781442642211914,-11.64038372039795,1,7,91,9,male
2.4027860164642334,-4.488568305969238,1,8,91,9,male
3.543914794921875,-1.0518783330917358,1,9,91,9,male
-11.930397987365723,-9.112266540527344,1,0,92,11,female
-12.448827743530273,-9.221229553222656,1,1,92,11,female
-12.418150901794434,-9.279199600219727,1,2,92,11,female
-12.108210563659668,-9.421512603759766,1,3,92,11,female
-11.481179237365723,-9.430495262145996,1,4,92,11,female
-10.262892723083496,-9.299839973449707,1,5,92,11,female
-8.21805191040039,-9.325010299682617,1,6,92,11,female
-5.968969821929932,-9.850326538085938,1,7,92,11,female
0.734163761138916,-4.586669445037842,1,8,92,11,female
2.4592440128326416,-1.4557596445083618,1,9,92,11,female
-9.95504379272461,-13.848084449768066,1,0,93,8,male
-12.436479568481445,-14.21818733215332,1,1,93,8,male
-12.221949577331543,-13.812304496765137,1,2,93,8,male
-11.093549728393555,-13.164691925048828,1,3,93,8,male
-9.212774276733398,-12.37868881225586,1,4,93,8,male
-7.496413230895996,-11.772916793823242,1,5,93,8,male
-1.519904613494873,-10.344266891479492,1,6,93,8,male
2.581540584564209,-3.532092809677124,1,7,93,8,male
3.841390609741211,-0.7042855620384216,1,8,93,8,male
48.41252899169922,-14.299775123596191,1,9,93,8,male
-10.44543743133545,-7.6775078773498535,1,0,94,10,female
-10.952200889587402,-7.689474105834961,1,1,94,10,female
-11.02187442779541,-7.242997646331787,1,2,94,10,female
-10.920717239379883,-6.780875205993652,1,3,94,10,female
-9.80500316619873,-6.918772220611572,1,4,94,10,female
-7.956605434417725,-7.918386936187744,1,5,94,10,female
-5.995080947875977,-8.50095272064209,1,6,94,10,female
-2.701594114303589,-7.762506008148193,1,7,94,10,female
1.7669483423233032,-1.5412895679473877,1,8,94,10,female
3.8437511920928955,0.6789341568946838,1,9,94,10,female
-11.148929595947266,-12.340612411499023,1,0,95,1,male
-11.795844078063965,-12.141789436340332,1,1,95,1,male
-11.476020812988281,-11.681411743164062,1,2,95,1,male
-10.50135612487793,-11.540852546691895,1,3,95,1,male
-8.771583557128906,-11.851096153259277,1,4,95,1,male
-7.321807861328125,-11.408949851989746,1,5,95,1,male
-2.019716262817383,-10.168261528015137,1,6,95,1,male
2.032801866531372,-4.126621723175049,1,7,95,1,male
3.5297138690948486,-1.2475558519363403,1,8,95,1,male
4.587957382202148,0.25795063376426697,1,9,95,1,male
-10.660745620727539,-12.311482429504395,1,0,96,1,male
-11.68933391571045,-12.023198127746582,1,1,96,1,male
-11.583795547485352,-11.729826927185059,1,2,96,1,male
-10.609671592712402,-11.536957740783691,1,3,96,1,male
-8.875236511230469,-11.841087341308594,1,4,96,1,male
-7.341917514801025,-11.427496910095215,1,5,96,1,male
-1.7770814895629883,-10.129725456237793,1,6,96,1,male
2.3470523357391357,-3.843926191329956,1,7,96,1,male
3.721367359161377,-1.2738759517669678,1,8,96,1,male
48.578948974609375,-14.942912101745605,1,9,96,1,male
-10.9902925491333,-14.591714859008789,1,0,97,7,male
-12.298405647277832,-15.338203430175781,1,1,97,7,male
-12.096426010131836,-14.935527801513672,1,2,97,7,male
-10.58495807647705,-13.445755004882812,1,3,97,7,male
-9.021342277526855,-12.27595329284668,1,4,97,7,male
-7.456385612487793,-11.48969841003418,1,5,97,7,male
-1.5444004535675049,-9.970052719116211,1,6,97,7,male
2.434769868850708,-3.418405771255493,1,7,97,7,male
3.7237651348114014,-0.44663289189338684,1,8,97,7,male
48.128395080566406,-14.423356056213379,1,9,97,7,male
-10.531011581420898,-8.522102355957031,1,0,98,3,female
-10.887842178344727,-8.045463562011719,1,1,98,3,female
-10.695533752441406,-7.669182777404785,1,2,98,3,female
-9.779233932495117,-7.369345664978027,1,3,98,3,female
-8.135542869567871,-8.278549194335938,1,4,98,3,female
-6.670230388641357,-8.487265586853027,1,5,98,3,female
-3.107449769973755,-8.049553871154785,1,6,98,3,female
1.2903650999069214,-2.1765968799591064,1,7,98,3,female
3.3343656063079834,0.5059401392936707,1,8,98,3,female
47.53554916381836,-13.17397689819336,1,9,98,3,female
-11.599109649658203,-8.980391502380371,1,0,99,11,female
-12.387285232543945,-9.074910163879395,1,1,99,11,female
-12.343443870544434,-9.1571626663208,1,2,99,11,female
-11.845849990844727,-8.917439460754395,1,3,99,11,female
-10.205482482910156,-8.801953315734863,1,4,99,11,female
-7.87692928314209,-8.82320785522461,1,5,99,11,female
-5.426774978637695,-9.337244987487793,1,6,99,11,female
0.44714146852493286,-4.146211624145508,1,7,99,11,female
2.3073036670684814,-0.9319381713867188,1,8,99,11,female
3.9039719104766846,0.9614201784133911,1,9,99,11,female
-9.21866226196289,-12.705116271972656,2,0,100,9,male
-11.81495475769043,-13.228778839111328,2,1,100,9,male
-12.039555549621582,-13.428072929382324,2,2,100,9,male
-11.910994529724121,-13.419164657592773,2,3,100,9,male
-10.468387603759766,-13.269440650939941,2,4,100,9,male
-8.604458808898926,-12.630894660949707,2,5,100,9,male
-6.780759811401367,-11.949397087097168,2,6,100,9,male
-0.6683641076087952,-10.272562026977539,2,7,100,9,male
3.166743755340576,-2.9158647060394287,2,8,100,9,male
4.4055399894714355,-0.13670456409454346,2,9,100,9,male
-9.131898880004883,-13.091856956481934,2,0,101,9,male
-11.822925567626953,-13.784902572631836,2,1,101,9,male
-12.133896827697754,-13.929580688476562,2,2,101,9,male
-11.863310813903809,-13.85591983795166,2,3,101,9,male
-10.107316017150879,-13.514082908630371,2,4,101,9,male
-8.062897682189941,-12.6633939743042,2,5,101,9,male
-6.219727993011475,-11.646852493286133,2,6,101,9,male
2.061662197113037,-5.164506912231445,2,7,101,9,male
3.5137174129486084,-1.7224007844924927,2,8,101,9,male
4.598333358764648,0.017285382375121117,2,9,101,9,male
-8.393169403076172,-12.873237609863281,2,0,102,8,male
-10.605551719665527,-13.578390121459961,2,1,102,8,male
-11.769341468811035,-13.709752082824707,2,2,102,8,male
-10.942266464233398,-13.563546180725098,2,3,102,8,male
-9.001250267028809,-12.84130859375,2,4,102,8,male
-6.838021755218506,-12.12826156616211,2,5,102,8,male
-0.5970715284347534,-10.351415634155273,2,6,102,8,male
3.2356724739074707,-2.8580551147460938,2,7,102,8,male
4.292774200439453,-0.04200796037912369,2,8,102,8,male
48.15082931518555,-13.598357200622559,2,9,102,8,male
-8.648941993713379,-13.094242095947266,2,0,103,7,male
-11.050057411193848,-14.500632286071777,2,1,103,7,male
-12.058786392211914,-15.022500038146973,2,2,103,7,male
-11.552051544189453,-14.779677391052246,2,3,103,7,male
-9.989744186401367,-13.982102394104004,2,4,103,7,male
-8.283570289611816,-12.960150718688965,2,5,103,7,male
-6.704789638519287,-12.262897491455078,2,6,103,7,male
-0.7949273586273193,-10.449392318725586,2,7,103,7,male
3.170717239379883,-3.2716033458709717,2,8,103,7,male
4.279040813446045,-0.475573867559433,2,9,103,7,male
-7.893678665161133,-12.639460563659668,2,0,104,8,male
-10.187743186950684,-13.418353080749512,2,1,104,8,male
-11.86397933959961,-13.461541175842285,2,2,104,8,male
-11.501903533935547,-13.440135955810547,2,3,104,8,male
-9.414405822753906,-12.899045944213867,2,4,104,8,male
-7.318974018096924,-12.309347152709961,2,5,104,8,male
-1.2338509559631348,-10.679553985595703,2,6,104,8,male
2.9465420246124268,-3.7504830360412598,2,7,104,8,male
4.14937162399292,-0.5857076048851013,2,8,104,8,male
47.52197265625,-13.10049057006836,2,9,104,8,male
-9.036763191223145,-7.730320930480957,2,0,105,6,female
-11.318634033203125,-6.798883438110352,2,1,105,6,female
-11.13088607788086,-6.691965103149414,2,2,105,6,female
-9.063421249389648,-7.313122272491455,2,3,105,6,female
-6.900300025939941,-8.1021728515625,2,4,105,6,female
-4.068675518035889,-8.467205047607422,2,5,105,6,female
0.9395133852958679,-2.741838216781616,2,6,105,6,female
3.0234248638153076,0.3232347369194031,2,7,105,6,female
47.909889221191406,-12.933965682983398,2,8,105,6,female
47.50920486450195,-13.190025329589844,2,9,105,6,female
-9.645975112915039,-12.078607559204102,2,0,106,1,male
-11.623573303222656,-12.302907943725586,2,1,106,1,male
-11.605152130126953,-12.589262008666992,2,2,106,1,male
-10.110319137573242,-12.173221588134766,2,3,106,1,male
-8.126343727111816,-11.795921325683594,2,4,106,1,male
-5.985367298126221,-10.928442001342773,2,5,106,1,male
1.7955302000045776,-4.476466178894043,2,6,106,1,male
3.3508107662200928,-1.3027337789535522,2,7,106,1,male
4.5348968505859375,0.5913363695144653,2,8,106,1,male
47.822906494140625,-13.318325996398926,2,9,106,1,male
-9.16538143157959,-8.587467193603516,2,0,107,0,male
-11.662823677062988,-7.801501750946045,2,1,107,0,male
-11.568699836730957,-7.0545430183410645,2,2,107,0,male
-9.32853889465332,-7.10354471206665,2,3,107,0,male
-7.020054817199707,-8.015679359436035,2,4,107,0,male
-4.23802375793457,-8.444801330566406,2,5,107,0,male
0.8486167788505554,-2.831622838973999,2,6,107,0,male
2.88179612159729,0.18054741621017456,2,7,107,0,male
47.797630310058594,-13.754560470581055,2,8,107,0,male
47.82868957519531,-13.10679817199707,2,9,107,0,male
-9.13742733001709,-7.561063766479492,2,0,108,10,female
-11.535956382751465,-6.898282051086426,2,1,108,10,female
-11.504976272583008,-6.89249324798584,2,2,108,10,female
-10.936552047729492,-6.7711052894592285,2,3,108,10,female
-8.742127418518066,-7.524899005889893,2,4,108,10,female
-6.674118995666504,-8.171985626220703,2,5,108,10,female
-3.4237146377563477,-8.272811889648438,2,6,108,10,female
1.2677416801452637,-2.2460806369781494,2,7,108,10,female
3.2887754440307617,0.5272991061210632,2,8,108,10,female
47.90707015991211,-13.513471603393555,2,9,108,10,female
-7.446910858154297,-6.832733631134033,2,0,109,2,female
-8.627044677734375,-5.916822910308838,2,1,109,2,female
-8.759632110595703,-5.956374645233154,2,2,109,2,female
-9.376249313354492,-7.598969459533691,2,3,109,2,female
-7.881224632263184,-9.1105318069458,2,4,109,2,female
-5.8772149085998535,-9.852958679199219,2,5,109,2,female
1.1422933340072632,-4.797013282775879,2,6,109,2,female
2.8472495079040527,-1.6984870433807373,2,7,109,2,female
4.262392520904541,0.3463035523891449,2,8,109,2,female
48.263065338134766,-13.690611839294434,2,9,109,2,female
-9.295504570007324,-9.119000434875488,2,0,110,0,male
-11.798346519470215,-8.472317695617676,2,1,110,0,male
-11.73227310180664,-7.704465866088867,2,2,110,0,male
-9.497611999511719,-7.290208339691162,2,3,110,0,male
-6.99150276184082,-8.087574005126953,2,4,110,0,male
-4.326875686645508,-8.569306373596191,2,5,110,0,male
0.7853618264198303,-2.9050168991088867,2,6,110,0,male
2.8915822505950928,0.3584238886833191,2,7,110,0,male
47.899436950683594,-12.895463943481445,2,8,110,0,male
47.83292770385742,-13.043004035949707,2,9,110,0,male
-8.793302536010742,-7.737733364105225,2,0,111,10,female
-11.332018852233887,-6.791726112365723,2,1,111,10,female
-11.502215385437012,-6.81813383102417,2,2,111,10,female
-11.380813598632812,-6.715539932250977,2,3,111,10,female
-9.820572853088379,-6.980490207672119,2,4,111,10,female
-7.539405345916748,-8.085526466369629,2,5,111,10,female
-5.16471004486084,-8.708549499511719,2,6,111,10,female
0.5498701333999634,-3.7811496257781982,2,7,111,10,female
2.45219349861145,-0.698286771774292,2,8,111,10,female
48.2247314453125,-14.52988338470459,2,9,111,10,female
-10.1185941696167,-13.865072250366211,2,0,112,7,male
-12.131032943725586,-14.059136390686035,2,1,112,7,male
-12.054912567138672,-13.402117729187012,2,2,112,7,male
-11.398295402526855,-12.581568717956543,2,3,112,7,male
-9.97718334197998,-12.014923095703125,2,4,112,7,male
-8.311280250549316,-11.662222862243652,2,5,112,7,male
-6.453144073486328,-10.917150497436523,2,6,112,7,male
1.591800570487976,-4.849477767944336,2,7,112,7,male
3.075361490249634,-1.9008302688598633,2,8,112,7,male
4.346739292144775,0.26413366198539734,2,9,112,7,male
-8.884464263916016,-8.887133598327637,2,0,113,3,female
-11.48579216003418,-8.170438766479492,2,1,113,3,female
-11.753838539123535,-7.843300819396973,2,2,113,3,female
-11.210716247558594,-7.145008087158203,2,3,113,3,female
-9.138933181762695,-7.654700756072998,2,4,113,3,female
-7.192650318145752,-8.360079765319824,2,5,113,3,female
-3.9479713439941406,-8.74570369720459,2,6,113,3,female
0.9778165817260742,-2.9734201431274414,2,7,113,3,female
2.9866127967834473,0.13038545846939087,2,8,113,3,female
47.65449523925781,-12.992643356323242,2,9,113,3,female
-7.624383926391602,-6.654222011566162,2,0,114,2,female
-8.686051368713379,-5.884099960327148,2,1,114,2,female
-8.787249565124512,-6.0735626220703125,2,2,114,2,female
-7.871021270751953,-7.942237854003906,2,3,114,2,female
-5.959529399871826,-9.203092575073242,2,4,114,2,female
0.5013171434402466,-4.786548137664795,2,5,114,2,female
2.290144681930542,-1.8778181076049805,2,6,114,2,female
4.329532623291016,0.5206582546234131,2,7,114,2,female
48.3685417175293,-14.218038558959961,2,8,114,2,female
47.52254104614258,-13.046847343444824,2,9,114,2,female
-9.285629272460938,-7.505674362182617,2,0,115,10,female
-11.477843284606934,-6.839730739593506,2,1,115,10,female
-11.452057838439941,-6.772408485412598,2,2,115,10,female
-10.874992370605469,-6.677521705627441,2,3,115,10,female
-8.751445770263672,-7.4637885093688965,2,4,115,10,female
-6.619492530822754,-8.147256851196289,2,5,115,10,female
-3.582174301147461,-8.377666473388672,2,6,115,10,female
1.2057534456253052,-2.339221477508545,2,7,115,10,female
3.31386661529541,0.5933125019073486,2,8,115,10,female
47.63848876953125,-13.067461967468262,2,9,115,10,female
-9.221656799316406,-8.809673309326172,2,0,116,3,female
-11.784459114074707,-8.32015609741211,2,1,116,3,female
-11.805815696716309,-7.768914222717285,2,2,116,3,female
-10.9857816696167,-7.174160957336426,2,3,116,3,female
-8.80726432800293,-7.723548412322998,2,4,116,3,female
-6.824367523193359,-8.313398361206055,2,5,116,3,female
-3.4205739498138428,-8.291385650634766,2,6,116,3,female
1.2018115520477295,-2.3924973011016846,2,7,116,3,female
3.1527252197265625,0.384745717048645,2,8,116,3,female
47.45154571533203,-13.168538093566895,2,9,116,3,female
-9.169801712036133,-12.837586402893066,2,0,117,9,male
-11.901917457580566,-13.327184677124023,2,1,117,9,male
-12.106375694274902,-13.53037166595459,2,2,117,9,male
-11.634223937988281,-13.602667808532715,2,3,117,9,male
-9.784363746643066,-13.261634826660156,2,4,117,9,male
-7.741959095001221,-12.490904808044434,2,5,117,9,male
-5.605124473571777,-11.463335990905762,2,6,117,9,male
2.356046199798584,-4.579388618469238,2,7,117,9,male
3.6723666191101074,-1.2354800701141357,2,8,117,9,male
48.387229919433594,-13.978924751281738,2,9,117,9,male
-8.905202865600586,-7.81225061416626,2,0,118,10,female
-11.387621879577637,-6.954089641571045,2,1,118,10,female
-11.617230415344238,-7.014835834503174,2,2,118,10,female
-11.060859680175781,-6.788226127624512,2,3,118,10,female
-8.791735649108887,-7.683937072753906,2,4,118,10,female
-6.865243434906006,-8.465670585632324,2,5,118,10,female
-3.467695951461792,-8.44330883026123,2,6,118,10,female
1.18643319606781,-2.4998457431793213,2,7,118,10,female
3.187985897064209,0.39153003692626953,2,8,118,10,female
47.31048583984375,-13.109146118164062,2,9,118,10,female
-9.292046546936035,-7.499640464782715,2,0,119,10,female
-11.511741638183594,-6.936105251312256,2,1,119,10,female
-11.583186149597168,-6.933958053588867,2,2,119,10,female
-10.998247146606445,-6.768604755401611,2,3,119,10,female
-8.634063720703125,-7.751314640045166,2,4,119,10,female
-6.376586437225342,-8.63670825958252,2,5,119,10,female
-3.1055564880371094,-8.349863052368164,2,6,119,10,female
1.5107311010360718,-2.030909538269043,2,7,119,10,female
3.461866617202759,0.5617671608924866,2,8,119,10,female
47.54085922241211,-12.95616340637207,2,9,119,10,female
-8.156643867492676,-9.387781143188477,2,0,120,11,female
-11.015142440795898,-9.147052764892578,2,1,120,11,female
-12.224751472473145,-9.32491397857666,2,2,120,11,female
-11.866043090820312,-9.561487197875977,2,3,120,11,female
-11.119863510131836,-9.574333190917969,2,4,120,11,female
-9.774245262145996,-9.385932922363281,2,5,120,11,female
-8.0685396194458,-9.572797775268555,2,6,120,11,female
-6.090407371520996,-10.010685920715332,2,7,120,11,female
0.8062790036201477,-4.76158332824707,2,8,120,11,female
2.1155271530151367,-1.528924584388733,2,9,120,11,female
-8.508003234863281,-7.958174228668213,2,0,121,6,female
-10.958818435668945,-6.739480018615723,2,1,121,6,female
-11.330893516540527,-6.742161273956299,2,2,121,6,female
-10.341530799865723,-6.605654716491699,2,3,121,6,female
-8.49327278137207,-7.402886867523193,2,4,121,6,female
-6.576265335083008,-7.936875820159912,2,5,121,6,female
-3.758908748626709,-8.228246688842773,2,6,121,6,female
1.0437521934509277,-2.4547760486602783,2,7,121,6,female
3.076655149459839,0.4098479747772217,2,8,121,6,female
47.66358184814453,-13.085179328918457,2,9,121,6,female
-9.221973419189453,-12.85751724243164,2,0,122,9,male
-11.903985023498535,-13.216970443725586,2,1,122,9,male
-12.072676658630371,-13.304762840270996,2,2,122,9,male
-11.852441787719727,-13.259969711303711,2,3,122,9,male
-10.3605318069458,-13.10486125946045,2,4,122,9,male
-8.294103622436523,-12.440581321716309,2,5,122,9,male
-6.323643207550049,-11.52459716796875,2,6,122,9,male
1.9917207956314087,-5.174039363861084,2,7,122,9,male
3.326277256011963,-2.0394842624664307,2,8,122,9,male
4.496005058288574,0.127003476023674,2,9,122,9,male
-7.871583461761475,-12.599629402160645,2,0,123,8,male
-10.033754348754883,-13.402373313903809,2,1,123,8,male
-11.63244342803955,-13.566804885864258,2,2,123,8,male
-11.129661560058594,-13.476022720336914,2,3,123,8,male
-9.213846206665039,-12.933832168579102,2,4,123,8,male
-7.114240646362305,-12.26005744934082,2,5,123,8,male
-1.0679434537887573,-10.655600547790527,2,6,123,8,male
2.953195810317993,-3.6456689834594727,2,7,123,8,male
4.15155029296875,-0.5675696730613708,2,8,123,8,male
47.614505767822266,-13.412673950195312,2,9,123,8,male
-8.856644630432129,-9.222657203674316,2,0,124,11,female
-11.483251571655273,-9.162397384643555,2,1,124,11,female
-12.160592079162598,-9.445672988891602,2,2,124,11,female
-11.44250774383545,-9.513319969177246,2,3,124,11,female
-10.035802841186523,-9.334266662597656,2,4,124,11,female
-8.364031791687012,-9.393170356750488,2,5,124,11,female
-6.86339807510376,-9.628714561462402,2,6,124,11,female
-3.1134719848632812,-8.854108810424805,2,7,124,11,female
1.7840063571929932,-2.4696128368377686,2,8,124,11,female
3.671790599822998,0.1290736049413681,2,9,124,11,female
-7.552151203155518,-6.691089153289795,2,0,125,2,female
-8.650543212890625,-5.906179904937744,2,1,125,2,female
-8.805220603942871,-5.985905647277832,2,2,125,2,female
-8.704069137573242,-8.207293510437012,2,3,125,2,female
-7.147475242614746,-9.317586898803711,2,4,125,2,female
-3.705113649368286,-9.316022872924805,2,5,125,2,female
1.8000673055648804,-3.0401673316955566,2,6,125,2,female
3.5198872089385986,-0.2341092824935913,2,7,125,2,female
48.14247131347656,-13.967366218566895,2,8,125,2,female
47.55549240112305,-13.347439765930176,2,9,125,2,female
-8.679030418395996,-12.665326118469238,2,0,126,8,male
-10.838274002075195,-13.236702919006348,2,1,126,8,male
-11.757513046264648,-13.421462059020996,2,2,126,8,male
-10.808680534362793,-13.27811050415039,2,3,126,8,male
-8.721793174743652,-12.518969535827637,2,4,126,8,male
-6.574735164642334,-11.833003997802734,2,5,126,8,male
-0.3794023394584656,-9.908578872680664,2,6,126,8,male
3.26645827293396,-2.3001139163970947,2,7,126,8,male
4.4120941162109375,0.030698174610733986,2,8,126,8,male
47.62130355834961,-13.38719367980957,2,9,126,8,male
-7.564915657043457,-6.750699043273926,2,0,127,2,female
-8.649202346801758,-5.8661394119262695,2,1,127,2,female
-8.954046249389648,-6.150146007537842,2,2,127,2,female
-8.22290325164795,-8.11226749420166,2,3,127,2,female
-6.347575664520264,-9.531693458557129,2,4,127,2,female
0.6907950043678284,-5.051727771759033,2,5,127,2,female
2.377178192138672,-2.014967918395996,2,6,127,2,female
4.079675197601318,0.23156888782978058,2,7,127,2,female
47.680397033691406,-13.105022430419922,2,8,127,2,female
47.9763069152832,-13.061883926391602,2,9,127,2,female
-9.144015312194824,-7.683055877685547,2,0,128,10,female
-11.587664604187012,-7.020198822021484,2,1,128,10,female
-11.625991821289062,-7.018176078796387,2,2,128,10,female
-11.346559524536133,-6.714147090911865,2,3,128,10,female
-9.216632843017578,-7.31675910949707,2,4,128,10,female
-7.174755096435547,-8.33210563659668,2,5,128,10,female
-4.090009689331055,-8.703472137451172,2,6,128,10,female
0.8719320893287659,-3.09643816947937,2,7,128,10,female
2.898970365524292,-0.011407775804400444,2,8,128,10,female
47.93655014038086,-13.946488380432129,2,9,128,10,female
-9.011170387268066,-7.68836784362793,2,0,129,10,female
-11.472834587097168,-6.917053699493408,2,1,129,10,female
-11.599018096923828,-6.938802242279053,2,2,129,10,female
-11.254053115844727,-6.785079479217529,2,3,129,10,female
-9.035390853881836,-7.311007499694824,2,4,129,10,female
-7.001517295837402,-8.142589569091797,2,5,129,10,female
-3.895207405090332,-8.533079147338867,2,6,129,10,female
0.9912933707237244,-2.8499011993408203,2,7,129,10,female
3.053135871887207,0.22750169038772583,2,8,129,10,female
48.01487731933594,-13.911337852478027,2,9,129,10,female
-8.306520462036133,-12.742971420288086,2,0,130,8,male
-10.687289237976074,-13.367095947265625,2,1,130,8,male
-11.647626876831055,-13.428866386413574,2,2,130,8,male
-10.835067749023438,-13.346149444580078,2,3,130,8,male
-8.797667503356934,-12.78210735321045,2,4,130,8,male
-6.714680194854736,-11.996953010559082,2,5,130,8,male
-0.5358476638793945,-10.319314002990723,2,6,130,8,male
3.286470890045166,-2.857306718826294,2,7,130,8,male
4.221408843994141,-0.1063658744096756,2,8,130,8,male
47.85884094238281,-13.511970520019531,2,9,130,8,male
-9.078431129455566,-7.784682750701904,2,0,131,6,female
-11.248135566711426,-6.76953125,2,1,131,6,female
-10.967032432556152,-6.73891544342041,2,2,131,6,female
-8.81011962890625,-7.476818561553955,2,3,131,6,female
-6.462802410125732,-8.3590669631958,2,4,131,6,female
-3.174079656600952,-8.273420333862305,2,5,131,6,female
1.4048417806625366,-2.0108487606048584,2,6,131,6,female
3.3784236907958984,0.6113390922546387,2,7,131,6,female
47.513999938964844,-13.147076606750488,2,8,131,6,female
47.664974212646484,-13.070116996765137,2,9,131,6,female
-7.82952880859375,-6.4664812088012695,2,0,132,2,female
-8.589710235595703,-5.8502373695373535,2,1,132,2,female
-8.660677909851074,-5.992202281951904,2,2,132,2,female
-8.788644790649414,-7.836658000946045,2,3,132,2,female
-7.453088760375977,-8.861479759216309,2,4,132,2,female
-5.609198570251465,-9.678126335144043,2,5,132,2,female
0.9284983277320862,-4.617770195007324,2,6,132,2,female
2.5991008281707764,-1.742550253868103,2,7,132,2,female
4.300713062286377,0.5107706189155579,2,8,132,2,female
48.041465759277344,-13.197924613952637,2,9,132,2,female
-8.177637100219727,-12.843372344970703,2,0,133,7,male
-10.858010292053223,-14.199392318725586,2,1,133,7,male
-12.338321685791016,-14.479081153869629,2,2,133,7,male
-11.978415489196777,-13.927530288696289,2,3,133,7,male
-10.663700103759766,-13.193704605102539,2,4,133,7,male
-9.13294792175293,-12.17348861694336,2,5,133,7,male
-7.372772216796875,-11.539936065673828,2,6,133,7,male
-1.6259113550186157,-10.055611610412598,2,7,133,7,male
2.3519341945648193,-3.6244847774505615,2,8,133,7,male
3.886843681335449,-0.5356903076171875,2,9,133,7,male
-7.777754306793213,-9.519895553588867,2,0,134,11,female
-10.639371871948242,-9.097315788269043,2,1,134,11,female
-12.331469535827637,-9.14721393585205,2,2,134,11,female
-12.332085609436035,-9.32582950592041,2,3,134,11,female
-11.573699951171875,-9.432987213134766,2,4,134,11,female
-10.395687103271484,-9.347990036010742,2,5,134,11,female
-8.654650688171387,-9.446236610412598,2,6,134,11,female
-6.871970176696777,-9.727543830871582,2,7,134,11,female
-2.9580273628234863,-8.790587425231934,2,8,134,11,female
1.9545106887817383,-2.165332555770874,2,9,134,11,female
-8.621466636657715,-8.128774642944336,2,0,135,6,female
-11.075251579284668,-6.830140590667725,2,1,135,6,female
-11.3893461227417,-6.740224838256836,2,2,135,6,female
-10.5632963180542,-6.59337854385376,2,3,135,6,female
-8.69604778289795,-7.306725025177002,2,4,135,6,female
-6.729487895965576,-7.855298042297363,2,5,135,6,female
-4.042207717895508,-8.334517478942871,2,6,135,6,female
0.9358771443367004,-2.520803213119507,2,7,135,6,female
3.000577926635742,0.3308878540992737,2,8,135,6,female
47.47999954223633,-13.206708908081055,2,9,135,6,female
-9.085453987121582,-13.351445198059082,2,0,136,7,male
-11.63824462890625,-14.688382148742676,2,1,136,7,male
-12.1539945602417,-14.558246612548828,2,2,136,7,male
-10.810640335083008,-13.526252746582031,2,3,136,7,male
-9.071211814880371,-12.548869132995605,2,4,136,7,male
-7.376204490661621,-11.800400733947754,2,5,136,7,male
-1.627312421798706,-10.32257080078125,2,6,136,7,male
2.3447649478912354,-3.754572868347168,2,7,136,7,male
3.911083459854126,-0.8115738034248352,2,8,136,7,male
48.14542007446289,-13.942882537841797,2,9,136,7,male
-8.774646759033203,-9.259642601013184,2,0,137,0,male
-11.453994750976562,-8.828144073486328,2,1,137,0,male
-12.025236129760742,-8.41791820526123,2,2,137,0,male
-11.20199203491211,-6.973148345947266,2,3,137,0,male
-8.633262634277344,-7.725400924682617,2,4,137,0,male
-6.193019390106201,-8.519362449645996,2,5,137,0,male
-2.7713403701782227,-7.913735389709473,2,6,137,0,male
1.7707569599151611,-1.548254132270813,2,7,137,0,male
3.663581609725952,0.8726761341094971,2,8,137,0,male
47.40005874633789,-13.015768051147461,2,9,137,0,male
-7.605132102966309,-12.560440063476562,2,0,138,8,male
-10.074583053588867,-13.367944717407227,2,1,138,8,male
-11.911055564880371,-13.49988842010498,2,2,138,8,male
-11.618624687194824,-13.359835624694824,2,3,138,8,male
-9.730480194091797,-13.034825325012207,2,4,138,8,male
-7.50150203704834,-12.349876403808594,2,5,138,8,male
-1.6069025993347168,-10.800043106079102,2,6,138,8,male
2.649325370788574,-4.134249210357666,2,7,138,8,male
3.867084264755249,-0.958560049533844,2,8,138,8,male
48.0173225402832,-13.598492622375488,2,9,138,8,male
-7.849151134490967,-9.523856163024902,2,0,139,11,female
-10.821885108947754,-9.22216796875,2,1,139,11,female
-12.361713409423828,-9.284972190856934,2,2,139,11,female
-12.395228385925293,-9.400559425354004,2,3,139,11,female
-11.76267147064209,-9.586432456970215,2,4,139,11,female
-10.508208274841309,-9.438000679016113,2,5,139,11,female
-8.754647254943848,-9.387226104736328,2,6,139,11,female
-7.02834415435791,-9.669293403625488,2,7,139,11,female
-3.43167781829834,-9.136784553527832,2,8,139,11,female
1.50364351272583,-2.8770761489868164,2,9,139,11,female
-7.601049423217773,-6.758101463317871,2,0,140,2,female
-8.609760284423828,-5.848801136016846,2,1,140,2,female
-8.976424217224121,-6.04804801940918,2,2,140,2,female
-9.032267570495605,-7.887549877166748,2,3,140,2,female
-7.392196178436279,-9.05955982208252,2,4,140,2,female
-4.505995750427246,-9.454323768615723,2,5,140,2,female
1.2491132020950317,-3.8424999713897705,2,6,140,2,female
3.2530689239501953,-0.666339635848999,2,7,140,2,female
4.514091491699219,0.38058531284332275,2,8,140,2,female
47.487083435058594,-13.354708671569824,2,9,140,2,female
-9.69786262512207,-11.585929870605469,2,0,141,1,male
-11.7295503616333,-11.104971885681152,2,1,141,1,male
-11.640913963317871,-11.385749816894531,2,2,141,1,male
-9.941765785217285,-11.808151245117188,2,3,141,1,male
-7.9723615646362305,-11.478259086608887,2,4,141,1,male
-2.4081647396087646,-10.275514602661133,2,5,141,1,male
1.8879934549331665,-4.168883800506592,2,6,141,1,male
3.351486921310425,-1.0268515348434448,2,7,141,1,male
48.535072326660156,-14.696209907531738,2,8,141,1,male
47.813232421875,-13.202421188354492,2,9,141,1,male
-7.655533790588379,-6.579565048217773,2,0,142,2,female
-8.634819984436035,-5.898473739624023,2,1,142,2,female
-8.990530014038086,-6.59889554977417,2,2,142,2,female
-7.985997200012207,-8.116853713989258,2,3,142,2,female
-6.143518447875977,-9.41368579864502,2,4,142,2,female
0.7007940411567688,-4.907614707946777,2,5,142,2,female
2.4221346378326416,-1.964030146598816,2,6,142,2,female
4.109490394592285,0.43446338176727295,2,7,142,2,female
47.88376998901367,-13.27164077758789,2,8,142,2,female
47.53587341308594,-13.039684295654297,2,9,142,2,female
-8.563740730285645,-12.925018310546875,2,0,143,8,male
-10.95946216583252,-13.583999633789062,2,1,143,8,male
-11.783242225646973,-13.58304500579834,2,2,143,8,male
-10.89763355255127,-13.301933288574219,2,3,143,8,male
-8.893143653869629,-12.57395076751709,2,4,143,8,male
-6.787568092346191,-11.906482696533203,2,5,143,8,male
-0.4984772503376007,-10.11082649230957,2,6,143,8,male
3.233452558517456,-2.6837847232818604,2,7,143,8,male
4.380214214324951,-0.06554240733385086,2,8,143,8,male
47.824405670166016,-13.155298233032227,2,9,143,8,male
-7.716849327087402,-6.551482677459717,2,0,144,2,female
-8.602313995361328,-5.892273902893066,2,1,144,2,female
-8.799925804138184,-6.230007171630859,2,2,144,2,female
-8.070066452026367,-8.056424140930176,2,3,144,2,female
-6.571868419647217,-9.174824714660645,2,4,144,2,female
-2.9159610271453857,-8.543440818786621,2,5,144,2,female
1.7985076904296875,-2.2729554176330566,2,6,144,2,female
3.7757837772369385,0.38725706934928894,2,7,144,2,female
48.302188873291016,-13.653244018554688,2,8,144,2,female
47.41703796386719,-13.199812889099121,2,9,144,2,female
-9.4636869430542,-13.017050743103027,2,0,145,9,male
-12.010149955749512,-13.469768524169922,2,1,145,9,male
-12.10448932647705,-13.712196350097656,2,2,145,9,male
-12.012202262878418,-13.740647315979004,2,3,145,9,male
-10.497076034545898,-13.480381965637207,2,4,145,9,male
-8.829554557800293,-12.848555564880371,2,5,145,9,male
-7.029965400695801,-12.09621810913086,2,6,145,9,male
-0.9657278060913086,-10.34840202331543,2,7,145,9,male
2.9678289890289307,-3.3341143131256104,2,8,145,9,male
4.33136510848999,-0.2524653673171997,2,9,145,9,male
-9.12999439239502,-12.842799186706543,2,0,146,9,male
-11.808490753173828,-13.437464714050293,2,1,146,9,male
-12.122312545776367,-13.7275390625,2,2,146,9,male
-12.00295352935791,-13.695256233215332,2,3,146,9,male
-10.176441192626953,-13.339275360107422,2,4,146,9,male
-8.08009147644043,-12.57230281829834,2,5,146,9,male
-6.186557769775391,-11.594724655151367,2,6,146,9,male
2.074942111968994,-5.1457085609436035,2,7,146,9,male
3.445128917694092,-1.8502880334854126,2,8,146,9,male
4.615478992462158,0.25467947125434875,2,9,146,9,male
-8.8181791305542,-9.262438774108887,2,0,147,11,female
-11.6080322265625,-9.012657165527344,2,1,147,11,female
-12.348112106323242,-9.049254417419434,2,2,147,11,female
-12.200277328491211,-8.979619026184082,2,3,147,11,female
-10.974451065063477,-9.093064308166504,2,4,147,11,female
-8.938563346862793,-9.171060562133789,2,5,147,11,female
-7.123859405517578,-9.368438720703125,2,6,147,11,female
-3.3372175693511963,-8.955109596252441,2,7,147,11,female
1.471940040588379,-2.5827856063842773,2,8,147,11,female
3.2666831016540527,0.3108237683773041,2,9,147,11,female
-9.369129180908203,-8.196314811706543,2,0,148,3,female
-11.64266586303711,-7.334571838378906,2,1,148,3,female
-11.648954391479492,-7.088212490081787,2,2,148,3,female
-10.731438636779785,-6.8768815994262695,2,3,148,3,female
-8.785228729248047,-7.666855812072754,2,4,148,3,female
-6.698991298675537,-8.508600234985352,2,5,148,3,female
-3.634395122528076,-8.551201820373535,2,6,148,3,female
1.0982627868652344,-2.7059383392333984,2,7,148,3,female
3.1386802196502686,0.2826862335205078,2,8,148,3,female
47.44099044799805,-13.3235502243042,2,9,148,3,female
-7.493448257446289,-6.73619270324707,2,0,149,2,female
-8.605020523071289,-5.89641809463501,2,1,149,2,female
-8.711769104003906,-5.985323429107666,2,2,149,2,female
-8.490086555480957,-7.600546360015869,2,3,149,2,female
-6.881535530090332,-8.867337226867676,2,4,149,2,female
-3.38130521774292,-8.985214233398438,2,5,149,2,female
1.6520895957946777,-2.8783583641052246,2,6,149,2,female
3.4874606132507324,0.02498488500714302,2,7,149,2,female
48.38751983642578,-13.760777473449707,2,8,149,2,female
47.59984588623047,-13.13582992553711,2,9,149,2,female
-7.456021785736084,-9.514907836914062,3,0,150,0,male
-10.173605918884277,-9.073128700256348,3,1,150,0,male
-11.996755599975586,-8.514786720275879,3,2,150,0,male
-11.793436050415039,-7.445711612701416,3,3,150,0,male
-11.335489273071289,-6.8266801834106445,3,4,150,0,male
-9.296636581420898,-7.080527305603027,3,5,150,0,male
-7.015596389770508,-7.966772079467773,3,6,150,0,male
-4.539358615875244,-8.518315315246582,3,7,150,0,male
0.6800323724746704,-3.0736207962036133,3,8,150,0,male
2.898738384246826,0.1973019242286682,3,9,150,0,male
-6.623887538909912,-11.965180397033691,3,0,151,7,male
-9.406244277954102,-13.598968505859375,3,1,151,7,male
-12.110522270202637,-15.067320823669434,3,2,151,7,male
-12.3458833694458,-14.784127235412598,3,3,151,7,male
-11.728951454162598,-13.613072395324707,3,4,151,7,male
-10.104780197143555,-12.300969123840332,3,5,151,7,male
-8.272245407104492,-11.733219146728516,3,6,151,7,male
-6.3818583488464355,-10.978741645812988,3,7,151,7,male
1.6650569438934326,-4.649724006652832,3,8,151,7,male
3.159125804901123,-1.5495306253433228,3,9,151,7,male
-7.812921524047852,-9.856010437011719,3,0,152,0,male
-10.689940452575684,-9.438619613647461,3,1,152,0,male
-12.328580856323242,-9.473523139953613,3,2,152,0,male
-12.288246154785156,-9.03662395477295,3,3,152,0,male
-11.098591804504395,-7.212969779968262,3,4,152,0,male
-8.632448196411133,-7.446730136871338,3,5,152,0,male
-6.403120040893555,-8.119524955749512,3,6,152,0,male
-3.3478479385375977,-8.110158920288086,3,7,152,0,male
1.3788739442825317,-1.9944860935211182,3,8,152,0,male
3.3412325382232666,0.6557442545890808,3,9,152,0,male
-10.629695892333984,-9.08446216583252,3,0,153,11,female
-12.29528522491455,-8.926986694335938,3,1,153,11,female
-12.41281795501709,-8.87575626373291,3,2,153,11,female
-12.0923490524292,-8.674184799194336,3,3,153,11,female
-10.870718955993652,-8.92751693725586,3,4,153,11,female
-8.962613105773926,-8.489569664001465,3,5,153,11,female
-7.2367329597473145,-8.800004959106445,3,6,153,11,female
-4.005624771118164,-9.044285774230957,3,7,153,11,female
1.0267326831817627,-3.315547227859497,3,8,153,11,female
2.960015058517456,-0.0060423300601542,3,9,153,11,female
-8.288408279418945,-12.05724048614502,3,0,154,1,male
-10.807422637939453,-12.067723274230957,3,1,154,1,male
-11.700554847717285,-12.281883239746094,3,2,154,1,male
-11.282751083374023,-12.113384246826172,3,3,154,1,male
-9.701622009277344,-12.02576732635498,3,4,154,1,male
-7.678325176239014,-11.567729949951172,3,5,154,1,male
-2.4678308963775635,-10.282032012939453,3,6,154,1,male
1.7364516258239746,-4.141483306884766,3,7,154,1,male
3.1950855255126953,-1.1246628761291504,3,8,154,1,male
4.392934322357178,0.4775121808052063,3,9,154,1,male
-11.16330337524414,-6.826990127563477,3,0,155,10,female
-11.539401054382324,-6.932973384857178,3,1,155,10,female
-11.419242858886719,-6.745002269744873,3,2,155,10,female
-10.377223014831543,-6.720981121063232,3,3,155,10,female
-8.568286895751953,-7.519338607788086,3,4,155,10,female
-6.740943431854248,-8.12372875213623,3,5,155,10,female
-3.6433844566345215,-8.346726417541504,3,6,155,10,female
1.0305966138839722,-2.5330498218536377,3,7,155,10,female
3.001220703125,0.29580172896385193,3,8,155,10,female
47.521873474121094,-13.272516250610352,3,9,155,10,female
-8.248066902160645,-9.312848091125488,3,0,156,0,male
-11.013225555419922,-8.811963081359863,3,1,156,0,male
-12.138026237487793,-8.575465202331543,3,2,156,0,male
-11.884467124938965,-7.986215591430664,3,3,156,0,male
-10.6680269241333,-6.895574569702148,3,4,156,0,male
-8.352561950683594,-7.676086902618408,3,5,156,0,male
-6.320770263671875,-8.283696174621582,3,6,156,0,male
-3.125462770462036,-8.069062232971191,3,7,156,0,male
1.3947380781173706,-1.944032073020935,3,8,156,0,male
3.336857557296753,0.6388478875160217,3,9,156,0,male
-8.306509017944336,-12.996902465820312,3,0,157,7,male
-10.726324081420898,-14.493853569030762,3,1,157,7,male
-12.15046501159668,-15.025165557861328,3,2,157,7,male
-11.703632354736328,-14.088810920715332,3,3,157,7,male
-10.200016975402832,-13.018149375915527,3,4,157,7,male
-8.451085090637207,-12.082968711853027,3,5,157,7,male
-6.718722820281982,-11.205758094787598,3,6,157,7,male
-0.6788734793663025,-9.546435356140137,3,7,157,7,male
3.0124435424804688,-2.376533269882202,3,8,157,7,male
4.289697647094727,0.08622122555971146,3,9,157,7,male
-7.7332000732421875,-6.818679332733154,3,0,158,2,female
-8.696946144104004,-5.860029697418213,3,1,158,2,female
-8.836077690124512,-5.921324253082275,3,2,158,2,female
-9.563027381896973,-7.202794551849365,3,3,158,2,female
-8.446555137634277,-8.814839363098145,3,4,158,2,female
-6.810589790344238,-9.606584548950195,3,5,158,2,female
-3.2956416606903076,-9.20240306854248,3,6,158,2,female
2.1092543601989746,-2.6489474773406982,3,7,158,2,female
3.899038076400757,-0.042186371982097626,3,8,158,2,female
48.43305587768555,-13.998252868652344,3,9,158,2,female
-9.60900592803955,-13.045307159423828,3,0,159,9,male
-12.01313591003418,-13.288984298706055,3,1,159,9,male
-12.030739784240723,-13.338521003723145,3,2,159,9,male
-11.773919105529785,-13.266063690185547,3,3,159,9,male
-10.646600723266602,-13.267128944396973,3,4,159,9,male
-9.148327827453613,-12.804688453674316,3,5,159,9,male
-7.466949462890625,-12.119768142700195,3,6,159,9,male
-1.7578409910202026,-10.54998779296875,3,7,159,9,male
2.5704050064086914,-3.8712947368621826,3,8,159,9,male
3.883549928665161,-0.6878315210342407,3,9,159,9,male
-7.162435054779053,-7.1146697998046875,3,0,160,2,female
-8.198500633239746,-6.10584020614624,3,1,160,2,female
-8.5541410446167,-5.928657531738281,3,2,160,2,female
-8.919534683227539,-7.0851850509643555,3,3,160,2,female
-8.123913764953613,-8.512439727783203,3,4,160,2,female
-6.741412162780762,-9.496975898742676,3,5,160,2,female
-3.1632416248321533,-9.021994590759277,3,6,160,2,female
1.940495252609253,-2.454657793045044,3,7,160,2,female
3.7286956310272217,0.12337864190340042,3,8,160,2,female
47.69870376586914,-13.22295093536377,3,9,160,2,female
-8.565069198608398,-9.286015510559082,3,0,161,0,male
-11.27822208404541,-8.885418891906738,3,1,161,0,male
-12.124711036682129,-8.587676048278809,3,2,161,0,male
-11.87915325164795,-7.918238162994385,3,3,161,0,male
-11.086971282958984,-6.822957992553711,3,4,161,0,male
-8.9683256149292,-7.327471733093262,3,5,161,0,male
-6.736392974853516,-7.90896463394165,3,6,161,0,male
-3.795931100845337,-8.295197486877441,3,7,161,0,male
1.0074876546859741,-2.5610296726226807,3,8,161,0,male
3.119438886642456,0.4975605607032776,3,9,161,0,male
-9.43266773223877,-9.20749568939209,3,0,162,11,female
-12.058850288391113,-8.641695976257324,3,1,162,11,female
-12.330168724060059,-8.83117961883545,3,2,162,11,female
-12.301382064819336,-8.694621086120605,3,3,162,11,female
-11.89650821685791,-8.572386741638184,3,4,162,11,female
-10.723791122436523,-8.888448715209961,3,5,162,11,female
-8.749016761779785,-8.960551261901855,3,6,162,11,female
-6.764590740203857,-9.42898178100586,3,7,162,11,female
-3.017518997192383,-8.67448902130127,3,8,162,11,female
1.5459648370742798,-2.1376395225524902,3,9,162,11,female
-11.025763511657715,-7.003954887390137,3,0,163,10,female
-11.535531997680664,-6.906284332275391,3,1,163,10,female
-11.263514518737793,-6.825563430786133,3,2,163,10,female
-9.914539337158203,-7.067806243896484,3,3,163,10,female
-8.246649742126465,-7.956071376800537,3,4,163,10,female
-6.5109686851501465,-8.504776000976562,3,5,163,10,female
-3.0807244777679443,-8.276652336120605,3,6,163,10,female
1.4017001390457153,-2.104233741760254,3,7,163,10,female
3.3899130821228027,0.5582926869392395,3,8,163,10,female
47.38005828857422,-13.1384916305542,3,9,163,10,female
-8.476115226745605,-12.073601722717285,3,0,164,1,male
-11.116312026977539,-12.085039138793945,3,1,164,1,male
-11.67993450164795,-12.177026748657227,3,2,164,1,male
-11.258204460144043,-12.00596809387207,3,3,164,1,male
-9.571615219116211,-11.905409812927246,3,4,164,1,male
-7.628803253173828,-11.383217811584473,3,5,164,1,male
-2.209489107131958,-10.134453773498535,3,6,164,1,male
2.1712148189544678,-3.831454038619995,3,7,164,1,male
3.8463780879974365,-0.5236133337020874,3,8,164,1,male
48.061561584472656,-13.584765434265137,3,9,164,1,male
-7.302972793579102,-6.995519638061523,3,0,165,2,female
-8.636527061462402,-5.854981899261475,3,1,165,2,female
-8.810487747192383,-5.899490833282471,3,2,165,2,female
-9.60991382598877,-7.036299705505371,3,3,165,2,female
-8.53378963470459,-8.771845817565918,3,4,165,2,female
-6.783506870269775,-9.506852149963379,3,5,165,2,female
-3.3791277408599854,-9.196525573730469,3,6,165,2,female
1.9512500762939453,-2.6015219688415527,3,7,165,2,female
3.6592180728912354,0.011173329316079617,3,8,165,2,female
47.50046920776367,-13.206491470336914,3,9,165,2,female
-7.1472320556640625,-12.392346382141113,3,0,166,7,male
-9.841506004333496,-13.87720012664795,3,1,166,7,male
-12.09022331237793,-14.913433074951172,3,2,166,7,male
-11.989677429199219,-14.625598907470703,3,3,166,7,male
-10.358731269836426,-13.71231746673584,3,4,166,7,male
-8.54739761352539,-12.787673950195312,3,5,166,7,male
-6.827994346618652,-12.210013389587402,3,6,166,7,male
-0.6855376362800598,-10.422136306762695,3,7,166,7,male
3.231938123703003,-3.159625768661499,3,8,166,7,male
4.491734027862549,-0.37311044335365295,3,9,166,7,male
-9.019044876098633,-11.956732749938965,3,0,167,1,male
-11.351318359375,-11.947715759277344,3,1,167,1,male
-11.776676177978516,-12.113697052001953,3,2,167,1,male
-11.357455253601074,-11.968320846557617,3,3,167,1,male
-9.806070327758789,-11.96762466430664,3,4,167,1,male
-7.820010662078857,-11.68364429473877,3,5,167,1,male
-2.402175188064575,-10.314531326293945,3,6,167,1,male
2.1737639904022217,-3.9802560806274414,3,7,167,1,male
3.564326763153076,-0.5173079967498779,3,8,167,1,male
48.40514373779297,-14.895476341247559,3,9,167,1,male
-11.093524932861328,-7.090119361877441,3,0,168,6,female
-10.925890922546387,-6.955702781677246,3,1,168,6,female
-8.715445518493652,-7.885334014892578,3,2,168,6,female
-6.330353736877441,-8.660184860229492,3,3,168,6,female
-3.0764846801757812,-8.306138038635254,3,4,168,6,female
1.5733801126480103,-1.8334722518920898,3,5,168,6,female
3.5082132816314697,0.6625741124153137,3,6,168,6,female
47.43529510498047,-13.146562576293945,3,7,168,6,female
47.60908508300781,-13.09687328338623,3,8,168,6,female
47.78238296508789,-12.934975624084473,3,9,168,6,female
-11.051199913024902,-7.227248668670654,3,0,169,6,female
-11.54257583618164,-6.950405597686768,3,1,169,6,female
-11.076720237731934,-6.653451919555664,3,2,169,6,female
-10.129789352416992,-6.657829284667969,3,3,169,6,female
-8.778599739074707,-7.404329776763916,3,4,169,6,female
-6.921629905700684,-8.1200590133667,3,5,169,6,female
-4.0367045402526855,-8.552112579345703,3,6,169,6,female
0.9134228825569153,-2.9432320594787598,3,7,169,6,female
3.0499184131622314,0.1279422491788864,3,8,169,6,female
47.81084060668945,-13.308049201965332,3,9,169,6,female
-7.18463134765625,-9.723071098327637,3,0,170,1,male
-8.200085639953613,-11.548588752746582,3,1,170,1,male
-10.420181274414062,-11.714827537536621,3,2,170,1,male
-11.864226341247559,-11.348047256469727,3,3,170,1,male
-11.813881874084473,-11.239991188049316,3,4,170,1,male
-10.57090950012207,-11.780505180358887,3,5,170,1,male
-8.792811393737793,-11.793407440185547,3,6,170,1,male
-7.12401008605957,-11.164786338806152,3,7,170,1,male
-1.1330136060714722,-9.720573425292969,3,8,170,1,male
2.6584091186523438,-2.805826187133789,3,9,170,1,male
-9.371927261352539,-12.838041305541992,3,0,171,9,male
-11.829365730285645,-12.873313903808594,3,1,171,9,male
-11.974040031433105,-12.954249382019043,3,2,171,9,male
-11.37495231628418,-12.612299919128418,3,3,171,9,male
-9.836735725402832,-12.63573169708252,3,4,171,9,male
-7.85426664352417,-12.147083282470703,3,5,171,9,male
-6.049328804016113,-11.465117454528809,3,6,171,9,male
2.218993902206421,-4.7468132972717285,3,7,171,9,male
3.609104871749878,-1.4759114980697632,3,8,171,9,male
4.771162509918213,0.08281071484088898,3,9,171,9,male
-6.41540002822876,-11.594399452209473,3,0,172,7,male
-9.0140380859375,-13.307918548583984,3,1,172,7,male
-11.92664623260498,-15.012084007263184,3,2,172,7,male
-12.34755802154541,-14.769853591918945,3,3,172,7,male
-11.337688446044922,-13.400866508483887,3,4,172,7,male
-9.627138137817383,-12.231788635253906,3,5,172,7,male
-8.026754379272461,-11.625495910644531,3,6,172,7,male
-2.5783660411834717,-10.31873607635498,3,7,172,7,male
1.8803869485855103,-4.2769999504089355,3,8,172,7,male
3.469229221343994,-1.2871167659759521,3,9,172,7,male
-7.249854564666748,-12.249276161193848,3,0,173,8,male
-9.83456039428711,-13.195547103881836,3,1,173,8,male
-11.965913772583008,-13.359428405761719,3,2,173,8,male
-11.963501930236816,-13.502462387084961,3,3,173,8,male
-10.505785942077637,-13.358363151550293,3,4,173,8,male
-8.151484489440918,-12.605119705200195,3,5,173,8,male
-6.088143348693848,-11.554495811462402,3,6,173,8,male
2.309532403945923,-4.637486457824707,3,7,173,8,male
3.2844955921173096,-0.6854957342147827,3,8,173,8,male
48.577789306640625,-15.293664932250977,3,9,173,8,male
-8.193753242492676,-9.380208969116211,3,0,174,0,male
-10.958780288696289,-8.923271179199219,3,1,174,0,male
-12.130130767822266,-8.567646980285645,3,2,174,0,male
-11.915040016174316,-7.689740180969238,3,3,174,0,male
-10.915316581726074,-6.816834926605225,3,4,174,0,male
-8.548882484436035,-7.651225566864014,3,5,174,0,male
-6.187867164611816,-8.358766555786133,3,6,174,0,male
-3.016986846923828,-8.036683082580566,3,7,174,0,male
1.5534917116165161,-1.7477707862854004,3,8,174,0,male
3.583645820617676,0.7300230264663696,3,9,174,0,male
-11.34347152709961,-6.876087188720703,3,0,175,6,female
-11.482531547546387,-6.747406959533691,3,1,175,6,female
-10.784686088562012,-6.593350887298584,3,2,175,6,female
-8.907241821289062,-7.069309711456299,3,3,175,6,female
-6.92713737487793,-7.8700852394104,3,4,175,6,female
-4.815613269805908,-8.4483003616333,3,5,175,6,female
0.5350296497344971,-3.713951349258423,3,6,175,6,female
2.3552701473236084,-0.7937203645706177,3,7,175,6,female
3.823894739151001,0.9540442228317261,3,8,175,6,female
47.49614715576172,-12.960983276367188,3,9,175,6,female
-7.6575422286987305,-6.8359856605529785,3,0,176,2,female
-8.687091827392578,-5.88469934463501,3,1,176,2,female
-8.837773323059082,-5.914787769317627,3,2,176,2,female
-9.31425952911377,-7.2764506340026855,3,3,176,2,female
-7.858855724334717,-8.72008991241455,3,4,176,2,female
-6.15156888961792,-9.792335510253906,3,5,176,2,female
0.9071874022483826,-5.074268817901611,3,6,176,2,female
2.717259645462036,-1.9761308431625366,3,7,176,2,female
4.2176432609558105,0.25794973969459534,3,8,176,2,female
48.19367218017578,-13.813254356384277,3,9,176,2,female
-8.700502395629883,-9.412102699279785,3,0,177,0,male
-11.44212532043457,-9.265734672546387,3,1,177,0,male
-12.364884376525879,-8.901944160461426,3,2,177,0,male
-12.018880844116211,-8.437963485717773,3,3,177,0,male
-10.912007331848145,-6.806199550628662,3,4,177,0,male
-8.440347671508789,-7.552854061126709,3,5,177,0,male
-6.253418445587158,-8.351633071899414,3,6,177,0,male
-3.1119296550750732,-8.091729164123535,3,7,177,0,male
1.5167256593704224,-1.866415023803711,3,8,177,0,male
3.515906810760498,0.7281392216682434,3,9,177,0,male
-11.403731346130371,-7.525805473327637,3,0,178,3,female
-11.612916946411133,-7.307018280029297,3,1,178,3,female
-10.63885498046875,-6.750760078430176,3,2,178,3,female
-8.910321235656738,-7.216718673706055,3,3,178,3,female
-6.880451679229736,-7.894935607910156,3,4,178,3,female
-4.846088886260986,-8.420083999633789,3,5,178,3,female
0.6635663509368896,-3.4129228591918945,3,6,178,3,female
2.707456588745117,-0.01436561904847622,3,7,178,3,female
48.21036911010742,-14.360506057739258,3,8,178,3,female
47.513221740722656,-13.229158401489258,3,9,178,3,female
-10.013096809387207,-13.365360260009766,3,0,179,8,male
-11.810709953308105,-13.560921669006348,3,1,179,8,male
-11.736385345458984,-13.388920783996582,3,2,179,8,male
-10.457976341247559,-13.137887001037598,3,3,179,8,male
-8.385689735412598,-12.3338623046875,3,4,179,8,male
-6.224548816680908,-11.532493591308594,3,5,179,8,male
2.0852057933807373,-4.810184001922607,3,6,179,8,male
3.383430004119873,-1.3679322004318237,3,7,179,8,male
4.45486307144165,0.21345818042755127,3,8,179,8,male
47.75545120239258,-13.207560539245605,3,9,179,8,male
-9.985638618469238,-7.260377407073975,3,0,180,10,female
-11.497062683105469,-6.81779146194458,3,1,180,10,female
-11.595647811889648,-6.811389923095703,3,2,180,10,female
-11.062833786010742,-6.627223491668701,3,3,180,10,female
-9.099309921264648,-7.3451337814331055,3,4,180,10,female
-7.212574481964111,-8.178759574890137,3,5,180,10,female
-4.362986087799072,-8.68517017364502,3,6,180,10,female
0.8193851113319397,-3.142529010772705,3,7,180,10,female
2.8304545879364014,0.026091203093528748,3,8,180,10,female
47.692665100097656,-13.553719520568848,3,9,180,10,female
-11.195013999938965,-12.106036186218262,3,0,181,1,male
-11.621018409729004,-12.212990760803223,3,1,181,1,male
-10.931381225585938,-12.185020446777344,3,2,181,1,male
-9.056971549987793,-12.013002395629883,3,3,181,1,male
-7.424338340759277,-11.461661338806152,3,4,181,1,male
-1.4604969024658203,-9.96525764465332,3,5,181,1,male
2.4323248863220215,-3.3698034286499023,3,6,181,1,male
3.951268196105957,-0.5695170164108276,3,7,181,1,male
48.219017028808594,-14.036870956420898,3,8,181,1,male
47.75593185424805,-13.00368595123291,3,9,181,1,male
-8.304411888122559,-6.324372291564941,3,0,182,2,female
-8.693047523498535,-5.87337589263916,3,1,182,2,female
-8.795245170593262,-5.992310523986816,3,2,182,2,female
-9.392273902893066,-7.344884872436523,3,3,182,2,female
-8.544153213500977,-8.733548164367676,3,4,182,2,female
-7.066961288452148,-9.30749797821045,3,5,182,2,female
-3.695499897003174,-9.303897857666016,3,6,182,2,female
1.6273704767227173,-3.034087657928467,3,7,182,2,female
3.5669004917144775,-0.13246089220046997,3,8,182,2,female
48.06400680541992,-13.69793701171875,3,9,182,2,female
-11.140585899353027,-6.901607036590576,3,0,183,10,female
-11.605457305908203,-6.985464572906494,3,1,183,10,female
-11.418984413146973,-6.904808521270752,3,2,183,10,female
-9.905923843383789,-7.246313571929932,3,3,183,10,female
-7.797039031982422,-8.21461296081543,3,4,183,10,female
-5.160200595855713,-8.84870719909668,3,5,183,10,female
0.5959674715995789,-3.8738386631011963,3,6,183,10,female
2.538808584213257,-0.617825448513031,3,7,183,10,female
47.752479553222656,-14.001386642456055,3,8,183,10,female
47.528133392333984,-13.245406150817871,3,9,183,10,female
-11.150700569152832,-6.763391971588135,3,0,184,6,female
-11.377913475036621,-6.691030979156494,3,1,184,6,female
-10.599251747131348,-6.596952438354492,3,2,184,6,female
-8.759378433227539,-7.318179130554199,3,3,184,6,female
-6.8047380447387695,-7.918238162994385,3,4,184,6,female
-4.104727268218994,-8.435282707214355,3,5,184,6,female
0.9226424098014832,-2.711224317550659,3,6,184,6,female
2.9760377407073975,0.27701857686042786,3,7,184,6,female
47.9927864074707,-12.872306823730469,3,8,184,6,female
47.456363677978516,-13.312750816345215,3,9,184,6,female
-10.274847984313965,-13.115227699279785,3,0,185,8,male
-12.029189109802246,-13.10257339477539,3,1,185,8,male
-11.490534782409668,-13.092363357543945,3,2,185,8,male
-9.621485710144043,-12.552196502685547,3,3,185,8,male
-7.565377235412598,-11.960041999816895,3,4,185,8,male
-1.838748812675476,-10.592528343200684,3,5,185,8,male
2.509993076324463,-3.901789665222168,3,6,185,8,male
3.883759021759033,-0.84261554479599,3,7,185,8,male
47.7880744934082,-13.014389991760254,3,8,185,8,male
47.82609558105469,-13.038143157958984,3,9,185,8,male
-11.217547416687012,-6.881073474884033,3,0,186,10,female
-11.655081748962402,-7.013782501220703,3,1,186,10,female
-11.51150894165039,-6.7993483543396,3,2,186,10,female
-10.244985580444336,-6.760618209838867,3,3,186,10,female
-7.834011077880859,-8.032295227050781,3,4,186,10,female
-5.676377773284912,-8.672520637512207,3,5,186,10,female
0.3979129493236542,-4.251282691955566,3,6,186,10,female
2.3878629207611084,-0.8653680682182312,3,7,186,10,female
3.947763204574585,0.8543268442153931,3,8,186,10,female
47.56993103027344,-13.254061698913574,3,9,186,10,female
-8.792196273803711,-11.978415489196777,3,0,187,1,male
-11.204304695129395,-12.09410285949707,3,1,187,1,male
-11.656807899475098,-12.14299201965332,3,2,187,1,male
-10.905240058898926,-12.059720039367676,3,3,187,1,male
-8.964430809020996,-11.91380786895752,3,4,187,1,male
-7.127715110778809,-11.322587013244629,3,5,187,1,male
-1.1080249547958374,-9.772319793701172,3,6,187,1,male
2.710806369781494,-2.9911653995513916,3,7,187,1,male
4.254751682281494,-0.23538945615291595,3,8,187,1,male
47.615421295166016,-13.280570030212402,3,9,187,1,male
-11.191791534423828,-6.940430641174316,3,0,188,10,female
-11.587383270263672,-6.908843040466309,3,1,188,10,female
-11.500565528869629,-6.788692474365234,3,2,188,10,female
-10.685019493103027,-6.72106409072876,3,3,188,10,female
-8.836939811706543,-7.5433759689331055,3,4,188,10,female
-6.948887348175049,-8.311599731445312,3,5,188,10,female
-3.866834878921509,-8.562481880187988,3,6,188,10,female
0.9653120636940002,-2.860379457473755,3,7,188,10,female
3.234243631362915,0.36848312616348267,3,8,188,10,female
48.00238037109375,-13.573531150817871,3,9,188,10,female
-11.454566955566406,-8.191121101379395,3,0,189,11,female
-12.215276718139648,-8.584513664245605,3,1,189,11,female
-12.239181518554688,-8.714309692382812,3,2,189,11,female
-11.901544570922852,-8.663017272949219,3,3,189,11,female
-10.688050270080566,-9.028144836425781,3,4,189,11,female
-8.76313304901123,-9.052371978759766,3,5,189,11,female
-6.816952705383301,-9.260594367980957,3,6,189,11,female
-3.1479976177215576,-8.638450622558594,3,7,189,11,female
1.469461441040039,-2.1102824211120605,3,8,189,11,female
3.4182252883911133,0.5802664160728455,3,9,189,11,female
-7.5137939453125,-6.744110107421875,3,0,190,2,female
-8.626765251159668,-5.829733848571777,3,1,190,2,female
-8.795357704162598,-5.850805282592773,3,2,190,2,female
-9.314373016357422,-7.379167079925537,3,3,190,2,female
-8.066113471984863,-9.049375534057617,3,4,190,2,female
-6.411614418029785,-9.820021629333496,3,5,190,2,female
0.8563141226768494,-5.188047409057617,3,6,190,2,female
2.565965414047241,-2.111347198486328,3,7,190,2,female
4.140984535217285,0.23194466531276703,3,8,190,2,female
47.528202056884766,-13.478899955749512,3,9,190,2,female
-11.396039009094238,-8.181289672851562,3,0,191,3,female
-11.815596580505371,-7.741175651550293,3,1,191,3,female
-11.459701538085938,-7.04597282409668,3,2,191,3,female
-9.789970397949219,-7.261427879333496,3,3,191,3,female
-7.8170671463012695,-8.264665603637695,3,4,191,3,female
-5.737988471984863,-8.968600273132324,3,5,191,3,female
0.11068084836006165,-4.806391716003418,3,6,191,3,female
2.0154309272766113,-1.4694781303405762,3,7,191,3,female
3.787047863006592,0.6186739802360535,3,8,191,3,female
47.63011169433594,-13.186850547790527,3,9,191,3,female
-9.007182121276855,-12.931014060974121,3,0,192,8,male
-11.390283584594727,-13.464200973510742,3,1,192,8,male
-11.668193817138672,-13.527183532714844,3,2,192,8,male
-11.084211349487305,-13.396965026855469,3,3,192,8,male
-9.323487281799316,-12.823461532592773,3,4,192,8,male
-7.3527960777282715,-12.269377708435059,3,5,192,8,male
-1.5075880289077759,-10.736205101013184,3,6,192,8,male
2.7583000659942627,-3.824855089187622,3,7,192,8,male
4.099438667297363,-0.7179407477378845,3,8,192,8,male
47.656925201416016,-13.251725196838379,3,9,192,8,male
-8.879572868347168,-9.046013832092285,3,0,193,11,female
-11.614974021911621,-8.575902938842773,3,1,193,11,female
-12.315014839172363,-8.913017272949219,3,2,193,11,female
-12.0750732421875,-8.931721687316895,3,3,193,11,female
-10.966551780700684,-9.289989471435547,3,4,193,11,female
-10.057597160339355,-9.233530044555664,3,5,193,11,female
-8.757999420166016,-9.097487449645996,3,6,193,11,female
-7.107183933258057,-9.134973526000977,3,7,193,11,female
-3.79177188873291,-9.175896644592285,3,8,193,11,female
1.2035622596740723,-3.202934741973877,3,9,193,11,female
-8.401819229125977,-12.958573341369629,3,0,194,7,male
-10.998443603515625,-14.524015426635742,3,1,194,7,male
-12.341753005981445,-15.132920265197754,3,2,194,7,male
-12.027308464050293,-14.564745903015137,3,3,194,7,male
-10.553247451782227,-13.55953598022461,3,4,194,7,male
-8.941040992736816,-12.607087135314941,3,5,194,7,male
-7.229421138763428,-12.031330108642578,3,6,194,7,male
-1.3036178350448608,-10.40990161895752,3,7,194,7,male
2.7597689628601074,-3.511702537536621,3,8,194,7,male
4.019766330718994,-0.6209169030189514,3,9,194,7,male
-11.062396049499512,-7.350346565246582,3,0,195,6,female
-11.382170677185059,-6.860567569732666,3,1,195,6,female
-10.282620429992676,-6.8991289138793945,3,2,195,6,female
-8.356971740722656,-7.8779497146606445,3,3,195,6,female
-6.108905792236328,-8.53673267364502,3,4,195,6,female
-2.853067636489868,-7.90970516204834,3,5,195,6,female
1.6319522857666016,-1.7080047130584717,3,6,195,6,female
3.4871339797973633,0.7238345742225647,3,7,195,6,female
47.65506362915039,-13.124520301818848,3,8,195,6,female
47.42888641357422,-13.256714820861816,3,9,195,6,female
-7.3346991539001465,-6.895692825317383,3,0,196,2,female
-8.40117073059082,-5.919676303863525,3,1,196,2,female
-8.589017868041992,-5.838972091674805,3,2,196,2,female
-8.99459457397461,-7.167996406555176,3,3,196,2,female
-7.453636169433594,-8.407983779907227,3,4,196,2,female
-5.489867210388184,-9.526055335998535,3,5,196,2,female
0.881303608417511,-4.5047197341918945,3,6,196,2,female
2.804091453552246,-1.5451984405517578,3,7,196,2,female
4.3038458824157715,0.3111143708229065,3,8,196,2,female
47.65757369995117,-12.838918685913086,3,9,196,2,female
-8.980772972106934,-12.984910011291504,3,0,197,9,male
-11.905980110168457,-13.57806396484375,3,1,197,9,male
-12.230813026428223,-13.812822341918945,3,2,197,9,male
-12.069099426269531,-13.938488960266113,3,3,197,9,male
-10.934185028076172,-13.654467582702637,3,4,197,9,male
-9.45163345336914,-13.179529190063477,3,5,197,9,male
-7.550954818725586,-12.453680992126465,3,6,197,9,male
-1.874424695968628,-10.809073448181152,3,7,197,9,male
2.491621971130371,-4.319230556488037,3,8,197,9,male
3.6422131061553955,-1.2955849170684814,3,9,197,9,male
-11.012449264526367,-6.983443737030029,3,0,198,6,female
-11.475918769836426,-6.773151874542236,3,1,198,6,female
-11.005977630615234,-6.558669090270996,3,2,198,6,female
-9.370174407958984,-6.910374641418457,3,3,198,6,female
-7.343941688537598,-7.621553897857666,3,4,198,6,female
-5.585092067718506,-8.546243667602539,3,5,198,6,female
0.4670756459236145,-4.135864734649658,3,6,198,6,female
2.321345090866089,-0.9218534827232361,3,7,198,6,female
3.746211290359497,0.9627190232276917,3,8,198,6,female
47.61934280395508,-13.235347747802734,3,9,198,6,female
-7.179143905639648,-7.1566162109375,3,0,199,2,female
-8.02704906463623,-6.175417900085449,3,1,199,2,female
-8.405008316040039,-5.992208480834961,3,2,199,2,female
-8.568097114562988,-7.217196941375732,3,3,199,2,female
-7.634415626525879,-8.277284622192383,3,4,199,2,female
-5.933742046356201,-9.35445785522461,3,5,199,2,female
0.39312025904655457,-5.012935161590576,3,6,199,2,female
2.130507230758667,-2.071481466293335,3,7,199,2,female
3.771346092224121,0.34111085534095764,3,8,199,2,female
47.483154296875,-13.249646186828613,3,9,199,2,female
-9.234603881835938,-9.396753311157227,4,0,200,0,male
-11.244718551635742,-9.264698028564453,4,1,200,0,male
-11.055408477783203,-9.139321327209473,4,2,200,0,male
-9.601301193237305,-8.663468360900879,4,3,200,0,male
-7.678765773773193,-8.196505546569824,4,4,200,0,male
-5.698465824127197,-8.865386009216309,4,5,200,0,male
0.2678115665912628,-4.512020587921143,4,6,200,0,male
1.8284757137298584,-1.3962938785552979,4,7,200,0,male
3.6245267391204834,0.7578921914100647,4,8,200,0,male
47.792423248291016,-13.218597412109375,4,9,200,0,male
-10.343659400939941,-8.25052547454834,4,0,201,3,female
-10.738791465759277,-8.06742000579834,4,1,201,3,female
-10.367061614990234,-7.7982563972473145,4,2,201,3,female
-9.118195533752441,-8.009184837341309,4,3,201,3,female
-7.491701602935791,-8.559099197387695,4,4,201,3,female
-5.5073957443237305,-9.132955551147461,4,5,201,3,female
0.08340471237897873,-4.845458984375,4,6,201,3,female
1.8486089706420898,-1.6353864669799805,4,7,201,3,female
3.754525661468506,0.5326157212257385,4,8,201,3,female
47.537139892578125,-13.146090507507324,4,9,201,3,female
-7.069465637207031,-12.074231147766113,4,0,202,9,male
-9.521157264709473,-12.958667755126953,4,1,202,9,male
-12.363433837890625,-13.236625671386719,4,2,202,9,male
-12.517885208129883,-13.30843734741211,4,3,202,9,male
-11.610549926757812,-13.15493106842041,4,4,202,9,male
-9.641950607299805,-12.858086585998535,4,5,202,9,male
-7.704798698425293,-11.999342918395996,4,6,202,9,male
-2.1844327449798584,-10.604412078857422,4,7,202,9,male
2.202545166015625,-4.244168281555176,4,8,202,9,male
3.6092615127563477,-0.9724385738372803,4,9,202,9,male
-9.638653755187988,-7.9410319328308105,4,0,203,6,female
-9.89378547668457,-7.910044193267822,4,1,203,6,female
-9.234086036682129,-7.945229530334473,4,2,203,6,female
-7.868764877319336,-7.813345432281494,4,3,203,6,female
-6.229490280151367,-8.536452293395996,4,4,203,6,female
-3.0665533542633057,-8.205497741699219,4,5,203,6,female
1.4648882150650024,-1.9941543340682983,4,6,203,6,female
3.696288585662842,0.4379720091819763,4,7,203,6,female
48.11225891113281,-13.371506690979004,4,8,203,6,female
47.751468658447266,-12.98279857635498,4,9,203,6,female
-7.128769874572754,-12.371658325195312,4,0,204,8,male
-9.981863021850586,-13.920454978942871,4,1,204,8,male
-12.423849105834961,-14.710607528686523,4,2,204,8,male
-12.252350807189941,-14.211109161376953,4,3,204,8,male
-9.87057876586914,-13.373821258544922,4,4,204,8,male
-7.528793811798096,-12.32251262664795,4,5,204,8,male
-1.7596136331558228,-10.74897289276123,4,6,204,8,male
2.5814807415008545,-4.023305892944336,4,7,204,8,male
3.892674684524536,-0.8414384126663208,4,8,204,8,male
47.725616455078125,-13.692556381225586,4,9,204,8,male
-10.181025505065918,-8.583450317382812,4,0,205,3,female
-10.835363388061523,-8.251792907714844,4,1,205,3,female
-10.613556861877441,-7.866225242614746,4,2,205,3,female
-9.437185287475586,-7.714186191558838,4,3,205,3,female
-7.673189163208008,-8.075338363647461,4,4,205,3,female
-5.700673580169678,-8.79253101348877,4,5,205,3,female
-2.6763439178466797,-7.878837585449219,4,6,205,3,female
1.5676790475845337,-1.8083304166793823,4,7,205,3,female
3.607959032058716,0.8229773044586182,4,8,205,3,female
47.73603820800781,-12.914849281311035,4,9,205,3,female
-7.525839805603027,-6.770573616027832,4,0,206,2,female
-7.5759687423706055,-6.782208442687988,4,1,206,2,female
-7.491597652435303,-7.026914119720459,4,2,206,2,female
-7.404091835021973,-7.7822651863098145,4,3,206,2,female
-6.408665657043457,-9.256263732910156,4,4,206,2,female
-3.8746981620788574,-9.392644882202148,4,5,206,2,female
1.2753762006759644,-4.589496612548828,4,6,206,2,female
2.9868459701538086,-1.681079387664795,4,7,206,2,female
4.20259952545166,0.31750553846359253,4,8,206,2,female
48.2237663269043,-13.812503814697266,4,9,206,2,female
-10.022612571716309,-11.840943336486816,4,0,207,1,male
-11.768265724182129,-12.259916305541992,4,1,207,1,male
-11.440993309020996,-12.407261848449707,4,2,207,1,male
-8.993764877319336,-12.294687271118164,4,3,207,1,male
-6.894675254821777,-11.443879127502441,4,4,207,1,male
-1.0938376188278198,-9.940342903137207,4,5,207,1,male
2.74216890335083,-3.0904593467712402,4,6,207,1,male
3.6968672275543213,-0.025861069560050964,4,7,207,1,male
48.083030700683594,-14.14344596862793,4,8,207,1,male
47.4906120300293,-12.98392105102539,4,9,207,1,male
-8.165325164794922,-12.84506893157959,4,0,208,7,male
-10.638082504272461,-14.323433876037598,4,1,208,7,male
-12.157130241394043,-15.246402740478516,4,2,208,7,male
-12.041787147521973,-15.258713722229004,4,3,208,7,male
-10.533485412597656,-14.449447631835938,4,4,208,7,male
-8.843981742858887,-13.26636028289795,4,5,208,7,male
-7.049103736877441,-12.336408615112305,4,6,208,7,male
-1.3171497583389282,-10.866551399230957,4,7,208,7,male
2.8146047592163086,-3.9631285667419434,4,8,208,7,male
3.8782684803009033,-1.0358461141586304,4,9,208,7,male
-8.22005558013916,-12.888068199157715,4,0,209,8,male
-10.78573989868164,-14.295952796936035,4,1,209,8,male
-12.325687408447266,-14.688480377197266,4,2,209,8,male
-11.75776195526123,-14.420626640319824,4,3,209,8,male
-9.508589744567871,-13.517068862915039,4,4,209,8,male
-7.195623874664307,-12.37575912475586,4,5,209,8,male
-1.1985502243041992,-10.802916526794434,4,6,209,8,male
3.0004780292510986,-3.728872537612915,4,7,209,8,male
4.159432888031006,-0.6023747324943542,4,8,209,8,male
47.856624603271484,-12.956134796142578,4,9,209,8,male
-9.154539108276367,-12.779949188232422,4,0,210,9,male
-11.98846435546875,-13.087615966796875,4,1,210,9,male
-12.527372360229492,-13.4080171585083,4,2,210,9,male
-12.093547821044922,-13.460273742675781,4,3,210,9,male
-10.092484474182129,-13.565062522888184,4,4,210,9,male
-8.30501937866211,-12.83777904510498,4,5,210,9,male
-6.652648448944092,-12.096748352050781,4,6,210,9,male
-0.7124959230422974,-10.393651962280273,4,7,210,9,male
3.2224059104919434,-3.1023991107940674,4,8,210,9,male
4.290225982666016,-0.29918819665908813,4,9,210,9,male
-9.333940505981445,-12.371795654296875,4,0,211,9,male
-11.84486198425293,-12.662886619567871,4,1,211,9,male
-12.395156860351562,-13.058859825134277,4,2,211,9,male
-11.554389953613281,-13.34048080444336,4,3,211,9,male
-9.913180351257324,-13.349981307983398,4,4,211,9,male
-8.181529998779297,-12.691692352294922,4,5,211,9,male
-6.456976890563965,-11.896584510803223,4,6,211,9,male
-0.3360731601715088,-10.027956008911133,4,7,211,9,male
3.32588791847229,-2.4547197818756104,4,8,211,9,male
4.549982070922852,0.09967221319675446,4,9,211,9,male
-10.042106628417969,-7.761168956756592,4,0,212,6,female
-10.10227108001709,-7.741493225097656,4,1,212,6,female
-9.445615768432617,-7.736244201660156,4,2,212,6,female
-8.030634880065918,-7.763765335083008,4,3,212,6,female
-6.493124008178711,-8.170449256896973,4,4,212,6,female
-3.656247854232788,-8.359267234802246,4,5,212,6,female
0.9395946264266968,-2.7203900814056396,4,6,212,6,female
2.935940980911255,-0.3003827929496765,4,7,212,6,female
48.6428337097168,-15.347859382629395,4,8,212,6,female
47.905914306640625,-13.176962852478027,4,9,212,6,female
-8.356760025024414,-12.964847564697266,4,0,213,7,male
-10.861475944519043,-14.526721954345703,4,1,213,7,male
-12.324507713317871,-15.315545082092285,4,2,213,7,male
-11.813669204711914,-15.00462532043457,4,3,213,7,male
-10.30917739868164,-14.045022010803223,4,4,213,7,male
-9.007952690124512,-12.943503379821777,4,5,213,7,male
-7.3594536781311035,-12.234786987304688,4,6,213,7,male
-1.8367360830307007,-10.67288875579834,4,7,213,7,male
2.454550266265869,-4.0842766761779785,4,8,213,7,male
3.715885877609253,-0.887444257736206,4,9,213,7,male
-11.279935836791992,-13.542195320129395,4,0,214,9,male
-12.516754150390625,-13.629826545715332,4,1,214,9,male
-12.322068214416504,-13.71790885925293,4,2,214,9,male
-10.981209754943848,-13.647165298461914,4,3,214,9,male
-9.328821182250977,-13.142217636108398,4,4,214,9,male
-7.450789928436279,-12.422599792480469,4,5,214,9,male
-1.9170713424682617,-10.856708526611328,4,6,214,9,male
2.2488927841186523,-4.619204998016357,4,7,214,9,male
3.470703601837158,-1.3313281536102295,4,8,214,9,male
4.446083068847656,0.48562371730804443,4,9,214,9,male
-7.348680019378662,-9.57894515991211,4,0,215,0,male
-9.879683494567871,-9.023804664611816,4,1,215,0,male
-11.153674125671387,-9.021601676940918,4,2,215,0,male
-10.878876686096191,-8.641021728515625,4,3,215,0,male
-9.839116096496582,-8.168858528137207,4,4,215,0,male
-8.075037002563477,-8.114535331726074,4,5,215,0,male
-6.722566604614258,-8.414850234985352,4,6,215,0,male
-3.8167781829833984,-8.707414627075195,4,7,215,0,male
0.7495201230049133,-3.7015137672424316,4,8,215,0,male
2.910337448120117,-0.7525913119316101,4,9,215,0,male
-11.421114921569824,-11.881752967834473,4,0,216,1,male
-11.699461936950684,-12.094759941101074,4,1,216,1,male
-10.31464958190918,-11.975072860717773,4,2,216,1,male
-8.2508544921875,-11.919890403747559,4,3,216,1,male
-6.545178413391113,-11.239930152893066,4,4,216,1,male
-0.617894172668457,-9.496670722961426,4,5,216,1,male
3.034353494644165,-2.3550429344177246,4,6,216,1,male
4.004271984100342,0.16324354708194733,4,7,216,1,male
47.960853576660156,-13.080838203430176,4,8,216,1,male
47.41188049316406,-13.116406440734863,4,9,216,1,male
-10.362412452697754,-8.217273712158203,4,0,217,3,female
-10.557281494140625,-8.054853439331055,4,1,217,3,female
-10.21749210357666,-7.771235466003418,4,2,217,3,female
-8.807024002075195,-7.990015506744385,4,3,217,3,female
-7.0937981605529785,-8.466638565063477,4,4,217,3,female
-4.702160358428955,-8.94570255279541,4,5,217,3,female
0.4768125116825104,-4.068628787994385,4,6,217,3,female
2.275102376937866,-0.9915812015533447,4,7,217,3,female
3.909120559692383,0.7168249487876892,4,8,217,3,female
47.54884338378906,-13.346467018127441,4,9,217,3,female
-9.514887809753418,-13.223880767822266,4,0,218,9,male
-12.450786590576172,-13.499887466430664,4,1,218,9,male
-12.598047256469727,-13.597204208374023,4,2,218,9,male
-12.112411499023438,-13.703519821166992,4,3,218,9,male
-10.188014030456543,-13.494403839111328,4,4,218,9,male
-8.335290908813477,-12.835990905761719,4,5,218,9,male
-6.665863513946533,-12.020359992980957,4,6,218,9,male
-0.5586082935333252,-10.315450668334961,4,7,218,9,male
3.2705495357513428,-2.96913743019104,4,8,218,9,male
4.432071208953857,-0.14031882584095,4,9,218,9,male
-10.452654838562012,-7.596105575561523,4,0,219,10,female
-10.647210121154785,-7.565138816833496,4,1,219,10,female
-10.204896926879883,-7.356715679168701,4,2,219,10,female
-8.954418182373047,-7.6561503410339355,4,3,219,10,female
-7.329929828643799,-8.38864803314209,4,4,219,10,female
-5.407841682434082,-8.912947654724121,4,5,219,10,female
-0.03349381685256958,-4.80409049987793,4,6,219,10,female
1.7699050903320312,-1.5576376914978027,4,7,219,10,female
3.6798431873321533,0.7487288117408752,4,8,219,10,female
47.94824981689453,-12.90946102142334,4,9,219,10,female
-10.149447441101074,-7.999922752380371,4,0,220,3,female
-10.320125579833984,-7.8907623291015625,4,1,220,3,female
-9.680678367614746,-7.698086261749268,4,2,220,3,female
-8.020411491394043,-7.7932329177856445,4,3,220,3,female
-6.600522994995117,-8.22680950164795,4,4,220,3,female
-3.747018575668335,-8.49770450592041,4,5,220,3,female
0.7406808137893677,-3.307284355163574,4,6,220,3,female
2.716676950454712,-0.29167070984840393,4,7,220,3,female
48.400657653808594,-14.441083908081055,4,8,220,3,female
47.792823791503906,-13.044281959533691,4,9,220,3,female
-6.9440789222717285,-7.421039581298828,4,0,221,2,female
-7.697046279907227,-6.590322971343994,4,1,221,2,female
-7.982336521148682,-6.516388416290283,4,2,221,2,female
-8.25146770477295,-6.939886569976807,4,3,221,2,female
-8.262558937072754,-8.039671897888184,4,4,221,2,female
-7.115004062652588,-8.948715209960938,4,5,221,2,female
-4.980693340301514,-9.52258586883545,4,6,221,2,female
0.9425476789474487,-4.430521488189697,4,7,221,2,female
2.723463296890259,-1.6302924156188965,4,8,221,2,female
4.21892786026001,0.48998335003852844,4,9,221,2,female
-8.66324520111084,-12.761493682861328,4,0,222,9,male
-11.289812088012695,-13.299582481384277,4,1,222,9,male
-12.566146850585938,-13.397195816040039,4,2,222,9,male
-12.382521629333496,-13.339995384216309,4,3,222,9,male
-10.902406692504883,-13.404693603515625,4,4,222,9,male
-9.117337226867676,-12.923491477966309,4,5,222,9,male
-7.047494411468506,-12.061915397644043,4,6,222,9,male
-1.36233651638031,-10.603878021240234,4,7,222,9,male
2.722919225692749,-3.8524017333984375,4,8,222,9,male
4.035336017608643,-0.6818632483482361,4,9,222,9,male
-8.601694107055664,-12.974766731262207,4,0,223,7,male
-11.051288604736328,-14.072243690490723,4,1,223,7,male
-11.990304946899414,-15.1575927734375,4,2,223,7,male
-10.703304290771484,-14.530195236206055,4,3,223,7,male
-9.00961685180664,-13.315115928649902,4,4,223,7,male
-7.486023902893066,-12.557662963867188,4,5,223,7,male
-6.1547417640686035,-11.87399959564209,4,6,223,7,male
2.0696754455566406,-5.244494915008545,4,7,223,7,male
3.284438371658325,-2.2830240726470947,4,8,223,7,male
4.337616443634033,-0.04339815303683281,4,9,223,7,male
-10.092905044555664,-13.368849754333496,4,0,224,8,male
-12.394954681396484,-13.234848976135254,4,1,224,8,male
-12.12649154663086,-12.853586196899414,4,2,224,8,male
-10.684165000915527,-12.439508438110352,4,3,224,8,male
-8.373909950256348,-11.994072914123535,4,4,224,8,male
-6.258368968963623,-11.19055461883545,4,5,224,8,male
1.9076790809631348,-4.838327407836914,4,6,224,8,male
3.3122355937957764,-1.3679074048995972,4,7,224,8,male
4.548104286193848,0.3179371953010559,4,8,224,8,male
47.32400131225586,-13.258111000061035,4,9,224,8,male
-8.674704551696777,-13.082170486450195,4,0,225,8,male
-11.485611915588379,-14.044588088989258,4,1,225,8,male
-12.528400421142578,-14.168375015258789,4,2,225,8,male
-12.066264152526855,-14.020130157470703,4,3,225,8,male
-9.536850929260254,-13.237061500549316,4,4,225,8,male
-7.2513556480407715,-12.307252883911133,4,5,225,8,male
-1.397813081741333,-10.652387619018555,4,6,225,8,male
2.7488934993743896,-3.813932418823242,4,7,225,8,male
4.07811164855957,-0.6557839512825012,4,8,225,8,male
47.6920166015625,-13.874706268310547,4,9,225,8,male
-8.606331825256348,-12.854790687561035,4,0,226,9,male
-11.435627937316895,-13.55746841430664,4,1,226,9,male
-12.627902030944824,-13.628012657165527,4,2,226,9,male
-12.456737518310547,-13.6320219039917,4,3,226,9,male
-10.699657440185547,-13.60616397857666,4,4,226,9,male
-9.004676818847656,-13.071446418762207,4,5,226,9,male
-7.21809196472168,-12.382485389709473,4,6,226,9,male
-1.512723445892334,-10.868475914001465,4,7,226,9,male
2.7451331615448,-4.048482418060303,4,8,226,9,male
3.9584639072418213,-0.9784776568412781,4,9,226,9,male
-8.585180282592773,-13.051342964172363,4,0,227,7,male
-10.929337501525879,-14.488493919372559,4,1,227,7,male
-12.293977737426758,-15.277094841003418,4,2,227,7,male
-11.826848983764648,-14.919997215270996,4,3,227,7,male
-10.652156829833984,-13.711679458618164,4,4,227,7,male
-9.438624382019043,-12.437929153442383,4,5,227,7,male
-8.05203628540039,-11.817258834838867,4,6,227,7,male
-6.338858127593994,-11.02536392211914,4,7,227,7,male
1.5994865894317627,-4.721465110778809,4,8,227,7,male
3.1815638542175293,-1.5264544486999512,4,9,227,7,male
-10.015397071838379,-7.8161749839782715,4,0,228,6,female
-10.056580543518066,-7.6873979568481445,4,1,228,6,female
-9.098143577575684,-7.262012004852295,4,2,228,6,female
-7.880126953125,-7.61424446105957,4,3,228,6,female
-6.6658406257629395,-7.913846492767334,4,4,228,6,female
-4.1807684898376465,-8.49605655670166,4,5,228,6,female
0.495564728975296,-3.775425672531128,4,6,228,6,female
2.21036434173584,-0.986711859703064,4,7,228,6,female
3.861445665359497,1.0045133829116821,4,8,228,6,female
47.5449104309082,-13.167327880859375,4,9,228,6,female
-8.368741989135742,-11.624719619750977,4,0,229,1,male
-10.817410469055176,-11.383394241333008,4,1,229,1,male
-11.373404502868652,-11.576486587524414,4,2,229,1,male
-11.165870666503906,-11.454935073852539,4,3,229,1,male
-10.06301212310791,-11.532987594604492,4,4,229,1,male
-8.40259075164795,-11.716059684753418,4,5,229,1,male
-6.992551326751709,-11.173425674438477,4,6,229,1,male
-1.2184412479400635,-9.816269874572754,4,7,229,1,male
2.5863561630249023,-3.082131862640381,4,8,229,1,male
4.059226989746094,-0.20707295835018158,4,9,229,1,male
-9.986638069152832,-7.715214729309082,4,0,230,6,female
-10.206183433532715,-7.541623115539551,4,1,230,6,female
-9.691876411437988,-7.165698051452637,4,2,230,6,female
-8.64121150970459,-7.5276899337768555,4,3,230,6,female
-7.265013694763184,-8.129186630249023,4,4,230,6,female
-5.483870983123779,-8.77821159362793,4,5,230,6,female
-0.15281860530376434,-4.946427345275879,4,6,230,6,female
1.706091046333313,-1.597843885421753,4,7,230,6,female
3.526798963546753,0.6650039553642273,4,8,230,6,female
47.77666091918945,-13.315967559814453,4,9,230,6,female
-7.459227561950684,-6.8192925453186035,4,0,231,2,female
-7.624763488769531,-6.7816901206970215,4,1,231,2,female
-7.709527492523193,-6.897349834442139,4,2,231,2,female
-7.922195911407471,-7.935222625732422,4,3,231,2,female
-7.320067882537842,-9.026973724365234,4,4,231,2,female
-6.354469299316406,-9.766741752624512,4,5,231,2,female
0.7689993381500244,-5.295232772827148,4,6,231,2,female
2.5575411319732666,-2.2265779972076416,4,7,231,2,female
3.8719327449798584,-0.11119170486927032,4,8,231,2,female
48.28284454345703,-14.171972274780273,4,9,231,2,female
-6.277673721313477,-10.00232982635498,4,0,232,0,male
-9.200479507446289,-9.270562171936035,4,1,232,0,male
-11.266578674316406,-9.12293815612793,4,2,232,0,male
-11.234755516052246,-8.96318531036377,4,3,232,0,male
-10.15443229675293,-8.18475341796875,4,4,232,0,male
-8.37451171875,-7.8857316970825195,4,5,232,0,male
-6.8925251960754395,-7.895260810852051,4,6,232,0,male
-4.6595563888549805,-8.372621536254883,4,7,232,0,male
0.5051419138908386,-3.819704055786133,4,8,232,0,male
2.1845099925994873,-0.9760198593139648,4,9,232,0,male
-7.556210041046143,-6.723613262176514,4,0,233,2,female
-7.723217010498047,-6.75890588760376,4,1,233,2,female
-7.572819232940674,-7.148859977722168,4,2,233,2,female
-6.736591339111328,-8.479917526245117,4,3,233,2,female
-5.146735668182373,-9.2443208694458,4,4,233,2,female
0.5131334066390991,-4.773400783538818,4,5,233,2,female
1.9735521078109741,-2.194274663925171,4,6,233,2,female
3.626694679260254,0.06351872533559799,4,7,233,2,female
47.98008728027344,-14.205050468444824,4,8,233,2,female
47.36309051513672,-13.108575820922852,4,9,233,2,female
-7.382107734680176,-6.913125514984131,4,0,234,2,female
-7.574705600738525,-6.95099401473999,4,1,234,2,female
-7.430309772491455,-7.161926746368408,4,2,234,2,female
-6.786472320556641,-7.829319000244141,4,3,234,2,female
-5.267812252044678,-9.037070274353027,4,4,234,2,female
0.20100978016853333,-5.158544063568115,4,5,234,2,female
1.6198256015777588,-2.5831456184387207,4,6,234,2,female
3.0216641426086426,-0.5201810002326965,4,7,234,2,female
4.4531450271606445,0.562176525592804,4,8,234,2,female
47.446170806884766,-13.319040298461914,4,9,234,2,female
-11.240486145019531,-11.600272178649902,4,0,235,1,male
-11.54849910736084,-11.876485824584961,4,1,235,1,male
-10.607428550720215,-11.740676879882812,4,2,235,1,male
-8.800528526306152,-11.870399475097656,4,3,235,1,male
-7.129538059234619,-11.288599014282227,4,4,235,1,male
-1.4682637453079224,-9.898580551147461,4,5,235,1,male
2.5613698959350586,-3.2439217567443848,4,6,235,1,male
3.9315669536590576,-0.3123621344566345,4,7,235,1,male
48.431312561035156,-13.616415977478027,4,8,235,1,male
47.298866271972656,-13.41396427154541,4,9,235,1,male
-7.526712417602539,-6.733076572418213,4,0,236,2,female
-7.936411380767822,-6.541570663452148,4,1,236,2,female
-7.8534770011901855,-6.7813334465026855,4,2,236,2,female
-7.559511661529541,-7.797502040863037,4,3,236,2,female
-6.310596466064453,-9.133801460266113,4,4,236,2,female
-3.479658603668213,-9.096793174743652,4,5,236,2,female
1.1792325973510742,-3.66634202003479,4,6,236,2,female
2.920194149017334,-1.1416772603988647,4,7,236,2,female
4.453663349151611,0.4530956745147705,4,8,236,2,female
47.916229248046875,-12.962374687194824,4,9,236,2,female
-6.709792137145996,-12.093213081359863,4,0,237,7,male
-9.507553100585938,-13.638339042663574,4,1,237,7,male
-12.238890647888184,-15.174797058105469,4,2,237,7,male
-12.340543746948242,-15.230905532836914,4,3,237,7,male
-10.666960716247559,-14.425962448120117,4,4,237,7,male
-9.131147384643555,-13.00806713104248,4,5,237,7,male
-7.332396030426025,-12.21167278289795,4,6,237,7,male
-1.7604984045028687,-10.816926956176758,4,7,237,7,male
2.410914659500122,-4.491189479827881,4,8,237,7,male
3.580486536026001,-1.3976917266845703,4,9,237,7,male
-9.73703384399414,-11.356975555419922,4,0,238,1,male
-11.469558715820312,-11.748976707458496,4,1,238,1,male
-11.513761520385742,-11.790288925170898,4,2,238,1,male
-10.199134826660156,-11.563846588134766,4,3,238,1,male
-8.519871711730957,-11.875999450683594,4,4,238,1,male
-7.053820610046387,-11.281561851501465,4,5,238,1,male
-1.398735761642456,-9.96632194519043,4,6,238,1,male
2.2810170650482178,-3.770141124725342,4,7,238,1,male
3.4772326946258545,-0.8196412324905396,4,8,238,1,male
4.573594093322754,0.6510174870491028,4,9,238,1,male
-9.073761940002441,-9.314048767089844,4,0,239,0,male
-11.12743854522705,-8.982768058776855,4,1,239,0,male
-10.950136184692383,-8.6882963180542,4,2,239,0,male
-9.88278579711914,-8.030587196350098,4,3,239,0,male
-8.001199722290039,-8.147361755371094,4,4,239,0,male
-6.236229419708252,-8.695798873901367,4,5,239,0,male
-2.972614288330078,-8.153926849365234,4,6,239,0,male
1.328914999961853,-2.1068289279937744,4,7,239,0,male
3.2622952461242676,0.5451732873916626,4,8,239,0,male
48.197174072265625,-14.153837203979492,4,9,239,0,male
-6.22886323928833,-11.418932914733887,4,0,240,9,male
-8.892934799194336,-12.95967960357666,4,1,240,9,male
-11.78160572052002,-13.371367454528809,4,2,240,9,male
-12.57933521270752,-13.424470901489258,4,3,240,9,male
-12.335027694702148,-13.11581802368164,4,4,240,9,male
-10.773320198059082,-13.143362045288086,4,5,240,9,male
-8.884228706359863,-12.69143295288086,4,6,240,9,male
-7.0983381271362305,-12.140098571777344,4,7,240,9,male
-1.249451994895935,-10.532258033752441,4,8,240,9,male
2.8311426639556885,-3.620680332183838,4,9,240,9,male
-9.909141540527344,-7.621581077575684,4,0,241,6,female
-9.92611026763916,-7.268401622772217,4,1,241,6,female
-8.944145202636719,-6.883418560028076,4,2,241,6,female
-7.741031646728516,-7.531543731689453,4,3,241,6,female
-6.463540554046631,-7.981091499328613,4,4,241,6,female
-3.6993703842163086,-8.231499671936035,4,5,241,6,female
0.8101301789283752,-3.0260844230651855,4,6,241,6,female
2.704928159713745,-0.14476077258586884,4,7,241,6,female
48.02332305908203,-14.325437545776367,4,8,241,6,female
47.592899322509766,-13.152473449707031,4,9,241,6,female
-7.304671764373779,-7.045844554901123,4,0,242,2,female
-7.678327560424805,-6.669694900512695,4,1,242,2,female
-7.6888747215271,-6.653946876525879,4,2,242,2,female
-7.453366756439209,-7.267481327056885,4,3,242,2,female
-6.594454288482666,-8.176658630371094,4,4,242,2,female
-4.83560037612915,-9.113593101501465,4,5,242,2,female
0.41759660840034485,-4.576561450958252,4,6,242,2,female
2.0567736625671387,-1.6213772296905518,4,7,242,2,female
3.9296646118164062,0.46361562609672546,4,8,242,2,female
47.40622329711914,-13.037731170654297,4,9,242,2,female
-9.314181327819824,-12.864238739013672,4,0,243,9,male
-12.053400993347168,-13.028660774230957,4,1,243,9,male
-12.332498550415039,-13.051188468933105,4,2,243,9,male
-11.425719261169434,-13.154006958007812,4,3,243,9,male
-9.882718086242676,-13.088744163513184,4,4,243,9,male
-8.422396659851074,-12.463583946228027,4,5,243,9,male
-6.875002861022949,-11.98794937133789,4,6,243,9,male
-1.0294197797775269,-10.393721580505371,4,7,243,9,male
2.9906222820281982,-3.3518760204315186,4,8,243,9,male
4.145889759063721,-0.6470429301261902,4,9,243,9,male
-7.49625301361084,-6.6596503257751465,4,0,244,2,female
-7.624959468841553,-6.614299297332764,4,1,244,2,female
-7.663555145263672,-6.9400506019592285,4,2,244,2,female
-7.661651611328125,-7.726489067077637,4,3,244,2,female
-6.988321781158447,-8.286310195922852,4,4,244,2,female
-4.87487268447876,-9.216827392578125,4,5,244,2,female
0.7241277098655701,-4.58358907699585,4,6,244,2,female
2.3724093437194824,-1.7966980934143066,4,7,244,2,female
4.064671039581299,0.2724072337150574,4,8,244,2,female
47.915287017822266,-14.051325798034668,4,9,244,2,female
-10.16999340057373,-7.856797695159912,4,0,245,6,female
-10.221440315246582,-7.68621826171875,4,1,245,6,female
-9.42368221282959,-7.210216999053955,4,2,245,6,female
-8.214350700378418,-7.656356334686279,4,3,245,6,female
-6.820898056030273,-8.058720588684082,4,4,245,6,female
-4.462340354919434,-8.63054084777832,4,5,245,6,female
0.4871300160884857,-3.9228262901306152,4,6,245,6,female
2.1318554878234863,-0.9577998518943787,4,7,245,6,female
3.8563239574432373,0.8199328184127808,4,8,245,6,female
47.66740417480469,-13.007430076599121,4,9,245,6,female
-9.551729202270508,-7.309554576873779,4,0,246,6,female
-9.670419692993164,-7.20175838470459,4,1,246,6,female
-8.946638107299805,-7.071894645690918,4,2,246,6,female
-8.013660430908203,-7.580167293548584,4,3,246,6,female
-6.810241222381592,-7.851701259613037,4,4,246,6,female
-4.555558681488037,-8.518377304077148,4,5,246,6,female
0.44868579506874084,-3.9366753101348877,4,6,246,6,female
2.184865713119507,-1.0150874853134155,4,7,246,6,female
3.756862163543701,0.8693914413452148,4,8,246,6,female
47.54956817626953,-12.995752334594727,4,9,246,6,female
-8.137763977050781,-12.819452285766602,4,0,247,8,male
-10.615362167358398,-14.082677841186523,4,1,247,8,male
-12.322648048400879,-14.333361625671387,4,2,247,8,male
-12.130208015441895,-14.114874839782715,4,3,247,8,male
-10.112807273864746,-13.637598991394043,4,4,247,8,male
-7.778595924377441,-12.58655834197998,4,5,247,8,male
-5.743398189544678,-11.479711532592773,4,6,247,8,male
2.4538838863372803,-4.488064765930176,4,7,247,8,male
3.8023247718811035,-0.952617347240448,4,8,247,8,male
47.758358001708984,-13.649066925048828,4,9,247,8,male
-11.015913009643555,-11.446806907653809,4,0,248,1,male
-11.254629135131836,-11.466917991638184,4,1,248,1,male
-10.309769630432129,-11.274372100830078,4,2,248,1,male
-8.682802200317383,-11.755593299865723,4,3,248,1,male
-7.501827716827393,-11.335578918457031,4,4,248,1,male
-2.431924343109131,-10.292130470275879,4,5,248,1,male
1.4131579399108887,-4.654373645782471,4,6,248,1,male
2.905111789703369,-1.8860384225845337,4,7,248,1,male
4.299899578094482,0.20910346508026123,4,8,248,1,male
47.32661819458008,-13.249792098999023,4,9,248,1,male
-10.331014633178711,-11.476693153381348,4,0,249,1,male
-11.466498374938965,-11.816840171813965,4,1,249,1,male
-11.241239547729492,-11.744915962219238,4,2,249,1,male
-9.665647506713867,-11.750394821166992,4,3,249,1,male
-7.828861713409424,-11.610586166381836,4,4,249,1,male
-2.5528059005737305,-10.308722496032715,4,5,249,1,male
1.5693086385726929,-4.509786605834961,4,6,249,1,male
3.207066059112549,-1.3684182167053223,4,7,249,1,male
4.491134166717529,0.7115584015846252,4,8,249,1,male
47.424949645996094,-13.471799850463867,4,9,249,1,male
-7.396172523498535,-7.891066551208496,5,0,250,0,male
-9.244372367858887,-8.492270469665527,5,1,250,0,male
-9.682523727416992,-8.72817325592041,5,2,250,0,male
-9.284628868103027,-8.629881858825684,5,3,250,0,male
-8.53718090057373,-8.312739372253418,5,4,250,0,male
-7.253653526306152,-8.141345024108887,5,5,250,0,male
-5.040180683135986,-8.776488304138184,5,6,250,0,male
0.4474117159843445,-4.09563684463501,5,7,250,0,male
2.186950445175171,-1.2858117818832397,5,8,250,0,male
3.8166439533233643,0.6615030169487,5,9,250,0,male
-6.96104097366333,-10.524636268615723,5,0,251,1,male
-9.637046813964844,-10.441130638122559,5,1,251,1,male
-10.152426719665527,-10.92998218536377,5,2,251,1,male
-9.991215705871582,-10.892834663391113,5,3,251,1,male
-8.593828201293945,-11.491957664489746,5,4,251,1,male
-7.191108703613281,-11.222663879394531,5,5,251,1,male
-2.3054122924804688,-10.19886302947998,5,6,251,1,male
1.7183409929275513,-4.400973320007324,5,7,251,1,male
3.088811159133911,-1.63335382938385,5,8,251,1,male
4.356698513031006,0.24616286158561707,5,9,251,1,male
-9.694541931152344,-13.764272689819336,5,0,252,8,male
-12.211159706115723,-14.551505088806152,5,1,252,8,male
-11.729084968566895,-14.091728210449219,5,2,252,8,male
-9.213420867919922,-13.156580924987793,5,3,252,8,male
-6.873636245727539,-12.119434356689453,5,4,252,8,male
-0.6810693740844727,-10.274017333984375,5,5,252,8,male
3.1484525203704834,-2.8289072513580322,5,6,252,8,male
4.278539657592773,-0.14264792203903198,5,7,252,8,male
47.60701370239258,-13.273087501525879,5,8,252,8,male
47.589786529541016,-13.333383560180664,5,9,252,8,male
-7.732006072998047,-6.931619644165039,5,0,253,2,female
-7.910348892211914,-7.158411979675293,5,1,253,2,female
-8.360196113586426,-7.871224880218506,5,2,253,2,female
-7.825831413269043,-8.660503387451172,5,3,253,2,female
-7.071793079376221,-9.508336067199707,5,4,253,2,female
-4.520675182342529,-9.594728469848633,5,5,253,2,female
1.2573001384735107,-4.523364543914795,5,6,253,2,female
3.000279664993286,-1.7082064151763916,5,7,253,2,female
4.628211498260498,0.20751768350601196,5,8,253,2,female
47.45469665527344,-13.020170211791992,5,9,253,2,female
-9.358329772949219,-8.046360969543457,5,0,254,6,female
-9.380393981933594,-7.892874717712402,5,1,254,6,female
-8.774418830871582,-7.815409183502197,5,2,254,6,female
-8.042567253112793,-7.927415370941162,5,3,254,6,female
-7.075271129608154,-8.14123821258545,5,4,254,6,female
-4.56381368637085,-8.60828685760498,5,5,254,6,female
0.5051367282867432,-3.7837727069854736,5,6,254,6,female
2.3003287315368652,-0.8047012686729431,5,7,254,6,female
3.9672999382019043,0.8472207188606262,5,8,254,6,female
47.493778228759766,-13.410148620605469,5,9,254,6,female
-9.447443008422852,-8.011913299560547,5,0,255,6,female
-9.899556159973145,-7.919744968414307,5,1,255,6,female
-9.362555503845215,-7.764481544494629,5,2,255,6,female
-8.728693962097168,-7.744818210601807,5,3,255,6,female
-7.3317790031433105,-8.150806427001953,5,4,255,6,female
-5.6364617347717285,-8.711273193359375,5,5,255,6,female
-0.09869801253080368,-4.9251708984375,5,6,255,6,female
1.7322829961776733,-1.5915932655334473,5,7,255,6,female
3.6678991317749023,0.832380473613739,5,8,255,6,female
47.574066162109375,-13.091081619262695,5,9,255,6,female
-9.484228134155273,-12.825479507446289,5,0,256,9,male
-12.33709716796875,-13.105562210083008,5,1,256,9,male
-12.620537757873535,-13.488609313964844,5,2,256,9,male
-12.269120216369629,-13.535823822021484,5,3,256,9,male
-10.293464660644531,-13.36801815032959,5,4,256,9,male
-8.145064353942871,-12.58889389038086,5,5,256,9,male
-6.0709943771362305,-11.35676383972168,5,6,256,9,male
2.251565933227539,-4.670670032501221,5,7,256,9,male
3.663543939590454,-1.1884020566940308,5,8,256,9,male
48.50929641723633,-13.663339614868164,5,9,256,9,male
-8.617131233215332,-8.291476249694824,5,0,257,0,male
-10.055217742919922,-8.708281517028809,5,1,257,0,male
-10.053322792053223,-8.761479377746582,5,2,257,0,male
-9.152642250061035,-8.391096115112305,5,3,257,0,male
-7.66044807434082,-8.18927001953125,5,4,257,0,male
-5.997485160827637,-8.680915832519531,5,5,257,0,male
-2.7929348945617676,-7.9225335121154785,5,6,257,0,male
1.5489836931228638,-1.8223907947540283,5,7,257,0,male
3.5679948329925537,0.5621077418327332,5,8,257,0,male
47.629512786865234,-13.326024055480957,5,9,257,0,male
-9.907339096069336,-10.945879936218262,5,0,258,1,male
-10.303704261779785,-11.171066284179688,5,1,258,1,male
-9.969054222106934,-11.425239562988281,5,2,258,1,male
-8.936422348022461,-11.818649291992188,5,3,258,1,male
-7.71714973449707,-11.551057815551758,5,4,258,1,male
-2.4353036880493164,-10.2803373336792,5,5,258,1,male
1.9396917819976807,-4.276391983032227,5,6,258,1,male
3.3209595680236816,-1.5760271549224854,5,7,258,1,male
4.4026713371276855,0.23159904778003693,5,8,258,1,male
47.95510482788086,-12.990792274475098,5,9,258,1,male
-7.874805450439453,-11.695267677307129,5,0,259,1,male
-9.994391441345215,-11.0812406539917,5,1,259,1,male
-10.544644355773926,-11.288202285766602,5,2,259,1,male
-10.266579627990723,-11.333086013793945,5,3,259,1,male
-9.364995956420898,-11.685965538024902,5,4,259,1,male
-7.896555423736572,-11.681984901428223,5,5,259,1,male
-6.36005973815918,-11.120821952819824,5,6,259,1,male
1.8767261505126953,-4.936918258666992,5,7,259,1,male
3.3420610427856445,-1.777707576751709,5,8,259,1,male
4.436956405639648,0.29346442222595215,5,9,259,1,male
-8.97262954711914,-13.042309761047363,5,0,260,9,male
-12.158143043518066,-13.458189964294434,5,1,260,9,male
-12.624919891357422,-13.548882484436035,5,2,260,9,male
-12.545636177062988,-13.390839576721191,5,3,260,9,male
-11.31141471862793,-13.390297889709473,5,4,260,9,male
-9.450318336486816,-13.066078186035156,5,5,260,9,male
-7.445418834686279,-12.386378288269043,5,6,260,9,male
-1.7345279455184937,-10.712431907653809,5,7,260,9,male
2.6430790424346924,-3.9831690788269043,5,8,260,9,male
3.9913835525512695,-0.7245654463768005,5,9,260,9,male
-7.010730743408203,-12.380691528320312,5,0,261,8,male
-9.750452041625977,-13.88087272644043,5,1,261,8,male
-12.012605667114258,-15.023375511169434,5,2,261,8,male
-11.30270767211914,-14.386159896850586,5,3,261,8,male
-8.71739673614502,-13.031392097473145,5,4,261,8,male
-6.2431230545043945,-11.474875450134277,5,5,261,8,male
1.9821721315383911,-5.037210464477539,5,6,261,8,male
3.4528238773345947,-1.3716562986373901,5,7,261,8,male
48.00934600830078,-13.588680267333984,5,8,261,8,male
47.489776611328125,-12.97330093383789,5,9,261,8,male
-9.804384231567383,-8.460983276367188,5,0,262,3,female
-9.927391052246094,-8.364029884338379,5,1,262,3,female
-9.310412406921387,-7.941943645477295,5,2,262,3,female
-8.348549842834473,-8.008581161499023,5,3,262,3,female
-7.001317024230957,-8.209745407104492,5,4,262,3,female
-4.874272346496582,-8.756640434265137,5,5,262,3,female
0.38117465376853943,-4.182941436767578,5,6,262,3,female
2.1650197505950928,-1.0680055618286133,5,7,262,3,female
3.772843599319458,0.8493396639823914,5,8,262,3,female
47.5822639465332,-13.379631042480469,5,9,262,3,female
-7.831656455993652,-9.62865924835205,5,0,263,11,female
-10.561118125915527,-9.058717727661133,5,1,263,11,female
-12.170937538146973,-9.680367469787598,5,2,263,11,female
-12.089198112487793,-9.843660354614258,5,3,263,11,female
-11.472212791442871,-9.705389976501465,5,4,263,11,female
-10.215472221374512,-9.407057762145996,5,5,263,11,female
-8.170954704284668,-9.549339294433594,5,6,263,11,female
-6.0139288902282715,-10.076895713806152,5,7,263,11,female
0.8181686997413635,-4.570199966430664,5,8,263,11,female
2.8604087829589844,-1.0062662363052368,5,9,263,11,female
-6.425044059753418,-9.784418106079102,5,0,264,11,female
-9.680644035339355,-9.14461612701416,5,1,264,11,female
-12.250886917114258,-9.188350677490234,5,2,264,11,female
-12.46562671661377,-9.23075008392334,5,3,264,11,female
-12.451122283935547,-9.383235931396484,5,4,264,11,female
-12.104730606079102,-9.393622398376465,5,5,264,11,female
-10.599523544311523,-9.146875381469727,5,6,264,11,female
-8.252822875976562,-9.316757202148438,5,7,264,11,female
-5.704464435577393,-9.782946586608887,5,8,264,11,female
0.8336026668548584,-4.297297477722168,5,9,264,11,female
-9.071364402770996,-8.228970527648926,5,0,265,3,female
-9.518030166625977,-8.24761962890625,5,1,265,3,female
-8.826028823852539,-7.863220691680908,5,2,265,3,female
-7.643794059753418,-7.959502220153809,5,3,265,3,female
-5.985611438751221,-8.705960273742676,5,4,265,3,female
-2.895212411880493,-8.060286521911621,5,5,265,3,female
1.376672387123108,-1.935512900352478,5,6,265,3,female
3.3641045093536377,0.5524603724479675,5,7,265,3,female
47.925838470458984,-12.864042282104492,5,8,265,3,female
47.55210494995117,-13.137435913085938,5,9,265,3,female
-8.384750366210938,-8.715424537658691,5,0,266,0,male
-10.00934886932373,-10.257522583007812,5,1,266,0,male
-10.025132179260254,-10.571843147277832,5,2,266,0,male
-9.51385498046875,-10.221261024475098,5,3,266,0,male
-8.122801780700684,-8.534409523010254,5,4,266,0,male
-6.498053073883057,-8.913643836975098,5,5,266,0,male
-3.7283122539520264,-8.81009292602539,5,6,266,0,male
1.01741623878479,-3.07749342918396,5,7,266,0,male
2.8935060501098633,-0.22640520334243774,5,8,266,0,male
48.447479248046875,-14.55655574798584,5,9,266,0,male
-8.915308952331543,-13.289759635925293,5,0,267,7,male
-11.416216850280762,-14.973091125488281,5,1,267,7,male
-11.891963005065918,-15.242860794067383,5,2,267,7,male
-10.352076530456543,-14.347818374633789,5,3,267,7,male
-8.691637992858887,-13.145237922668457,5,4,267,7,male
-6.922383785247803,-12.248242378234863,5,5,267,7,male
-0.9120237231254578,-10.427780151367188,5,6,267,7,male
3.0161802768707275,-3.448288679122925,5,7,267,7,male
4.218474388122559,-0.33096981048583984,5,8,267,7,male
47.761474609375,-13.680137634277344,5,9,267,7,male
-10.065314292907715,-7.920098304748535,5,0,268,10,female
-10.87142276763916,-7.893998622894287,5,1,268,10,female
-10.890915870666504,-7.795454025268555,5,2,268,10,female
-9.429452896118164,-7.872386455535889,5,3,268,10,female
-7.414816379547119,-8.633498191833496,5,4,268,10,female
-4.360095977783203,-9.008655548095703,5,5,268,10,female
0.9420652985572815,-3.5144262313842773,5,6,268,10,female
2.8247525691986084,-0.19916895031929016,5,7,268,10,female
47.608760833740234,-13.3509521484375,5,8,268,10,female
47.56584930419922,-13.269708633422852,5,9,268,10,female
-8.440841674804688,-11.519378662109375,5,0,269,1,male
-10.240972518920898,-11.107963562011719,5,1,269,1,male
-10.450535774230957,-11.161605834960938,5,2,269,1,male
-9.851109504699707,-11.232620239257812,5,3,269,1,male
-8.233201026916504,-11.692575454711914,5,4,269,1,male
-6.718446254730225,-10.922780990600586,5,5,269,1,male
-0.9632664322853088,-9.754277229309082,5,6,269,1,male
2.7730069160461426,-2.847121477127075,5,7,269,1,male
4.0168280601501465,0.11815688014030457,5,8,269,1,male
47.79640579223633,-12.862690925598145,5,9,269,1,male
-7.446247100830078,-7.036265850067139,5,0,270,2,female
-7.616292476654053,-6.98557710647583,5,1,270,2,female
-7.721351146697998,-7.6688642501831055,5,2,270,2,female
-7.395915985107422,-9.024683952331543,5,3,270,2,female
-6.675208568572998,-9.744237899780273,5,4,270,2,female
-3.6466712951660156,-9.350871086120605,5,5,270,2,female
1.4099888801574707,-4.144434452056885,5,6,270,2,female
3.1585841178894043,-1.1186530590057373,5,7,270,2,female
4.5258049964904785,0.4624471068382263,5,8,270,2,female
47.52280044555664,-13.302309036254883,5,9,270,2,female
-7.366685390472412,-7.971100807189941,5,0,271,0,male
-9.408671379089355,-8.709240913391113,5,1,271,0,male
-9.712004661560059,-8.952886581420898,5,2,271,0,male
-9.401411056518555,-8.648543357849121,5,3,271,0,male
-8.487672805786133,-8.351094245910645,5,4,271,0,male
-7.0377960205078125,-8.662015914916992,5,5,271,0,male
-4.1263508796691895,-8.823589324951172,5,6,271,0,male
0.8521152138710022,-3.281201124191284,5,7,271,0,male
2.7314562797546387,-0.35224291682243347,5,8,271,0,male
48.24942398071289,-14.169848442077637,5,9,271,0,male
-7.419195652008057,-6.9506707191467285,5,0,272,2,female
-7.655663013458252,-6.940491676330566,5,1,272,2,female
-7.8330302238464355,-7.213040828704834,5,2,272,2,female
-8.056136131286621,-8.174663543701172,5,3,272,2,female
-7.735983371734619,-8.694610595703125,5,4,272,2,female
-6.668874740600586,-9.5033540725708,5,5,272,2,female
-3.3487212657928467,-9.153596878051758,5,6,272,2,female
2.0511064529418945,-2.5429437160491943,5,7,272,2,female
3.6298205852508545,-0.07877680659294128,5,8,272,2,female
48.27989196777344,-13.3870849609375,5,9,272,2,female
-8.008871078491211,-12.730340957641602,5,0,273,7,male
-10.304718971252441,-14.172740936279297,5,1,273,7,male
-11.771525382995605,-15.212836265563965,5,2,273,7,male
-11.90842342376709,-15.234272956848145,5,3,273,7,male
-11.431859970092773,-14.74120044708252,5,4,273,7,male
-10.633485794067383,-13.227947235107422,5,5,273,7,male
-9.183257102966309,-12.295748710632324,5,6,273,7,male
-7.448451042175293,-11.727782249450684,5,7,273,7,male
-1.6037639379501343,-10.153812408447266,5,8,273,7,male
2.566635847091675,-3.4398345947265625,5,9,273,7,male
-9.108162879943848,-13.052021980285645,5,0,274,9,male
-12.244574546813965,-13.45967960357666,5,1,274,9,male
-12.658219337463379,-13.732828140258789,5,2,274,9,male
-12.518707275390625,-13.834393501281738,5,3,274,9,male
-11.069561004638672,-13.740250587463379,5,4,274,9,male
-9.048343658447266,-13.077439308166504,5,5,274,9,male
-6.774334907531738,-11.999953269958496,5,6,274,9,male
-0.7530538439750671,-10.24138069152832,5,7,274,9,male
3.111790418624878,-2.948519229888916,5,8,274,9,male
4.3115620613098145,-0.032801441848278046,5,9,274,9,male
-9.225630760192871,-9.391728401184082,5,0,275,11,female
-11.993644714355469,-9.60305404663086,5,1,275,11,female
-12.388123512268066,-9.586323738098145,5,2,275,11,female
-12.251972198486328,-9.712178230285645,5,3,275,11,female
-11.587251663208008,-9.661639213562012,5,4,275,11,female
-9.998750686645508,-9.297739028930664,5,5,275,11,female
-7.758181095123291,-9.358481407165527,5,6,275,11,female
-4.822864532470703,-9.59415340423584,5,7,275,11,female
1.0269098281860352,-3.8037912845611572,5,8,275,11,female
2.967749834060669,-0.34507250785827637,5,9,275,11,female
-7.944742202758789,-8.01076602935791,5,0,276,0,male
-9.905564308166504,-9.882498741149902,5,1,276,0,male
-10.045405387878418,-10.116399765014648,5,2,276,0,male
-9.68429183959961,-9.556320190429688,5,3,276,0,male
-8.386815071105957,-8.582504272460938,5,4,276,0,male
-6.720704078674316,-8.480565071105957,5,5,276,0,male
-3.622931718826294,-8.685807228088379,5,6,276,0,male
1.0554903745651245,-2.8939874172210693,5,7,276,0,male
3.033172607421875,0.16508640348911285,5,8,276,0,male
47.77035140991211,-13.211559295654297,5,9,276,0,male
-9.850875854492188,-13.500519752502441,5,0,277,9,male
-12.57040023803711,-13.705231666564941,5,1,277,9,male
-12.616066932678223,-13.954375267028809,5,2,277,9,male
-12.372035026550293,-14.056849479675293,5,3,277,9,male
-10.50723934173584,-13.630834579467773,5,4,277,9,male
-8.25529670715332,-12.688985824584961,5,5,277,9,male
-6.230171203613281,-11.391587257385254,5,6,277,9,male
2.0398123264312744,-4.967029094696045,5,7,277,9,male
3.340371608734131,-1.4392956495285034,5,8,277,9,male
4.628381729125977,0.20375509560108185,5,9,277,9,male
-7.484914302825928,-7.136558532714844,5,0,278,2,female
-7.68740177154541,-7.121646404266357,5,1,278,2,female
-7.753884315490723,-7.379874229431152,5,2,278,2,female
-7.557181358337402,-8.33690071105957,5,3,278,2,female
-6.8928680419921875,-9.21518611907959,5,4,278,2,female
-3.934845447540283,-9.379911422729492,5,5,278,2,female
1.0953494310379028,-4.161444664001465,5,6,278,2,female
2.796443223953247,-0.942530632019043,5,7,278,2,female
4.065065860748291,0.795929491519928,5,8,278,2,female
47.43722915649414,-13.32780933380127,5,9,278,2,female
-7.16368293762207,-11.31137752532959,5,0,279,1,male
-9.822630882263184,-11.047205924987793,5,1,279,1,male
-10.868006706237793,-11.308697700500488,5,2,279,1,male
-10.867795944213867,-11.38752269744873,5,3,279,1,male
-10.17043399810791,-11.381608009338379,5,4,279,1,male
-8.687617301940918,-11.66036605834961,5,5,279,1,male
-7.011622428894043,-11.163375854492188,5,6,279,1,male
-1.420142412185669,-9.731185913085938,5,7,279,1,male
2.596160411834717,-3.1319022178649902,5,8,279,1,male
3.9042446613311768,-0.2585298418998718,5,9,279,1,male
-10.004658699035645,-8.937329292297363,5,0,280,3,female
-10.501243591308594,-8.66637134552002,5,1,280,3,female
-10.281886100769043,-8.5875825881958,5,2,280,3,female
-8.796010971069336,-8.837702751159668,5,3,280,3,female
-7.19070291519165,-9.163551330566406,5,4,280,3,female
-3.5666913986206055,-9.102861404418945,5,5,280,3,female
1.369331955909729,-3.0251576900482178,5,6,280,3,female
3.2438125610351562,0.001191142131574452,5,7,280,3,female
47.365169525146484,-13.125999450683594,5,8,280,3,female
47.93239974975586,-12.947155952453613,5,9,280,3,female
-9.603458404541016,-13.24792194366455,5,0,281,9,male
-12.583120346069336,-13.391881942749023,5,1,281,9,male
-12.67086410522461,-13.546407699584961,5,2,281,9,male
-12.08437442779541,-13.512554168701172,5,3,281,9,male
-9.697226524353027,-13.12115478515625,5,4,281,9,male
-7.4753546714782715,-12.229442596435547,5,5,281,9,male
-1.8756773471832275,-10.650891304016113,5,6,281,9,male
2.577658176422119,-4.1445136070251465,5,7,281,9,male
3.809276580810547,-0.7862892150878906,5,8,281,9,male
47.85211944580078,-14.062807083129883,5,9,281,9,male
-7.551466941833496,-7.006097793579102,5,0,282,2,female
-7.59653902053833,-7.005915641784668,5,1,282,2,female
-7.757903099060059,-7.480259895324707,5,2,282,2,female
-7.772675037384033,-8.314379692077637,5,3,282,2,female
-6.919133186340332,-9.146666526794434,5,4,282,2,female
-4.988816738128662,-9.609889030456543,5,5,282,2,female
0.9068887829780579,-4.666500091552734,5,6,282,2,female
2.512913227081299,-1.8962090015411377,5,7,282,2,female
4.104702949523926,0.32598668336868286,5,8,282,2,female
48.347633361816406,-13.493986129760742,5,9,282,2,female
-7.6918110847473145,-11.800134658813477,5,0,283,1,male
-10.029139518737793,-11.428465843200684,5,1,283,1,male
-11.333163261413574,-11.742987632751465,5,2,283,1,male
-11.181056022644043,-11.933436393737793,5,3,283,1,male
-9.815559387207031,-11.863924980163574,5,4,283,1,male
-7.846517086029053,-11.795151710510254,5,5,283,1,male
-2.784379720687866,-10.25090503692627,5,6,283,1,male
2.069196939468384,-4.145005702972412,5,7,283,1,male
3.495258331298828,-0.8224844336509705,5,8,283,1,male
47.823707580566406,-13.714409828186035,5,9,283,1,male
-11.950533866882324,-9.00295639038086,5,0,284,11,female
-12.423669815063477,-9.292169570922852,5,1,284,11,female
-12.426068305969238,-9.389249801635742,5,2,284,11,female
-11.917032241821289,-9.317337036132812,5,3,284,11,female
-10.511897087097168,-9.026993751525879,5,4,284,11,female
-8.023449897766113,-9.049617767333984,5,5,284,11,female
-5.460169315338135,-9.58871841430664,5,6,284,11,female
0.7651740908622742,-4.053742408752441,5,7,284,11,female
2.70044207572937,-0.5558291673660278,5,8,284,11,female
48.52043151855469,-14.200922966003418,5,9,284,11,female
-10.267295837402344,-7.898554801940918,5,0,285,10,female
-10.754432678222656,-7.760598659515381,5,1,285,10,female
-10.298116683959961,-7.622869968414307,5,2,285,10,female
-8.83047103881836,-8.082935333251953,5,3,285,10,female
-6.948484420776367,-8.636412620544434,5,4,285,10,female
-3.783520221710205,-8.820844650268555,5,5,285,10,female
1.0321886539459229,-3.0103538036346436,5,6,285,10,female
3.0347659587860107,0.11377094686031342,5,7,285,10,female
47.691402435302734,-13.765706062316895,5,8,285,10,female
47.876407623291016,-12.896292686462402,5,9,285,10,female
-11.202597618103027,-13.584625244140625,5,0,286,9,male
-12.59392261505127,-13.648365020751953,5,1,286,9,male
-11.862993240356445,-13.704751014709473,5,2,286,9,male
-9.974215507507324,-13.559198379516602,5,3,286,9,male
-7.931759834289551,-12.698934555053711,5,4,286,9,male
-6.075247287750244,-11.394415855407715,5,5,286,9,male
2.2728607654571533,-4.649355411529541,5,6,286,9,male
3.7876992225646973,-1.1662626266479492,5,7,286,9,male
48.073829650878906,-13.87930679321289,5,8,286,9,male
47.43712615966797,-13.450721740722656,5,9,286,9,male
-6.518093109130859,-7.954904079437256,5,0,287,2,female
-7.536242961883545,-6.974893569946289,5,1,287,2,female
-7.655804634094238,-7.027416229248047,5,2,287,2,female
-7.963468551635742,-7.741917610168457,5,3,287,2,female
-7.921954154968262,-8.507381439208984,5,4,287,2,female
-6.921818256378174,-9.199491500854492,5,5,287,2,female
-4.0037150382995605,-9.418745040893555,5,6,287,2,female
1.2256252765655518,-3.7197659015655518,5,7,287,2,female
3.0178627967834473,-0.7310882210731506,5,8,287,2,female
4.421453475952148,0.5335188508033752,5,9,287,2,female
-7.885956764221191,-7.250166893005371,5,0,288,3,female
-7.919007778167725,-7.248777389526367,5,1,288,3,female
-7.7064995765686035,-7.295609951019287,5,2,288,3,female
-7.079018592834473,-7.59689998626709,5,3,288,3,female
-6.155867576599121,-8.172524452209473,5,4,288,3,female
-3.438415288925171,-8.133580207824707,5,5,288,3,female
1.0899499654769897,-2.334197521209717,5,6,288,3,female
3.1115050315856934,0.4926825165748596,5,7,288,3,female
47.902156829833984,-14.019081115722656,5,8,288,3,female
47.32541275024414,-13.276538848876953,5,9,288,3,female
-9.824379920959473,-8.87867546081543,5,0,289,3,female
-10.275190353393555,-8.687663078308105,5,1,289,3,female
-10.180397987365723,-8.428497314453125,5,2,289,3,female
-8.702544212341309,-8.50798511505127,5,3,289,3,female
-7.230864524841309,-8.786958694458008,5,4,289,3,female
-3.9171254634857178,-9.049478530883789,5,5,289,3,female
0.9751943945884705,-3.1815741062164307,5,6,289,3,female
3.0688884258270264,0.1454266756772995,5,7,289,3,female
47.79591751098633,-12.735664367675781,5,8,289,3,female
47.64468002319336,-13.030856132507324,5,9,289,3,female
-8.838953971862793,-8.059000015258789,5,0,290,10,female
-10.440842628479004,-7.9460954666137695,5,1,290,10,female
-10.808272361755371,-7.876705169677734,5,2,290,10,female
-9.614148139953613,-7.6886677742004395,5,3,290,10,female
-7.653466701507568,-8.445074081420898,5,4,290,10,female
-5.6584320068359375,-9.090166091918945,5,5,290,10,female
0.21747246384620667,-4.6596903800964355,5,6,290,10,female
2.1044042110443115,-1.4266525506973267,5,7,290,10,female
4.175328731536865,0.5300979614257812,5,8,290,10,female
48.329036712646484,-13.588083267211914,5,9,290,10,female
2.5568645000457764,-1.4279712438583374,5,0,291,11,female
0.6592572331428528,-4.812277317047119,5,1,291,11,female
-6.467385768890381,-9.733514785766602,5,2,291,11,female
-10.008768081665039,-8.940336227416992,5,3,291,11,female
-12.294063568115234,-9.368041038513184,5,4,291,11,female
-12.470613479614258,-9.41759204864502,5,5,291,11,female
-12.288053512573242,-9.484444618225098,5,6,291,11,female
-11.058858871459961,-9.566120147705078,5,7,291,11,female
-9.724305152893066,-9.402904510498047,5,8,291,11,female
-7.646302700042725,-9.707686424255371,5,9,291,11,female
-7.680443286895752,-12.6988525390625,5,0,292,8,male
-10.240060806274414,-14.099451065063477,5,1,292,8,male
-12.27929401397705,-14.562750816345215,5,2,292,8,male
-11.361369132995605,-14.118426322937012,5,3,292,8,male
-8.769794464111328,-12.93608570098877,5,4,292,8,male
-6.241126537322998,-11.472593307495117,5,5,292,8,male
1.9593346118927002,-5.041438102722168,5,6,292,8,male
3.435803174972534,-1.4779664278030396,5,7,292,8,male
47.95086669921875,-13.87059211730957,5,8,292,8,male
47.88136291503906,-12.968167304992676,5,9,292,8,male
-7.4629435539245605,-6.975684642791748,5,0,293,2,female
-7.616518974304199,-7.126226425170898,5,1,293,2,female
-7.724089622497559,-7.510452747344971,5,2,293,2,female
-7.808587074279785,-8.14783763885498,5,3,293,2,female
-7.183226108551025,-9.130627632141113,5,4,293,2,female
-5.513235569000244,-9.761674880981445,5,5,293,2,female
0.9727544784545898,-4.659083366394043,5,6,293,2,female
2.7235515117645264,-1.7464231252670288,5,7,293,2,female
4.127715587615967,0.30093836784362793,5,8,293,2,female
47.63706970214844,-13.43456745147705,5,9,293,2,female
-6.531430244445801,-9.106943130493164,5,0,294,0,male
-8.872583389282227,-8.348398208618164,5,1,294,0,male
-9.761067390441895,-8.801033973693848,5,2,294,0,male
-9.617828369140625,-8.618168830871582,5,3,294,0,male
-8.686034202575684,-8.200063705444336,5,4,294,0,male
-7.604885578155518,-8.162949562072754,5,5,294,0,male
-6.083168983459473,-8.886332511901855,5,6,294,0,male
-2.875201940536499,-8.125988006591797,5,7,294,0,male
1.5290780067443848,-1.8954044580459595,5,8,294,0,male
3.432076930999756,0.6375298500061035,5,9,294,0,male
-7.43177604675293,-7.0602946281433105,5,0,295,2,female
-7.574378967285156,-7.0761237144470215,5,1,295,2,female
-7.587499141693115,-7.46077299118042,5,2,295,2,female
-7.522676467895508,-8.120494842529297,5,3,295,2,female
-6.1317620277404785,-9.119991302490234,5,4,295,2,female
-2.942131757736206,-8.461420059204102,5,5,295,2,female
1.4869946241378784,-2.6631667613983154,5,6,295,2,female
3.136859178543091,-0.06810154765844345,5,7,295,2,female
47.86033248901367,-14.186639785766602,5,8,295,2,female
47.84180450439453,-13.05569076538086,5,9,295,2,female
-8.56533432006836,-12.985688209533691,5,0,296,7,male
-11.047886848449707,-14.587686538696289,5,1,296,7,male
-12.072090148925781,-15.342280387878418,5,2,296,7,male
-11.789233207702637,-15.197077751159668,5,3,296,7,male
-10.853973388671875,-14.51246452331543,5,4,296,7,male
-9.71291446685791,-13.692281723022461,5,5,296,7,male
-7.946826934814453,-12.657291412353516,5,6,296,7,male
-6.006885528564453,-11.664471626281738,5,7,296,7,male
2.2817366123199463,-4.784010887145996,5,8,296,7,male
3.5797295570373535,-1.516738772392273,5,9,296,7,male
-10.021618843078613,-10.89426040649414,5,0,297,1,male
-10.155800819396973,-11.078572273254395,5,1,297,1,male
-9.66347885131836,-11.208331108093262,5,2,297,1,male
-8.118278503417969,-11.68407154083252,5,3,297,1,male
-6.772188186645508,-11.08961009979248,5,4,297,1,male
-1.1107845306396484,-9.815386772155762,5,5,297,1,male
2.6781256198883057,-3.018113613128662,5,6,297,1,male
4.025186538696289,-0.39564085006713867,5,7,297,1,male
48.25110626220703,-13.572254180908203,5,8,297,1,male
47.49191665649414,-13.012185096740723,5,9,297,1,male
-11.175339698791504,-13.487883567810059,5,0,298,9,male
-12.602060317993164,-13.568608283996582,5,1,298,9,male
-12.544447898864746,-13.83727741241455,5,2,298,9,male
-11.502166748046875,-13.784942626953125,5,3,298,9,male
-9.84548568725586,-13.396928787231445,5,4,298,9,male
-7.813685417175293,-12.481843948364258,5,5,298,9,male
-5.845951557159424,-11.425586700439453,5,6,298,9,male
2.3470940589904785,-4.543826103210449,5,7,298,9,male
3.8432788848876953,-0.9419669508934021,5,8,298,9,male
48.11491012573242,-13.713621139526367,5,9,298,9,male
-8.233234405517578,-12.791494369506836,5,0,299,7,male
-10.57227897644043,-14.179356575012207,5,1,299,7,male
-12.152949333190918,-15.347371101379395,5,2,299,7,male
-12.03100872039795,-15.336385726928711,5,3,299,7,male
-11.123248100280762,-14.61569595336914,5,4,299,7,male
-9.955358505249023,-13.557214736938477,5,5,299,7,male
-8.115205764770508,-12.489949226379395,5,6,299,7,male
-6.195268630981445,-11.481759071350098,5,7,299,7,male
2.070528507232666,-4.858572959899902,5,8,299,7,male
3.4455578327178955,-1.4278318881988525,5,9,299,7,male
-9.905494689941406,-11.469447135925293,6,0,300,1,male
-10.963943481445312,-11.516704559326172,6,1,300,1,male
-9.628211975097656,-11.094647407531738,6,2,300,1,male
-6.5787787437438965,-10.633949279785156,6,3,300,1,male
0.6592612266540527,-5.117048263549805,6,4,300,1,male
2.81128191947937,-1.7875163555145264,6,5,300,1,male
4.295342445373535,0.33917364478111267,6,6,300,1,male
47.6551628112793,-13.205168724060059,6,7,300,1,male
47.35731506347656,-13.404947280883789,6,8,300,1,male
47.40819549560547,-13.295862197875977,6,9,300,1,male
-4.477820873260498,-9.937578201293945,6,0,301,11,female
-6.951112270355225,-9.522916793823242,6,1,301,11,female
-9.61557674407959,-8.924715995788574,6,2,301,11,female
-11.220809936523438,-8.458580017089844,6,3,301,11,female
-9.705677032470703,-8.459895133972168,6,4,301,11,female
-6.857839107513428,-9.296952247619629,6,5,301,11,female
-4.345860481262207,-9.865155220031738,6,6,301,11,female
-4.461940765380859,-9.97690486907959,6,7,301,11,female
-4.360299110412598,-9.986954689025879,6,8,301,11,female
-4.068818092346191,-10.152164459228516,6,9,301,11,female
-8.553850173950195,-13.049283027648926,6,0,302,7,male
-10.880926132202148,-14.283514976501465,6,1,302,7,male
-11.151707649230957,-14.162681579589844,6,2,302,7,male
-8.909238815307617,-13.035693168640137,6,3,302,7,male
-6.359438419342041,-11.133344650268555,6,4,302,7,male
-4.283042907714844,-10.063069343566895,6,5,302,7,male
-4.403950214385986,-9.989928245544434,6,6,302,7,male
-4.2609663009643555,-10.08275032043457,6,7,302,7,male
-4.102433681488037,-10.170886993408203,6,8,302,7,male
48.05218505859375,-14.241230964660645,6,9,302,7,male
-5.796565055847168,-10.045252799987793,6,0,303,0,male
-8.385597229003906,-9.108283996582031,6,1,303,0,male
-10.726381301879883,-8.622920036315918,6,2,303,0,male
-10.860908508300781,-8.133530616760254,6,3,303,0,male
-8.705601692199707,-7.855861186981201,6,4,303,0,male
-5.995609283447266,-9.037641525268555,6,5,303,0,male
0.4279499351978302,-4.383724212646484,6,6,303,0,male
2.5010557174682617,-0.709786057472229,6,7,303,0,male
47.699745178222656,-12.806678771972656,6,8,303,0,male
47.75300216674805,-13.179244041442871,6,9,303,0,male
-7.376681804656982,-8.630939483642578,6,0,304,10,female
-10.073036193847656,-7.737020015716553,6,1,304,10,female
-10.87230396270752,-7.798598766326904,6,2,304,10,female
-10.210467338562012,-7.605294704437256,6,3,304,10,female
-7.3581929206848145,-8.088016510009766,6,4,304,10,female
-4.330447673797607,-8.882012367248535,6,5,304,10,female
0.8829162120819092,-3.141195297241211,6,6,304,10,female
3.022995948791504,0.2119693011045456,6,7,304,10,female
47.65487289428711,-13.248597145080566,6,8,304,10,female
47.8658332824707,-12.750391006469727,6,9,304,10,female
-6.682469367980957,-11.871240615844727,6,0,305,9,male
-9.483087539672852,-13.211250305175781,6,1,305,9,male
-12.449983596801758,-13.374471664428711,6,2,305,9,male
-11.653563499450684,-13.553611755371094,6,3,305,9,male
-8.810721397399902,-12.917374610900879,6,4,305,9,male
-6.437394142150879,-11.272361755371094,6,5,305,9,male
1.8076672554016113,-4.955709457397461,6,6,305,9,male
3.6312777996063232,-1.4119725227355957,6,7,305,9,male
48.483848571777344,-14.694947242736816,6,8,305,9,male
48.10576248168945,-13.074992179870605,6,9,305,9,male
3.1299290657043457,-1.2993130683898926,6,0,306,1,male
0.9819484949111938,-4.759305477142334,6,1,306,1,male
-6.486399173736572,-10.81177043914795,6,2,306,1,male
-9.710952758789062,-11.279438972473145,6,3,306,1,male
-11.124711036682129,-11.590331077575684,6,4,306,1,male
-10.416735649108887,-11.598681449890137,6,5,306,1,male
-7.9354448318481445,-11.75485610961914,6,6,306,1,male
-3.0909011363983154,-10.005772590637207,6,7,306,1,male
1.853468894958496,-4.109053134918213,6,8,306,1,male
3.6458258628845215,-0.6759301424026489,6,9,306,1,male
-7.940616130828857,-12.563567161560059,6,0,307,7,male
-9.753437042236328,-13.281082153320312,6,1,307,7,male
-10.396368026733398,-12.698918342590332,6,2,307,7,male
-8.686959266662598,-12.281079292297363,6,3,307,7,male
-6.013662815093994,-10.550477027893066,6,4,307,7,male
-4.1027326583862305,-10.086141586303711,6,5,307,7,male
-4.196084976196289,-10.095101356506348,6,6,307,7,male
-4.069494724273682,-10.112602233886719,6,7,307,7,male
-3.9585697650909424,-10.20286750793457,6,8,307,7,male
48.43730163574219,-13.408976554870605,6,9,307,7,male
-6.976799488067627,-9.25520133972168,6,0,308,0,male
-9.609376907348633,-8.013021469116211,6,1,308,0,male
-10.81412410736084,-7.779520511627197,6,2,308,0,male
-9.305439949035645,-7.452396869659424,6,3,308,0,male
-6.357452392578125,-8.781171798706055,6,4,308,0,male
0.32644936442375183,-4.567098617553711,6,5,308,0,male
2.6039490699768066,-0.7874288558959961,6,6,308,0,male
48.043025970458984,-14.274340629577637,6,7,308,0,male
47.72905731201172,-13.264761924743652,6,8,308,0,male
47.48749542236328,-13.12940502166748,6,9,308,0,male
-7.109414577484131,-9.309663772583008,6,0,309,0,male
-9.489618301391602,-8.087701797485352,6,1,309,0,male
-10.459092140197754,-7.711501121520996,6,2,309,0,male
-8.679207801818848,-7.48631477355957,6,3,309,0,male
-6.115063667297363,-8.773602485656738,6,4,309,0,male
0.4456535577774048,-4.368663311004639,6,5,309,0,male
2.7633814811706543,-0.5006534457206726,6,6,309,0,male
47.96064376831055,-13.177062034606934,6,7,309,0,male
47.78431701660156,-12.940557479858398,6,8,309,0,male
47.354732513427734,-13.295865058898926,6,9,309,0,male
-8.783952713012695,-11.976959228515625,6,0,310,1,male
-10.75137710571289,-11.830345153808594,6,1,310,1,male
-10.381086349487305,-11.777566909790039,6,2,310,1,male
-8.141753196716309,-11.995471954345703,6,3,310,1,male
-6.072126865386963,-10.810110092163086,6,4,310,1,male
1.7110280990600586,-4.342937469482422,6,5,310,1,male
3.2436585426330566,-0.7767834067344666,6,6,310,1,male
47.77138137817383,-12.964180946350098,6,7,310,1,male
47.70762634277344,-12.857453346252441,6,8,310,1,male
47.65198516845703,-13.252656936645508,6,9,310,1,male
-7.268895149230957,-6.941469192504883,6,0,311,2,female
-7.7367095947265625,-6.38627290725708,6,1,311,2,female
-7.482626914978027,-6.620486259460449,6,2,311,2,female
-6.17730188369751,-8.372234344482422,6,3,311,2,female
-3.5661213397979736,-8.275107383728027,6,4,311,2,female
1.4855810403823853,-2.0331554412841797,6,5,311,2,female
3.2119460105895996,0.6009132266044617,6,6,311,2,female
47.641910552978516,-12.94016170501709,6,7,311,2,female
47.876441955566406,-13.040108680725098,6,8,311,2,female
47.726356506347656,-13.017121315002441,6,9,311,2,female
-8.263100624084473,-7.740894794464111,6,0,312,6,female
-9.748589515686035,-6.999987602233887,6,1,312,6,female
-8.581917762756348,-7.390436172485352,6,2,312,6,female
-6.55842399597168,-8.109049797058105,6,3,312,6,female
-3.193331241607666,-8.137543678283691,6,4,312,6,female
1.4033613204956055,-1.9958440065383911,6,5,312,6,female
3.3842873573303223,0.48849013447761536,6,6,312,6,female
48.34624481201172,-13.97650146484375,6,7,312,6,female
47.828636169433594,-13.205061912536621,6,8,312,6,female
47.65785598754883,-12.798514366149902,6,9,312,6,female
-7.552763938903809,-7.198668479919434,6,0,313,2,female
-8.8621187210083,-6.129388809204102,6,1,313,2,female
-8.698042869567871,-6.038292407989502,6,2,313,2,female
-7.3968963623046875,-6.97341775894165,6,3,313,2,female
-5.79267692565918,-8.389333724975586,6,4,313,2,female
0.6663413643836975,-3.4230592250823975,6,5,313,2,female
2.767508029937744,0.13782449066638947,6,6,313,2,female
47.81379318237305,-13.96747875213623,6,7,313,2,female
47.77900314331055,-12.752984046936035,6,8,313,2,female
47.770652770996094,-12.793567657470703,6,9,313,2,female
-5.028513431549072,-9.946974754333496,6,0,314,11,female
-8.79503059387207,-8.997967720031738,6,1,314,11,female
-11.22994613647461,-8.472713470458984,6,2,314,11,female
-11.027923583984375,-8.43907356262207,6,3,314,11,female
-8.445021629333496,-8.746339797973633,6,4,314,11,female
-5.019580841064453,-9.968762397766113,6,5,314,11,female
-4.297921657562256,-9.98786449432373,6,6,314,11,female
-4.302441120147705,-10.05959701538086,6,7,314,11,female
-4.234640121459961,-10.145625114440918,6,8,314,11,female
-4.050086498260498,-10.264826774597168,6,9,314,11,female
-8.224682807922363,-8.167252540588379,6,0,315,10,female
-10.390707969665527,-7.610320568084717,6,1,315,10,female
-10.580726623535156,-7.585216999053955,6,2,315,10,female
-8.87330436706543,-7.791380882263184,6,3,315,10,female
-6.513660907745361,-8.555193901062012,6,4,315,10,female
-3.082134485244751,-8.34556770324707,6,5,315,10,female
1.4874838590621948,-1.9579654932022095,6,6,315,10,female
3.416476249694824,0.5522115230560303,6,7,315,10,female
47.524227142333984,-13.203376770019531,6,8,315,10,female
47.78815460205078,-12.984733581542969,6,9,315,10,female
-8.775310516357422,-8.581110000610352,6,0,316,3,female
-10.987504959106445,-8.154707908630371,6,1,316,3,female
-10.710407257080078,-7.911799907684326,6,2,316,3,female
-8.32064437866211,-8.182424545288086,6,3,316,3,female
-5.0215582847595215,-9.778048515319824,6,4,316,3,female
-4.44943380355835,-10.028807640075684,6,5,316,3,female
-4.219599723815918,-10.104838371276855,6,6,316,3,female
-4.314957141876221,-10.039002418518066,6,7,316,3,female
-4.048949718475342,-10.08388614654541,6,8,316,3,female
48.18745422363281,-14.333499908447266,6,9,316,3,female
-8.313392639160156,-8.247048377990723,6,0,317,10,female
-10.57022762298584,-7.776341915130615,6,1,317,10,female
-10.844952583312988,-7.7776288986206055,6,2,317,10,female
-9.449616432189941,-7.843606472015381,6,3,317,10,female
-7.0485100746154785,-8.44346809387207,6,4,317,10,female
-3.9447824954986572,-8.837899208068848,6,5,317,10,female
0.9341355562210083,-2.965759038925171,6,6,317,10,female
3.084289312362671,0.4049725830554962,6,7,317,10,female
47.2418327331543,-13.434207916259766,6,8,317,10,female
47.924617767333984,-13.07306957244873,6,9,317,10,female
-7.921513080596924,-12.659908294677734,6,0,318,8,male
-9.7085542678833,-13.574372291564941,6,1,318,8,male
-9.969208717346191,-13.735589981079102,6,2,318,8,male
-8.470858573913574,-12.807470321655273,6,3,318,8,male
-6.162373065948486,-10.804854393005371,6,4,318,8,male
0.8369265794754028,-4.565488338470459,6,5,318,8,male
2.773819923400879,-0.7984707951545715,6,6,318,8,male
48.52818298339844,-15.30079460144043,6,7,318,8,male
47.324729919433594,-13.411741256713867,6,8,318,8,male
47.88843536376953,-13.111583709716797,6,9,318,8,male
-7.785183906555176,-8.24709701538086,6,0,319,10,female
-10.256267547607422,-7.679259300231934,6,1,319,10,female
-10.778568267822266,-7.671478748321533,6,2,319,10,female
-10.076727867126465,-7.515084743499756,6,3,319,10,female
-7.5388054847717285,-8.145696640014648,6,4,319,10,female
-4.386667728424072,-8.874589920043945,6,5,319,10,female
0.8641185760498047,-3.1899003982543945,6,6,319,10,female
2.9323182106018066,0.07150609791278839,6,7,319,10,female
47.67103576660156,-13.1400146484375,6,8,319,10,female
47.35757827758789,-12.92720890045166,6,9,319,10,female
-6.338563919067383,-11.230958938598633,6,0,320,9,male
-9.02382755279541,-12.843803405761719,6,1,320,9,male
-11.824288368225098,-13.160295486450195,6,2,320,9,male
-12.111573219299316,-13.199953079223633,6,3,320,9,male
-9.243331909179688,-13.036750793457031,6,4,320,9,male
-6.787543296813965,-11.699333190917969,6,5,320,9,male
-0.5324016809463501,-10.060004234313965,6,6,320,9,male
3.165320873260498,-2.7362000942230225,6,7,320,9,male
4.217670917510986,0.06084950640797615,6,8,320,9,male
48.252723693847656,-13.68496036529541,6,9,320,9,male
-6.921867847442627,-11.936793327331543,6,0,321,9,male
-9.68333625793457,-12.894954681396484,6,1,321,9,male
-12.336488723754883,-13.057384490966797,6,2,321,9,male
-11.281177520751953,-13.219813346862793,6,3,321,9,male
-8.541982650756836,-12.674280166625977,6,4,321,9,male
-6.190120697021484,-11.012155532836914,6,5,321,9,male
2.1035685539245605,-4.686696529388428,6,6,321,9,male
3.366986036300659,-1.1007004976272583,6,7,321,9,male
47.73250961303711,-13.819305419921875,6,8,321,9,male
47.5101203918457,-13.320101737976074,6,9,321,9,male
-8.561694145202637,-8.040342330932617,6,0,322,6,female
-10.36497688293457,-7.437202453613281,6,1,322,6,female
-9.756518363952637,-6.922046184539795,6,2,322,6,female
-7.451537609100342,-7.832251071929932,6,3,322,6,female
-4.6673407554626465,-9.823305130004883,6,4,322,6,female
-4.464906215667725,-9.969453811645508,6,5,322,6,female
-4.3051886558532715,-10.002995491027832,6,6,322,6,female
-4.116837978363037,-10.180703163146973,6,7,322,6,female
-4.085865020751953,-10.320701599121094,6,8,322,6,female
48.3103141784668,-14.132558822631836,6,9,322,6,female
-5.34358024597168,-10.033610343933105,6,0,323,11,female
-9.105947494506836,-8.944869995117188,6,1,323,11,female
-11.418242454528809,-8.731889724731445,6,2,323,11,female
-11.027094841003418,-8.725449562072754,6,3,323,11,female
-8.459345817565918,-8.7791748046875,6,4,323,11,female
-5.626693248748779,-9.979459762573242,6,5,323,11,female
-4.328070640563965,-9.941832542419434,6,6,323,11,female
-4.183365821838379,-10.003412246704102,6,7,323,11,female
-4.183526515960693,-10.13939380645752,6,8,323,11,female
-3.940945863723755,-10.371551513671875,6,9,323,11,female
-8.326531410217285,-8.046195030212402,6,0,324,10,female
-10.582401275634766,-7.562132835388184,6,1,324,10,female
-10.592211723327637,-7.621370792388916,6,2,324,10,female
-8.60446548461914,-8.009893417358398,6,3,324,10,female
-6.0814008712768555,-8.954304695129395,6,4,324,10,female
0.3347935974597931,-4.696554183959961,6,5,324,10,female
2.352243661880493,-1.0679209232330322,6,6,324,10,female
3.98720121383667,0.7761921286582947,6,7,324,10,female
47.97011947631836,-13.51103687286377,6,8,324,10,female
47.59876251220703,-13.408120155334473,6,9,324,10,female
-8.170132637023926,-8.21752643585205,6,0,325,10,female
-10.503500938415527,-7.821440696716309,6,1,325,10,female
-10.80810832977295,-7.723241329193115,6,2,325,10,female
-9.258298873901367,-7.823889255523682,6,3,325,10,female
-6.954221248626709,-8.432868957519531,6,4,325,10,female
-3.4055113792419434,-8.485868453979492,6,5,325,10,female
1.30058753490448,-2.205995559692383,6,6,325,10,female
3.291532039642334,0.5703590512275696,6,7,325,10,female
48.08119583129883,-13.808513641357422,6,8,325,10,female
47.2038459777832,-13.138750076293945,6,9,325,10,female
-4.708282470703125,-9.879634857177734,6,0,326,11,female
-7.811110973358154,-9.483612060546875,6,1,326,11,female
-10.283634185791016,-9.107745170593262,6,2,326,11,female
-11.148344039916992,-9.143343925476074,6,3,326,11,female
-9.206255912780762,-9.268206596374512,6,4,326,11,female
-6.053088665008545,-9.913552284240723,6,5,326,11,female
-4.485243797302246,-10.015237808227539,6,6,326,11,female
-4.423069477081299,-10.051517486572266,6,7,326,11,female
-4.204690456390381,-10.150832176208496,6,8,326,11,female
-4.288928508758545,-10.108014106750488,6,9,326,11,female
-7.435022354125977,-8.068865776062012,6,0,327,6,female
-9.580402374267578,-7.07200288772583,6,1,327,6,female
-9.813791275024414,-6.923719882965088,6,2,327,6,female
-8.220154762268066,-7.546043395996094,6,3,327,6,female
-6.010732650756836,-8.658235549926758,6,4,327,6,female
0.23871532082557678,-4.48754358291626,6,5,327,6,female
2.1297881603240967,-1.1518646478652954,6,6,327,6,female
48.72875213623047,-15.848760604858398,6,7,327,6,female
47.55135726928711,-13.322450637817383,6,8,327,6,female
47.50348663330078,-12.76887321472168,6,9,327,6,female
-4.768874168395996,-10.01655387878418,6,0,328,11,female
-6.1727166175842285,-10.029194831848145,6,1,328,11,female
-9.382720947265625,-9.2216157913208,6,2,328,11,female
-11.424346923828125,-8.934149742126465,6,3,328,11,female
-10.354283332824707,-8.970560073852539,6,4,328,11,female
-7.443981170654297,-9.293034553527832,6,5,328,11,female
-4.535020351409912,-10.028034210205078,6,6,328,11,female
-4.623161792755127,-10.034468650817871,6,7,328,11,female
-4.4354681968688965,-10.041544914245605,6,8,328,11,female
-4.2392964363098145,-10.162412643432617,6,9,328,11,female
-8.037887573242188,-8.052870750427246,6,0,329,10,female
-10.307788848876953,-7.55672025680542,6,1,329,10,female
-10.347440719604492,-7.481752872467041,6,2,329,10,female
-8.758235931396484,-7.845826625823975,6,3,329,10,female
-6.3689494132995605,-8.548669815063477,6,4,329,10,female
-3.192587375640869,-8.59994888305664,6,5,329,10,female
1.8435726165771484,-1.5783358812332153,6,6,329,10,female
4.25730562210083,0.6196303367614746,6,7,329,10,female
48.2401123046875,-14.15041446685791,6,8,329,10,female
47.69381332397461,-12.955645561218262,6,9,329,10,female
-6.2370147705078125,-8.233436584472656,6,0,330,2,female
-7.567839622497559,-6.637002944946289,6,1,330,2,female
-7.963951110839844,-6.287639141082764,6,2,330,2,female
-7.357493877410889,-6.7431488037109375,6,3,330,2,female
-4.970031261444092,-8.560175895690918,6,4,330,2,female
-4.330827236175537,-10.045090675354004,6,5,330,2,female
-4.150689601898193,-10.16462230682373,6,6,330,2,female
-4.065450668334961,-10.344891548156738,6,7,330,2,female
47.40241241455078,-13.235992431640625,6,8,330,2,female
47.36903381347656,-13.204695701599121,6,9,330,2,female
-7.219263076782227,-7.018457412719727,6,0,331,2,female
-7.613884449005127,-6.435847282409668,6,1,331,2,female
-7.4608917236328125,-6.587821960449219,6,2,331,2,female
-6.193767070770264,-8.388026237487793,6,3,331,2,female
-4.395503997802734,-9.606121063232422,6,4,331,2,female
-4.1775383949279785,-10.110322952270508,6,5,331,2,female
-4.130483150482178,-10.238970756530762,6,6,331,2,female
48.80405044555664,-14.473162651062012,6,7,331,2,female
48.02983856201172,-13.209163665771484,6,8,331,2,female
47.67182159423828,-13.470375061035156,6,9,331,2,female
-6.218140125274658,-9.060519218444824,6,0,332,0,male
-9.08716869354248,-7.853713035583496,6,1,332,0,male
-10.67405891418457,-7.742474555969238,6,2,332,0,male
-9.414137840270996,-7.552490234375,6,3,332,0,male
-6.710888862609863,-8.273348808288574,6,4,332,0,male
-3.2525646686553955,-8.385673522949219,6,5,332,0,male
1.4146201610565186,-1.969012975692749,6,6,332,0,male
3.5764846801757812,0.7778801918029785,6,7,332,0,male
47.880489349365234,-13.113304138183594,6,8,332,0,male
47.42439270019531,-13.034750938415527,6,9,332,0,male
-8.121086120605469,-7.960094928741455,6,0,333,6,female
-10.031726837158203,-7.175700664520264,6,1,333,6,female
-9.625819206237793,-6.768546104431152,6,2,333,6,female
-7.801821708679199,-7.6233415603637695,6,3,333,6,female
-5.495871067047119,-8.673290252685547,6,4,333,6,female
0.5616887211799622,-3.6613738536834717,6,5,333,6,female
2.6388132572174072,-0.3776836693286896,6,6,333,6,female
47.89544677734375,-13.671640396118164,6,7,333,6,female
47.246009826660156,-13.210246086120605,6,8,333,6,female
47.312557220458984,-13.010153770446777,6,9,333,6,female
-10.706433296203613,-8.245633125305176,6,0,334,3,female
-10.243500709533691,-7.76891565322876,6,1,334,3,female
-7.8041791915893555,-7.934937953948975,6,2,334,3,female
-4.879335403442383,-8.905373573303223,6,3,334,3,female
0.678993821144104,-3.4253175258636475,6,4,334,3,female
2.7489120960235596,-0.13310523331165314,6,5,334,3,female
48.04399108886719,-13.847599983215332,6,6,334,3,female
47.26232147216797,-13.0979585647583,6,7,334,3,female
47.402626037597656,-13.3209228515625,6,8,334,3,female
47.36906051635742,-13.104430198669434,6,9,334,3,female
-6.890225410461426,-12.25348949432373,6,0,335,7,male
-9.522843360900879,-13.66189956665039,6,1,335,7,male
-10.856849670410156,-14.236844062805176,6,2,335,7,male
-9.245701789855957,-13.311875343322754,6,3,335,7,male
-6.614252090454102,-11.471378326416016,6,4,335,7,male
-4.343760967254639,-10.060449600219727,6,5,335,7,male
-4.397502422332764,-10.018865585327148,6,6,335,7,male
-4.227566242218018,-10.1198091506958,6,7,335,7,male
-3.9451119899749756,-10.093520164489746,6,8,335,7,male
-3.9131383895874023,-10.249873161315918,6,9,335,7,male
-6.713451385498047,-11.736812591552734,6,0,336,9,male
-9.490677833557129,-12.754745483398438,6,1,336,9,male
-11.767230033874512,-12.872851371765137,6,2,336,9,male
-10.797073364257812,-13.085305213928223,6,3,336,9,male
-8.127691268920898,-12.396241188049316,6,4,336,9,male
-6.009335517883301,-11.257139205932617,6,5,336,9,male
2.2083280086517334,-4.546144962310791,6,6,336,9,male
3.667198896408081,-0.9147483110427856,6,7,336,9,male
47.99995422363281,-13.853078842163086,6,8,336,9,male
47.29486846923828,-13.218576431274414,6,9,336,9,male
-7.627965450286865,-6.582214832305908,6,0,337,2,female
-8.41569995880127,-6.0056538581848145,6,1,337,2,female
-7.619383811950684,-6.528255462646484,6,2,337,2,female
-6.110452175140381,-8.447206497192383,6,3,337,2,female
0.252709299325943,-4.616299152374268,6,4,337,2,female
2.166996717453003,-1.1579886674880981,6,5,337,2,female
3.592637538909912,0.9602951407432556,6,6,337,2,female
47.30221939086914,-13.49621868133545,6,7,337,2,female
47.64349365234375,-12.76526927947998,6,8,337,2,female
47.87213897705078,-12.755125045776367,6,9,337,2,female
-7.745405197143555,-12.57081413269043,6,0,338,9,male
-10.29346752166748,-13.745832443237305,6,1,338,9,male
-12.300410270690918,-13.892674446105957,6,2,338,9,male
-10.557354927062988,-13.84156322479248,6,3,338,9,male
-7.994120121002197,-12.575394630432129,6,4,338,9,male
-5.860318660736084,-11.33592414855957,6,5,338,9,male
2.463660955429077,-4.366335391998291,6,6,338,9,male
3.827653646469116,-0.9577814936637878,6,7,338,9,male
48.04631805419922,-13.484614372253418,6,8,338,9,male
47.64815139770508,-12.808222770690918,6,9,338,9,male
-9.299300193786621,-11.519241333007812,6,0,339,1,male
-11.10983657836914,-11.719411849975586,6,1,339,1,male
-10.369828224182129,-11.580071449279785,6,2,339,1,male
-8.120233535766602,-11.49810791015625,6,3,339,1,male
-5.271816253662109,-10.207879066467285,6,4,339,1,male
1.7514722347259521,-4.096319675445557,6,5,339,1,male
3.4032626152038574,-0.6282972693443298,6,6,339,1,male
47.95287322998047,-13.48007583618164,6,7,339,1,male
47.291664123535156,-12.848491668701172,6,8,339,1,male
47.731178283691406,-12.747432708740234,6,9,339,1,male
-8.556572914123535,-11.653965950012207,6,0,340,1,male
-10.890997886657715,-11.643244743347168,6,1,340,1,male
-11.19123363494873,-11.569929122924805,6,2,340,1,male
-9.574183464050293,-11.40888500213623,6,3,340,1,male
-6.893970966339111,-10.97906494140625,6,4,340,1,male
-1.0284249782562256,-9.657514572143555,6,5,340,1,male
2.793532371520996,-2.682629108428955,6,6,340,1,male
4.238006114959717,0.08031081408262253,6,7,340,1,male
47.15918731689453,-13.158628463745117,6,8,340,1,male
47.394561767578125,-13.284689903259277,6,9,340,1,male
-7.501927852630615,-12.620255470275879,6,0,341,8,male
-9.65331745147705,-13.702034950256348,6,1,341,8,male
-10.152002334594727,-14.003177642822266,6,2,341,8,male
-8.66049861907959,-13.053235054016113,6,3,341,8,male
-6.380347728729248,-11.38170051574707,6,4,341,8,male
-4.006076335906982,-9.84702205657959,6,5,341,8,male
-4.076111793518066,-10.02888298034668,6,6,341,8,male
-3.821598768234253,-10.1516752243042,6,7,341,8,male
48.58161926269531,-14.009099006652832,6,8,341,8,male
47.82767868041992,-12.764717102050781,6,9,341,8,male
-8.285184860229492,-8.09579849243164,6,0,342,10,female
-10.488164901733398,-7.620742321014404,6,1,342,10,female
-10.565705299377441,-7.616250991821289,6,2,342,10,female
-8.954821586608887,-7.833876609802246,6,3,342,10,female
-6.660613059997559,-8.61273193359375,6,4,342,10,female
-3.0410382747650146,-8.402946472167969,6,5,342,10,female
1.6085197925567627,-1.9417881965637207,6,6,342,10,female
3.657144069671631,0.6884804368019104,6,7,342,10,female
47.81853485107422,-13.625679969787598,6,8,342,10,female
47.7481803894043,-13.091994285583496,6,9,342,10,female
-8.98853588104248,-8.38460922241211,6,0,343,3,female
-10.771347045898438,-8.00359058380127,6,1,343,3,female
-10.051084518432617,-7.680205345153809,6,2,343,3,female
-7.396584510803223,-7.995581150054932,6,3,343,3,female
-4.579686641693115,-9.813270568847656,6,4,343,3,female
-4.626158714294434,-10.032027244567871,6,5,343,3,female
-4.443756103515625,-10.020654678344727,6,6,343,3,female
-4.213868618011475,-10.121376037597656,6,7,343,3,female
-3.9342198371887207,-10.322887420654297,6,8,343,3,female
48.62791061401367,-14.398323059082031,6,9,343,3,female
-7.797185897827148,-11.62645149230957,6,0,344,1,male
-9.930538177490234,-11.518167495727539,6,1,344,1,male
-10.702062606811523,-11.35161304473877,6,2,344,1,male
-9.237173080444336,-10.734909057617188,6,3,344,1,male
-6.332580089569092,-10.236593246459961,6,4,344,1,male
0.7993534207344055,-4.571754455566406,6,5,344,1,male
2.75190806388855,-0.9605167508125305,6,6,344,1,male
47.97932052612305,-12.73723316192627,6,7,344,1,male
47.27165985107422,-13.170302391052246,6,8,344,1,male
47.45503234863281,-12.976374626159668,6,9,344,1,male
-8.112422943115234,-12.850446701049805,6,0,345,7,male
-10.335634231567383,-13.901573181152344,6,1,345,7,male
-11.052837371826172,-13.770794868469238,6,2,345,7,male
-9.116857528686523,-12.732159614562988,6,3,345,7,male
-6.369154453277588,-10.889809608459473,6,4,345,7,male
-4.186949729919434,-9.992830276489258,6,5,345,7,male
-4.3016510009765625,-10.049301147460938,6,6,345,7,male
-4.107020854949951,-10.07292366027832,6,7,345,7,male
-3.814030647277832,-10.167937278747559,6,8,345,7,male
48.50656509399414,-14.22460651397705,6,9,345,7,male
-8.094667434692383,-8.359549522399902,6,0,346,10,female
-10.46944522857666,-7.679121971130371,6,1,346,10,female
-10.620484352111816,-7.60335636138916,6,2,346,10,female
-8.79055404663086,-7.754928112030029,6,3,346,10,female
-6.133584976196289,-8.68418025970459,6,4,346,10,female
-4.388548374176025,-9.875088691711426,6,5,346,10,female
-4.315609455108643,-10.064674377441406,6,6,346,10,female
-4.116467475891113,-10.189995765686035,6,7,346,10,female
-3.9620397090911865,-10.26608657836914,6,8,346,10,female
48.34244155883789,-13.303051948547363,6,9,346,10,female
-7.635258197784424,-12.625777244567871,6,0,347,8,male
-9.684264183044434,-13.748250007629395,6,1,347,8,male
-10.288352966308594,-14.006766319274902,6,2,347,8,male
-8.690155982971191,-12.999906539916992,6,3,347,8,male
-6.333758354187012,-10.91542911529541,6,4,347,8,male
0.5872673392295837,-4.603646755218506,6,5,347,8,male
2.2867050170898438,-1.0749479532241821,6,6,347,8,male
3.904860734939575,0.9183864593505859,6,7,347,8,male
47.97184371948242,-12.81210708618164,6,8,347,8,male
47.18334197998047,-12.916324615478516,6,9,347,8,male
-6.568456649780273,-11.985334396362305,6,0,348,8,male
-9.098283767700195,-13.441532135009766,6,1,348,8,male
-10.617645263671875,-14.230362892150879,6,2,348,8,male
-9.158802032470703,-13.317279815673828,6,3,348,8,male
-6.76334285736084,-11.705575942993164,6,4,348,8,male
-0.4694388806819916,-9.868447303771973,6,5,348,8,male
3.141873836517334,-2.0863099098205566,6,6,348,8,male
4.280173301696777,0.2649174630641937,6,7,348,8,male
48.15062713623047,-14.323631286621094,6,8,348,8,male
47.96620559692383,-12.721900939941406,6,9,348,8,male
-6.725712776184082,-11.863364219665527,6,0,349,8,male
-9.243338584899902,-12.9834566116333,6,1,349,8,male
-10.839929580688477,-13.1436185836792,6,2,349,8,male
-9.173677444458008,-12.627370834350586,6,3,349,8,male
-6.5339813232421875,-11.34371566772461,6,4,349,8,male
-4.453807353973389,-10.03038215637207,6,5,349,8,male
-4.247350215911865,-10.062289237976074,6,6,349,8,male
-4.022030830383301,-10.15087604522705,6,7,349,8,male
-3.81050443649292,-10.280354499816895,6,8,349,8,male
47.92280578613281,-12.819738388061523,6,9,349,8,male
-6.283938407897949,-10.268769264221191,7,0,350,0,male
-9.486268997192383,-9.920488357543945,7,1,350,0,male
-11.164499282836914,-10.081942558288574,7,2,350,0,male
-11.404240608215332,-9.596604347229004,7,3,350,0,male
-10.89896297454834,-8.34930419921875,7,4,350,0,male
-9.39529800415039,-7.538351535797119,7,5,350,0,male
-7.5174946784973145,-8.403804779052734,7,6,350,0,male
-5.328562259674072,-9.004231452941895,7,7,350,0,male
0.12234872579574585,-4.616761684417725,7,8,350,0,male
2.023139476776123,-1.3498460054397583,7,9,350,0,male
-8.010485649108887,-8.353528022766113,7,0,351,10,female
-10.542099952697754,-7.940113067626953,7,1,351,10,female
-11.037670135498047,-8.026366233825684,7,2,351,10,female
-10.949722290039062,-8.199132919311523,7,3,351,10,female
-10.732908248901367,-8.263059616088867,7,4,351,10,female
-9.951303482055664,-7.932855606079102,7,5,351,10,female
-8.246352195739746,-8.626959800720215,7,6,351,10,female
-6.216240882873535,-9.2886323928833,7,7,351,10,female
-0.19329006969928741,-5.084294319152832,7,8,351,10,female
1.9048542976379395,-1.4086803197860718,7,9,351,10,female
-4.578176498413086,-10.043476104736328,7,0,352,11,female
-6.450555324554443,-9.797879219055176,7,1,352,11,female
-9.740955352783203,-9.168340682983398,7,2,352,11,female
-11.876592636108398,-9.026875495910645,7,3,352,11,female
-12.038552284240723,-9.13835334777832,7,4,352,11,female
-11.82236099243164,-9.343646049499512,7,5,352,11,female
-11.395293235778809,-9.428301811218262,7,6,352,11,female
-10.380035400390625,-9.336182594299316,7,7,352,11,female
-8.105472564697266,-9.4395170211792,7,8,352,11,female
-5.728682994842529,-9.73287296295166,7,9,352,11,female
-7.6243109703063965,-11.622879028320312,7,0,353,1,male
-10.167572975158691,-11.350204467773438,7,1,353,1,male
-11.377869606018066,-11.784207344055176,7,2,353,1,male
-11.40378475189209,-11.913804054260254,7,3,353,1,male
-10.863545417785645,-12.156551361083984,7,4,353,1,male
-9.99894905090332,-11.992250442504883,7,5,353,1,male
-8.713804244995117,-11.898478507995605,7,6,353,1,male
-7.130481719970703,-11.177556991577148,7,7,353,1,male
-1.501440405845642,-9.864879608154297,7,8,353,1,male
2.4450843334198,-3.187387704849243,7,9,353,1,male
-6.223161220550537,-10.283337593078613,7,0,354,0,male
-9.319052696228027,-9.822917938232422,7,1,354,0,male
-11.298505783081055,-9.697700500488281,7,2,354,0,male
-11.662132263183594,-9.556783676147461,7,3,354,0,male
-11.232544898986816,-8.24975872039795,7,4,354,0,male
-9.907966613769531,-7.4887471199035645,7,5,354,0,male
-7.936680316925049,-8.428926467895508,7,6,354,0,male
-5.725827217102051,-8.99991226196289,7,7,354,0,male
-0.20659497380256653,-5.038810729980469,7,8,354,0,male
1.7292979955673218,-1.703948974609375,7,9,354,0,male
-7.543079376220703,-12.66549301147461,7,0,355,7,male
-10.216906547546387,-14.225622177124023,7,1,355,7,male
-12.080911636352539,-15.357303619384766,7,2,355,7,male
-12.107139587402344,-15.213911056518555,7,3,355,7,male
-11.365510940551758,-14.67626667022705,7,4,355,7,male
-10.132548332214355,-13.901216506958008,7,5,355,7,male
-8.338818550109863,-12.786859512329102,7,6,355,7,male
-6.4926347732543945,-11.926112174987793,7,7,355,7,male
-0.3026992082595825,-9.914825439453125,7,8,355,7,male
3.4003865718841553,-2.184565305709839,7,9,355,7,male
-6.434360027313232,-8.016101837158203,7,0,356,2,female
-7.678305625915527,-6.661480903625488,7,1,356,2,female
-8.184285163879395,-6.576864242553711,7,2,356,2,female
-8.174251556396484,-6.562750816345215,7,3,356,2,female
-7.858775615692139,-6.5918779373168945,7,4,356,2,female
-7.275066375732422,-6.947062969207764,7,5,356,2,female
-6.0132527351379395,-8.336240768432617,7,6,356,2,female
-3.470266580581665,-8.032362937927246,7,7,356,2,female
1.2733089923858643,-2.098080635070801,7,8,356,2,female
3.365941047668457,0.6851404309272766,7,9,356,2,female
-6.5172576904296875,-10.285870552062988,7,0,357,0,male
-9.500692367553711,-9.67743968963623,7,1,357,0,male
-10.816739082336426,-9.746902465820312,7,2,357,0,male
-11.047633171081543,-9.285146713256836,7,3,357,0,male
-10.466042518615723,-8.399995803833008,7,4,357,0,male
-8.985952377319336,-8.174384117126465,7,5,357,0,male
-7.111355781555176,-8.59381103515625,7,6,357,0,male
-4.233750343322754,-8.872777938842773,7,7,357,0,male
0.7609333395957947,-3.333862066268921,7,8,357,0,male
2.757735013961792,-0.21416433155536652,7,9,357,0,male
-6.549112319946289,-11.006726264953613,7,0,358,1,male
-9.635360717773438,-11.361868858337402,7,1,358,1,male
-11.401034355163574,-11.738221168518066,7,2,358,1,male
-11.580363273620605,-11.890581130981445,7,3,358,1,male
-11.104345321655273,-11.969209671020508,7,4,358,1,male
-9.809935569763184,-12.029616355895996,7,5,358,1,male
-8.324204444885254,-11.846064567565918,7,6,358,1,male
-6.893962860107422,-11.289013862609863,7,7,358,1,male
-1.0515224933624268,-9.720087051391602,7,8,358,1,male
2.7674496173858643,-2.828862428665161,7,9,358,1,male
-8.639266967773438,-8.323299407958984,7,0,359,6,female
-10.225664138793945,-8.129948616027832,7,1,359,6,female
-10.434430122375488,-7.750030994415283,7,2,359,6,female
-10.548227310180664,-7.5307159423828125,7,3,359,6,female
-10.192911148071289,-7.17697286605835,7,4,359,6,female
-8.84400749206543,-7.788141250610352,7,5,359,6,female
-7.126880168914795,-8.477144241333008,7,6,359,6,female
-3.8846843242645264,-8.765174865722656,7,7,359,6,female
1.0409578084945679,-3.001741647720337,7,8,359,6,female
3.025996208190918,0.16356253623962402,7,9,359,6,female
-6.584362506866455,-11.959680557250977,7,0,360,8,male
-9.40487003326416,-13.554039001464844,7,1,360,8,male
-12.223875999450684,-14.49425220489502,7,2,360,8,male
-12.403343200683594,-14.478044509887695,7,3,360,8,male
-11.564358711242676,-14.021825790405273,7,4,360,8,male
-9.467605590820312,-13.317337036132812,7,5,360,8,male
-7.230751991271973,-12.366150856018066,7,6,360,8,male
-1.3055272102355957,-10.768556594848633,7,7,360,8,male
2.9603333473205566,-3.7562856674194336,7,8,360,8,male
4.155745029449463,-0.6261155605316162,7,9,360,8,male
-7.951930046081543,-11.818981170654297,7,0,361,1,male
-10.303452491760254,-11.418553352355957,7,1,361,1,male
-11.402790069580078,-11.730964660644531,7,2,361,1,male
-11.309131622314453,-11.78332233428955,7,3,361,1,male
-10.511656761169434,-12.026398658752441,7,4,361,1,male
-9.481050491333008,-12.031813621520996,7,5,361,1,male
-8.025426864624023,-11.5062894821167,7,6,361,1,male
-2.5835328102111816,-10.343988418579102,7,7,361,1,male
1.9022510051727295,-4.272069454193115,7,8,361,1,male
3.456836462020874,-1.1454174518585205,7,9,361,1,male
-8.147976875305176,-8.442293167114258,7,0,362,10,female
-10.61159896850586,-8.104769706726074,7,1,362,10,female
-11.23237419128418,-8.209534645080566,7,2,362,10,female
-11.269353866577148,-8.369959831237793,7,3,362,10,female
-11.1630859375,-8.34147834777832,7,4,362,10,female
-10.376102447509766,-8.457717895507812,7,5,362,10,female
-8.798308372497559,-8.784250259399414,7,6,362,10,female
-7.132977485656738,-9.07388973236084,7,7,362,10,female
-3.4900667667388916,-8.938336372375488,7,8,362,10,female
1.1776789426803589,-2.9345202445983887,7,9,362,10,female
-10.148865699768066,-8.143904685974121,7,0,363,6,female
-10.142608642578125,-8.075772285461426,7,1,363,6,female
-9.872231483459473,-8.103507041931152,7,2,363,6,female
-9.684701919555664,-8.012299537658691,7,3,363,6,female
-8.82675552368164,-8.49409008026123,7,4,363,6,female
-7.357066631317139,-8.867791175842285,7,5,363,6,female
-4.048508644104004,-9.173519134521484,7,6,363,6,female
1.0697402954101562,-3.482717990875244,7,7,363,6,female
2.859562635421753,-0.18962045013904572,7,8,363,6,female
47.94596481323242,-13.477262496948242,7,9,363,6,female
-6.607314109802246,-11.101475715637207,7,0,364,1,male
-9.56269645690918,-11.212203025817871,7,1,364,1,male
-11.254363059997559,-11.552793502807617,7,2,364,1,male
-11.511642456054688,-11.836136817932129,7,3,364,1,male
-11.224875450134277,-11.877083778381348,7,4,364,1,male
-10.037457466125488,-11.906057357788086,7,5,364,1,male
-8.374268531799316,-11.75867748260498,7,6,364,1,male
-6.839561939239502,-11.05187702178955,7,7,364,1,male
-0.8174044489860535,-9.569272994995117,7,8,364,1,male
2.848771572113037,-2.545422077178955,7,9,364,1,male
-7.715066909790039,-12.532536506652832,7,0,365,7,male
-10.147186279296875,-13.888896942138672,7,1,365,7,male
-12.1083984375,-15.228403091430664,7,2,365,7,male
-11.825387954711914,-15.099853515625,7,3,365,7,male
-10.394514083862305,-14.28299331665039,7,4,365,7,male
-9.312177658081055,-13.322562217712402,7,5,365,7,male
-7.48975944519043,-12.564154624938965,7,6,365,7,male
-5.640794277191162,-11.668832778930664,7,7,365,7,male
2.4029171466827393,-4.6568217277526855,7,8,365,7,male
3.7199816703796387,-1.3454806804656982,7,9,365,7,male
-4.484582901000977,-10.024358749389648,7,0,366,11,female
-6.495542526245117,-10.091817855834961,7,1,366,11,female
-9.868491172790527,-9.256053924560547,7,2,366,11,female
-12.235150337219238,-9.519205093383789,7,3,366,11,female
-12.416608810424805,-9.36184310913086,7,4,366,11,female
-12.334284782409668,-9.219478607177734,7,5,366,11,female
-11.787692070007324,-9.005615234375,7,6,366,11,female
-10.405529975891113,-9.183364868164062,7,7,366,11,female
-8.22531509399414,-9.254606246948242,7,8,366,11,female
-6.025644302368164,-9.858107566833496,7,9,366,11,female
-8.214771270751953,-12.65478515625,7,0,367,9,male
-10.644331932067871,-13.805827140808105,7,1,367,9,male
-12.39150619506836,-13.973172187805176,7,2,367,9,male
-12.117620468139648,-14.327704429626465,7,3,367,9,male
-12.16777229309082,-14.23800277709961,7,4,367,9,male
-11.369791984558105,-14.132132530212402,7,5,367,9,male
-9.353896141052246,-13.44587230682373,7,6,367,9,male
-7.204607009887695,-12.448236465454102,7,7,367,9,male
-1.2928414344787598,-10.809287071228027,7,8,367,9,male
2.9216084480285645,-3.890745162963867,7,9,367,9,male
-7.922786712646484,-8.059009552001953,7,0,368,6,female
-9.984649658203125,-7.7472453117370605,7,1,368,6,female
-10.458978652954102,-7.60460901260376,7,2,368,6,female
-10.193655014038086,-7.2424492835998535,7,3,368,6,female
-10.26571273803711,-6.834895610809326,7,4,368,6,female
-9.667376518249512,-7.065436840057373,7,5,368,6,female
-7.981430530548096,-8.180091857910156,7,6,368,6,female
-5.853684902191162,-8.766617774963379,7,7,368,6,female
0.030539056286215782,-4.752264976501465,7,8,368,6,female
1.916758418083191,-1.3149933815002441,7,9,368,6,female
-7.957730770111084,-12.718719482421875,7,0,369,7,male
-10.384012222290039,-14.101802825927734,7,1,369,7,male
-11.946377754211426,-15.213333129882812,7,2,369,7,male
-11.444405555725098,-14.893484115600586,7,3,369,7,male
-10.24747085571289,-14.244134902954102,7,4,369,7,male
-8.924836158752441,-13.255274772644043,7,5,369,7,male
-7.251156330108643,-12.434016227722168,7,6,369,7,male
-1.553614616394043,-10.908492088317871,7,7,369,7,male
2.74169659614563,-4.1673712730407715,7,8,369,7,male
3.940976619720459,-1.0704960823059082,7,9,369,7,male
-6.279228210449219,-10.37749195098877,7,0,370,0,male
-9.527287483215332,-10.459577560424805,7,1,370,0,male
-11.048765182495117,-10.993448257446289,7,2,370,0,male
-11.190313339233398,-10.806764602661133,7,3,370,0,male
-11.047052383422852,-8.782561302185059,7,4,370,0,male
-10.208216667175293,-7.219579696655273,7,5,370,0,male
-8.519734382629395,-7.987987518310547,7,6,370,0,male
-6.661734580993652,-8.635102272033691,7,7,370,0,male
-2.9489591121673584,-8.183402061462402,7,8,370,0,male
1.5274592638015747,-1.904160737991333,7,9,370,0,male
-4.387794017791748,-10.010176658630371,7,0,371,7,male
-6.699213981628418,-12.066179275512695,7,1,371,7,male
-9.54722785949707,-13.721508026123047,7,2,371,7,male
-12.144646644592285,-15.222949981689453,7,3,371,7,male
-12.230733871459961,-15.298399925231934,7,4,371,7,male
-11.433725357055664,-14.798974990844727,7,5,371,7,male
-9.860382080078125,-13.90971851348877,7,6,371,7,male
-7.6885666847229,-12.70158576965332,7,7,371,7,male
-5.562088489532471,-11.708183288574219,7,8,371,7,male
2.5152294635772705,-4.481537342071533,7,9,371,7,male
-8.766297340393066,-12.742284774780273,7,0,372,9,male
-11.367827415466309,-13.347074508666992,7,1,372,9,male
-12.449073791503906,-13.569555282592773,7,2,372,9,male
-12.004408836364746,-13.908416748046875,7,3,372,9,male
-12.190803527832031,-13.940661430358887,7,4,372,9,male
-11.667679786682129,-13.696723937988281,7,5,372,9,male
-9.933526992797852,-13.242767333984375,7,6,372,9,male
-7.803805351257324,-12.550027847290039,7,7,372,9,male
-5.867849826812744,-11.6355562210083,7,8,372,9,male
2.2288877964019775,-4.882572174072266,7,9,372,9,male
-7.922185897827148,-12.773926734924316,7,0,373,7,male
-10.437515258789062,-14.318371772766113,7,1,373,7,male
-12.194746971130371,-15.373185157775879,7,2,373,7,male
-11.920904159545898,-15.238259315490723,7,3,373,7,male
-10.284900665283203,-14.335851669311523,7,4,373,7,male
-8.50245475769043,-13.064339637756348,7,5,373,7,male
-6.710806846618652,-12.114110946655273,7,6,373,7,male
-0.6705593466758728,-10.517187118530273,7,7,373,7,male
3.259979724884033,-3.073213577270508,7,8,373,7,male
4.514924049377441,-0.08486189693212509,7,9,373,7,male
-8.22527027130127,-8.36129093170166,7,0,374,10,female
-10.757681846618652,-7.938813209533691,7,1,374,10,female
-11.202600479125977,-8.017595291137695,7,2,374,10,female
-11.212570190429688,-8.013031005859375,7,3,374,10,female
-10.983430862426758,-7.843271732330322,7,4,374,10,female
-9.743496894836426,-7.525025844573975,7,5,374,10,female
-7.673690319061279,-8.423055648803711,7,6,374,10,female
-5.093934535980225,-9.009803771972656,7,7,374,10,female
0.5265302062034607,-4.01392126083374,7,8,374,10,female
2.481611728668213,-0.7550305724143982,7,9,374,10,female
-6.962035179138184,-12.295950889587402,7,0,375,8,male
-9.599754333496094,-13.676647186279297,7,1,375,8,male
-12.007294654846191,-14.3351469039917,7,2,375,8,male
-12.146069526672363,-14.141178131103516,7,3,375,8,male
-11.86137866973877,-13.972103118896484,7,4,375,8,male
-10.609559059143066,-13.529495239257812,7,5,375,8,male
-8.593104362487793,-12.973283767700195,7,6,375,8,male
-6.63129997253418,-11.993928909301758,7,7,375,8,male
-0.5105322599411011,-10.12547779083252,7,8,375,8,male
3.1540873050689697,-2.704831600189209,7,9,375,8,male
-7.017916679382324,-7.636295795440674,7,0,376,2,female
-8.442672729492188,-6.708108901977539,7,1,376,2,female
-8.677628517150879,-6.519776821136475,7,2,376,2,female
-8.338679313659668,-6.4691162109375,7,3,376,2,female
-7.452979564666748,-6.770406246185303,7,4,376,2,female
-6.322493553161621,-8.02177906036377,7,5,376,2,female
-4.2418036460876465,-8.292805671691895,7,6,376,2,female
0.8687499165534973,-2.691293239593506,7,7,376,2,female
2.8779072761535645,0.312598317861557,7,8,376,2,female
48.13295364379883,-14.44822883605957,7,9,376,2,female
-7.2298502922058105,-12.074251174926758,7,0,377,9,male
-9.699698448181152,-12.906844139099121,7,1,377,9,male
-12.03254222869873,-12.976834297180176,7,2,377,9,male
-12.412532806396484,-13.308938980102539,7,3,377,9,male
-12.320966720581055,-13.512163162231445,7,4,377,9,male
-11.6006498336792,-13.52462387084961,7,5,377,9,male
-9.475322723388672,-12.965274810791016,7,6,377,9,male
-7.1854987144470215,-12.171276092529297,7,7,377,9,male
-1.3043501377105713,-10.51175594329834,7,8,377,9,male
2.921998977661133,-3.540802001953125,7,9,377,9,male
-10.174613952636719,-7.915670394897461,7,0,378,6,female
-10.37720012664795,-7.846961975097656,7,1,378,6,female
-10.301907539367676,-7.673648834228516,7,2,378,6,female
-10.255912780761719,-7.306896209716797,7,3,378,6,female
-9.542482376098633,-7.528805255889893,7,4,378,6,female
-7.658671855926514,-8.497956275939941,7,5,378,6,female
-4.933508396148682,-9.012706756591797,7,6,378,6,female
0.7141759991645813,-3.6868844032287598,7,7,378,6,female
3.034284830093384,0.22336876392364502,7,8,378,6,female
47.697601318359375,-13.879270553588867,7,9,378,6,female
-5.488596439361572,-10.166062355041504,7,0,379,11,female
-9.246952056884766,-9.376293182373047,7,1,379,11,female
-11.795369148254395,-9.62166976928711,7,2,379,11,female
-12.096073150634766,-9.835968017578125,7,3,379,11,female
-11.7406005859375,-9.842434883117676,7,4,379,11,female
-11.243669509887695,-9.768717765808105,7,5,379,11,female
-9.922099113464355,-9.434494018554688,7,6,379,11,female
-7.979017734527588,-9.580621719360352,7,7,379,11,female
-5.7840094566345215,-9.84771728515625,7,8,379,11,female
0.9288432002067566,-4.355692386627197,7,9,379,11,female
-8.593240737915039,-8.720965385437012,7,0,380,3,female
-10.730669021606445,-8.598149299621582,7,1,380,3,female
-11.110628128051758,-8.264616012573242,7,2,380,3,female
-11.107206344604492,-7.970198631286621,7,3,380,3,female
-10.792837142944336,-7.505227088928223,7,4,380,3,female
-9.543350219726562,-7.847085475921631,7,5,380,3,female
-7.7259416580200195,-8.650291442871094,7,6,380,3,female
-5.425375938415527,-9.123388290405273,7,7,380,3,female
0.13958044350147247,-4.617348670959473,7,8,380,3,female
2.0368387699127197,-1.2796190977096558,7,9,380,3,female
-8.56292724609375,-12.672263145446777,7,0,381,9,male
-11.224802017211914,-13.433292388916016,7,1,381,9,male
-12.551108360290527,-13.728041648864746,7,2,381,9,male
-12.23034954071045,-14.255273818969727,7,3,381,9,male
-12.131991386413574,-14.44584846496582,7,4,381,9,male
-11.689408302307129,-14.359894752502441,7,5,381,9,male
-9.972539901733398,-13.722505569458008,7,6,381,9,male
-7.885939121246338,-12.719303131103516,7,7,381,9,male
-6.128177642822266,-11.626822471618652,7,8,381,9,male
2.222973108291626,-4.839538097381592,7,9,381,9,male
-8.3211669921875,-12.648834228515625,7,0,382,9,male
-10.801057815551758,-13.625102996826172,7,1,382,9,male
-12.572821617126465,-13.610285758972168,7,2,382,9,male
-12.52590560913086,-13.661946296691895,7,3,382,9,male
-12.163618087768555,-13.606203079223633,7,4,382,9,male
-11.013410568237305,-13.425810813903809,7,5,382,9,male
-8.998239517211914,-12.789422035217285,7,6,382,9,male
-6.885229587554932,-12.044144630432129,7,7,382,9,male
-0.666588306427002,-10.288253784179688,7,8,382,9,male
3.1135594844818115,-3.0686240196228027,7,9,382,9,male
-7.761350154876709,-8.195595741271973,7,0,383,10,female
-10.18540096282959,-7.838477611541748,7,1,383,10,female
-10.902288436889648,-7.888772487640381,7,2,383,10,female
-11.013399124145508,-7.986315727233887,7,3,383,10,female
-11.079917907714844,-7.877269744873047,7,4,383,10,female
-10.363053321838379,-7.408527374267578,7,5,383,10,female
-8.55335521697998,-8.296590805053711,7,6,383,10,female
-6.704931735992432,-8.814980506896973,7,7,383,10,female
-3.0905866622924805,-8.45872974395752,7,8,383,10,female
1.4022008180618286,-2.220334529876709,7,9,383,10,female
-4.533056735992432,-9.803966522216797,7,0,384,11,female
-7.547919750213623,-9.529850006103516,7,1,384,11,female
-10.55664348602295,-8.942254066467285,7,2,384,11,female
-12.137015342712402,-9.326552391052246,7,3,384,11,female
-11.864486694335938,-9.374326705932617,7,4,384,11,female
-11.11412239074707,-9.522980690002441,7,5,384,11,female
-10.606572151184082,-9.42294692993164,7,6,384,11,female
-9.775538444519043,-9.350517272949219,7,7,384,11,female
-7.737761974334717,-9.536368370056152,7,8,384,11,female
-5.148387432098389,-9.826929092407227,7,9,384,11,female
-9.626128196716309,-9.036544799804688,7,0,385,3,female
-10.753318786621094,-8.737129211425781,7,1,385,3,female
-11.15346622467041,-8.175212860107422,7,2,385,3,female
-11.04791259765625,-7.2378716468811035,7,3,385,3,female
-9.92843246459961,-7.0912065505981445,7,4,385,3,female
-8.176007270812988,-8.239705085754395,7,5,385,3,female
-6.446384906768799,-8.674005508422852,7,6,385,3,female
-2.9630014896392822,-8.334900856018066,7,7,385,3,female
1.5611748695373535,-2.0425572395324707,7,8,385,3,female
3.4677281379699707,0.3611041009426117,7,9,385,3,female
-7.301997184753418,-12.577661514282227,7,0,386,8,male
-9.860748291015625,-14.035270690917969,7,1,386,8,male
-11.82014274597168,-14.828944206237793,7,2,386,8,male
-12.05752182006836,-14.838294982910156,7,3,386,8,male
-11.72773551940918,-14.660626411437988,7,4,386,8,male
-10.020655632019043,-14.059699058532715,7,5,386,8,male
-7.894284725189209,-12.782014846801758,7,6,386,8,male
-5.995343208312988,-11.596041679382324,7,7,386,8,male
2.4214353561401367,-4.651330471038818,7,8,386,8,male
3.664715051651001,-1.292335033416748,7,9,386,8,male
-5.596127033233643,-9.315022468566895,7,0,387,10,female
-8.178495407104492,-8.433369636535645,7,1,387,10,female
-10.542657852172852,-8.003449440002441,7,2,387,10,female
-11.011462211608887,-8.046655654907227,7,3,387,10,female
-11.085005760192871,-7.982974529266357,7,4,387,10,female
-11.017071723937988,-7.867563247680664,7,5,387,10,female
-10.246933937072754,-7.495457649230957,7,6,387,10,female
-8.346663475036621,-8.493391990661621,7,7,387,10,female
-6.005395889282227,-9.253360748291016,7,8,387,10,female
0.07908406853675842,-4.772613048553467,7,9,387,10,female
-7.337271213531494,-7.54203987121582,7,0,388,2,female
-9.07815933227539,-6.772408485412598,7,1,388,2,female
-9.862556457519531,-7.008671283721924,7,2,388,2,female
-9.609247207641602,-6.718822956085205,7,3,388,2,female
-8.857199668884277,-6.8436174392700195,7,4,388,2,female
-7.382348537445068,-7.255691051483154,7,5,388,2,female
-5.937595844268799,-8.417165756225586,7,6,388,2,female
-3.2351415157318115,-7.851068019866943,7,7,388,2,female
1.6559840440750122,-1.599492073059082,7,8,388,2,female
3.4186060428619385,0.8628705739974976,7,9,388,2,female
-7.07708215713501,-12.429465293884277,7,0,389,8,male
-9.744209289550781,-13.845213890075684,7,1,389,8,male
-12.295231819152832,-14.611250877380371,7,2,389,8,male
-12.292675018310547,-14.581205368041992,7,3,389,8,male
-11.947433471679688,-14.33163070678711,7,4,389,8,male
-10.382840156555176,-13.76253890991211,7,5,389,8,male
-8.19530200958252,-12.754103660583496,7,6,389,8,male
-6.075379371643066,-11.574797630310059,7,7,389,8,male
2.2689085006713867,-4.865583419799805,7,8,389,8,male
3.586693048477173,-1.1990844011306763,7,9,389,8,male
-6.766109466552734,-12.053868293762207,7,0,390,8,male
-9.417933464050293,-13.44302749633789,7,1,390,8,male
-12.272953033447266,-14.076963424682617,7,2,390,8,male
-12.29333782196045,-14.263198852539062,7,3,390,8,male
-11.82369613647461,-13.986540794372559,7,4,390,8,male
-10.266240119934082,-13.46788215637207,7,5,390,8,male
-8.117166519165039,-12.664081573486328,7,6,390,8,male
-6.058380603790283,-11.613765716552734,7,7,390,8,male
2.262000322341919,-4.782456398010254,7,8,390,8,male
3.543633460998535,-1.3131300210952759,7,9,390,8,male
-6.232892990112305,-11.336079597473145,7,0,391,7,male
-8.4442138671875,-12.990007400512695,7,1,391,7,male
-10.72265911102295,-14.472375869750977,7,2,391,7,male
-12.089315414428711,-15.392502784729004,7,3,391,7,male
-11.825819969177246,-15.050278663635254,7,4,391,7,male
-10.663476943969727,-14.345274925231934,7,5,391,7,male
-9.51121711730957,-13.331836700439453,7,6,391,7,male
-7.523612976074219,-12.507704734802246,7,7,391,7,male
-5.644700527191162,-11.70676326751709,7,8,391,7,male
2.354743242263794,-4.761139392852783,7,9,391,7,male
-5.874000549316406,-9.900322914123535,7,0,392,0,male
-8.76611614227295,-9.015913009643555,7,1,392,0,male
-10.837247848510742,-9.278741836547852,7,2,392,0,male
-11.464269638061523,-9.542719841003418,7,3,392,0,male
-11.159292221069336,-8.779520988464355,7,4,392,0,male
-10.037915229797363,-7.455873489379883,7,5,392,0,male
-8.474137306213379,-8.181626319885254,7,6,392,0,male
-6.68475866317749,-8.672223091125488,7,7,392,0,male
-2.9802675247192383,-8.235431671142578,7,8,392,0,male
1.5366718769073486,-2.04746675491333,7,9,392,0,male
-7.707397937774658,-8.303413391113281,7,0,393,10,female
-10.073378562927246,-7.956791877746582,7,1,393,10,female
-10.91882038116455,-8.006680488586426,7,2,393,10,female
-11.05705738067627,-7.988142490386963,7,3,393,10,female
-11.083707809448242,-7.722188472747803,7,4,393,10,female
-10.579471588134766,-7.30767822265625,7,5,393,10,female
-8.556214332580566,-8.23727798461914,7,6,393,10,female
-6.389209747314453,-9.164648056030273,7,7,393,10,female
-2.8775744438171387,-8.245121002197266,7,8,393,10,female
1.7898106575012207,-1.6975139379501343,7,9,393,10,female
-8.517975807189941,-11.804580688476562,7,0,394,1,male
-11.006514549255371,-11.571695327758789,7,1,394,1,male
-11.455629348754883,-11.904136657714844,7,2,394,1,male
-11.362906455993652,-11.937602043151855,7,3,394,1,male
-10.30567455291748,-12.050307273864746,7,4,394,1,male
-8.879376411437988,-11.961416244506836,7,5,394,1,male
-7.316982269287109,-11.342089653015137,7,6,394,1,male
-1.3270487785339355,-9.896580696105957,7,7,394,1,male
2.573315382003784,-3.0875256061553955,7,8,394,1,male
4.04981803894043,-0.3440212607383728,7,9,394,1,male
-4.85587739944458,-10.02578067779541,7,0,395,11,female
-8.188149452209473,-9.264607429504395,7,1,395,11,female
-10.971691131591797,-9.051831245422363,7,2,395,11,female
-12.216567039489746,-9.404544830322266,7,3,395,11,female
-12.201400756835938,-9.643721580505371,7,4,395,11,female
-11.763825416564941,-9.69811725616455,7,5,395,11,female
-11.357734680175781,-9.68610954284668,7,6,395,11,female
-9.971095085144043,-9.326854705810547,7,7,395,11,female
-7.837794780731201,-9.518272399902344,7,8,395,11,female
-5.533561706542969,-9.871345520019531,7,9,395,11,female
-8.188507080078125,-12.659819602966309,7,0,396,9,male
-10.594196319580078,-13.720348358154297,7,1,396,9,male
-12.505754470825195,-13.838458061218262,7,2,396,9,male
-12.48560619354248,-14.07417106628418,7,3,396,9,male
-12.442947387695312,-14.153252601623535,7,4,396,9,male
-12.050875663757324,-13.98870849609375,7,5,396,9,male
-10.367609977722168,-13.374131202697754,7,6,396,9,male
-8.424694061279297,-12.63608455657959,7,7,396,9,male
-6.787230968475342,-11.848002433776855,7,8,396,9,male
-0.5927293300628662,-10.17551326751709,7,9,396,9,male
-8.218981742858887,-8.395143508911133,7,0,397,10,female
-10.62277889251709,-7.9692301750183105,7,1,397,10,female
-11.106053352355957,-7.9100518226623535,7,2,397,10,female
-11.127908706665039,-8.004255294799805,7,3,397,10,female
-11.089923858642578,-7.757772445678711,7,4,397,10,female
-10.6342191696167,-7.3999128341674805,7,5,397,10,female
-8.597236633300781,-8.312767028808594,7,6,397,10,female
-6.473033428192139,-9.069782257080078,7,7,397,10,female
-2.9287490844726562,-8.364213943481445,7,8,397,10,female
1.7449538707733154,-1.779787540435791,7,9,397,10,female
-8.810371398925781,-8.484880447387695,7,0,398,3,female
-10.304854393005371,-8.353999137878418,7,1,398,3,female
-10.853885650634766,-8.067280769348145,7,2,398,3,female
-10.90080738067627,-7.581243991851807,7,3,398,3,female
-10.398604393005371,-7.139785289764404,7,4,398,3,female
-9.054303169250488,-7.697181701660156,7,5,398,3,female
-7.3837409019470215,-8.628035545349121,7,6,398,3,female
-4.600972652435303,-9.0038480758667,7,7,398,3,female
0.6240257620811462,-3.9400529861450195,7,8,398,3,female
2.585958242416382,-0.9425738453865051,7,9,398,3,female
-7.9572834968566895,-11.926369667053223,7,0,399,1,male
-10.161859512329102,-11.3082275390625,7,1,399,1,male
-11.195889472961426,-11.675981521606445,7,2,399,1,male
-11.208969116210938,-11.83710765838623,7,3,399,1,male
-10.071127891540527,-11.987833023071289,7,4,399,1,male
-8.487748146057129,-11.779025077819824,7,5,399,1,male
-6.987314701080322,-11.09654712677002,7,6,399,1,male
-1.028442144393921,-9.678576469421387,7,7,399,1,male
2.755988121032715,-2.81119441986084,7,8,399,1,male
4.144414901733398,-0.22353523969650269,7,9,399,1,male
-11.21881103515625,-13.995649337768555,8,0,400,9,male
-12.342822074890137,-14.281760215759277,8,1,400,9,male
-11.887160301208496,-14.191023826599121,8,2,400,9,male
-9.853337287902832,-13.578771591186523,8,3,400,9,male
-7.652007579803467,-12.40445327758789,8,4,400,9,male
-5.548871994018555,-11.349461555480957,8,5,400,9,male
2.4780869483947754,-4.338357448577881,8,6,400,9,male
3.812150716781616,-0.846184492111206,8,7,400,9,male
48.2088508605957,-13.647823333740234,8,8,400,9,male
47.30388641357422,-13.456158638000488,8,9,400,9,male
-10.56964111328125,-14.26486587524414,8,0,401,7,male
-12.390496253967285,-15.321183204650879,8,1,401,7,male
-11.974480628967285,-15.043279647827148,8,2,401,7,male
-10.130975723266602,-14.13930606842041,8,3,401,7,male
-8.483463287353516,-13.022828102111816,8,4,401,7,male
-6.826552391052246,-12.30316162109375,8,5,401,7,male
-0.9143447875976562,-10.702045440673828,8,6,401,7,male
3.1186916828155518,-3.556436538696289,8,7,401,7,male
4.137440204620361,-0.5024474263191223,8,8,401,7,male
48.05608367919922,-13.900012969970703,8,9,401,7,male
-10.071227073669434,-8.742487907409668,8,0,402,0,male
-10.838448524475098,-8.48293685913086,8,1,402,0,male
-9.69918155670166,-7.616633415222168,8,2,402,0,male
-7.434850215911865,-8.364965438842773,8,3,402,0,male
-4.582505702972412,-8.805712699890137,8,4,402,0,male
0.799630343914032,-3.5124545097351074,8,5,402,0,male
2.759066581726074,-0.10998605191707611,8,6,402,0,male
47.30900573730469,-12.830252647399902,8,7,402,0,male
47.530242919921875,-13.079655647277832,8,8,402,0,male
47.77928924560547,-12.976613998413086,8,9,402,0,male
-10.689803123474121,-9.473320960998535,8,0,403,0,male
-11.372800827026367,-9.307711601257324,8,1,403,0,male
-10.369651794433594,-8.60738754272461,8,2,403,0,male
-8.022253036499023,-8.710221290588379,8,3,403,0,male
-5.201741695404053,-9.213506698608398,8,4,403,0,male
0.7587438821792603,-3.9010658264160156,8,5,403,0,male
2.779094696044922,-0.42589685320854187,8,6,403,0,male
47.527137756347656,-12.9339017868042,8,7,403,0,male
47.600467681884766,-12.775596618652344,8,8,403,0,male
47.60457992553711,-13.25275707244873,8,9,403,0,male
-10.314288139343262,-8.692614555358887,8,0,404,3,female
-11.500962257385254,-9.071383476257324,8,1,404,3,female
-11.076699256896973,-8.934906005859375,8,2,404,3,female
-8.819589614868164,-9.32062816619873,8,3,404,3,female
-6.2008771896362305,-10.10771656036377,8,4,404,3,female
0.5700223445892334,-4.674731254577637,8,5,404,3,female
2.3194258213043213,-1.3297094106674194,8,6,404,3,female
4.140091896057129,0.6963726282119751,8,7,404,3,female
47.53559494018555,-13.110455513000488,8,8,404,3,female
47.44116973876953,-13.445091247558594,8,9,404,3,female
-11.093799591064453,-13.965941429138184,8,0,405,9,male
-12.374380111694336,-14.30811595916748,8,1,405,9,male
-12.310802459716797,-14.272831916809082,8,2,405,9,male
-10.939629554748535,-14.07952880859375,8,3,405,9,male
-8.546395301818848,-12.998908042907715,8,4,405,9,male
-6.487890243530273,-11.601191520690918,8,5,405,9,male
1.818371057510376,-5.330361843109131,8,6,405,9,male
3.2559332847595215,-2.0315053462982178,8,7,405,9,male
4.467233657836914,0.14279623329639435,8,8,405,9,male
47.56270980834961,-12.764225006103516,8,9,405,9,male
-10.707365989685059,-14.454427719116211,8,0,406,7,male
-12.31450366973877,-15.389467239379883,8,1,406,7,male
-11.619245529174805,-14.92160415649414,8,2,406,7,male
-9.682616233825684,-13.84061050415039,8,3,406,7,male
-7.377309799194336,-12.512208938598633,8,4,406,7,male
-1.485278844833374,-10.927722930908203,8,5,406,7,male
2.7567057609558105,-4.081836223602295,8,6,406,7,male
3.9871201515197754,-0.8763883709907532,8,7,406,7,male
47.921024322509766,-12.741378784179688,8,8,406,7,male
47.98906707763672,-12.779428482055664,8,9,406,7,male
-10.63460636138916,-11.639440536499023,8,0,407,1,male
-10.885676383972168,-11.747651100158691,8,1,407,1,male
-9.412626266479492,-11.678275108337402,8,2,407,1,male
-7.541703701019287,-11.390485763549805,8,3,407,1,male
-1.6497242450714111,-9.839661598205566,8,4,407,1,male
2.3971920013427734,-3.2666542530059814,8,5,407,1,male
4.085504055023193,-0.2950098216533661,8,6,407,1,male
47.64059066772461,-13.596583366394043,8,7,407,1,male
47.96965408325195,-12.716961860656738,8,8,407,1,male
47.873382568359375,-12.669184684753418,8,9,407,1,male
-10.605925559997559,-8.795571327209473,8,0,408,0,male
-11.048986434936523,-8.594482421875,8,1,408,0,male
-9.826746940612793,-7.606109142303467,8,2,408,0,male
-7.439413070678711,-8.37574291229248,8,3,408,0,male
-4.329578399658203,-8.810880661010742,8,4,408,0,male
0.8952866196632385,-3.199629306793213,8,5,408,0,male
2.8441572189331055,0.025408374145627022,8,6,408,0,male
47.85758590698242,-13.264962196350098,8,7,408,0,male
47.76836395263672,-12.873831748962402,8,8,408,0,male
48.029747009277344,-12.955178260803223,8,9,408,0,male
-8.853379249572754,-6.6047186851501465,8,0,409,2,female
-9.230199813842773,-6.365768909454346,8,1,409,2,female
-8.557456970214844,-7.183996200561523,8,2,409,2,female
-6.639980316162109,-7.8936238288879395,8,3,409,2,female
-3.702178478240967,-8.367125511169434,8,4,409,2,female
1.0661431550979614,-2.6132726669311523,8,5,409,2,female
3.0959441661834717,0.2901909649372101,8,6,409,2,female
47.3098258972168,-13.17916488647461,8,7,409,2,female
48.03861618041992,-12.750100135803223,8,8,409,2,female
47.506168365478516,-13.58454704284668,8,9,409,2,female
-10.302621841430664,-8.991276741027832,8,0,410,3,female
-10.89257526397705,-8.835670471191406,8,1,410,3,female
-10.45850944519043,-8.718001365661621,8,2,410,3,female
-8.440058708190918,-9.0353364944458,8,3,410,3,female
-6.431484222412109,-9.756985664367676,8,4,410,3,female
-2.9779441356658936,-8.614530563354492,8,5,410,3,female
1.5776164531707764,-2.0965797901153564,8,6,410,3,female
3.3797638416290283,0.6567502021789551,8,7,410,3,female
48.386962890625,-14.153280258178711,8,8,410,3,female
47.860801696777344,-12.659967422485352,8,9,410,3,female
-11.323266983032227,-11.79994010925293,8,0,411,1,male
-11.594195365905762,-11.875102996826172,8,1,411,1,male
-10.212953567504883,-11.789695739746094,8,2,411,1,male
-7.91095495223999,-11.62160587310791,8,3,411,1,male
-2.545664072036743,-10.174345970153809,8,4,411,1,male
1.974601149559021,-3.990846872329712,8,5,411,1,male
3.6752564907073975,-0.7809312343597412,8,6,411,1,male
47.46630859375,-13.026158332824707,8,7,411,1,male
47.9979133605957,-12.922000885009766,8,8,411,1,male
47.27743911743164,-12.837482452392578,8,9,411,1,male
-11.740208625793457,-9.500890731811523,8,0,412,11,female
-12.111944198608398,-9.73948860168457,8,1,412,11,female
-10.35404109954834,-9.430152893066406,8,2,412,11,female
-7.709854602813721,-9.943379402160645,8,3,412,11,female
-3.4496946334838867,-9.467406272888184,8,4,412,11,female
-3.8063535690307617,-9.977395057678223,8,5,412,11,female
-3.7219321727752686,-9.968079566955566,8,6,412,11,female
-3.7575666904449463,-10.003440856933594,8,7,412,11,female
-3.729020595550537,-10.079307556152344,8,8,412,11,female
48.68777084350586,-14.425104141235352,8,9,412,11,female
-10.629551887512207,-8.852788925170898,8,0,413,0,male
-11.576892852783203,-8.945283889770508,8,1,413,0,male
-10.702340126037598,-8.062934875488281,8,2,413,0,male
-8.114474296569824,-8.537824630737305,8,3,413,0,male
-5.251158714294434,-9.2047119140625,8,4,413,0,male
0.6423121094703674,-3.9130001068115234,8,5,413,0,male
2.686678409576416,-0.5581222772598267,8,6,413,0,male
47.6654052734375,-13.799819946289062,8,7,413,0,male
47.417640686035156,-13.477953910827637,8,8,413,0,male
47.552452087402344,-12.844614028930664,8,9,413,0,male
-10.423934936523438,-8.516676902770996,8,0,414,0,male
-10.866059303283691,-8.300309181213379,8,1,414,0,male
-9.402957916259766,-7.496223449707031,8,2,414,0,male
-7.185840606689453,-8.164379119873047,8,3,414,0,male
-4.279597282409668,-8.513504028320312,8,4,414,0,male
0.8334206938743591,-3.170776844024658,8,5,414,0,male
2.922297716140747,0.12406332790851593,8,6,414,0,male
47.801170349121094,-13.02747917175293,8,7,414,0,male
48.062191009521484,-12.886846542358398,8,8,414,0,male
47.4378662109375,-12.725274085998535,8,9,414,0,male
-11.34844970703125,-9.49645709991455,8,0,415,11,female
-12.004404067993164,-9.803892135620117,8,1,415,11,female
-11.04035758972168,-9.626432418823242,8,2,415,11,female
-8.317944526672363,-9.887847900390625,8,3,415,11,female
-6.125509262084961,-10.165505409240723,8,4,415,11,female
0.463194340467453,-4.677687644958496,8,5,415,11,female
2.0239124298095703,-1.3875235319137573,8,6,415,11,female
3.770756959915161,0.8214126825332642,8,7,415,11,female
47.205013275146484,-13.030588150024414,8,8,415,11,female
47.49321365356445,-12.974873542785645,8,9,415,11,female
-9.404275894165039,-6.60459566116333,8,0,416,2,female
-9.770641326904297,-6.488494873046875,8,1,416,2,female
-9.191171646118164,-7.013496398925781,8,2,416,2,female
-6.899911403656006,-8.09561538696289,8,3,416,2,female
-4.0156450271606445,-8.488844871520996,8,4,416,2,female
0.9443731307983398,-2.9758455753326416,8,5,416,2,female
2.976649284362793,0.2617723047733307,8,6,416,2,female
48.21821212768555,-13.446344375610352,8,7,416,2,female
47.68708801269531,-12.717000961303711,8,8,416,2,female
47.193214416503906,-13.387001991271973,8,9,416,2,female
-10.461549758911133,-8.839619636535645,8,0,417,3,female
-11.370904922485352,-8.845316886901855,8,1,417,3,female
-10.765819549560547,-8.644108772277832,8,2,417,3,female
-8.405698776245117,-8.985458374023438,8,3,417,3,female
-5.705566883087158,-9.666333198547363,8,4,417,3,female
0.8775131702423096,-4.19535493850708,8,5,417,3,female
2.721540689468384,-0.8047025203704834,8,6,417,3,female
47.96809387207031,-14.108232498168945,8,7,417,3,female
47.78695297241211,-13.096379280090332,8,8,417,3,female
47.9741096496582,-12.927433967590332,8,9,417,3,female
-11.25909423828125,-11.617838859558105,8,0,418,1,male
-11.691261291503906,-11.670730590820312,8,1,418,1,male
-11.035638809204102,-11.38901138305664,8,2,418,1,male
-8.680030822753906,-11.568228721618652,8,3,418,1,male
-6.358804702758789,-10.68297004699707,8,4,418,1,male
1.5692040920257568,-4.630585670471191,8,5,418,1,male
3.3688714504241943,-1.2026548385620117,8,6,418,1,male
4.4027204513549805,0.5945194959640503,8,7,418,1,male
47.88204574584961,-12.810216903686523,8,8,418,1,male
47.22450637817383,-12.844257354736328,8,9,418,1,male
-10.518741607666016,-14.404528617858887,8,0,419,7,male
-12.270123481750488,-15.255151748657227,8,1,419,7,male
-11.96242904663086,-14.965256690979004,8,2,419,7,male
-10.171367645263672,-14.142642974853516,8,3,419,7,male
-8.239479064941406,-12.933728218078613,8,4,419,7,male
-6.422637939453125,-11.846315383911133,8,5,419,7,male
1.9105207920074463,-5.408596515655518,8,6,419,7,male
3.3710360527038574,-1.9671763181686401,8,7,419,7,male
4.5713934898376465,0.5111013054847717,8,8,419,7,male
47.8510856628418,-14.253508567810059,8,9,419,7,male
-11.472288131713867,-12.043571472167969,8,0,420,1,male
-11.83893871307373,-12.293027877807617,8,1,420,1,male
-10.444668769836426,-12.137139320373535,8,2,420,1,male
-8.06889533996582,-12.043160438537598,8,3,420,1,male
-5.923094749450684,-11.1121187210083,8,4,420,1,male
2.1897573471069336,-4.4714674949646,8,5,420,1,male
3.7453975677490234,-1.0170552730560303,8,6,420,1,male
48.08287811279297,-13.731590270996094,8,7,420,1,male
47.626731872558594,-13.390109062194824,8,8,420,1,male
47.379669189453125,-13.109053611755371,8,9,420,1,male
0.8616914749145508,-4.692975997924805,8,0,421,11,female
-6.358054161071777,-10.20999813079834,8,1,421,11,female
-9.726967811584473,-9.673128128051758,8,2,421,11,female
-12.048125267028809,-9.808672904968262,8,3,421,11,female
-12.188655853271484,-9.88847827911377,8,4,421,11,female
-11.199437141418457,-9.784624099731445,8,5,421,11,female
-8.653884887695312,-9.861760139465332,8,6,421,11,female
-6.449542999267578,-10.09600830078125,8,7,421,11,female
-2.7724862098693848,-8.692927360534668,8,8,421,11,female
1.7654376029968262,-2.023972272872925,8,9,421,11,female
-10.97518253326416,-8.142634391784668,8,0,422,6,female
-11.304022789001465,-7.858325004577637,8,1,422,6,female
-10.396453857421875,-7.48478364944458,8,2,422,6,female
-8.125046730041504,-8.403902053833008,8,3,422,6,female
-5.788775444030762,-9.176764488220215,8,4,422,6,female
0.21176578104496002,-4.553316593170166,8,5,422,6,female
2.159252882003784,-1.2174334526062012,8,6,422,6,female
3.8411927223205566,0.6713272929191589,8,7,422,6,female
47.54349136352539,-12.797747611999512,8,8,422,6,female
47.49748992919922,-13.466720581054688,8,9,422,6,female
-11.199646949768066,-11.600708961486816,8,0,423,1,male
-11.390718460083008,-11.679883003234863,8,1,423,1,male
-10.097535133361816,-11.744438171386719,8,2,423,1,male
-7.79620885848999,-11.49899673461914,8,3,423,1,male
-2.464874744415283,-10.129094123840332,8,4,423,1,male
2.0275299549102783,-3.9205596446990967,8,5,423,1,male
3.6742000579833984,-0.7514899969100952,8,6,423,1,male
47.40633010864258,-12.879979133605957,8,7,423,1,male
47.442405700683594,-13.484435081481934,8,8,423,1,male
47.21335983276367,-13.390693664550781,8,9,423,1,male
-11.347148895263672,-14.316061973571777,8,0,424,9,male
-12.369916915893555,-14.770930290222168,8,1,424,9,male
-11.80241584777832,-14.528993606567383,8,2,424,9,male
-9.833539962768555,-13.805519104003906,8,3,424,9,male
-7.653543472290039,-12.541740417480469,8,4,424,9,male
-5.665049076080322,-11.394229888916016,8,5,424,9,male
2.404703140258789,-4.4482245445251465,8,6,424,9,male
3.8515169620513916,-0.9161453247070312,8,7,424,9,male
48.16604232788086,-13.272154808044434,8,8,424,9,male
47.22172164916992,-13.32158088684082,8,9,424,9,male
-11.02083683013916,-14.065293312072754,8,0,425,9,male
-12.20582103729248,-14.274951934814453,8,1,425,9,male
-11.260860443115234,-14.04630184173584,8,2,425,9,male
-8.90271282196045,-13.083026885986328,8,3,425,9,male
-6.6382222175598145,-11.799090385437012,8,4,425,9,male
-0.4556216299533844,-9.971896171569824,8,5,425,9,male
3.2026612758636475,-2.4621047973632812,8,6,425,9,male
4.368369102478027,0.3393511176109314,8,7,425,9,male
48.054229736328125,-13.399399757385254,8,8,425,9,male
47.55191421508789,-13.138994216918945,8,9,425,9,male
-10.736625671386719,-11.750523567199707,8,0,426,1,male
-11.149959564208984,-11.836552619934082,8,1,426,1,male
-9.731233596801758,-12.15925407409668,8,2,426,1,male
-7.465875625610352,-11.73573112487793,8,3,426,1,male
-1.987733244895935,-9.958266258239746,8,4,426,1,male
2.241248369216919,-3.3709404468536377,8,5,426,1,male
3.2929365634918213,-0.03430277109146118,8,6,426,1,male
47.964900970458984,-14.099574089050293,8,7,426,1,male
47.258480072021484,-13.107600212097168,8,8,426,1,male
47.79546356201172,-12.917281150817871,8,9,426,1,male
-11.369396209716797,-13.933837890625,8,0,427,9,male
-12.320134162902832,-13.993636131286621,8,1,427,9,male
-12.0938138961792,-13.709418296813965,8,2,427,9,male
-10.247745513916016,-13.188516616821289,8,3,427,9,male
-7.944913864135742,-12.442313194274902,8,4,427,9,male
-5.996993541717529,-11.393279075622559,8,5,427,9,male
2.2874884605407715,-4.598916053771973,8,6,427,9,male
3.6478426456451416,-1.1272013187408447,8,7,427,9,male
48.165584564208984,-13.877969741821289,8,8,427,9,male
48.03535079956055,-12.97320556640625,8,9,427,9,male
-11.532238960266113,-9.582374572753906,8,0,428,11,female
-12.179404258728027,-9.83162784576416,8,1,428,11,female
-11.503083229064941,-9.812137603759766,8,2,428,11,female
-8.962559700012207,-9.928601264953613,8,3,428,11,female
-6.42781400680542,-10.117119789123535,8,4,428,11,female
-2.8878064155578613,-8.608927726745605,8,5,428,11,female
1.6304720640182495,-1.982917070388794,8,6,428,11,female
3.562406301498413,0.5988178253173828,8,7,428,11,female
47.432472229003906,-13.546504974365234,8,8,428,11,female
47.422569274902344,-12.787954330444336,8,9,428,11,female
-8.96914005279541,-6.545982360839844,8,0,429,2,female
-9.209376335144043,-6.420023441314697,8,1,429,2,female
-8.218160629272461,-7.212503433227539,8,2,429,2,female
-6.375309467315674,-7.96468448638916,8,3,429,2,female
-3.3836281299591064,-8.184184074401855,8,4,429,2,female
1.2722631692886353,-2.1645402908325195,8,5,429,2,female
3.4614338874816895,0.7313501238822937,8,6,429,2,female
47.67679214477539,-12.70958137512207,8,7,429,2,female
47.3817138671875,-12.780783653259277,8,8,429,2,female
47.3789176940918,-13.400132179260254,8,9,429,2,female
-10.389467239379883,-8.83691120147705,8,0,430,0,male
-11.345577239990234,-8.716435432434082,8,1,430,0,male
-10.607882499694824,-7.371729373931885,8,2,430,0,male
-7.932528018951416,-8.32552433013916,8,3,430,0,male
-5.191371917724609,-8.945501327514648,8,4,430,0,male
0.5369052290916443,-3.8410282135009766,8,5,430,0,male
2.680255889892578,-0.4228416383266449,8,6,430,0,male
47.36080551147461,-12.937371253967285,8,7,430,0,male
47.37430191040039,-12.932244300842285,8,8,430,0,male
47.24315643310547,-12.84583854675293,8,9,430,0,male
-9.121560096740723,-13.40389347076416,8,0,431,8,male
-11.575278282165527,-14.587198257446289,8,1,431,8,male
-11.26720905303955,-14.32925796508789,8,2,431,8,male
-8.757723808288574,-13.154118537902832,8,3,431,8,male
-6.298608303070068,-11.488580703735352,8,4,431,8,male
1.837221384048462,-5.113598823547363,8,5,431,8,male
3.1549606323242188,-1.1087373495101929,8,6,431,8,male
4.056727886199951,0.8179583549499512,8,7,431,8,male
47.767364501953125,-13.125775337219238,8,8,431,8,male
47.303192138671875,-13.068840980529785,8,9,431,8,male
-11.12074089050293,-13.749343872070312,8,0,432,9,male
-12.309854507446289,-14.104524612426758,8,1,432,9,male
-12.28646469116211,-14.17835807800293,8,2,432,9,male
-10.444844245910645,-13.712632179260254,8,3,432,9,male
-8.224252700805664,-12.90966796875,8,4,432,9,male
-6.170652866363525,-11.312774658203125,8,5,432,9,male
2.0375661849975586,-4.936790943145752,8,6,432,9,male
3.3558430671691895,-1.4693450927734375,8,7,432,9,male
4.544991493225098,0.3140076696872711,8,8,432,9,male
47.7498664855957,-12.709007263183594,8,9,432,9,male
-10.104427337646484,-14.175826072692871,8,0,433,7,male
-12.213699340820312,-15.412979125976562,8,1,433,7,male
-11.954983711242676,-15.089618682861328,8,2,433,7,male
-9.854565620422363,-13.91628646850586,8,3,433,7,male
-7.569336414337158,-12.597167015075684,8,4,433,7,male
-5.31205940246582,-11.388094902038574,8,5,433,7,male
2.552306652069092,-4.305220127105713,8,6,433,7,male
3.96368408203125,-0.866725742816925,8,7,433,7,male
48.27513885498047,-13.338375091552734,8,8,433,7,male
47.70149230957031,-12.872044563293457,8,9,433,7,male
-10.265429496765137,-8.354198455810547,8,0,434,6,female
-10.992647171020508,-8.281143188476562,8,1,434,6,female
-10.168988227844238,-8.208759307861328,8,2,434,6,female
-8.080416679382324,-8.66025161743164,8,3,434,6,female
-5.643412113189697,-9.411263465881348,8,4,434,6,female
0.7204225063323975,-4.216925144195557,8,5,434,6,female
2.729407548904419,-0.5985981225967407,8,6,434,6,female
48.51424789428711,-14.763596534729004,8,7,434,6,female
47.284690856933594,-13.02005672454834,8,8,434,6,female
48.06848907470703,-12.928977012634277,8,9,434,6,female
-10.707135200500488,-8.375944137573242,8,0,435,10,female
-11.398015022277832,-8.217196464538574,8,1,435,10,female
-10.926688194274902,-8.050040245056152,8,2,435,10,female
-8.497354507446289,-8.687920570373535,8,3,435,10,female
-6.208382606506348,-9.414504051208496,8,4,435,10,female
0.1158357784152031,-4.893202304840088,8,5,435,10,female
1.9205313920974731,-1.6186720132827759,8,6,435,10,female
3.799166202545166,0.6131163835525513,8,7,435,10,female
47.265933990478516,-13.391277313232422,8,8,435,10,female
47.30733871459961,-12.893299102783203,8,9,435,10,female
-9.06663703918457,-13.448500633239746,8,0,436,8,male
-11.377930641174316,-14.661794662475586,8,1,436,8,male
-11.254803657531738,-14.581072807312012,8,2,436,8,male
-8.858159065246582,-13.2711763381958,8,3,436,8,male
-6.528703212738037,-11.868721961975098,8,4,436,8,male
1.795959234237671,-5.313244342803955,8,5,436,8,male
3.3464226722717285,-1.7996253967285156,8,6,436,8,male
49.018943786621094,-15.793931007385254,8,7,436,8,male
47.68943786621094,-13.277990341186523,8,8,436,8,male
47.23542785644531,-13.382378578186035,8,9,436,8,male
-10.156378746032715,-8.818964958190918,8,0,437,3,female
-10.744494438171387,-8.740790367126465,8,1,437,3,female
-10.291893005371094,-8.84488296508789,8,2,437,3,female
-8.26653003692627,-9.139533042907715,8,3,437,3,female
-6.090774059295654,-9.758646011352539,8,4,437,3,female
0.4483833312988281,-4.600139617919922,8,5,437,3,female
2.1105916500091553,-1.3612964153289795,8,6,437,3,female
3.869795560836792,0.6987781524658203,8,7,437,3,female
47.9675407409668,-12.95995807647705,8,8,437,3,female
48.0547981262207,-12.741984367370605,8,9,437,3,female
-11.450472831726074,-9.412142753601074,8,0,438,11,female
-12.397722244262695,-9.617084503173828,8,1,438,11,female
-11.748567581176758,-9.741883277893066,8,2,438,11,female
-9.19970703125,-9.497591972351074,8,3,438,11,female
-6.559817314147949,-10.280206680297852,8,4,438,11,female
-3.2041003704071045,-8.820590019226074,8,5,438,11,female
1.3761712312698364,-3.623802661895752,8,6,438,11,female
2.4461536407470703,-1.358163595199585,8,7,438,11,female
-3.4664669036865234,-9.999635696411133,8,8,438,11,female
49.02143096923828,-15.749626159667969,8,9,438,11,female
-9.921810150146484,-14.046523094177246,8,0,439,7,male
-12.364057540893555,-15.348492622375488,8,1,439,7,male
-12.260677337646484,-15.107524871826172,8,2,439,7,male
-10.130938529968262,-14.03710651397705,8,3,439,7,male
-8.000015258789062,-12.745001792907715,8,4,439,7,male
-6.0305938720703125,-11.59804916381836,8,5,439,7,male
2.3354310989379883,-4.71211051940918,8,6,439,7,male
3.6038341522216797,-1.3466893434524536,8,7,439,7,male
47.917442321777344,-13.655624389648438,8,8,439,7,male
47.16328048706055,-13.01660442352295,8,9,439,7,male
-10.928488731384277,-8.962533950805664,8,0,440,0,male
-11.283320426940918,-8.825255393981934,8,1,440,0,male
-9.82402515411377,-7.7486090660095215,8,2,440,0,male
-7.410146236419678,-8.457475662231445,8,3,440,0,male
-4.54592227935791,-8.695859909057617,8,4,440,0,male
0.7421784996986389,-3.372673273086548,8,5,440,0,male
2.8763861656188965,-0.08311249315738678,8,6,440,0,male
48.67442321777344,-14.263387680053711,8,7,440,0,male
47.898460388183594,-12.841438293457031,8,8,440,0,male
48.06623458862305,-12.752603530883789,8,9,440,0,male
-9.487615585327148,-6.508641242980957,8,0,441,2,female
-9.207283020019531,-6.1998114585876465,8,1,441,2,female
-8.27151107788086,-6.941525459289551,8,2,441,2,female
-6.531930923461914,-7.957514762878418,8,3,441,2,female
-4.09677791595459,-8.29955005645752,8,4,441,2,female
0.991619348526001,-2.5540647506713867,8,5,441,2,female
3.035017967224121,0.4469233751296997,8,6,441,2,female
48.14456558227539,-13.453125953674316,8,7,441,2,female
47.447181701660156,-12.826231956481934,8,8,441,2,female
47.23455047607422,-12.995695114135742,8,9,441,2,female
-10.856358528137207,-14.553059577941895,8,0,442,7,male
-12.235095024108887,-15.342805862426758,8,1,442,7,male
-11.741562843322754,-14.839570045471191,8,2,442,7,male
-10.037439346313477,-13.680610656738281,8,3,442,7,male
-7.864099979400635,-12.425384521484375,8,4,442,7,male
-5.939807891845703,-11.485030174255371,8,5,442,7,male
2.3355677127838135,-4.528540134429932,8,6,442,7,male
3.809454917907715,-0.9910136461257935,8,7,442,7,male
47.69374465942383,-13.796210289001465,8,8,442,7,male
47.44061279296875,-13.14017105102539,8,9,442,7,male
-10.390912055969238,-8.892655372619629,8,0,443,0,male
-11.209678649902344,-8.904975891113281,8,1,443,0,male
-10.165212631225586,-7.82043981552124,8,2,443,0,male
-7.828298091888428,-8.505533218383789,8,3,443,0,male
-5.055293560028076,-8.993924140930176,8,4,443,0,male
0.6452494263648987,-3.7685210704803467,8,5,443,0,male
2.6969127655029297,-0.481269896030426,8,6,443,0,male
48.238765716552734,-13.406261444091797,8,7,443,0,male
47.15409851074219,-13.073902130126953,8,8,443,0,male
47.97377014160156,-12.693293571472168,8,9,443,0,male
-10.857179641723633,-11.587437629699707,8,0,444,1,male
-11.131575584411621,-11.732078552246094,8,1,444,1,male
-10.083773612976074,-11.731766700744629,8,2,444,1,male
-7.98265266418457,-11.598116874694824,8,3,444,1,male
-2.67903208732605,-10.114113807678223,8,4,444,1,male
1.921289324760437,-4.069544315338135,8,5,444,1,male
3.6156790256500244,-0.8462735414505005,8,6,444,1,male
47.48495101928711,-12.615681648254395,8,7,444,1,male
47.814476013183594,-12.908953666687012,8,8,444,1,male
47.63209915161133,-12.709317207336426,8,9,444,1,male
-8.935412406921387,-6.637851715087891,8,0,445,2,female
-9.340985298156738,-6.257627487182617,8,1,445,2,female
-9.047905921936035,-6.842088222503662,8,2,445,2,female
-6.915069103240967,-7.962401390075684,8,3,445,2,female
-4.153275489807129,-8.393332481384277,8,4,445,2,female
0.92612624168396,-2.928159236907959,8,5,445,2,female
2.9839320182800293,0.28537851572036743,8,6,445,2,female
47.176090240478516,-13.071270942687988,8,7,445,2,female
47.342708587646484,-13.09335708618164,8,8,445,2,female
47.1517448425293,-12.832157135009766,8,9,445,2,female
-11.146063804626465,-13.574138641357422,8,0,446,9,male
-12.361105918884277,-13.823897361755371,8,1,446,9,male
-12.129218101501465,-13.877573013305664,8,2,446,9,male
-10.13475227355957,-13.262104034423828,8,3,446,9,male
-7.884517669677734,-12.433324813842773,8,4,446,9,male
-5.86223030090332,-11.35615348815918,8,5,446,9,male
2.3524539470672607,-4.559628009796143,8,6,446,9,male
3.790815591812134,-1.1745887994766235,8,7,446,9,male
48.1656494140625,-12.96858024597168,8,8,446,9,male
47.25257110595703,-12.790963172912598,8,9,446,9,male
-11.661198616027832,-9.720783233642578,8,0,447,11,female
-12.18741226196289,-9.836023330688477,8,1,447,11,female
-11.646824836730957,-9.963724136352539,8,2,447,11,female
-9.524384498596191,-11.538788795471191,8,3,447,11,female
-7.617641925811768,-11.126845359802246,8,4,447,11,female
-2.941361904144287,-9.89575481414795,8,5,447,11,female
1.929054617881775,-3.7639429569244385,8,6,447,11,female
3.555182933807373,-0.5584695339202881,8,7,447,11,female
47.2961311340332,-13.26702880859375,8,8,447,11,female
47.79087829589844,-12.700451850891113,8,9,447,11,female
-10.92679214477539,-8.176692008972168,8,0,448,10,female
-11.617781639099121,-8.27916431427002,8,1,448,10,female
-11.03034782409668,-8.247810363769531,8,2,448,10,female
-8.669052124023438,-8.701552391052246,8,3,448,10,female
-6.512139797210693,-9.40002155303955,8,4,448,10,female
-3.0055010318756104,-8.436566352844238,8,5,448,10,female
1.4942625761032104,-1.9297736883163452,8,6,448,10,female
3.2515182495117188,0.47034987807273865,8,7,448,10,female
48.37507629394531,-13.263699531555176,8,8,448,10,female
47.23542022705078,-12.969003677368164,8,9,448,10,female
-10.61347484588623,-8.664156913757324,8,0,449,0,male
-11.190033912658691,-8.695575714111328,8,1,449,0,male
-9.851243019104004,-7.751989364624023,8,2,449,0,male
-7.459329605102539,-8.53577709197998,8,3,449,0,male
-4.429262638092041,-8.839339256286621,8,4,449,0,male
0.8265437483787537,-3.4552688598632812,8,5,449,0,male
2.8491740226745605,-0.04213600978255272,8,6,449,0,male
47.3144416809082,-13.59119701385498,8,7,449,0,male
47.73514938354492,-12.755860328674316,8,8,449,0,male
47.591041564941406,-12.605812072753906,8,9,449,0,male
-10.487427711486816,-14.493550300598145,9,0,450,7,male
-12.024174690246582,-15.37920093536377,9,1,450,7,male
-12.071551322937012,-15.356796264648438,9,2,450,7,male
-11.683290481567383,-14.781824111938477,9,3,450,7,male
-10.968557357788086,-13.672298431396484,9,4,450,7,male
-9.583633422851562,-12.438371658325195,9,5,450,7,male
-7.778159141540527,-11.705953598022461,9,6,450,7,male
-2.4270827770233154,-10.287057876586914,9,7,450,7,male
2.0374867916107178,-3.958197832107544,9,8,450,7,male
3.588325023651123,-0.8843609094619751,9,9,450,7,male
-11.86562728881836,-8.741299629211426,9,0,451,10,female
-12.33214282989502,-9.043623924255371,9,1,451,10,female
-12.049580574035645,-9.266444206237793,9,2,451,10,female
-10.836810111999512,-9.496811866760254,9,3,451,10,female
-9.238192558288574,-9.433597564697266,9,4,451,10,female
-7.200433731079102,-9.608832359313965,9,5,451,10,female
-3.721076250076294,-9.357514381408691,9,6,451,10,female
1.4901976585388184,-3.1937105655670166,9,7,451,10,female
3.325181484222412,-0.04538098722696304,9,8,451,10,female
48.2155876159668,-13.793850898742676,9,9,451,10,female
-11.957602500915527,-9.745814323425293,9,0,452,11,female
-12.360173225402832,-9.760220527648926,9,1,452,11,female
-12.205488204956055,-9.967252731323242,9,2,452,11,female
-11.2804536819458,-9.509591102600098,9,3,452,11,female
-10.06479263305664,-9.249007225036621,9,4,452,11,female
-8.046334266662598,-9.540994644165039,9,5,452,11,female
-5.843857765197754,-9.946046829223633,9,6,452,11,female
0.9445379376411438,-4.62294864654541,9,7,452,11,female
2.7604868412017822,-1.4829610586166382,9,8,452,11,female
4.271003246307373,0.4755232334136963,9,9,452,11,female
-9.19261646270752,-7.286774635314941,9,0,453,2,female
-9.53905200958252,-6.817227363586426,9,1,453,2,female
-8.67593002319336,-7.038553714752197,9,2,453,2,female
-8.433969497680664,-7.699336528778076,9,3,453,2,female
-8.329262733459473,-8.846236228942871,9,4,453,2,female
-8.003363609313965,-9.477944374084473,9,5,453,2,female
-7.232944488525391,-9.762138366699219,9,6,453,2,female
-5.782815456390381,-9.988699913024902,9,7,453,2,female
1.0265742540359497,-5.000417709350586,9,8,453,2,female
2.7123990058898926,-2.1308395862579346,9,9,453,2,female
-10.723795890808105,-10.76163387298584,9,0,454,0,male
-11.613311767578125,-10.073118209838867,9,1,454,0,male
-10.685042381286621,-10.568456649780273,9,2,454,0,male
-10.006946563720703,-9.88573169708252,9,3,454,0,male
-9.668177604675293,-9.135672569274902,9,4,454,0,male
-8.715116500854492,-8.819138526916504,9,5,454,0,male
-7.14517879486084,-8.676124572753906,9,6,454,0,male
-4.503899574279785,-8.922843933105469,9,7,454,0,male
0.4591105282306671,-3.975390672683716,9,8,454,0,male
2.323868751525879,-0.8503965139389038,9,9,454,0,male
-9.316972732543945,-6.9646501541137695,9,0,455,2,female
-9.395289421081543,-6.580188274383545,9,1,455,2,female
-9.064203262329102,-7.283966541290283,9,2,455,2,female
-9.33238697052002,-8.20661735534668,9,3,455,2,female
-9.319175720214844,-9.30477523803711,9,4,455,2,female
-8.791254997253418,-9.488710403442383,9,5,455,2,female
-7.7061991691589355,-9.765389442443848,9,6,455,2,female
-5.739509105682373,-10.042860984802246,9,7,455,2,female
1.2115353345870972,-4.753791809082031,9,8,455,2,female
2.848562479019165,-1.793989896774292,9,9,455,2,female
-9.948036193847656,-14.12183952331543,9,0,456,8,male
-11.936966896057129,-15.06398868560791,9,1,456,8,male
-12.137861251831055,-15.302714347839355,9,2,456,8,male
-11.024691581726074,-14.717820167541504,9,3,456,8,male
-9.252714157104492,-13.528376579284668,9,4,456,8,male
-7.152301788330078,-12.48208236694336,9,5,456,8,male
-1.4010857343673706,-10.894956588745117,9,6,456,8,male
2.799900770187378,-4.099358558654785,9,7,456,8,male
4.066620349884033,-1.0119069814682007,9,8,456,8,male
48.23311996459961,-13.155966758728027,9,9,456,8,male
-11.221417427062988,-14.476869583129883,9,0,457,9,male
-12.493352890014648,-15.152615547180176,9,1,457,9,male
-12.327530860900879,-15.294364929199219,9,2,457,9,male
-11.226615905761719,-14.74738597869873,9,3,457,9,male
-9.966632843017578,-14.053643226623535,9,4,457,9,male
-8.359793663024902,-12.95586109161377,9,5,457,9,male
-6.728808879852295,-12.229257583618164,9,6,457,9,male
-0.7969008088111877,-10.659729957580566,9,7,457,9,male
3.1837594509124756,-3.3874428272247314,9,8,457,9,male
4.375466823577881,-0.4376876652240753,9,9,457,9,male
-10.486235618591309,-8.583431243896484,9,0,458,6,female
-10.645421028137207,-8.664619445800781,9,1,458,6,female
-10.255258560180664,-9.057665824890137,9,2,458,6,female
-9.930194854736328,-9.360952377319336,9,3,458,6,female
-9.272687911987305,-9.350214004516602,9,4,458,6,female
-7.810252666473389,-9.600276947021484,9,5,458,6,female
-5.916899681091309,-9.951112747192383,9,6,458,6,female
1.0644527673721313,-4.771803855895996,9,7,458,6,female
2.784714460372925,-1.7235844135284424,9,8,458,6,female
4.322495937347412,0.3148152828216553,9,9,458,6,female
-9.96943473815918,-14.050363540649414,9,0,459,8,male
-11.668212890625,-14.918498992919922,9,1,459,8,male
-11.467986106872559,-14.978816032409668,9,2,459,8,male
-10.099357604980469,-14.169158935546875,9,3,459,8,male
-8.32422924041748,-13.067998886108398,9,4,459,8,male
-6.586255073547363,-12.07414436340332,9,5,459,8,male
-0.6527261137962341,-10.473528861999512,9,6,459,8,male
3.2258050441741943,-3.1208181381225586,9,7,459,8,male
4.221560001373291,-0.15718810260295868,9,8,459,8,male
47.80897903442383,-13.920926094055176,9,9,459,8,male
-11.394668579101562,-14.593160629272461,9,0,460,9,male
-12.496232986450195,-15.171430587768555,9,1,460,9,male
-12.41819953918457,-15.209317207336426,9,2,460,9,male
-11.282835006713867,-14.689064025878906,9,3,460,9,male
-9.907890319824219,-13.985302925109863,9,4,460,9,male
-8.511884689331055,-13.022576332092285,9,5,460,9,male
-6.813811302185059,-12.213682174682617,9,6,460,9,male
-0.9364277720451355,-10.73175048828125,9,7,460,9,male
3.079582929611206,-3.5812666416168213,9,8,460,9,male
4.198028087615967,-0.6034595370292664,9,9,460,9,male
-11.453709602355957,-8.68766975402832,9,0,461,10,female
-12.230013847351074,-9.153251647949219,9,1,461,10,female
-11.935809135437012,-9.300769805908203,9,2,461,10,female
-10.984522819519043,-9.410124778747559,9,3,461,10,female
-9.817748069763184,-9.383992195129395,9,4,461,10,female
-7.916543006896973,-9.511357307434082,9,5,461,10,female
-5.1553239822387695,-9.740774154663086,9,6,461,10,female
1.1108055114746094,-3.935978889465332,9,7,461,10,female
3.0229601860046387,-0.4089551568031311,9,8,461,10,female
48.17064666748047,-13.009443283081055,9,9,461,10,female
-10.835710525512695,-12.763460159301758,9,0,462,1,male
-11.983527183532715,-12.597179412841797,9,1,462,1,male
-11.605358123779297,-12.026077270507812,9,2,462,1,male
-10.9240083694458,-11.816109657287598,9,3,462,1,male
-9.716849327087402,-11.850129127502441,9,4,462,1,male
-7.825056552886963,-11.455293655395508,9,5,462,1,male
-2.4479804039001465,-10.268386840820312,9,6,462,1,male
1.933052659034729,-4.1211161613464355,9,7,462,1,male
3.4572105407714844,-0.9680085778236389,9,8,462,1,male
48.064327239990234,-14.414827346801758,9,9,462,1,male
-11.287836074829102,-14.654946327209473,9,0,463,9,male
-12.409812927246094,-15.286022186279297,9,1,463,9,male
-12.292856216430664,-15.444794654846191,9,2,463,9,male
-11.299883842468262,-14.85847282409668,9,3,463,9,male
-9.9078950881958,-14.05630874633789,9,4,463,9,male
-8.279443740844727,-13.093042373657227,9,5,463,9,male
-6.650328159332275,-12.140464782714844,9,6,463,9,male
-0.6916263103485107,-10.584050178527832,9,7,463,9,male
3.2635390758514404,-3.255350112915039,9,8,463,9,male
4.426260471343994,-0.27801424264907837,9,9,463,9,male
-11.846308708190918,-10.046490669250488,9,0,464,11,female
-12.187561988830566,-9.926156044006348,9,1,464,11,female
-12.046643257141113,-9.886385917663574,9,2,464,11,female
-11.364607810974121,-9.631499290466309,9,3,464,11,female
-10.645679473876953,-9.405131340026855,9,4,464,11,female
-9.086309432983398,-9.290482521057129,9,5,464,11,female
-7.291422367095947,-9.417177200317383,9,6,464,11,female
-3.612234354019165,-9.168810844421387,9,7,464,11,female
1.3411933183670044,-3.021446704864502,9,8,464,11,female
3.2733170986175537,0.14718425273895264,9,9,464,11,female
-12.006745338439941,-9.67703914642334,9,0,465,11,female
-12.409905433654785,-9.613744735717773,9,1,465,11,female
-11.87574291229248,-9.633766174316406,9,2,465,11,female
-10.355489730834961,-9.41822338104248,9,3,465,11,female
-8.215214729309082,-9.262296676635742,9,4,465,11,female
-5.854193687438965,-9.584131240844727,9,5,465,11,female
0.11977307498455048,-4.688726902008057,9,6,465,11,female
2.0163562297821045,-1.3131771087646484,9,7,465,11,female
4.038200378417969,0.8369898200035095,9,8,465,11,female
47.829734802246094,-14.059825897216797,9,9,465,11,female
-9.4923734664917,-7.464813709259033,9,0,466,2,female
-9.541406631469727,-7.156893253326416,9,1,466,2,female
-8.997054100036621,-7.568212985992432,9,2,466,2,female
-8.746562004089355,-8.155074119567871,9,3,466,2,female
-8.778321266174316,-9.08191204071045,9,4,466,2,female
-8.601868629455566,-9.401989936828613,9,5,466,2,female
-7.893060684204102,-9.634106636047363,9,6,466,2,female
-6.787746906280518,-9.855810165405273,9,7,466,2,female
-2.983593225479126,-9.124666213989258,9,8,466,2,female
1.6761744022369385,-3.300107955932617,9,9,466,2,female
-9.134986877441406,-7.2922539710998535,9,0,467,2,female
-9.374836921691895,-6.7521538734436035,9,1,467,2,female
-8.379637718200684,-6.863872528076172,9,2,467,2,female
-8.126602172851562,-7.349194526672363,9,3,467,2,female
-8.54752254486084,-8.532898902893066,9,4,467,2,female
-8.5730562210083,-9.265707015991211,9,5,467,2,female
-7.671108245849609,-9.548474311828613,9,6,467,2,female
-6.457314491271973,-9.831802368164062,9,7,467,2,female
0.8444481492042542,-5.229112148284912,9,8,467,2,female
2.3369593620300293,-2.257525682449341,9,9,467,2,female
-9.918807983398438,-14.1864013671875,9,0,468,8,male
-11.8668851852417,-15.21007251739502,9,1,468,8,male
-11.832364082336426,-15.177083969116211,9,2,468,8,male
-10.436722755432129,-14.382668495178223,9,3,468,8,male
-9.263508796691895,-13.534564018249512,9,4,468,8,male
-7.310818672180176,-12.519195556640625,9,5,468,8,male
-1.6789382696151733,-10.99169635772705,9,6,468,8,male
2.6830434799194336,-4.266317367553711,9,7,468,8,male
3.9163098335266113,-0.935678243637085,9,8,468,8,male
47.77041244506836,-13.866597175598145,9,9,468,8,male
-11.48268985748291,-8.482915878295898,9,0,469,10,female
-11.96571159362793,-8.746502876281738,9,1,469,10,female
-11.683629035949707,-9.025993347167969,9,2,469,10,female
-10.86885929107666,-9.421699523925781,9,3,469,10,female
-9.614900588989258,-9.433061599731445,9,4,469,10,female
-7.767241954803467,-9.57490348815918,9,5,469,10,female
-4.836942672729492,-9.691680908203125,9,6,469,10,female
1.2819621562957764,-3.7562646865844727,9,7,469,10,female
3.3079445362091064,-0.5997090339660645,9,8,469,10,female
47.913211822509766,-13.598857879638672,9,9,469,10,female
-9.712823867797852,-6.82990026473999,9,0,470,2,female
-9.801780700683594,-6.474438190460205,9,1,470,2,female
-8.799397468566895,-6.6774821281433105,9,2,470,2,female
-8.372363090515137,-7.5640740394592285,9,3,470,2,female
-8.63847541809082,-8.760076522827148,9,4,470,2,female
-8.56175422668457,-9.461023330688477,9,5,470,2,female
-7.812735557556152,-9.750357627868652,9,6,470,2,female
-6.1764235496521,-10.146224021911621,9,7,470,2,female
-1.1290068626403809,-9.490371704101562,9,8,470,2,female
2.6368680000305176,-2.8930180072784424,9,9,470,2,female
-11.855286598205566,-9.719305038452148,9,0,471,11,female
-12.349363327026367,-9.697237968444824,9,1,471,11,female
-11.816389083862305,-9.867691993713379,9,2,471,11,female
-11.007722854614258,-9.495713233947754,9,3,471,11,female
-10.302595138549805,-9.205883979797363,9,4,471,11,female
-9.0425443649292,-9.07471752166748,9,5,471,11,female
-7.387823581695557,-9.347566604614258,9,6,471,11,female
-3.8774917125701904,-9.2933349609375,9,7,471,11,female
1.3380839824676514,-3.23224139213562,9,8,471,11,female
3.205200672149658,-0.07663477212190628,9,9,471,11,female
-10.028717994689941,-14.21503734588623,9,0,472,8,male
-11.787367820739746,-15.0747709274292,9,1,472,8,male
-11.601088523864746,-14.93966007232666,9,2,472,8,male
-10.134659767150879,-14.236403465270996,9,3,472,8,male
-8.467019081115723,-13.129083633422852,9,4,472,8,male
-6.786599159240723,-12.343823432922363,9,5,472,8,male
-0.7643821835517883,-10.584678649902344,9,6,472,8,male
3.199253797531128,-3.270822525024414,9,7,472,8,male
4.293330669403076,-0.3387828767299652,9,8,472,8,male
47.99131774902344,-13.168333053588867,9,9,472,8,male
-11.830103874206543,-10.045050621032715,9,0,473,11,female
-12.338001251220703,-9.81533145904541,9,1,473,11,female
-12.131861686706543,-9.9957857131958,9,2,473,11,female
-11.603702545166016,-9.925844192504883,9,3,473,11,female
-10.934830665588379,-9.391530990600586,9,4,473,11,female
-9.50947093963623,-9.1622953414917,9,5,473,11,female
-7.465693473815918,-9.271726608276367,9,6,473,11,female
-4.17631196975708,-9.39138412475586,9,7,473,11,female
1.205393671989441,-3.4644250869750977,9,8,473,11,female
3.0716607570648193,-0.1482658088207245,9,9,473,11,female
-10.817509651184082,-12.887239456176758,9,0,474,1,male
-12.29187297821045,-12.966270446777344,9,1,474,1,male
-11.790209770202637,-12.353734970092773,9,2,474,1,male
-11.247796058654785,-11.901973724365234,9,3,474,1,male
-10.358392715454102,-11.885625839233398,9,4,474,1,male
-8.582483291625977,-11.745407104492188,9,5,474,1,male
-6.720355033874512,-10.904487609863281,9,6,474,1,male
-0.8199575543403625,-9.526845932006836,9,7,474,1,male
2.89939022064209,-2.431196689605713,9,8,474,1,male
4.115789413452148,-0.09292689710855484,9,9,474,1,male
-10.759342193603516,-14.594754219055176,9,0,475,7,male
-12.065300941467285,-15.227096557617188,9,1,475,7,male
-12.22600269317627,-15.40213394165039,9,2,475,7,male
-12.207343101501465,-15.21684455871582,9,3,475,7,male
-11.675301551818848,-14.314325332641602,9,4,475,7,male
-10.31119441986084,-13.206648826599121,9,5,475,7,male
-8.509350776672363,-12.146493911743164,9,6,475,7,male
-6.8361101150512695,-11.242719650268555,9,7,475,7,male
-0.7950863838195801,-9.627824783325195,9,8,475,7,male
2.866328477859497,-2.474609851837158,9,9,475,7,male
-11.782734870910645,-9.838696479797363,9,0,476,11,female
-12.162796020507812,-10.11363410949707,9,1,476,11,female
-11.891819953918457,-10.575233459472656,9,2,476,11,female
-11.23503303527832,-9.451947212219238,9,3,476,11,female
-10.566591262817383,-9.21499252319336,9,4,476,11,female
-9.135767936706543,-9.077528953552246,9,5,476,11,female
-7.407533645629883,-9.286956787109375,9,6,476,11,female
-4.027002334594727,-9.355010032653809,9,7,476,11,female
1.2584682703018188,-3.4188010692596436,9,8,476,11,female
3.213324785232544,-0.17543527483940125,9,9,476,11,female
-10.646507263183594,-14.569343566894531,9,0,477,7,male
-12.092345237731934,-15.197271347045898,9,1,477,7,male
-12.238236427307129,-15.407182693481445,9,2,477,7,male
-11.876221656799316,-14.999900817871094,9,3,477,7,male
-11.142745018005371,-14.069912910461426,9,4,477,7,male
-9.655458450317383,-13.045982360839844,9,5,477,7,male
-7.862094402313232,-12.269333839416504,9,6,477,7,male
-5.88923454284668,-11.506730079650879,9,7,477,7,male
2.1071548461914062,-4.77593994140625,9,8,477,7,male
3.4472968578338623,-1.6861035823822021,9,9,477,7,male
-10.401116371154785,-11.57446002960205,9,0,478,0,male
-11.064908981323242,-11.174559593200684,9,1,478,0,male
-10.513884544372559,-10.917374610900879,9,2,478,0,male
-9.959745407104492,-10.611197471618652,9,3,478,0,male
-9.488056182861328,-8.878759384155273,9,4,478,0,male
-8.720112800598145,-8.32698917388916,9,5,478,0,male
-7.007186412811279,-8.4133939743042,9,6,478,0,male
-4.446217060089111,-8.840414047241211,9,7,478,0,male
0.5598445534706116,-3.7809784412384033,9,8,478,0,male
2.4066834449768066,-0.681572437286377,9,9,478,0,male
-10.882840156555176,-8.344402313232422,9,0,479,6,female
-11.042733192443848,-8.433516502380371,9,1,479,6,female
-10.657732009887695,-8.924171447753906,9,2,479,6,female
-10.254637718200684,-9.383872985839844,9,3,479,6,female
-9.541573524475098,-9.341333389282227,9,4,479,6,female
-7.932673931121826,-9.545578002929688,9,5,479,6,female
-6.19554328918457,-10.038223266601562,9,6,479,6,female
0.9295023083686829,-5.028099060058594,9,7,479,6,female
2.5888988971710205,-1.9853118658065796,9,8,479,6,female
4.020547389984131,0.1899796724319458,9,9,479,6,female
-11.92116641998291,-9.940760612487793,9,0,480,11,female
-12.286452293395996,-9.896800994873047,9,1,480,11,female
-12.011651039123535,-10.135668754577637,9,2,480,11,female
-11.212767601013184,-9.555425643920898,9,3,480,11,female
-10.175232887268066,-9.370003700256348,9,4,480,11,female
-7.9948883056640625,-9.531534194946289,9,5,480,11,female
-5.557905197143555,-9.847411155700684,9,6,480,11,female
0.9936755895614624,-4.20839262008667,9,7,480,11,female
3.121157169342041,-0.31782370805740356,9,8,480,11,female
4.210907936096191,0.7433325052261353,9,9,480,11,female
-11.034599304199219,-12.803003311157227,9,0,481,1,male
-12.1989164352417,-12.856595993041992,9,1,481,1,male
-11.708054542541504,-12.351486206054688,9,2,481,1,male
-11.169776916503906,-12.067305564880371,9,3,481,1,male
-10.231867790222168,-11.914376258850098,9,4,481,1,male
-8.561901092529297,-11.790246963500977,9,5,481,1,male
-6.855584621429443,-11.143747329711914,9,6,481,1,male
-0.8816137313842773,-9.648134231567383,9,7,481,1,male
2.799149513244629,-2.779771089553833,9,8,481,1,male
4.37736177444458,-0.08111812174320221,9,9,481,1,male
-11.427525520324707,-14.329751014709473,9,0,482,9,male
-12.532025337219238,-15.028520584106445,9,1,482,9,male
-12.43463134765625,-15.23936653137207,9,2,482,9,male
-11.7939453125,-15.074981689453125,9,3,482,9,male
-10.118180274963379,-14.222378730773926,9,4,482,9,male
-8.686137199401855,-13.192178726196289,9,5,482,9,male
-6.85443639755249,-12.341560363769531,9,6,482,9,male
-1.055251955986023,-10.771392822265625,9,7,482,9,male
3.0265445709228516,-3.7348861694335938,9,8,482,9,male
4.194421291351318,-0.7408691644668579,9,9,482,9,male
-10.052164077758789,-11.700164794921875,9,0,483,0,male
-10.79041576385498,-11.26025104522705,9,1,483,0,male
-10.40142822265625,-10.80124568939209,9,2,483,0,male
-9.811420440673828,-9.819904327392578,9,3,483,0,male
-8.99133586883545,-8.990028381347656,9,4,483,0,male
-7.689000606536865,-9.047410011291504,9,5,483,0,male
-5.261266708374023,-9.166632652282715,9,6,483,0,male
0.24901193380355835,-4.453991413116455,9,7,483,0,male
2.0539371967315674,-1.16956627368927,9,8,483,0,male
3.8851804733276367,0.47096237540245056,9,9,483,0,male
-10.531867980957031,-12.534646987915039,9,0,484,1,male
-11.483283042907715,-12.260193824768066,9,1,484,1,male
-11.403850555419922,-11.892873764038086,9,2,484,1,male
-10.869719505310059,-11.600976943969727,9,3,484,1,male
-9.9683198928833,-11.692957878112793,9,4,484,1,male
-8.460738182067871,-11.81505298614502,9,5,484,1,male
-6.919661998748779,-11.220070838928223,9,6,484,1,male
-1.146429419517517,-9.732476234436035,9,7,484,1,male
2.591209650039673,-3.01263689994812,9,8,484,1,male
4.037196636199951,-0.2617844343185425,9,9,484,1,male
-9.199897766113281,-7.096406936645508,9,0,485,2,female
-9.431641578674316,-6.647399425506592,9,1,485,2,female
-8.57016372680664,-6.844767093658447,9,2,485,2,female
-8.325815200805664,-7.509079456329346,9,3,485,2,female
-8.507909774780273,-8.75072193145752,9,4,485,2,female
-8.140564918518066,-9.460688591003418,9,5,485,2,female
-7.282662391662598,-9.6467866897583,9,6,485,2,female
-5.724921703338623,-9.983295440673828,9,7,485,2,female
1.0652978420257568,-4.977970600128174,9,8,485,2,female
2.6840455532073975,-1.9335386753082275,9,9,485,2,female
-11.074915885925293,-12.500200271606445,9,0,486,1,male
-11.833932876586914,-12.368487358093262,9,1,486,1,male
-11.430686950683594,-12.134852409362793,9,2,486,1,male
-10.341883659362793,-11.97058391571045,9,3,486,1,male
-8.749086380004883,-11.798443794250488,9,4,486,1,male
-6.952770709991455,-11.222338676452637,9,5,486,1,male
-1.2410790920257568,-9.707720756530762,9,6,486,1,male
2.6324305534362793,-2.9980690479278564,9,7,486,1,male
3.9762344360351562,-0.24051088094711304,9,8,486,1,male
47.73876190185547,-14.032193183898926,9,9,486,1,male
-11.896218299865723,-9.61108112335205,9,0,487,11,female
-12.375168800354004,-9.623923301696777,9,1,487,11,female
-11.524473190307617,-9.776717185974121,9,2,487,11,female
-9.140604019165039,-9.694917678833008,9,3,487,11,female
-6.488769054412842,-10.25218677520752,9,4,487,11,female
-2.7331111431121826,-8.556497573852539,9,5,487,11,female
2.201955556869507,-1.9144868850708008,9,6,487,11,female
4.125115394592285,0.41659796237945557,9,7,487,11,female
48.24000549316406,-13.4935884475708,9,8,487,11,female
47.24922180175781,-13.495633125305176,9,9,487,11,female
-11.092162132263184,-10.446175575256348,9,0,488,3,female
-11.024102210998535,-10.991578102111816,9,1,488,3,female
-10.49284839630127,-11.711019515991211,9,2,488,3,female
-9.920661926269531,-11.896958351135254,9,3,488,3,female
-8.862824440002441,-11.88811206817627,9,4,488,3,female
-7.6274590492248535,-11.548866271972656,9,5,488,3,female
-1.6829873323440552,-10.22912311553955,9,6,488,3,female
2.3211894035339355,-3.8434700965881348,9,7,488,3,female
3.8568339347839355,-0.863214910030365,9,8,488,3,female
48.5877685546875,-14.1148042678833,9,9,488,3,female
-10.223464012145996,-11.935745239257812,9,0,489,0,male
-11.04620361328125,-11.535727500915527,9,1,489,0,male
-10.537239074707031,-11.034459114074707,9,2,489,0,male
-10.088139533996582,-10.929697036743164,9,3,489,0,male
-9.622661590576172,-9.899431228637695,9,4,489,0,male
-9.184325218200684,-9.218791007995605,9,5,489,0,male
-7.767586708068848,-8.939369201660156,9,6,489,0,male
-5.426769733428955,-9.112968444824219,9,7,489,0,male
0.16613636910915375,-4.6370978355407715,9,8,489,0,male
2.0497374534606934,-1.3737156391143799,9,9,489,0,male
-10.38180923461914,-8.439044952392578,9,0,490,6,female
-10.688238143920898,-8.548510551452637,9,1,490,6,female
-10.310175895690918,-9.048850059509277,9,2,490,6,female
-9.904993057250977,-9.377484321594238,9,3,490,6,female
-9.104990005493164,-9.394664764404297,9,4,490,6,female
-7.6277337074279785,-9.630268096923828,9,5,490,6,female
-5.690230369567871,-9.992476463317871,9,6,490,6,female
1.1508851051330566,-4.646357536315918,9,7,490,6,female
2.938912868499756,-1.5515429973602295,9,8,490,6,female
4.422221660614014,0.40711334347724915,9,9,490,6,female
-10.82810115814209,-14.620478630065918,9,0,491,7,male
-12.15495491027832,-15.429021835327148,9,1,491,7,male
-11.962385177612305,-15.368647575378418,9,2,491,7,male
-10.94771957397461,-14.737411499023438,9,3,491,7,male
-10.077422142028809,-14.171032905578613,9,4,491,7,male
-8.872224807739258,-12.901304244995117,9,5,491,7,male
-7.330641269683838,-12.241655349731445,9,6,491,7,male
-1.5659900903701782,-10.643465995788574,9,7,491,7,male
2.6770291328430176,-3.9039714336395264,9,8,491,7,male
3.992502450942993,-0.8256998062133789,9,9,491,7,male
-10.872560501098633,-8.46330451965332,9,0,492,6,female
-11.108712196350098,-8.740047454833984,9,1,492,6,female
-10.64708423614502,-9.164348602294922,9,2,492,6,female
-10.122763633728027,-9.407264709472656,9,3,492,6,female
-9.00849437713623,-9.386954307556152,9,4,492,6,female
-7.291620254516602,-9.64657211303711,9,5,492,6,female
-3.75624942779541,-9.493227005004883,9,6,492,6,female
1.6560876369476318,-3.3568947315216064,9,7,492,6,female
3.535585880279541,-0.24857936799526215,9,8,492,6,female
47.947296142578125,-12.729957580566406,9,9,492,6,female
-10.646389961242676,-10.625216484069824,9,0,493,3,female
-10.964513778686523,-10.940879821777344,9,1,493,3,female
-10.435282707214355,-11.558097839355469,9,2,493,3,female
-9.497091293334961,-11.871661186218262,9,3,493,3,female
-7.938776016235352,-11.469038963317871,9,4,493,3,female
-2.6420705318450928,-10.362188339233398,9,5,493,3,female
1.8501425981521606,-4.230700969696045,9,6,493,3,female
3.4615046977996826,-0.938927948474884,9,7,493,3,female
48.41288757324219,-14.218245506286621,9,8,493,3,female
47.169376373291016,-13.42400074005127,9,9,493,3,female
-11.194079399108887,-14.370146751403809,9,0,494,9,male
-12.532200813293457,-15.039127349853516,9,1,494,9,male
-12.416219711303711,-15.306771278381348,9,2,494,9,male
-11.715371131896973,-15.05384635925293,9,3,494,9,male
-10.149775505065918,-14.276420593261719,9,4,494,9,male
-8.30301284790039,-13.045377731323242,9,5,494,9,male
-6.510162830352783,-11.983745574951172,9,6,494,9,male
-0.4813563823699951,-10.371007919311523,9,7,494,9,male
3.3212194442749023,-2.7873826026916504,9,8,494,9,male
4.400595664978027,-0.19246986508369446,9,9,494,9,male
-11.069659233093262,-14.721395492553711,9,0,495,7,male
-12.303184509277344,-15.447197914123535,9,1,495,7,male
-12.09003734588623,-15.433594703674316,9,2,495,7,male
-11.053632736206055,-14.771939277648926,9,3,495,7,male
-10.312543869018555,-14.348806381225586,9,4,495,7,male
-9.862298011779785,-13.943650245666504,9,5,495,7,male
-8.298504829406738,-12.829012870788574,9,6,495,7,male
-6.519787311553955,-12.148269653320312,9,7,495,7,male
-0.4640830159187317,-10.1627779006958,9,8,495,7,male
3.2868456840515137,-2.6147878170013428,9,9,495,7,male
-11.38609790802002,-13.807234764099121,9,0,496,9,male
-12.660462379455566,-14.081284523010254,9,1,496,9,male
-12.45038890838623,-15.113691329956055,9,2,496,9,male
-11.590749740600586,-14.888915061950684,9,3,496,9,male
-10.071832656860352,-14.126623153686523,9,4,496,9,male
-8.255682945251465,-13.045890808105469,9,5,496,9,male
-6.361724376678467,-11.87363338470459,9,6,496,9,male
-0.444078654050827,-10.214994430541992,9,7,496,9,male
3.36788272857666,-2.4845757484436035,9,8,496,9,male
4.334595680236816,0.39410677552223206,9,9,496,9,male
-9.678808212280273,-6.981959819793701,9,0,497,2,female
-10.26093864440918,-6.5825395584106445,9,1,497,2,female
-9.174832344055176,-6.636693000793457,9,2,497,2,female
-8.915741920471191,-7.451570987701416,9,3,497,2,female
-9.052966117858887,-8.29420280456543,9,4,497,2,female
-9.106658935546875,-9.240080833435059,9,5,497,2,female
-8.530915260314941,-9.502596855163574,9,6,497,2,female
-7.399280548095703,-9.669739723205566,9,7,497,2,female
-5.608099460601807,-10.012907981872559,9,8,497,2,female
1.1107206344604492,-4.818789482116699,9,9,497,2,female
-11.42186164855957,-8.387590408325195,9,0,498,10,female
-12.035496711730957,-8.785550117492676,9,1,498,10,female
-11.826506614685059,-9.011058807373047,9,2,498,10,female
-11.05456829071045,-9.258011817932129,9,3,498,10,female
-9.872858047485352,-9.381752967834473,9,4,498,10,female
-7.918916702270508,-9.546783447265625,9,5,498,10,female
-5.4236626625061035,-9.883796691894531,9,6,498,10,female
1.1438806056976318,-4.004024505615234,9,7,498,10,female
2.9789936542510986,-0.6285240650177002,9,8,498,10,female
47.98992919921875,-12.831435203552246,9,9,498,10,female
-10.4668550491333,-11.79638671875,9,0,499,0,male
-11.056414604187012,-11.336799621582031,9,1,499,0,male
-10.567418098449707,-10.977214813232422,9,2,499,0,male
-10.15391731262207,-10.563474655151367,9,3,499,0,male
-10.001266479492188,-8.989718437194824,9,4,499,0,male
-8.974800109863281,-8.599921226501465,9,5,499,0,male
-7.44114875793457,-8.742302894592285,9,6,499,0,male
-5.127927303314209,-9.107358932495117,9,7,499,0,male
0.3449510335922241,-4.284237384796143,9,8,499,0,male
2.1182854175567627,-1.1255059242248535,9,9,499,0,male
