UMAP1,UMAP2,label,time_bin,sample_index,speaker_id,gender
12.222887992858887,-1.8366917371749878,0,0,0,9,male
13.524221420288086,-4.773651599884033,0,1,0,9,male
13.358281135559082,-5.202019214630127,0,2,0,9,male
13.30457878112793,-5.052175998687744,0,3,0,9,male
14.001426696777344,-6.229943752288818,0,4,0,9,male
13.045564651489258,-2.025891065597534,0,5,0,9,male
12.620767593383789,1.3529714345932007,0,6,0,9,male
10.489633560180664,4.395124912261963,0,7,0,9,male
5.931358337402344,4.291137218475342,0,8,0,9,male
1.5512844324111938,2.426616668701172,0,9,0,9,male
12.195106506347656,-2.00543475151062,0,0,1,9,male
13.725750923156738,-5.650330066680908,0,1,1,9,male
13.177892684936523,-5.1604719161987305,0,2,1,9,male
12.767271995544434,-4.841688632965088,0,3,1,9,male
11.897790908813477,-3.7699437141418457,0,4,1,9,male
11.51439380645752,-1.8398393392562866,0,5,1,9,male
11.546809196472168,1.2101410627365112,0,6,1,9,male
10.062085151672363,4.162415504455566,0,7,1,9,male
5.2858805656433105,3.9167823791503906,0,8,1,9,male
0.6682223081588745,1.506913661956787,0,9,1,9,male
12.300093650817871,-1.9223741292953491,0,0,2,9,male
13.86789608001709,-5.67479133605957,0,1,2,9,male
13.221273422241211,-5.155941963195801,0,2,2,9,male
12.963115692138672,-4.944352626800537,0,3,2,9,male
12.616422653198242,-3.947430372238159,0,4,2,9,male
12.116350173950195,-1.0357075929641724,0,5,2,9,male
10.492307662963867,2.4861903190612793,0,6,2,9,male
6.737362861633301,4.067253589630127,0,7,2,9,male
2.399869918823242,3.093851089477539,0,8,2,9,male
-1.6144332885742188,-0.08962657302618027,0,9,2,9,male
13.774507522583008,9.796565055847168,0,0,3,2,female
15.464652061462402,11.883708953857422,0,1,3,2,female
14.391575813293457,14.65625,0,2,3,2,female
14.101333618164062,14.49378776550293,0,3,3,2,female
16.540592193603516,11.26149845123291,0,4,3,2,female
14.731391906738281,9.970277786254883,0,5,3,2,female
12.73867130279541,9.498390197753906,0,6,3,2,female
10.608903884887695,8.153160095214844,0,7,3,2,female
6.9829816818237305,7.413914203643799,0,8,3,2,female
2.931736707687378,4.990813732147217,0,9,3,2,female
10.635743141174316,0.49925050139427185,0,0,4,7,male
10.272624015808105,-3.783155679702759,0,1,4,7,male
10.77509593963623,-6.319180965423584,0,2,4,7,male
10.968953132629395,-6.467785835266113,0,3,4,7,male
10.898833274841309,-4.638552188873291,0,4,4,7,male
11.971779823303223,-1.9015552997589111,0,5,4,7,male
12.077119827270508,0.7949986457824707,0,6,4,7,male
9.640278816223145,3.9140851497650146,0,7,4,7,male
5.318586826324463,3.8165123462677,0,8,4,7,male
0.848632276058197,1.4134175777435303,0,9,4,7,male
9.203089714050293,2.2848589420318604,0,0,5,7,male
10.376880645751953,-1.2404365539550781,0,1,5,7,male
11.107719421386719,-5.874002933502197,0,2,5,7,male
11.140952110290527,-6.420716762542725,0,3,5,7,male
10.4236478805542,-6.074066162109375,0,4,5,7,male
13.096516609191895,-3.4236583709716797,0,5,5,7,male
13.670055389404297,-1.1380027532577515,0,6,5,7,male
12.905988693237305,2.5701987743377686,0,7,5,7,male
9.216611862182617,7.442360877990723,0,8,5,7,male
4.2578935623168945,5.74594259262085,0,9,5,7,male
10.788250923156738,10.809622764587402,0,0,6,2,female
13.662976264953613,12.883648872375488,0,1,6,2,female
14.387835502624512,14.762539863586426,0,2,6,2,female
14.155208587646484,14.613036155700684,0,3,6,2,female
16.43168830871582,11.261430740356445,0,4,6,2,female
14.618082046508789,9.912440299987793,0,5,6,2,female
11.536979675292969,8.607284545898438,0,6,6,2,female
9.885477066040039,7.984438419342041,0,7,6,2,female
4.004534721374512,5.630136013031006,0,8,6,2,female
-0.3235434591770172,2.2763617038726807,0,9,6,2,female
12.6618013381958,-1.4400826692581177,0,0,7,1,male
14.338421821594238,-4.633350849151611,0,1,7,1,male
15.523490905761719,-3.5280966758728027,0,2,7,1,male
15.653440475463867,-3.1990339756011963,0,3,7,1,male
14.972869873046875,-1.9862520694732666,0,4,7,1,male
13.881623268127441,-0.8211833238601685,0,5,7,1,male
12.522055625915527,3.414609432220459,0,6,7,1,male
7.551280498504639,5.079474449157715,0,7,7,1,male
3.660322666168213,5.270369529724121,0,8,7,1,male
-0.6077368855476379,1.7354717254638672,0,9,7,1,male
16.344301223754883,8.559890747070312,0,0,8,11,female
19.845504760742188,6.508935451507568,0,1,8,11,female
20.271631240844727,5.867956638336182,0,2,8,11,female
19.702186584472656,6.3023247718811035,0,3,8,11,female
18.845975875854492,7.168639659881592,0,4,8,11,female
17.500797271728516,7.543741226196289,0,5,8,11,female
14.941505432128906,8.965372085571289,0,6,8,11,female
11.236838340759277,9.011332511901855,0,7,8,11,female
5.759819984436035,7.813999652862549,0,8,8,11,female
0.3087397515773773,4.376367568969727,0,9,8,11,female
13.585803031921387,9.728938102722168,0,0,9,2,female
15.467101097106934,11.838235855102539,0,1,9,2,female
14.365890502929688,14.602420806884766,0,2,9,2,female
14.151748657226562,14.581002235412598,0,3,9,2,female
16.383647918701172,11.210211753845215,0,4,9,2,female
14.567002296447754,9.825362205505371,0,5,9,2,female
11.550484657287598,8.496917724609375,0,6,9,2,female
10.185089111328125,7.897567272186279,0,7,9,2,female
6.464155673980713,7.237548828125,0,8,9,2,female
0.7685810327529907,4.002450466156006,0,9,9,2,female
13.307750701904297,10.543357849121094,0,0,10,10,female
16.767807006835938,12.623953819274902,0,1,10,10,female
16.27012825012207,13.91897964477539,0,2,10,10,female
16.199913024902344,13.558147430419922,0,3,10,10,female
15.671558380126953,12.862979888916016,0,4,10,10,female
15.297331809997559,12.658729553222656,0,5,10,10,female
13.616711616516113,11.246108055114746,0,6,10,10,female
10.547762870788574,10.59192180633545,0,7,10,10,female
5.077605247497559,8.491931915283203,0,8,10,10,female
-0.29738277196884155,4.835900783538818,0,9,10,10,female
8.377618789672852,9.588129997253418,0,0,11,6,female
13.346755981445312,10.695710182189941,0,1,11,6,female
16.633865356445312,12.685336112976074,0,2,11,6,female
16.458763122558594,13.3709716796875,0,3,11,6,female
16.445083618164062,12.939077377319336,0,4,11,6,female
13.240904808044434,12.673554420471191,0,5,11,6,female
12.607714653015137,11.829971313476562,0,6,11,6,female
11.413961410522461,10.812189102172852,0,7,11,6,female
10.072286605834961,7.853232383728027,0,8,11,6,female
8.897239685058594,7.935207843780518,0,9,11,6,female
8.427334785461426,9.599103927612305,0,0,12,6,female
13.349650382995605,10.820086479187012,0,1,12,6,female
16.312841415405273,12.855855941772461,0,2,12,6,female
16.380708694458008,13.326298713684082,0,3,12,6,female
16.311532974243164,13.199090003967285,0,4,12,6,female
13.197012901306152,12.590846061706543,0,5,12,6,female
12.352059364318848,11.601214408874512,0,6,12,6,female
10.354559898376465,10.042695999145508,0,7,12,6,female
9.052227973937988,10.635951042175293,0,8,12,6,female
2.1962647438049316,6.1524457931518555,0,9,12,6,female
10.320429801940918,11.101850509643555,0,0,13,2,female
12.55820083618164,13.967570304870605,0,1,13,2,female
12.982357025146484,14.132645606994629,0,2,13,2,female
12.866280555725098,13.67785930633545,0,3,13,2,female
14.596521377563477,10.907471656799316,0,4,13,2,female
12.774248123168945,10.470353126525879,0,5,13,2,female
10.531471252441406,8.419734001159668,0,6,13,2,female
7.069841384887695,7.575153350830078,0,7,13,2,female
2.673422336578369,5.441134452819824,0,8,13,2,female
-1.1781926155090332,1.5202404260635376,0,9,13,2,female
9.817291259765625,1.6791261434555054,0,0,14,7,male
10.754474639892578,-2.30692195892334,0,1,14,7,male
11.037781715393066,-6.3395233154296875,0,2,14,7,male
11.170191764831543,-6.450518608093262,0,3,14,7,male
11.696980476379395,-5.417758941650391,0,4,14,7,male
13.213967323303223,-2.5449233055114746,0,5,14,7,male
13.162008285522461,-0.2706310749053955,0,6,14,7,male
11.317791938781738,3.9270689487457275,0,7,14,7,male
6.114029407501221,4.822939872741699,0,8,14,7,male
1.880770206451416,3.2420382499694824,0,9,14,7,male
15.073763847351074,8.174504280090332,0,0,15,11,female
18.904394149780273,7.007124423980713,0,1,15,11,female
20.57021713256836,6.357187271118164,0,2,15,11,female
20.59001350402832,6.354375839233398,0,3,15,11,female
19.753963470458984,6.517440319061279,0,4,15,11,female
18.984676361083984,7.043256759643555,0,5,15,11,female
17.22307777404785,7.611046314239502,0,6,15,11,female
14.91137981414795,8.714186668395996,0,7,15,11,female
10.865274429321289,8.616395950317383,0,8,15,11,female
5.692284107208252,7.389789581298828,0,9,15,11,female
14.600507736206055,11.486344337463379,0,0,16,2,female
14.790362358093262,13.54125690460205,0,1,16,2,female
14.176972389221191,14.580830574035645,0,2,16,2,female
16.552017211914062,11.354544639587402,0,3,16,2,female
15.026342391967773,10.339926719665527,0,4,16,2,female
13.106294631958008,9.723067283630371,0,5,16,2,female
10.848472595214844,8.240732192993164,0,6,16,2,female
7.172595977783203,7.45780086517334,0,7,16,2,female
3.0781266689300537,5.211037635803223,0,8,16,2,female
-1.1956671476364136,1.3542567491531372,0,9,16,2,female
13.319945335388184,10.68850326538086,0,0,17,10,female
16.88641929626465,12.632017135620117,0,1,17,10,female
16.308609008789062,14.059123039245605,0,2,17,10,female
16.274999618530273,13.980463027954102,0,3,17,10,female
15.93581771850586,12.927879333496094,0,4,17,10,female
15.350607872009277,12.658598899841309,0,5,17,10,female
13.636930465698242,11.24036693572998,0,6,17,10,female
10.51491928100586,10.553168296813965,0,7,17,10,female
5.211876392364502,8.55329418182373,0,8,17,10,female
-0.10749023407697678,5.029346942901611,0,9,17,10,female
12.2134370803833,-1.4396167993545532,0,0,18,8,male
13.874637603759766,-4.988673210144043,0,1,18,8,male
14.09377384185791,-5.120755195617676,0,2,18,8,male
14.354884147644043,-4.979410648345947,0,3,18,8,male
14.518223762512207,-4.566084384918213,0,4,18,8,male
13.683127403259277,-1.8126215934753418,0,5,18,8,male
12.406648635864258,1.743056058883667,0,6,18,8,male
8.486858367919922,4.1804094314575195,0,7,18,8,male
3.5618488788604736,3.5042378902435303,0,8,18,8,male
-1.2443186044692993,0.7661422491073608,0,9,18,8,male
15.325551986694336,11.38780689239502,0,0,19,3,female
16.7404842376709,12.666342735290527,0,1,19,3,female
16.912656784057617,12.196681022644043,0,2,19,3,female
13.056193351745605,12.390731811523438,0,3,19,3,female
12.399177551269531,12.442741394042969,0,4,19,3,female
10.682371139526367,11.277417182922363,0,5,19,3,female
9.73666000366211,10.92369270324707,0,6,19,3,female
4.345688819885254,8.1566801071167,0,7,19,3,female
-0.8271875977516174,4.354001998901367,0,8,19,3,female
-3.553027391433716,0.5752457976341248,0,9,19,3,female
9.71568775177002,7.902426242828369,0,0,20,0,male
15.249038696289062,8.827779769897461,0,1,20,0,male
19.66867446899414,8.025846481323242,0,2,20,0,male
19.849075317382812,8.632089614868164,0,3,20,0,male
17.681900024414062,12.008687973022461,0,4,20,0,male
14.9658842086792,10.761495590209961,0,5,20,0,male
11.159937858581543,10.560958862304688,0,6,20,0,male
8.158271789550781,9.525418281555176,0,7,20,0,male
3.5132365226745605,7.267816543579102,0,8,20,0,male
-1.6059876680374146,2.8893563747406006,0,9,20,0,male
10.99917984008789,9.83205509185791,0,0,21,6,female
14.764768600463867,11.726522445678711,0,1,21,6,female
16.43609046936035,13.340581893920898,0,2,21,6,female
16.412817001342773,13.311909675598145,0,3,21,6,female
13.297406196594238,12.721973419189453,0,4,21,6,female
12.911148071289062,12.024259567260742,0,5,21,6,female
11.832167625427246,11.268301963806152,0,6,21,6,female
10.175760269165039,9.186064720153809,0,7,21,6,female
8.862680435180664,7.980035305023193,0,8,21,6,female
7.853947639465332,7.6759843826293945,0,9,21,6,female
11.88291072845459,10.148075103759766,0,0,22,10,female
16.30286979675293,12.470179557800293,0,1,22,10,female
16.276573181152344,13.990339279174805,0,2,22,10,female
16.25218391418457,13.909010887145996,0,3,22,10,female
15.911752700805664,12.971349716186523,0,4,22,10,female
15.280645370483398,12.600035667419434,0,5,22,10,female
13.563529968261719,11.185782432556152,0,6,22,10,female
10.424711227416992,10.540533065795898,0,7,22,10,female
5.015081405639648,8.374951362609863,0,8,22,10,female
-0.25119519233703613,4.8760175704956055,0,9,22,10,female
13.320259094238281,10.357699394226074,0,0,23,2,female
14.367847442626953,13.295429229736328,0,1,23,2,female
14.077914237976074,14.55592155456543,0,2,23,2,female
16.5085391998291,11.3761568069458,0,3,23,2,female
16.040393829345703,10.920751571655273,0,4,23,2,female
14.29608154296875,9.65223503112793,0,5,23,2,female
11.278426170349121,8.420638084411621,0,6,23,2,female
7.353273391723633,7.485006332397461,0,7,23,2,female
3.4066858291625977,5.226601600646973,0,8,23,2,female
-0.5855916142463684,1.7169567346572876,0,9,23,2,female
9.33479118347168,7.861662864685059,0,0,24,0,male
14.943796157836914,8.524327278137207,0,1,24,0,male
19.111862182617188,7.880129337310791,0,2,24,0,male
19.752395629882812,8.619675636291504,0,3,24,0,male
17.70574188232422,12.016176223754883,0,4,24,0,male
14.621126174926758,10.790943145751953,0,5,24,0,male
11.392709732055664,10.82961368560791,0,6,24,0,male
6.3265156745910645,9.067386627197266,0,7,24,0,male
1.7786234617233276,6.0784010887146,0,8,24,0,male
-2.411430597305298,1.7954257726669312,0,9,24,0,male
13.177959442138672,10.591493606567383,0,0,25,10,female
16.70247459411621,12.62814712524414,0,1,25,10,female
16.280832290649414,14.012736320495605,0,2,25,10,female
16.250383377075195,13.939141273498535,0,3,25,10,female
16.054210662841797,12.969071388244629,0,4,25,10,female
15.439992904663086,12.622920036315918,0,5,25,10,female
13.617586135864258,11.222333908081055,0,6,25,10,female
10.191266059875488,10.32318115234375,0,7,25,10,female
4.928056716918945,8.218749046325684,0,8,25,10,female
-0.4392283260822296,4.320091724395752,0,9,25,10,female
8.573261260986328,9.677163124084473,0,0,26,6,female
13.372437477111816,10.775581359863281,0,1,26,6,female
16.566232681274414,12.718879699707031,0,2,26,6,female
16.374208450317383,13.41024398803711,0,3,26,6,female
16.40553092956543,13.228349685668945,0,4,26,6,female
13.314116477966309,12.726766586303711,0,5,26,6,female
12.542610168457031,11.609203338623047,0,6,26,6,female
10.444726943969727,10.029985427856445,0,7,26,6,female
4.870086669921875,8.079984664916992,0,8,26,6,female
-0.2501572370529175,4.953030109405518,0,9,26,6,female
11.149526596069336,1.4605962038040161,0,0,27,8,male
12.520773887634277,-3.01686429977417,0,1,27,8,male
14.245927810668945,-4.985250949859619,0,2,27,8,male
14.209135055541992,-5.072129249572754,0,3,27,8,male
14.347379684448242,-4.632816791534424,0,4,27,8,male
13.665324211120605,-2.4143929481506348,0,5,27,8,male
12.436330795288086,1.6363261938095093,0,6,27,8,male
9.433448791503906,4.2749924659729,0,7,27,8,male
4.492755889892578,3.556687831878662,0,8,27,8,male
0.1579652726650238,1.224577784538269,0,9,27,8,male
13.963314056396484,9.771912574768066,0,0,28,2,female
14.657020568847656,13.218591690063477,0,1,28,2,female
14.126520156860352,14.54054069519043,0,2,28,2,female
16.563016891479492,11.363789558410645,0,3,28,2,female
15.929458618164062,10.920814514160156,0,4,28,2,female
14.329001426696777,9.78115463256836,0,5,28,2,female
11.27784252166748,8.470197677612305,0,6,28,2,female
7.346757888793945,7.532514572143555,0,7,28,2,female
3.225292682647705,5.341419696807861,0,8,28,2,female
-0.7057073712348938,1.7079864740371704,0,9,28,2,female
12.220630645751953,-0.33865395188331604,0,0,29,9,male
12.898233413696289,-3.619161605834961,0,1,29,9,male
13.5057954788208,-5.273294925689697,0,2,29,9,male
13.381514549255371,-4.891834735870361,0,3,29,9,male
14.042533874511719,-6.285606384277344,0,4,29,9,male
13.017992973327637,-2.0402557849884033,0,5,29,9,male
12.413382530212402,1.0160579681396484,0,6,29,9,male
10.234426498413086,4.233217716217041,0,7,29,9,male
5.4777445793151855,4.126040935516357,0,8,29,9,male
1.6846758127212524,2.480949640274048,0,9,29,9,male
15.637203216552734,11.082832336425781,0,0,30,3,female
20.991079330444336,9.901856422424316,0,1,30,3,female
16.439517974853516,13.335256576538086,0,2,30,3,female
13.33819580078125,12.784114837646484,0,3,30,3,female
12.806998252868652,12.039331436157227,0,4,30,3,female
11.249839782714844,11.316683769226074,0,5,30,3,female
10.052654266357422,11.137313842773438,0,6,30,3,female
4.386816501617432,8.36540412902832,0,7,30,3,female
-0.5353245735168457,4.732473373413086,0,8,30,3,female
-3.5925381183624268,0.7322854995727539,0,9,30,3,female
13.266010284423828,10.337982177734375,0,0,31,2,female
14.538536071777344,13.182062149047852,0,1,31,2,female
14.112507820129395,14.536185264587402,0,2,31,2,female
16.557832717895508,11.34591293334961,0,3,31,2,female
15.217126846313477,10.67969799041748,0,4,31,2,female
13.079578399658203,9.684972763061523,0,5,31,2,female
10.942087173461914,8.264041900634766,0,6,31,2,female
7.456490516662598,7.475268363952637,0,7,31,2,female
3.1210594177246094,5.315321445465088,0,8,31,2,female
-0.7493691444396973,1.6208194494247437,0,9,31,2,female
12.066749572753906,8.918451309204102,0,0,32,3,female
15.584050178527832,9.687176704406738,0,1,32,3,female
17.57683753967285,11.60363483428955,0,2,32,3,female
16.80217170715332,11.819337844848633,0,3,32,3,female
12.923269271850586,12.2770414352417,0,4,32,3,female
12.311514854431152,12.247723579406738,0,5,32,3,female
10.594911575317383,11.505692481994629,0,6,32,3,female
9.187724113464355,10.635135650634766,0,7,32,3,female
3.2375717163085938,6.788883209228516,0,8,32,3,female
-2.0758347511291504,2.1352059841156006,0,9,32,3,female
9.273866653442383,2.267822027206421,0,0,33,7,male
10.291935920715332,-1.1956572532653809,0,1,33,7,male
11.181415557861328,-5.6645283699035645,0,2,33,7,male
11.382974624633789,-6.344294548034668,0,3,33,7,male
10.428818702697754,-6.033282279968262,0,4,33,7,male
13.101883888244629,-3.225126266479492,0,5,33,7,male
13.030613899230957,-0.3233506381511688,0,6,33,7,male
11.399710655212402,3.4115195274353027,0,7,33,7,male
6.932024955749512,4.971621036529541,0,8,33,7,male
2.4149551391601562,3.910508155822754,0,9,33,7,male
8.811591148376465,7.830104827880859,0,0,34,0,male
14.999773979187012,8.332938194274902,0,1,34,0,male
18.889249801635742,7.665655136108398,0,2,34,0,male
19.797624588012695,7.966691017150879,0,3,34,0,male
19.623300552368164,8.89002513885498,0,4,34,0,male
16.863731384277344,11.590202331542969,0,5,34,0,male
12.99984073638916,11.181818962097168,0,6,34,0,male
10.34263801574707,10.056384086608887,0,7,34,0,male
4.974287033081055,7.996438980102539,0,8,34,0,male
-0.284656822681427,4.455920219421387,0,9,34,0,male
9.144648551940918,2.2086715698242188,0,0,35,7,male
10.739130020141602,-1.9426943063735962,0,1,35,7,male
11.102689743041992,-6.199645519256592,0,2,35,7,male
11.080961227416992,-6.409323215484619,0,3,35,7,male
10.648602485656738,-4.657303810119629,0,4,35,7,male
12.04920482635498,-1.9561870098114014,0,5,35,7,male
12.032389640808105,0.8165439963340759,0,6,35,7,male
9.699289321899414,3.981541395187378,0,7,35,7,male
5.393819332122803,3.850311756134033,0,8,35,7,male
1.103633165359497,1.634223461151123,0,9,35,7,male
9.166150093078613,9.531563758850098,0,0,36,6,female
13.3529691696167,10.740013122558594,0,1,36,6,female
16.68840789794922,12.593945503234863,0,2,36,6,female
16.71445083618164,12.577759742736816,0,3,36,6,female
13.003296852111816,12.36504077911377,0,4,36,6,female
12.852614402770996,12.134647369384766,0,5,36,6,female
12.04123592376709,11.369430541992188,0,6,36,6,female
10.20989990234375,9.812662124633789,0,7,36,6,female
4.649300575256348,7.943724632263184,0,8,36,6,female
-0.3408180773258209,4.8750739097595215,0,9,36,6,female
9.438584327697754,9.780319213867188,0,0,37,6,female
14.19112491607666,11.682334899902344,0,1,37,6,female
16.32264518737793,13.270744323730469,0,2,37,6,female
16.399011611938477,13.365279197692871,0,3,37,6,female
13.506192207336426,12.847189903259277,0,4,37,6,female
12.822539329528809,11.964231491088867,0,5,37,6,female
12.054305076599121,11.373976707458496,0,6,37,6,female
10.14831829071045,10.000221252441406,0,7,37,6,female
4.633684158325195,7.961896896362305,0,8,37,6,female
-0.28714099526405334,4.867158889770508,0,9,37,6,female
9.683773040771484,7.812868595123291,0,0,38,0,male
15.129403114318848,8.679910659790039,0,1,38,0,male
19.27728271484375,7.954697132110596,0,2,38,0,male
19.721982955932617,8.78955078125,0,3,38,0,male
17.59868621826172,12.00730037689209,0,4,38,0,male
14.33480453491211,11.07536506652832,0,5,38,0,male
11.67366886138916,11.055253028869629,0,6,38,0,male
7.5746612548828125,9.37313461303711,0,7,38,0,male
2.0549416542053223,6.18168306350708,0,8,38,0,male
-1.7548748254776,2.676300525665283,0,9,38,0,male
12.146512985229492,-1.91156804561615,0,0,39,9,male
13.784460067749023,-4.713255882263184,0,1,39,9,male
13.407928466796875,-5.351316928863525,0,2,39,9,male
13.239296913146973,-5.006052017211914,0,3,39,9,male
13.942831993103027,-6.167840003967285,0,4,39,9,male
13.002635955810547,-2.130728244781494,0,5,39,9,male
12.494976997375488,1.1149616241455078,0,6,39,9,male
10.378531455993652,4.547394275665283,0,7,39,9,male
5.276057720184326,4.834638595581055,0,8,39,9,male
0.7997605204582214,2.275668144226074,0,9,39,9,male
12.551156997680664,-0.27251556515693665,0,0,40,1,male
13.64133358001709,-3.7722249031066895,0,1,40,1,male
14.011489868164062,-5.184202194213867,0,2,40,1,male
15.879514694213867,-3.129936456680298,0,3,40,1,male
15.511445999145508,-2.5754098892211914,0,4,40,1,male
14.779463768005371,-1.140251636505127,0,5,40,1,male
12.99972915649414,2.1985409259796143,0,6,40,1,male
10.122429847717285,5.169861316680908,0,7,40,1,male
5.052389144897461,5.176187992095947,0,8,40,1,male
0.7380220293998718,2.2867493629455566,0,9,40,1,male
13.812536239624023,9.799497604370117,0,0,41,2,female
15.275496482849121,11.55793285369873,0,1,41,2,female
13.599287033081055,14.401451110839844,0,2,41,2,female
13.780603408813477,14.417048454284668,0,3,41,2,female
16.557621002197266,11.294368743896484,0,4,41,2,female
15.10916805267334,10.568336486816406,0,5,41,2,female
12.933425903320312,9.666083335876465,0,6,41,2,female
10.521300315856934,8.361181259155273,0,7,41,2,female
6.8556809425354,7.436119079589844,0,8,41,2,female
2.3005189895629883,4.9505839347839355,0,9,41,2,female
10.610001564025879,2.219679594039917,0,0,42,8,male
12.558685302734375,-1.8622994422912598,0,1,42,8,male
14.454952239990234,-5.13361930847168,0,2,42,8,male
14.375612258911133,-4.991213798522949,0,3,42,8,male
14.997635841369629,-3.898059368133545,0,4,42,8,male
14.891288757324219,-2.0543673038482666,0,5,42,8,male
13.876985549926758,-0.7803152799606323,0,6,42,8,male
12.372262001037598,3.4283623695373535,0,7,42,8,male
6.8215179443359375,4.940486431121826,0,8,42,8,male
2.26961612701416,3.616952657699585,0,9,42,8,male
6.907632827758789,8.87415599822998,0,0,43,6,female
11.655462265014648,9.8948335647583,0,1,43,6,female
15.22060489654541,11.863338470458984,0,2,43,6,female
16.490692138671875,13.240180015563965,0,3,43,6,female
16.443103790283203,13.236422538757324,0,4,43,6,female
13.149419784545898,12.588421821594238,0,5,43,6,female
12.783166885375977,12.195279121398926,0,6,43,6,female
12.289389610290527,10.913517951965332,0,7,43,6,female
11.889301300048828,8.736699104309082,0,8,43,6,female
10.511533737182617,8.396408081054688,0,9,43,6,female
9.40809440612793,2.239691972732544,0,0,44,7,male
10.282390594482422,-1.214288353919983,0,1,44,7,male
11.144571304321289,-5.827068328857422,0,2,44,7,male
11.287742614746094,-6.415027618408203,0,3,44,7,male
12.661612510681152,-4.9616594314575195,0,4,44,7,male
13.636235237121582,-2.6434836387634277,0,5,44,7,male
13.853039741516113,-0.7582120299339294,0,6,44,7,male
12.433424949645996,3.458954334259033,0,7,44,7,male
6.829992771148682,4.93446683883667,0,8,44,7,male
2.0430259704589844,3.4359536170959473,0,9,44,7,male
9.519674301147461,7.888131141662598,0,0,45,0,male
15.092905044555664,8.537821769714355,0,1,45,0,male
19.339214324951172,7.517677307128906,0,2,45,0,male
19.689044952392578,6.193687438964844,0,3,45,0,male
15.942599296569824,-2.014021873474121,0,4,45,0,male
15.387214660644531,-1.4287208318710327,0,5,45,0,male
15.706664085388184,8.60168170928955,0,6,45,0,male
12.149471282958984,8.799490928649902,0,7,45,0,male
7.446609973907471,7.853557109832764,0,8,45,0,male
2.1213574409484863,5.005018711090088,0,9,45,0,male
10.960426330566406,11.068678855895996,0,0,46,2,female
13.781042098999023,12.862311363220215,0,1,46,2,female
14.026939392089844,14.529762268066406,0,2,46,2,female
16.549484252929688,11.360275268554688,0,3,46,2,female
14.888298034667969,10.757969856262207,0,4,46,2,female
12.82568645477295,9.942915916442871,0,5,46,2,female
10.685646057128906,8.288926124572754,0,6,46,2,female
7.186588287353516,7.550285816192627,0,7,46,2,female
2.5919628143310547,5.17283296585083,0,8,46,2,female
-1.0823777914047241,1.5495494604110718,0,9,46,2,female
3.2176363468170166,10.267538070678711,0,0,47,11,female
14.516878128051758,8.910645484924316,0,1,47,11,female
19.046079635620117,7.570184230804443,0,2,47,11,female
20.44382095336914,6.279576778411865,0,3,47,11,female
19.905710220336914,6.381092071533203,0,4,47,11,female
19.091215133666992,6.5339531898498535,0,5,47,11,female
18.74535369873047,6.864004135131836,0,6,47,11,female
17.398832321166992,7.30625057220459,0,7,47,11,female
15.047690391540527,8.194269180297852,0,8,47,11,female
12.149843215942383,8.318632125854492,0,9,47,11,female
12.203064918518066,-1.1833258867263794,0,0,48,9,male
14.141901969909668,-5.567244052886963,0,1,48,9,male
13.131800651550293,-5.119726181030273,0,2,48,9,male
12.773159980773926,-4.904660701751709,0,3,48,9,male
11.64516830444336,-4.04387092590332,0,4,48,9,male
11.906007766723633,-1.9711190462112427,0,5,48,9,male
11.428597450256348,1.059114694595337,0,6,48,9,male
9.104074478149414,3.8863420486450195,0,7,48,9,male
4.93665885925293,3.549271583557129,0,8,48,9,male
0.5472263097763062,1.2454873323440552,0,9,48,9,male
10.571237564086914,7.9576311111450195,0,0,49,11,female
16.88465118408203,8.665112495422363,0,1,49,11,female
20.45964813232422,6.336456775665283,0,2,49,11,female
20.498876571655273,6.355290412902832,0,3,49,11,female
19.52458953857422,6.626556873321533,0,4,49,11,female
19.130252838134766,6.816938877105713,0,5,49,11,female
18.927858352661133,6.9047322273254395,0,6,49,11,female
17.227766036987305,7.42533540725708,0,7,49,11,female
13.570661544799805,8.212044715881348,0,8,49,11,female
9.40797233581543,7.676102638244629,0,9,49,11,female
12.200075149536133,12.611419677734375,1,0,50,2,female
11.542648315429688,12.946505546569824,1,1,50,2,female
13.507414817810059,12.266138076782227,1,2,50,2,female
13.452817916870117,10.085471153259277,1,3,50,2,female
12.031157493591309,9.067187309265137,1,4,50,2,female
9.087305068969727,8.16003704071045,1,5,50,2,female
4.000936985015869,6.158029079437256,1,6,50,2,female
-0.5087152123451233,2.5028510093688965,1,7,50,2,female
-3.739114284515381,-0.8771908283233643,1,8,50,2,female
-5.113307476043701,-3.516521692276001,1,9,50,2,female
12.50111198425293,-3.5613930225372314,1,0,51,1,male
12.725259780883789,-4.473246097564697,1,1,51,1,male
15.825089454650879,-2.7763171195983887,1,2,51,1,male
14.761983871459961,-1.3157387971878052,1,3,51,1,male
13.294105529785156,1.954216718673706,1,4,51,1,male
11.144147872924805,4.365659713745117,1,5,51,1,male
5.64403772354126,4.983930587768555,1,6,51,1,male
1.0875128507614136,2.594820976257324,1,7,51,1,male
-2.4624271392822266,-0.5644443035125732,1,8,51,1,male
-6.500720024108887,-4.4777350425720215,1,9,51,1,male
13.024328231811523,12.23134994506836,1,0,52,2,female
13.466917991638184,12.887667655944824,1,1,52,2,female
15.587807655334473,10.612937927246094,1,2,52,2,female
15.067743301391602,9.2000093460083,1,3,52,2,female
12.189003944396973,8.62674617767334,1,4,52,2,female
7.939186096191406,7.692407608032227,1,5,52,2,female
2.6639151573181152,5.020929336547852,1,6,52,2,female
-1.8838086128234863,0.5259463787078857,1,7,52,2,female
-3.559549570083618,-1.4620096683502197,1,8,52,2,female
-5.700376510620117,-4.361444473266602,1,9,52,2,female
19.192949295043945,6.283201694488525,1,0,53,11,female
20.076566696166992,5.738847255706787,1,1,53,11,female
19.966611862182617,5.739886283874512,1,2,53,11,female
19.446163177490234,6.022726535797119,1,3,53,11,female
18.741674423217773,6.79850435256958,1,4,53,11,female
18.070167541503906,7.299314498901367,1,5,53,11,female
15.329483985900879,8.618648529052734,1,6,53,11,female
11.388747215270996,8.869029998779297,1,7,53,11,female
5.85064697265625,7.8139872550964355,1,8,53,11,female
-0.32055389881134033,4.067641258239746,1,9,53,11,female
11.061736106872559,-2.1070239543914795,1,0,54,8,male
12.59924030303955,-5.846597194671631,1,1,54,8,male
13.424574851989746,-5.461569309234619,1,2,54,8,male
14.272029876708984,-4.653975009918213,1,3,54,8,male
13.165421485900879,-1.7343004941940308,1,4,54,8,male
11.047073364257812,2.2250728607177734,1,5,54,8,male
7.666617393493652,3.9961233139038086,1,6,54,8,male
2.66460919380188,3.2913403511047363,1,7,54,8,male
-1.6980940103530884,0.18795740604400635,1,8,54,8,male
-6.279947757720947,-3.8556880950927734,1,9,54,8,male
10.827357292175293,-2.1248695850372314,1,0,55,8,male
12.434834480285645,-5.8461432456970215,1,1,55,8,male
13.408156394958496,-5.516326427459717,1,2,55,8,male
13.732137680053711,-3.947758197784424,1,3,55,8,male
12.791922569274902,-0.788628339767456,1,4,55,8,male
10.802787780761719,3.0521905422210693,1,5,55,8,male
6.4303297996521,4.0672607421875,1,6,55,8,male
2.0083413124084473,2.5952136516571045,1,7,55,8,male
-2.1256067752838135,-0.305366188287735,1,8,55,8,male
-6.325070381164551,-4.1365861892700195,1,9,55,8,male
14.105887413024902,-3.163954019546509,1,0,56,1,male
16.049755096435547,-2.828606367111206,1,1,56,1,male
15.987140655517578,-2.7270610332489014,1,2,56,1,male
14.546774864196777,-1.2267926931381226,1,3,56,1,male
13.349138259887695,1.6645123958587646,1,4,56,1,male
11.21052360534668,3.9981465339660645,1,5,56,1,male
6.108155250549316,4.621326446533203,1,6,56,1,male
1.7450904846191406,3.1520204544067383,1,7,56,1,male
-2.1747639179229736,-0.3582105040550232,1,8,56,1,male
-5.007998943328857,-2.54068922996521,1,9,56,1,male
16.996253967285156,10.730931282043457,1,0,57,6,female
17.081436157226562,10.75332260131836,1,1,57,6,female
16.384029388427734,11.868130683898926,1,2,57,6,female
15.731432914733887,12.123269081115723,1,3,57,6,female
11.724270820617676,10.142120361328125,1,4,57,6,female
8.468392372131348,9.617045402526855,1,5,57,6,female
3.0323338508605957,6.744503021240234,1,6,57,6,female
-1.8402916193008423,2.4279274940490723,1,7,57,6,female
-4.636942386627197,-0.8158785700798035,1,8,57,6,female
-5.505199909210205,-3.8970682621002197,1,9,57,6,female
15.34823226928711,-1.5921134948730469,1,0,58,1,male
16.055198669433594,-2.6850006580352783,1,1,58,1,male
16.059072494506836,-2.242540121078491,1,2,58,1,male
14.769524574279785,-1.126863956451416,1,3,58,1,male
13.159392356872559,2.108893632888794,1,4,58,1,male
11.164965629577637,4.447657585144043,1,5,58,1,male
5.8087286949157715,4.967611312866211,1,6,58,1,male
2.223253011703491,3.7973525524139404,1,7,58,1,male
-1.803077220916748,0.525856614112854,1,8,58,1,male
-4.488471508026123,-2.43381667137146,1,9,58,1,male
10.149409294128418,-4.258544921875,1,0,59,7,male
10.543021202087402,-6.663691520690918,1,1,59,7,male
10.378897666931152,-5.794620513916016,1,2,59,7,male
11.790756225585938,-2.7318992614746094,1,3,59,7,male
12.275273323059082,0.13878312706947327,1,4,59,7,male
10.6256742477417,3.323746681213379,1,5,59,7,male
6.251248359680176,4.077667236328125,1,6,59,7,male
1.8840830326080322,2.540975570678711,1,7,59,7,male
-2.0508029460906982,-0.47671711444854736,1,8,59,7,male
-5.028240203857422,-3.9878740310668945,1,9,59,7,male
17.664464950561523,11.438426971435547,1,0,60,10,female
18.19403648376465,11.882551193237305,1,1,60,10,female
18.28134536743164,11.780580520629883,1,2,60,10,female
17.151567459106445,12.6062593460083,1,3,60,10,female
15.989328384399414,12.347419738769531,1,4,60,10,female
11.698895454406738,10.306783676147461,1,5,60,10,female
6.245255947113037,9.058784484863281,1,6,60,10,female
1.105023741722107,5.5780510902404785,1,7,60,10,female
-3.4171674251556396,0.71734219789505,1,8,60,10,female
-6.251812934875488,-3.9684276580810547,1,9,60,10,female
19.601425170898438,6.5801873207092285,1,0,61,11,female
20.339685440063477,5.796500205993652,1,1,61,11,female
20.307279586791992,5.7791924476623535,1,2,61,11,female
19.367176055908203,6.121472358703613,1,3,61,11,female
18.575485229492188,6.844954490661621,1,4,61,11,female
17.11103057861328,7.393016338348389,1,5,61,11,female
13.531888961791992,8.163752555847168,1,6,61,11,female
8.704899787902832,7.817358016967773,1,7,61,11,female
3.292670249938965,5.457314968109131,1,8,61,11,female
-1.0903751850128174,1.6992840766906738,1,9,61,11,female
10.958319664001465,-2.6295013427734375,1,0,62,8,male
12.068692207336426,-5.8894572257995605,1,1,62,8,male
13.40778636932373,-5.454712867736816,1,2,62,8,male
13.529251098632812,-2.859280586242676,1,3,62,8,male
12.383255958557129,1.7039673328399658,1,4,62,8,male
9.702953338623047,4.623086452484131,1,5,62,8,male
4.570369243621826,4.97877311706543,1,6,62,8,male
0.28102195262908936,1.8289319276809692,1,7,62,8,male
-3.0336928367614746,-1.2175687551498413,1,8,62,8,male
-6.0052289962768555,-4.6677327156066895,1,9,62,8,male
10.188745498657227,-4.0654802322387695,1,0,63,7,male
10.502346992492676,-6.6794209480285645,1,1,63,7,male
10.450835227966309,-6.7810540199279785,1,2,63,7,male
12.619769096374512,-3.8539693355560303,1,3,63,7,male
12.656232833862305,-1.4212716817855835,1,4,63,7,male
12.52436351776123,2.0970213413238525,1,5,63,7,male
9.916939735412598,5.099348545074463,1,6,63,7,male
4.862964153289795,5.117154121398926,1,7,63,7,male
0.6080522537231445,2.1882264614105225,1,8,63,7,male
-2.554476499557495,-0.677923321723938,1,9,63,7,male
13.834624290466309,11.628131866455078,1,0,64,2,female
13.497845649719238,12.940549850463867,1,1,64,2,female
13.485322952270508,12.924028396606445,1,2,64,2,female
15.39889907836914,10.583148956298828,1,3,64,2,female
14.98245906829834,8.791573524475098,1,4,64,2,female
12.550159454345703,8.341508865356445,1,5,64,2,female
8.168210983276367,7.613480091094971,1,6,64,2,female
2.915990114212036,4.8352766036987305,1,7,64,2,female
-1.7836753129959106,0.5877766013145447,1,8,64,2,female
-3.58034610748291,-1.4320558309555054,1,9,64,2,female
19.805042266845703,6.6375651359558105,1,0,65,11,female
20.35991096496582,5.865931987762451,1,1,65,11,female
20.13279914855957,5.812906742095947,1,2,65,11,female
19.43248748779297,6.113858222961426,1,3,65,11,female
18.58035659790039,6.912242412567139,1,4,65,11,female
16.378332138061523,7.897078514099121,1,5,65,11,female
12.911438941955566,8.4646635055542,1,6,65,11,female
7.584035396575928,7.956199645996094,1,7,65,11,female
2.12138295173645,5.070370674133301,1,8,65,11,female
-2.7675271034240723,0.42726367712020874,1,9,65,11,female
13.322110176086426,-0.5674436688423157,1,0,66,0,male
15.041132926940918,-2.0577633380889893,1,1,66,0,male
18.483327865600586,8.155529022216797,1,2,66,0,male
18.782243728637695,8.56225872039795,1,3,66,0,male
18.594409942626953,10.496044158935547,1,4,66,0,male
12.824995994567871,9.637128829956055,1,5,66,0,male
8.720392227172852,9.327325820922852,1,6,66,0,male
3.4048705101013184,7.164474010467529,1,7,66,0,male
-1.686408281326294,2.8027732372283936,1,8,66,0,male
-4.731388092041016,-1.0573360919952393,1,9,66,0,male
17.723339080810547,11.809985160827637,1,0,67,10,female
18.276010513305664,11.807621955871582,1,1,67,10,female
18.25359344482422,11.774347305297852,1,2,67,10,female
17.092060089111328,12.477912902832031,1,3,67,10,female
14.373905181884766,11.88476848602295,1,4,67,10,female
10.992247581481934,10.51984977722168,1,5,67,10,female
5.728981018066406,8.661408424377441,1,6,67,10,female
-0.24372214078903198,4.959890365600586,1,7,67,10,female
-3.7100937366485596,0.5741561055183411,1,8,67,10,female
-6.0078558921813965,-3.6212573051452637,1,9,67,10,female
14.301741600036621,-3.0111618041992188,1,0,68,1,male
16.054548263549805,-2.907007932662964,1,1,68,1,male
15.895379066467285,-2.64160418510437,1,2,68,1,male
14.626153945922852,-1.1335028409957886,1,3,68,1,male
12.398130416870117,3.1855697631835938,1,4,68,1,male
7.58001184463501,5.055373191833496,1,5,68,1,male
3.2885265350341797,4.296377658843994,1,6,68,1,male
-0.6459850072860718,1.0124620199203491,1,7,68,1,male
-3.029398202896118,-1.5577220916748047,1,8,68,1,male
-5.212619781494141,-3.23022198677063,1,9,68,1,male
10.2033052444458,-4.243365287780762,1,0,69,7,male
11.123826026916504,-6.495524883270264,1,1,69,7,male
11.34096622467041,-6.4069929122924805,1,2,69,7,male
12.692951202392578,-4.194108009338379,1,3,69,7,male
13.530228614807129,-1.9919275045394897,1,4,69,7,male
12.775012969970703,2.3797426223754883,1,5,69,7,male
9.830584526062012,5.240384578704834,1,6,69,7,male
4.364032745361328,5.161668300628662,1,7,69,7,male
0.05282885208725929,1.959395170211792,1,8,69,7,male
-3.2940480709075928,-1.2465366125106812,1,9,69,7,male
11.288588523864746,-3.151247024536133,1,0,70,9,male
12.077696800231934,-5.362229347229004,1,1,70,9,male
12.187591552734375,-5.284438133239746,1,2,70,9,male
12.633865356445312,-5.311867713928223,1,3,70,9,male
12.562230110168457,-2.9387893676757812,1,4,70,9,male
12.440503120422363,0.033640120178461075,1,5,70,9,male
10.12939167022705,3.667414903640747,1,6,70,9,male
5.707437038421631,3.9440371990203857,1,7,70,9,male
1.5216118097305298,2.1828811168670654,1,8,70,9,male
-2.104243516921997,-0.6668591499328613,1,9,70,9,male
10.093847274780273,-4.146341800689697,1,0,71,7,male
10.607393264770508,-6.641902923583984,1,1,71,7,male
10.294600486755371,-5.8423237800598145,1,2,71,7,male
12.03630256652832,-2.136700391769409,1,3,71,7,male
11.466955184936523,1.5926570892333984,1,4,71,7,male
8.682964324951172,3.864476203918457,1,5,71,7,male
4.405137062072754,3.4737300872802734,1,6,71,7,male
-0.5297891497612,0.9095167517662048,1,7,71,7,male
-3.43976092338562,-1.8165042400360107,1,8,71,7,male
-5.825154781341553,-3.850348472595215,1,9,71,7,male
13.289874076843262,-0.44567373394966125,1,0,72,0,male
14.838932991027832,-1.8060846328735352,1,1,72,0,male
18.450618743896484,8.12857723236084,1,2,72,0,male
18.539613723754883,8.724010467529297,1,3,72,0,male
16.007553100585938,10.71165657043457,1,4,72,0,male
12.888587951660156,9.737640380859375,1,5,72,0,male
9.072555541992188,9.424615859985352,1,6,72,0,male
4.674945831298828,7.575498580932617,1,7,72,0,male
-0.8066591620445251,3.655762195587158,1,8,72,0,male
-3.9742743968963623,-0.46463146805763245,1,9,72,0,male
10.13338565826416,-4.089104652404785,1,0,73,7,male
10.343538284301758,-6.668151378631592,1,1,73,7,male
10.265660285949707,-5.89250373840332,1,2,73,7,male
11.93809700012207,-2.6399660110473633,1,3,73,7,male
12.231792449951172,0.48497599363327026,1,4,73,7,male
9.840725898742676,3.8594441413879395,1,5,73,7,male
5.505641937255859,3.905158758163452,1,6,73,7,male
1.155397891998291,1.7232111692428589,1,7,73,7,male
-2.1657819747924805,-0.6716763377189636,1,8,73,7,male
-5.226911544799805,-3.952954053878784,1,9,73,7,male
13.168936729431152,11.793009757995605,1,0,74,2,female
13.397167205810547,12.869763374328613,1,1,74,2,female
13.704242706298828,12.949847221374512,1,2,74,2,female
15.506969451904297,10.961010932922363,1,3,74,2,female
15.159954071044922,8.894530296325684,1,4,74,2,female
12.362757682800293,8.501581192016602,1,5,74,2,female
8.15142822265625,7.653526782989502,1,6,74,2,female
2.940984010696411,5.121870517730713,1,7,74,2,female
-1.4809503555297852,0.8104889392852783,1,8,74,2,female
-4.2218918800354,-2.1966991424560547,1,9,74,2,female
17.879573822021484,10.915351867675781,1,0,75,6,female
18.21209144592285,11.07640552520752,1,1,75,6,female
16.977087020874023,12.157419204711914,1,2,75,6,female
16.02159309387207,12.336836814880371,1,3,75,6,female
13.63100528717041,11.254168510437012,1,4,75,6,female
9.913581848144531,10.17043685913086,1,5,75,6,female
4.454410076141357,7.894213676452637,1,6,75,6,female
-1.198914885520935,3.607691526412964,1,7,75,6,female
-4.515754222869873,-0.39161184430122375,1,8,75,6,female
-5.838590145111084,-4.677093029022217,1,9,75,6,female
18.042753219604492,10.847452163696289,1,0,76,6,female
18.232158660888672,11.075502395629883,1,1,76,6,female
16.910079956054688,11.936558723449707,1,2,76,6,female
15.735557556152344,12.109366416931152,1,3,76,6,female
11.463682174682617,10.346885681152344,1,4,76,6,female
6.376169681549072,9.072492599487305,1,5,76,6,female
2.1392862796783447,6.218672752380371,1,6,76,6,female
-2.2850341796875,1.7878135442733765,1,7,76,6,female
-4.983633518218994,-1.4623992443084717,1,8,76,6,female
-5.961587429046631,-3.1640117168426514,1,9,76,6,female
10.132928848266602,-4.1879448890686035,1,0,77,7,male
10.75744915008545,-6.569488525390625,1,1,77,7,male
10.550200462341309,-5.879729747772217,1,2,77,7,male
11.87825870513916,-2.727691888809204,1,3,77,7,male
12.25124740600586,0.544538676738739,1,4,77,7,male
9.54102897644043,3.835467576980591,1,5,77,7,male
5.1171875,3.677396535873413,1,6,77,7,male
0.6391318440437317,1.3157260417938232,1,7,77,7,male
-2.923598289489746,-1.1766527891159058,1,8,77,7,male
-5.9052910804748535,-2.6751983165740967,1,9,77,7,male
11.960219383239746,-3.3620986938476562,1,0,78,9,male
12.906411170959473,-4.840102195739746,1,1,78,9,male
13.03371810913086,-4.662502765655518,1,2,78,9,male
13.06608772277832,-4.793590068817139,1,3,78,9,male
12.636442184448242,-3.084228754043579,1,4,78,9,male
12.545873641967773,-0.12206960469484329,1,5,78,9,male
10.638185501098633,3.2746713161468506,1,6,78,9,male
6.341704368591309,4.025869369506836,1,7,78,9,male
1.948148250579834,2.4411752223968506,1,8,78,9,male
-1.9147380590438843,-0.4752558171749115,1,9,78,9,male
19.919984817504883,7.415130138397217,1,0,79,11,female
20.82735252380371,6.510970592498779,1,1,79,11,female
20.708831787109375,6.580264568328857,1,2,79,11,female
19.580345153808594,7.495126247406006,1,3,79,11,female
17.429309844970703,7.57498836517334,1,4,79,11,female
12.980674743652344,8.702752113342285,1,5,79,11,female
7.835628986358643,8.058385848999023,1,6,79,11,female
2.367025375366211,5.4647440910339355,1,7,79,11,female
-2.340610980987549,1.4333027601242065,1,8,79,11,female
-5.183480739593506,-2.097500801086426,1,9,79,11,female
13.449615478515625,-0.7225804924964905,1,0,80,0,male
14.949037551879883,-2.1616859436035156,1,1,80,0,male
18.479267120361328,8.155257225036621,1,2,80,0,male
18.710391998291016,8.696788787841797,1,3,80,0,male
16.042530059814453,10.954147338867188,1,4,80,0,male
12.837928771972656,9.773764610290527,1,5,80,0,male
8.801079750061035,9.418634414672852,1,6,80,0,male
3.4318647384643555,7.202392101287842,1,7,80,0,male
-1.6782009601593018,2.959735155105591,1,8,80,0,male
-4.6841139793396,-0.730240523815155,1,9,80,0,male
10.116935729980469,-4.262967109680176,1,0,81,7,male
10.554367065429688,-6.52836799621582,1,1,81,7,male
10.124403953552246,-6.221992015838623,1,2,81,7,male
11.71409797668457,-2.6799769401550293,1,3,81,7,male
12.230850219726562,0.5584436655044556,1,4,81,7,male
10.066457748413086,3.670254945755005,1,5,81,7,male
5.710342884063721,4.008702754974365,1,6,81,7,male
1.5585143566131592,2.461026668548584,1,7,81,7,male
-2.5175020694732666,-0.783524751663208,1,8,81,7,male
-6.343678951263428,-3.4182417392730713,1,9,81,7,male
11.957210540771484,-3.776799201965332,1,0,82,9,male
12.413054466247559,-5.148361682891846,1,1,82,9,male
12.42920207977295,-5.169623851776123,1,2,82,9,male
12.789031028747559,-5.112099647521973,1,3,82,9,male
12.702306747436523,-3.2514429092407227,1,4,82,9,male
12.581924438476562,-0.07417713850736618,1,5,82,9,male
10.335229873657227,3.6939032077789307,1,6,82,9,male
6.1081414222717285,4.134060382843018,1,7,82,9,male
1.7302345037460327,2.491706371307373,1,8,82,9,male
-2.243770122528076,-0.4639720618724823,1,9,82,9,male
12.306266784667969,12.70639705657959,1,0,83,2,female
11.82984733581543,12.838805198669434,1,1,83,2,female
14.618021965026855,10.992095947265625,1,2,83,2,female
14.933073043823242,9.645231246948242,1,3,83,2,female
12.229310035705566,8.831894874572754,1,4,83,2,female
8.973694801330566,7.986814022064209,1,5,83,2,female
4.0860748291015625,5.920495510101318,1,6,83,2,female
-0.48734840750694275,2.408412218093872,1,7,83,2,female
-3.5748722553253174,-0.9269879460334778,1,8,83,2,female
-5.2245283126831055,-2.5545248985290527,1,9,83,2,female
17.421958923339844,10.327258110046387,1,0,84,6,female
17.65753746032715,10.624505043029785,1,1,84,6,female
16.866018295288086,12.003246307373047,1,2,84,6,female
16.046646118164062,12.302956581115723,1,3,84,6,female
13.76290225982666,11.39061450958252,1,4,84,6,female
11.165997505187988,10.62364387512207,1,5,84,6,female
6.640687465667725,9.143758773803711,1,6,84,6,female
3.2683191299438477,7.017719745635986,1,7,84,6,female
-1.5796594619750977,2.9839022159576416,1,8,84,6,female
-4.639702320098877,-0.6955291628837585,1,9,84,6,female
13.86835765838623,-3.3280417919158936,1,0,85,1,male
15.93499755859375,-3.0920979976654053,1,1,85,1,male
15.968924522399902,-2.92407488822937,1,2,85,1,male
15.045108795166016,-1.8243993520736694,1,3,85,1,male
13.905755996704102,-0.8571056723594666,1,4,85,1,male
12.50320053100586,3.442004680633545,1,5,85,1,male
7.058315277099609,5.002006530761719,1,6,85,1,male
2.2723820209503174,3.9684572219848633,1,7,85,1,male
-1.9899572134017944,0.4838656783103943,1,8,85,1,male
-5.219143867492676,-2.6419425010681152,1,9,85,1,male
19.393321990966797,7.132593154907227,1,0,86,11,female
20.280649185180664,5.942356109619141,1,1,86,11,female
19.529186248779297,6.088026523590088,1,2,86,11,female
18.308935165405273,6.4707350730896,1,3,86,11,female
15.929468154907227,8.152412414550781,1,4,86,11,female
13.075876235961914,8.308368682861328,1,5,86,11,female
7.7232561111450195,7.956197738647461,1,6,86,11,female
2.386820077896118,5.182507514953613,1,7,86,11,female
-2.6421353816986084,0.6161991357803345,1,8,86,11,female
-5.6817522048950195,-3.7343339920043945,1,9,86,11,female
10.189085006713867,-4.003554344177246,1,0,87,7,male
11.221982955932617,-6.46668004989624,1,1,87,7,male
11.5668363571167,-6.136773586273193,1,2,87,7,male
13.184385299682617,-2.915330410003662,1,3,87,7,male
12.550641059875488,0.7457403540611267,1,4,87,7,male
10.437479019165039,4.690080165863037,1,5,87,7,male
5.258855819702148,5.013166904449463,1,6,87,7,male
0.8045749664306641,2.318019390106201,1,7,87,7,male
-2.7243449687957764,-0.9176870584487915,1,8,87,7,male
-6.4992780685424805,-3.6284725666046143,1,9,87,7,male
18.131256103515625,9.104528427124023,1,0,88,3,female
19.194303512573242,11.494240760803223,1,1,88,3,female
19.0647029876709,11.508877754211426,1,2,88,3,female
18.63005828857422,11.303400993347168,1,3,88,3,female
13.69852352142334,9.8932466506958,1,4,88,3,female
9.112272262573242,9.233057022094727,1,5,88,3,female
3.569891929626465,7.217867851257324,1,6,88,3,female
-1.6638751029968262,2.6712841987609863,1,7,88,3,female
-4.642237186431885,-0.9000186920166016,1,8,88,3,female
-5.541043281555176,-4.263612747192383,1,9,88,3,female
13.326501846313477,-0.7891578078269958,1,0,89,0,male
14.162260055541992,-2.693798542022705,1,1,89,0,male
16.027307510375977,-1.8920224905014038,1,2,89,0,male
16.04283332824707,-0.2606818675994873,1,3,89,0,male
15.147576332092285,9.761747360229492,1,4,89,0,male
11.957468032836914,9.278142929077148,1,5,89,0,male
8.09370231628418,9.209240913391113,1,6,89,0,male
3.336693048477173,7.144895553588867,1,7,89,0,male
-1.8807034492492676,2.58520770072937,1,8,89,0,male
-4.733038425445557,-0.9127581715583801,1,9,89,0,male
10.861457824707031,-2.1690313816070557,1,0,90,8,male
12.386610984802246,-5.971458435058594,1,1,90,8,male
12.942281723022461,-5.726350784301758,1,2,90,8,male
13.991765975952148,-4.762294292449951,1,3,90,8,male
12.806069374084473,-1.3785394430160522,1,4,90,8,male
10.940032005310059,2.398585319519043,1,5,90,8,male
7.589068412780762,4.000391483306885,1,6,90,8,male
2.7642083168029785,3.1832058429718018,1,7,90,8,male
-1.5311040878295898,0.30211320519447327,1,8,90,8,male
-5.7382283210754395,-4.3662519454956055,1,9,90,8,male
12.109306335449219,-3.578378200531006,1,0,91,9,male
12.738581657409668,-4.941921234130859,1,1,91,9,male
12.414214134216309,-5.052544593811035,1,2,91,9,male
12.541526794433594,-5.364016532897949,1,3,91,9,male
12.746312141418457,-3.5500574111938477,1,4,91,9,male
12.55888557434082,-1.5153437852859497,1,5,91,9,male
10.969145774841309,2.1547799110412598,1,6,91,9,male
7.97592830657959,3.8492720127105713,1,7,91,9,male
3.0128884315490723,3.150165319442749,1,8,91,9,male
-1.5795034170150757,0.8639536499977112,1,9,91,9,male
19.76782989501953,7.1242995262146,1,0,92,11,female
20.624231338500977,6.1501970291137695,1,1,92,11,female
20.48308563232422,6.033502101898193,1,2,92,11,female
19.83722686767578,6.5930562019348145,1,3,92,11,female
19.030899047851562,6.9900407791137695,1,4,92,11,female
17.550188064575195,7.465951442718506,1,5,92,11,female
13.784111976623535,8.292057991027832,1,6,92,11,female
8.43772029876709,8.073707580566406,1,7,92,11,female
3.1597774028778076,5.659414291381836,1,8,92,11,female
-1.2897372245788574,2.054171562194824,1,9,92,11,female
10.785764694213867,-2.219305992126465,1,0,93,8,male
12.100857734680176,-6.009768486022949,1,1,93,8,male
13.265871047973633,-5.567608833312988,1,2,93,8,male
13.575032234191895,-3.779092311859131,1,3,93,8,male
12.959891319274902,-0.5978802442550659,1,4,93,8,male
10.883912086486816,3.447371244430542,1,5,93,8,male
6.137331485748291,4.3478288650512695,1,6,93,8,male
1.6610397100448608,2.588355541229248,1,7,93,8,male
-1.977326512336731,-0.01713489182293415,1,8,93,8,male
-5.621272087097168,-2.712838649749756,1,9,93,8,male
17.71251106262207,11.412537574768066,1,0,94,10,female
18.266916275024414,11.70072078704834,1,1,94,10,female
18.281982421875,11.766340255737305,1,2,94,10,female
17.71577262878418,12.171387672424316,1,3,94,10,female
16.358362197875977,12.436800003051758,1,4,94,10,female
13.625188827514648,11.071664810180664,1,5,94,10,female
9.617509841918945,10.057064056396484,1,6,94,10,female
3.9521002769470215,7.510374069213867,1,7,94,10,female
-1.6618003845214844,2.795802116394043,1,8,94,10,female
-4.804065704345703,-1.1197131872177124,1,9,94,10,female
14.177443504333496,-3.0266201496124268,1,0,95,1,male
16.008319854736328,-2.945770025253296,1,1,95,1,male
15.950277328491211,-2.716217517852783,1,2,95,1,male
14.85352897644043,-1.2015959024429321,1,3,95,1,male
13.24390983581543,2.0580368041992188,1,4,95,1,male
11.140152931213379,4.361562728881836,1,5,95,1,male
6.2149577140808105,4.890305995941162,1,6,95,1,male
2.417093515396118,3.953840732574463,1,7,95,1,male
-1.0262510776519775,0.851701021194458,1,8,95,1,male
-3.193814754486084,-1.3472651243209839,1,9,95,1,male
14.11423397064209,-2.5174951553344727,1,0,96,1,male
15.948304176330566,-3.015453815460205,1,1,96,1,male
15.97409439086914,-2.8453378677368164,1,2,96,1,male
15.01609992980957,-1.355516791343689,1,3,96,1,male
13.264358520507812,2.0027616024017334,1,4,96,1,male
11.165290832519531,4.316665172576904,1,5,96,1,male
6.122031211853027,4.8202128410339355,1,6,96,1,male
1.9245449304580688,3.3344171047210693,1,7,96,1,male
-0.9781584143638611,0.6652737855911255,1,8,96,1,male
-3.159080743789673,-1.6496262550354004,1,9,96,1,male
10.148809432983398,-4.132704734802246,1,0,97,7,male
10.588726997375488,-6.508517742156982,1,1,97,7,male
10.513076782226562,-6.104044437408447,1,2,97,7,male
13.086727142333984,-3.1916301250457764,1,3,97,7,male
12.907630920410156,-0.13383698463439941,1,4,97,7,male
11.217363357543945,4.144012928009033,1,5,97,7,male
5.72476053237915,4.977515697479248,1,6,97,7,male
1.0480760335922241,2.561511993408203,1,7,97,7,male
-2.522230625152588,0.02164473943412304,1,8,97,7,male
-4.812767028808594,-2.985116958618164,1,9,97,7,male
17.9140682220459,9.100025177001953,1,0,98,3,female
18.62807273864746,11.0322904586792,1,1,98,3,female
18.281925201416016,11.065225601196289,1,2,98,3,female
16.809329986572266,11.523968696594238,1,3,98,3,female
13.546212196350098,9.999016761779785,1,4,98,3,female
9.467032432556152,9.656028747558594,1,5,98,3,female
4.86121129989624,7.821564197540283,1,6,98,3,female
-0.4629088342189789,4.242886066436768,1,7,98,3,female
-4.1325459480285645,-0.08773279935121536,1,8,98,3,female
-6.254114627838135,-3.07242488861084,1,9,98,3,female
19.772632598876953,7.456512451171875,1,0,99,11,female
20.71316146850586,6.282050609588623,1,1,99,11,female
20.5207576751709,6.120240688323975,1,2,99,11,female
20.062435150146484,7.300485610961914,1,3,99,11,female
17.599441528320312,7.703102111816406,1,4,99,11,female
12.782608032226562,9.674381256103516,1,5,99,11,female
8.271315574645996,9.09885311126709,1,6,99,11,female
2.3009698390960693,6.239380359649658,1,7,99,11,female
-2.285457134246826,1.7830207347869873,1,8,99,11,female
-5.124006748199463,-1.5947712659835815,1,9,99,11,female
12.190106391906738,-0.8022832274436951,2,0,100,9,male
14.50811767578125,-5.236232757568359,2,1,100,9,male
13.407160758972168,-5.491705894470215,2,2,100,9,male
14.41506576538086,-5.030768394470215,2,3,100,9,male
12.573521614074707,-2.8946449756622314,2,4,100,9,male
12.118657112121582,0.47337809205055237,2,5,100,9,male
9.891736030578613,3.9895055294036865,2,6,100,9,male
5.310471534729004,3.7895619869232178,2,7,100,9,male
0.7033014893531799,1.3399769067764282,2,8,100,9,male
-2.84525728225708,-1.500685453414917,2,9,100,9,male
11.74959945678711,-0.30678850412368774,2,0,101,9,male
13.892964363098145,-5.616733074188232,2,1,101,9,male
13.114445686340332,-5.91405725479126,2,2,101,9,male
13.931602478027344,-5.4515910148620605,2,3,101,9,male
12.316817283630371,-2.065774917602539,2,4,101,9,male
11.492561340332031,1.4983676671981812,2,5,101,9,male
8.66328239440918,3.901097297668457,2,6,101,9,male
4.259088039398193,3.4286367893218994,2,7,101,9,male
-0.5206651091575623,0.9315981864929199,2,8,101,9,male
-3.4855141639709473,-1.9945443868637085,2,9,101,9,male
11.10441780090332,0.44133657217025757,2,0,102,8,male
12.61308765411377,-3.2615976333618164,2,1,102,8,male
13.708892822265625,-5.0273637771606445,2,2,102,8,male
13.51819896697998,-3.6330156326293945,2,3,102,8,male
12.539739608764648,-0.08888217806816101,2,4,102,8,male
9.92255973815918,3.4653282165527344,2,5,102,8,male
5.259181976318359,3.5478837490081787,2,6,102,8,male
0.8028472065925598,1.3191081285476685,2,7,102,8,male
-2.244307041168213,-1.0220329761505127,2,8,102,8,male
-6.197260856628418,-4.061550617218018,2,9,102,8,male
10.717637062072754,0.006026869174093008,2,0,103,7,male
10.402701377868652,-4.450919151306152,2,1,103,7,male
11.215685844421387,-5.956378936767578,2,2,103,7,male
10.778101921081543,-5.3463544845581055,2,3,103,7,male
11.660147666931152,-2.495452404022217,2,4,103,7,male
12.267023086547852,0.6299985647201538,2,5,103,7,male
9.579619407653809,3.878016710281372,2,6,103,7,male
5.251962661743164,3.819361925125122,2,7,103,7,male
1.071544885635376,1.4433108568191528,2,8,103,7,male
-2.0822696685791016,-0.8196707367897034,2,9,103,7,male
10.820365905761719,1.545300841331482,2,0,104,8,male
12.404929161071777,-2.305624485015869,2,1,104,8,male
14.252986907958984,-4.895402908325195,2,2,104,8,male
14.07229995727539,-4.561732292175293,2,3,104,8,male
12.54886531829834,-0.8176469802856445,2,4,104,8,male
10.591573715209961,2.707674026489258,2,5,104,8,male
6.433093070983887,3.645603656768799,2,6,104,8,male
2.019120931625366,2.2524397373199463,2,7,104,8,male
-1.9923932552337646,-0.4857062101364136,2,8,104,8,male
-6.192905426025391,-4.39844274520874,2,9,104,8,male
15.3924560546875,11.377161979675293,2,0,105,6,female
21.463315963745117,9.738525390625,2,1,105,6,female
21.49334144592285,9.987282752990723,2,2,105,6,female
15.144730567932129,11.785902976989746,2,3,105,6,female
10.899810791015625,10.286423683166504,2,4,105,6,female
5.478696346282959,8.387337684631348,2,5,105,6,female
-0.1621200144290924,4.8599934577941895,2,6,105,6,female
-3.76871657371521,0.44459906220436096,2,7,105,6,female
-6.139386177062988,-3.6972014904022217,2,8,105,6,female
-5.1839094161987305,-3.314973831176758,2,9,105,6,female
13.14676284790039,-0.3916277587413788,2,0,106,1,male
15.079785346984863,-3.571120023727417,2,1,106,1,male
15.143705368041992,-3.547039747238159,2,2,106,1,male
13.786113739013672,-1.2630908489227295,2,3,106,1,male
12.716145515441895,2.8406057357788086,2,4,106,1,male
7.4109930992126465,5.073299884796143,2,5,106,1,male
2.8086729049682617,4.196832656860352,2,6,106,1,male
-0.9852250218391418,1.0542501211166382,2,7,106,1,male
-3.231672763824463,-1.6799482107162476,2,8,106,1,male
-5.955284595489502,-2.724085807800293,2,9,106,1,male
15.459612846374512,9.272879600524902,2,0,107,0,male
20.79698944091797,8.149650573730469,2,1,107,0,male
21.021148681640625,8.62634563446045,2,2,107,0,male
15.527514457702637,11.999966621398926,2,3,107,0,male
11.22387981414795,10.573559761047363,2,4,107,0,male
5.711832523345947,8.641419410705566,2,5,107,0,male
-0.05610745772719383,4.946338653564453,2,6,107,0,male
-3.766080141067505,0.5496572852134705,2,7,107,0,male
-5.073873043060303,-3.1125504970550537,2,8,107,0,male
-6.692405700683594,-3.5576353073120117,2,9,107,0,male
15.400821685791016,11.297219276428223,2,0,108,10,female
21.912630081176758,9.361353874206543,2,1,108,10,female
22.103515625,9.228983879089355,2,2,108,10,female
21.307575225830078,10.201658248901367,2,3,108,10,female
14.617414474487305,11.637528419494629,2,4,108,10,female
10.567767143249512,9.920248985290527,2,5,108,10,female
4.925864219665527,7.977447986602783,2,6,108,10,female
-0.5779692530632019,4.154911041259766,2,7,108,10,female
-4.102376937866211,-0.1428796499967575,2,8,108,10,female
-6.37510347366333,-3.582186222076416,2,9,108,10,female
12.382065773010254,13.485939979553223,2,0,109,2,female
13.130462646484375,14.833168029785156,2,1,109,2,female
14.377324104309082,14.154170036315918,2,2,109,2,female
15.32168960571289,11.223759651184082,2,3,109,2,female
12.413041114807129,9.085687637329102,2,4,109,2,female
8.681943893432617,7.905804634094238,2,5,109,2,female
3.457597017288208,5.254815578460693,2,6,109,2,female
-0.6613638401031494,1.7049646377563477,2,7,109,2,female
-3.5405848026275635,-1.0718111991882324,2,8,109,2,female
-6.898191928863525,-4.055757522583008,2,9,109,2,female
15.409235954284668,9.030818939208984,2,0,110,0,male
20.549970626831055,7.835247039794922,2,1,110,0,male
20.731746673583984,8.056727409362793,2,2,110,0,male
15.674172401428223,11.978314399719238,2,3,110,0,male
11.381234169006348,10.417379379272461,2,4,110,0,male
5.899721145629883,8.805349349975586,2,5,110,0,male
-0.162922665476799,4.994777679443359,2,6,110,0,male
-3.8202662467956543,0.546951413154602,2,7,110,0,male
-5.424026012420654,-4.293699741363525,2,8,110,0,male
-5.5175652503967285,-3.957479476928711,2,9,110,0,male
14.900333404541016,11.435806274414062,2,0,111,10,female
21.625757217407227,9.621527671813965,2,1,111,10,female
22.195568084716797,9.180724143981934,2,2,111,10,female
21.743974685668945,9.509886741638184,2,3,111,10,female
16.442638397216797,12.382030487060547,2,4,111,10,female
12.487144470214844,10.352095603942871,2,5,111,10,female
8.235087394714355,9.587751388549805,2,6,111,10,female
1.9919178485870361,6.11591911315918,2,7,111,10,female
-2.5157248973846436,1.5132938623428345,2,8,111,10,female
-5.489669322967529,-2.617631196975708,2,9,111,10,female
10.886280059814453,-2.1708059310913086,2,0,112,7,male
12.759711265563965,-5.813889980316162,2,1,112,7,male
13.946306228637695,-5.204580783843994,2,2,112,7,male
14.814764976501465,-3.9248504638671875,2,3,112,7,male
13.924205780029297,-1.349711537361145,2,4,112,7,male
12.880894660949707,2.721973419189453,2,5,112,7,male
7.638121128082275,5.068679332733154,2,6,112,7,male
3.5061771869659424,4.67709493637085,2,7,112,7,male
-0.7167765498161316,1.1738287210464478,2,8,112,7,male
-3.1405141353607178,-1.4632395505905151,2,9,112,7,male
15.370970726013184,9.171031951904297,2,0,113,3,female
20.021221160888672,8.060044288635254,2,1,113,3,female
20.738727569580078,8.07585620880127,2,2,113,3,female
20.908597946166992,9.72166633605957,2,3,113,3,female
15.43247127532959,11.32021427154541,2,4,113,3,female
11.28703498840332,9.799423217773438,2,5,113,3,female
6.21556282043457,8.57681655883789,2,6,113,3,female
0.28758272528648376,4.688743591308594,2,7,113,3,female
-3.5215835571289062,0.46504145860671997,2,8,113,3,female
-6.1686930656433105,-4.170718669891357,2,9,113,3,female
12.4723482131958,13.785560607910156,2,0,114,2,female
13.11781120300293,14.847082138061523,2,1,114,2,female
14.316513061523438,13.851088523864746,2,2,114,2,female
13.41964340209961,10.613975524902344,2,3,114,2,female
9.264033317565918,9.216004371643066,2,4,114,2,female
4.099093914031982,6.302084445953369,2,5,114,2,female
-0.3840603530406952,2.7837023735046387,2,6,114,2,female
-3.291855573654175,-1.5737195014953613,2,7,114,2,female
-5.79067325592041,-2.5724904537200928,2,8,114,2,female
-5.9326934814453125,-4.229520320892334,2,9,114,2,female
15.40939998626709,11.33275032043457,2,0,115,10,female
22.013561248779297,9.310840606689453,2,1,115,10,female
22.148286819458008,9.219524383544922,2,2,115,10,female
21.28875160217285,10.273136138916016,2,3,115,10,female
14.419631958007812,11.718509674072266,2,4,115,10,female
10.615955352783203,9.955647468566895,2,5,115,10,female
4.9656453132629395,8.041813850402832,2,6,115,10,female
-0.5567400455474854,4.277724742889404,2,7,115,10,female
-4.308713912963867,-0.23052842915058136,2,8,115,10,female
-6.849134922027588,-3.1923298835754395,2,9,115,10,female
15.422812461853027,9.234661102294922,2,0,116,3,female
20.45509147644043,8.064334869384766,2,1,116,3,female
20.79932975769043,7.850074291229248,2,2,116,3,female
20.74464225769043,9.801673889160156,2,3,116,3,female
14.568070411682129,11.48423957824707,2,4,116,3,female
10.74753189086914,9.804957389831543,2,5,116,3,female
5.0917487144470215,8.066240310668945,2,6,116,3,female
-0.4204573631286621,4.27110481262207,2,7,116,3,female
-3.913182497024536,0.08880142122507095,2,8,116,3,female
-5.963643550872803,-4.593909740447998,2,9,116,3,female
12.066043853759766,-0.8020803928375244,2,0,117,9,male
14.397969245910645,-5.394327640533447,2,1,117,9,male
13.344902992248535,-5.647236347198486,2,2,117,9,male
13.929959297180176,-5.500430107116699,2,3,117,9,male
12.245853424072266,-1.5928298234939575,2,4,117,9,male
10.748076438903809,1.8506146669387817,2,5,117,9,male
7.467792987823486,3.903376340866089,2,6,117,9,male
2.7078731060028076,3.12038516998291,2,7,117,9,male
-1.2089693546295166,0.22506171464920044,2,8,117,9,male
-4.66603946685791,-2.977043867111206,2,9,117,9,male
15.112186431884766,11.28940486907959,2,0,118,10,female
21.561002731323242,9.50163459777832,2,1,118,10,female
22.035921096801758,9.207103729248047,2,2,118,10,female
21.270822525024414,10.083417892456055,2,3,118,10,female
14.667096138000488,11.504722595214844,2,4,118,10,female
10.73451042175293,9.790776252746582,2,5,118,10,female
5.012643337249756,7.988232135772705,2,6,118,10,female
-0.34540385007858276,4.2630085945129395,2,7,118,10,female
-3.845573663711548,0.27444103360176086,2,8,118,10,female
-4.9767045974731445,-3.605637311935425,2,9,118,10,female
15.513434410095215,11.482728004455566,2,0,119,10,female
22.014659881591797,9.265807151794434,2,1,119,10,female
22.13365364074707,9.20695972442627,2,2,119,10,female
21.34131622314453,10.125561714172363,2,3,119,10,female
14.67646598815918,11.489745140075684,2,4,119,10,female
10.206093788146973,9.723923683166504,2,5,119,10,female
4.59470796585083,7.631922721862793,2,6,119,10,female
-0.9508086442947388,3.9185070991516113,2,7,119,10,female
-4.325249195098877,-0.34095656871795654,2,8,119,10,female
-6.6498703956604,-3.9370615482330322,2,9,119,10,female
14.221867561340332,8.705533981323242,2,0,120,11,female
18.606048583984375,7.844597816467285,2,1,120,11,female
19.979944229125977,6.464345932006836,2,2,120,11,female
19.683563232421875,6.392707824707031,2,3,120,11,female
18.718950271606445,6.91715669631958,2,4,120,11,female
17.110870361328125,7.400850296020508,2,5,120,11,female
13.436357498168945,8.126072883605957,2,6,120,11,female
8.68697452545166,7.85875940322876,2,7,120,11,female
3.2493739128112793,5.659891128540039,2,8,120,11,female
-1.5338845252990723,2.849620819091797,2,9,120,11,female
14.71300983428955,11.427255630493164,2,0,121,6,female
21.31631088256836,10.156301498413086,2,1,121,6,female
21.742177963256836,9.575861930847168,2,2,121,6,female
16.879150390625,12.750539779663086,2,3,121,6,female
14.38915729522705,12.036137580871582,2,4,121,6,female
10.47396183013916,10.325338363647461,2,5,121,6,female
4.95020866394043,8.248876571655273,2,6,121,6,female
-0.41281697154045105,4.786597728729248,2,7,121,6,female
-3.9699816703796387,0.3547704815864563,2,8,121,6,female
-6.001976490020752,-4.674954891204834,2,9,121,6,female
12.08505916595459,-0.8538203835487366,2,0,122,9,male
14.524801254272461,-5.313385486602783,2,1,122,9,male
13.482855796813965,-5.304812431335449,2,2,122,9,male
14.498041152954102,-5.150336265563965,2,3,122,9,male
12.545540809631348,-2.1403465270996094,2,4,122,9,male
11.518653869628906,1.4530994892120361,2,5,122,9,male
8.741745948791504,3.928589105606079,2,6,122,9,male
4.382394790649414,3.487229347229004,2,7,122,9,male
-0.14241574704647064,1.0454246997833252,2,8,122,9,male
-3.3462207317352295,-1.7847219705581665,2,9,122,9,male
10.898682594299316,1.6142021417617798,2,0,123,8,male
12.379615783691406,-2.090786933898926,2,1,123,8,male
13.851733207702637,-4.728248119354248,2,2,123,8,male
13.650522232055664,-3.8209314346313477,2,3,123,8,male
12.526691436767578,-0.29877468943595886,2,4,123,8,male
10.486599922180176,2.9212448596954346,2,5,123,8,male
6.309804439544678,3.5636982917785645,2,6,123,8,male
1.8908337354660034,2.0305023193359375,2,7,123,8,male
-1.9688336849212646,-0.6581897735595703,2,8,123,8,male
-5.015287399291992,-3.042166233062744,2,9,123,8,male
14.701223373413086,8.71505355834961,2,0,124,11,female
19.122983932495117,7.4367899894714355,2,1,124,11,female
19.852596282958984,6.446328639984131,2,2,124,11,female
18.973249435424805,6.91771125793457,2,3,124,11,female
17.167150497436523,7.444675922393799,2,4,124,11,female
14.736451148986816,8.480391502380371,2,5,124,11,female
10.95583724975586,8.457266807556152,2,6,124,11,female
5.566489219665527,7.271214962005615,2,7,124,11,female
-0.6165107488632202,3.228053092956543,2,8,124,11,female
-3.043091058731079,-0.3991570770740509,2,9,124,11,female
12.426473617553711,13.64693832397461,2,0,125,2,female
13.103291511535645,14.863365173339844,2,1,125,2,female
14.335673332214355,14.053718566894531,2,2,125,2,female
15.0493745803833,10.886072158813477,2,3,125,2,female
10.95528507232666,8.498920440673828,2,4,125,2,female
6.794179439544678,7.493289470672607,2,5,125,2,female
0.5101059079170227,3.804764986038208,2,6,125,2,female
-2.8596158027648926,-0.018000837415456772,2,7,125,2,female
-5.6076273918151855,-4.498603343963623,2,8,125,2,female
-5.927037715911865,-3.479412078857422,2,9,125,2,female
11.139791488647461,0.4074321389198303,2,0,126,8,male
12.961559295654297,-3.4035375118255615,2,1,126,8,male
14.180657386779785,-4.6727752685546875,2,2,126,8,male
13.600884437561035,-3.537259817123413,2,3,126,8,male
12.569902420043945,0.4804609715938568,2,4,126,8,male
9.644597053527832,4.0688157081604,2,5,126,8,male
4.64774751663208,3.55487322807312,2,6,126,8,male
0.2066110372543335,1.2267662286758423,2,7,126,8,male
-3.0621650218963623,-1.568078875541687,2,8,126,8,male
-5.72373628616333,-4.1701178550720215,2,9,126,8,male
12.38388442993164,13.591766357421875,2,0,127,2,female
13.13786792755127,14.809253692626953,2,1,127,2,female
14.32286548614502,13.889888763427734,2,2,127,2,female
13.586005210876465,10.601944923400879,2,3,127,2,female
9.5054349899292,8.677273750305176,2,4,127,2,female
4.11366081237793,6.236449718475342,2,5,127,2,female
-0.47110119462013245,2.495610475540161,2,6,127,2,female
-3.6202306747436523,-0.9034045934677124,2,7,127,2,female
-6.419832229614258,-4.625909328460693,2,8,127,2,female
-5.492347240447998,-3.414151430130005,2,9,127,2,female
15.30533504486084,11.343077659606934,2,0,128,10,female
21.83394432067871,9.379905700683594,2,1,128,10,female
22.12094497680664,9.218524932861328,2,2,128,10,female
21.612781524658203,9.562775611877441,2,3,128,10,female
15.350439071655273,11.698103904724121,2,4,128,10,female
11.364173889160156,10.102795600891113,2,5,128,10,female
6.238009452819824,8.754358291625977,2,6,128,10,female
0.5283141136169434,5.064976692199707,2,7,128,10,female
-3.492774248123169,0.7204627394676208,2,8,128,10,female
-6.606975078582764,-4.168779373168945,2,9,128,10,female
15.283434867858887,11.312616348266602,2,0,129,10,female
21.923660278320312,9.369572639465332,2,1,129,10,female
22.167856216430664,9.2002534866333,2,2,129,10,female
21.506895065307617,9.949113845825195,2,3,129,10,female
15.237104415893555,11.511075973510742,2,4,129,10,female
10.995882034301758,10.332343101501465,2,5,129,10,female
5.652722358703613,8.31324291229248,2,6,129,10,female
-0.012014323845505714,4.755205154418945,2,7,129,10,female
-3.4274652004241943,0.39728814363479614,2,8,129,10,female
-6.361919403076172,-2.5373754501342773,2,9,129,10,female
11.234816551208496,0.6846347451210022,2,0,130,8,male
12.690174102783203,-3.2872393131256104,2,1,130,8,male
14.0911283493042,-4.826339244842529,2,2,130,8,male
13.622971534729004,-3.733971118927002,2,3,130,8,male
12.602060317993164,0.13649415969848633,2,4,130,8,male
9.815486907958984,3.5986428260803223,2,5,130,8,male
5.269938945770264,3.5345215797424316,2,6,130,8,male
0.7693793773651123,1.2772494554519653,2,7,130,8,male
-2.633673667907715,-1.258436918258667,2,8,130,8,male
-6.218556880950928,-3.304774284362793,2,9,130,8,male
15.318406105041504,11.348530769348145,2,0,131,6,female
21.52767562866211,9.763370513916016,2,1,131,6,female
21.427223205566406,10.208213806152344,2,2,131,6,female
14.478208541870117,11.610000610351562,2,3,131,6,female
10.398970603942871,9.918951034545898,2,4,131,6,female
4.622893333435059,7.782607078552246,2,5,131,6,female
-0.9127646684646606,3.892862558364868,2,6,131,6,female
-4.334489822387695,-0.19798243045806885,2,7,131,6,female
-5.435070991516113,-3.898479461669922,2,8,131,6,female
-5.554137229919434,-3.746579885482788,2,9,131,6,female
12.476174354553223,13.885371208190918,2,0,132,2,female
13.140731811523438,14.845459938049316,2,1,132,2,female
14.299402236938477,13.878386497497559,2,2,132,2,female
14.917801856994629,11.271517753601074,2,3,132,2,female
11.91601848602295,9.069592475891113,2,4,132,2,female
7.983006000518799,8.165888786315918,2,5,132,2,female
3.1962530612945557,5.6791582107543945,2,6,132,2,female
-0.7563907504081726,2.1531412601470947,2,7,132,2,female
-3.5827064514160156,-0.9828575253486633,2,8,132,2,female
-5.213992595672607,-2.617356061935425,2,9,132,2,female
10.657047271728516,0.5794124603271484,2,0,133,7,male
10.958935737609863,-3.615206480026245,2,1,133,7,male
12.294806480407715,-6.269561290740967,2,2,133,7,male
12.867416381835938,-5.4294114112854,2,3,133,7,male
13.520833969116211,-3.136960506439209,2,4,133,7,male
13.087836265563965,-0.2956424653530121,2,5,133,7,male
11.195690155029297,4.067294120788574,2,6,133,7,male
6.083473205566406,4.787257194519043,2,7,133,7,male
1.759665608406067,3.221766710281372,2,8,133,7,male
-2.1925036907196045,-0.29898717999458313,2,9,133,7,male
13.188833236694336,8.408010482788086,2,0,134,11,female
17.976560592651367,8.089448928833008,2,1,134,11,female
20.33196449279785,6.416785717010498,2,2,134,11,female
20.192609786987305,6.3942060470581055,2,3,134,11,female
19.03099822998047,6.856400489807129,2,4,134,11,female
17.2635498046875,7.55100679397583,2,5,134,11,female
15.064204216003418,8.296310424804688,2,6,134,11,female
11.174933433532715,8.380038261413574,2,7,134,11,female
4.480423450469971,6.305584907531738,2,8,134,11,female
-0.6980161666870117,3.5099825859069824,2,9,134,11,female
14.78264331817627,11.197342872619629,2,0,135,6,female
21.177677154541016,9.955549240112305,2,1,135,6,female
21.73210906982422,9.641905784606934,2,2,135,6,female
16.93968391418457,12.795608520507812,2,3,135,6,female
14.50740909576416,12.050529479980469,2,4,135,6,female
10.724274635314941,10.475303649902344,2,5,135,6,female
5.349417209625244,8.392851829528809,2,6,135,6,female
-0.37434035539627075,4.840484142303467,2,7,135,6,female
-3.802874803543091,0.5383020043373108,2,8,135,6,female
-6.239772319793701,-3.367918014526367,2,9,135,6,female
10.337400436401367,-1.1536648273468018,2,0,136,7,male
11.064230918884277,-5.079620361328125,2,1,136,7,male
11.927138328552246,-6.0434980392456055,2,2,136,7,male
12.812543869018555,-3.234586477279663,2,3,136,7,male
12.780912399291992,-0.20096279680728912,2,4,136,7,male
10.85151195526123,3.5133159160614014,2,5,136,7,male
6.05909538269043,4.3966193199157715,2,6,136,7,male
2.0217368602752686,3.235226631164551,2,7,136,7,male
-2.1564269065856934,-0.25921133160591125,2,8,136,7,male
-4.848278999328613,-3.5883638858795166,2,9,136,7,male
14.979645729064941,8.440546035766602,2,0,137,0,male
19.310937881469727,7.677628993988037,2,1,137,0,male
20.993335723876953,7.417444705963135,2,2,137,0,male
20.636011123657227,9.81491756439209,2,3,137,0,male
14.398082733154297,11.445395469665527,2,4,137,0,male
9.761019706726074,9.9921875,2,5,137,0,male
3.9149532318115234,7.523828506469727,2,6,137,0,male
-1.4765208959579468,3.1545534133911133,2,7,137,0,male
-4.637289524078369,-0.6571092009544373,2,8,137,0,male
-5.828232288360596,-4.064781188964844,2,9,137,0,male
10.758556365966797,1.771895408630371,2,0,138,8,male
12.32697582244873,-2.046283721923828,2,1,138,8,male
14.195979118347168,-4.808545112609863,2,2,138,8,male
13.99429702758789,-4.56460428237915,2,3,138,8,male
12.72891616821289,-0.9703157544136047,2,4,138,8,male
10.641034126281738,2.8053605556488037,2,5,138,8,male
6.627895355224609,3.777007579803467,2,6,138,8,male
2.3561298847198486,2.409763813018799,2,7,138,8,male
-1.469043493270874,-0.10046801716089249,2,8,138,8,male
-6.077550411224365,-2.776599645614624,2,9,138,8,male
13.627805709838867,8.481222152709961,2,0,139,11,female
18.06340980529785,7.961213111877441,2,1,139,11,female
20.53907012939453,6.317714214324951,2,2,139,11,female
20.550487518310547,6.256471633911133,2,3,139,11,female
19.207921981811523,6.723114967346191,2,4,139,11,female
17.371803283691406,7.3837690353393555,2,5,139,11,female
15.100913047790527,8.13243293762207,2,6,139,11,female
11.621312141418457,8.398965835571289,2,7,139,11,female
5.956455707550049,7.353603363037109,2,8,139,11,female
0.48265352845191956,4.215777397155762,2,9,139,11,female
12.48662281036377,13.431989669799805,2,0,140,2,female
13.100456237792969,14.875247955322266,2,1,140,2,female
14.441039085388184,14.057934761047363,2,2,140,2,female
15.201160430908203,11.13133716583252,2,3,140,2,female
11.82699966430664,8.870975494384766,2,4,140,2,female
7.567266941070557,7.726438045501709,2,5,140,2,female
2.217334508895874,4.992480278015137,2,6,140,2,female
-1.9654905796051025,0.5592513084411621,2,7,140,2,female
-4.2598066329956055,-2.501035213470459,2,8,140,2,female
-5.976023197174072,-2.9342408180236816,2,9,140,2,female
14.082505226135254,-0.3832884728908539,2,0,141,1,male
15.365266799926758,-3.3964121341705322,2,1,141,1,male
15.228870391845703,-3.423485040664673,2,2,141,1,male
13.849842071533203,-1.0483100414276123,2,3,141,1,male
12.545092582702637,3.341205596923828,2,4,141,1,male
7.0576958656311035,5.036581516265869,2,5,141,1,male
2.482792854309082,3.94696044921875,2,6,141,1,male
-1.8472844362258911,0.40701255202293396,2,7,141,1,male
-4.76734733581543,-2.4917078018188477,2,8,141,1,male
-6.466307640075684,-4.034162521362305,2,9,141,1,male
12.464404106140137,13.864960670471191,2,0,142,2,female
13.215831756591797,14.680778503417969,2,1,142,2,female
14.392354011535645,13.705096244812012,2,2,142,2,female
13.323766708374023,10.49599552154541,2,3,142,2,female
9.236380577087402,8.99335765838623,2,4,142,2,female
4.036681652069092,6.155301094055176,2,5,142,2,female
-0.5024942755699158,2.486924409866333,2,6,142,2,female
-3.56365966796875,-0.9526215195655823,2,7,142,2,female
-5.2059807777404785,-2.611257314682007,2,8,142,2,female
-5.812497138977051,-3.40600323677063,2,9,142,2,female
11.187515258789062,0.4050467908382416,2,0,143,8,male
12.626615524291992,-3.424215793609619,2,1,143,8,male
14.06297779083252,-4.907118320465088,2,2,143,8,male
13.619635581970215,-3.6830670833587646,2,3,143,8,male
12.632180213928223,0.015197748318314552,2,4,143,8,male
9.8641996383667,3.7563507556915283,2,5,143,8,male
5.05309534072876,3.606363534927368,2,6,143,8,male
0.6225407123565674,1.2591583728790283,2,7,143,8,male
-2.8516979217529297,-1.518062710762024,2,8,143,8,male
-5.064314842224121,-4.2848615646362305,2,9,143,8,male
12.472185134887695,13.89614486694336,2,0,144,2,female
13.141803741455078,14.821633338928223,2,1,144,2,female
14.381686210632324,13.711067199707031,2,2,144,2,female
13.483924865722656,10.610054969787598,2,3,144,2,female
9.339794158935547,9.099398612976074,2,4,144,2,female
4.877553939819336,6.7558698654174805,2,5,144,2,female
-0.19692720472812653,3.3029584884643555,2,6,144,2,female
-3.69700026512146,-0.5809286236763,2,7,144,2,female
-5.374419212341309,-3.4122073650360107,2,8,144,2,female
-5.468510150909424,-3.3729214668273926,2,9,144,2,female
12.021968841552734,-0.9303483963012695,2,0,145,9,male
14.350652694702148,-5.426844120025635,2,1,145,9,male
13.239516258239746,-5.907096862792969,2,2,145,9,male
13.974225044250488,-5.527952671051025,2,3,145,9,male
12.468899726867676,-3.0905346870422363,2,4,145,9,male
12.103816986083984,0.2386445254087448,2,5,145,9,male
10.119400978088379,3.778850793838501,2,6,145,9,male
5.7553558349609375,3.9889416694641113,2,7,145,9,male
1.599114179611206,2.3406429290771484,2,8,145,9,male
-2.436063766479492,-0.8214691281318665,2,9,145,9,male
11.960695266723633,-0.6324454545974731,2,0,146,9,male
14.296560287475586,-5.540990829467773,2,1,146,9,male
13.228137969970703,-5.853740692138672,2,2,146,9,male
13.890949249267578,-5.490936279296875,2,3,146,9,male
12.331768989562988,-2.0758612155914307,2,4,146,9,male
11.340987205505371,1.4880602359771729,2,5,146,9,male
8.573236465454102,3.908656120300293,2,6,146,9,male
4.272067546844482,3.4288790225982666,2,7,146,9,male
-0.6017309427261353,0.8349565863609314,2,8,146,9,male
-3.1729228496551514,-1.3674163818359375,2,9,146,9,male
14.900418281555176,8.4185791015625,2,0,147,11,female
19.225902557373047,7.472591876983643,2,1,147,11,female
20.54423713684082,6.461334228515625,2,2,147,11,female
20.477685928344727,6.863117218017578,2,3,147,11,female
18.12799072265625,7.51201868057251,2,4,147,11,female
15.24031925201416,8.658984184265137,2,5,147,11,female
11.405356407165527,8.691615104675293,2,6,147,11,female
5.946292400360107,7.606860637664795,2,7,147,11,female
0.009499086067080498,4.127148628234863,2,8,147,11,female
-3.5379581451416016,0.2504419982433319,2,9,147,11,female
15.711871147155762,10.02480411529541,2,0,148,3,female
20.908828735351562,8.233545303344727,2,1,148,3,female
21.76474952697754,9.092968940734863,2,2,148,3,female
21.287391662597656,10.103324890136719,2,3,148,3,female
14.716879844665527,11.528450965881348,2,4,148,3,female
10.874468803405762,9.852472305297852,2,5,148,3,female
5.756825923919678,8.298931121826172,2,6,148,3,female
0.11034662276506424,4.5372209548950195,2,7,148,3,female
-3.659322500228882,0.2326204478740692,2,8,148,3,female
-5.638304233551025,-3.8421318531036377,2,9,148,3,female
12.355344772338867,13.531172752380371,2,0,149,2,female
13.126517295837402,14.799277305603027,2,1,149,2,female
14.246235847473145,13.947314262390137,2,2,149,2,female
14.11289119720459,11.002802848815918,2,3,149,2,female
10.58928108215332,9.34267807006836,2,4,149,2,female
6.1921796798706055,7.609926700592041,2,5,149,2,female
0.24234215915203094,3.645632028579712,2,6,149,2,female
-3.207149028778076,-0.10699605941772461,2,7,149,2,female
-5.538767337799072,-3.56398344039917,2,8,149,2,female
-5.452169418334961,-3.936826229095459,2,9,149,2,female
12.736759185791016,8.508822441101074,3,0,150,0,male
17.32418441772461,8.186657905578613,3,1,150,0,male
20.960472106933594,7.290460109710693,3,2,150,0,male
20.923572540283203,7.582294940948486,3,3,150,0,male
21.603660583496094,9.694303512573242,3,4,150,0,male
15.225029945373535,12.041879653930664,3,5,150,0,male
11.32860279083252,10.567630767822266,3,6,150,0,male
6.043148040771484,8.961372375488281,3,7,150,0,male
-0.08047269284725189,5.072299003601074,3,8,150,0,male
-3.542107582092285,0.7043083310127258,3,9,150,0,male
9.43742847442627,2.4089467525482178,3,0,151,7,male
10.273918151855469,-1.1671398878097534,3,1,151,7,male
11.323578834533691,-5.943436145782471,3,2,151,7,male
11.708284378051758,-6.2158098220825195,3,3,151,7,male
13.189590454101562,-4.569267749786377,3,4,151,7,male
13.728283882141113,-1.5059021711349487,3,5,151,7,male
12.912548065185547,2.605499505996704,3,6,151,7,male
7.5524749755859375,5.040676116943359,3,7,151,7,male
3.1628918647766113,4.289771556854248,3,8,151,7,male
-0.9332953691482544,1.2046960592269897,3,9,151,7,male
13.235231399536133,8.366151809692383,3,0,152,0,male
17.727712631225586,7.249398708343506,3,1,152,0,male
20.11751365661621,6.442885875701904,3,2,152,0,male
20.128061294555664,6.571847915649414,3,3,152,0,male
20.358299255371094,9.860060691833496,3,4,152,0,male
14.475727081298828,11.58868408203125,3,5,152,0,male
10.19817066192627,10.16250228881836,3,6,152,0,male
4.557868003845215,7.974259376525879,3,7,152,0,male
-0.9526100754737854,4.078833103179932,3,8,152,0,male
-4.374696731567383,-0.16121363639831543,3,9,152,0,male
18.230642318725586,8.040359497070312,3,0,153,11,female
20.91474723815918,6.97420597076416,3,1,153,11,female
20.943374633789062,6.778214454650879,3,2,153,11,female
20.9247989654541,7.309097766876221,3,3,153,11,female
17.98432731628418,7.416524887084961,3,4,153,11,female
15.212923049926758,8.870563507080078,3,5,153,11,female
11.549341201782227,9.32287883758545,3,6,153,11,female
6.540553569793701,8.260510444641113,3,7,153,11,female
0.5903171896934509,4.858978271484375,3,8,153,11,female
-3.3153250217437744,0.6134974956512451,3,9,153,11,female
12.210505485534668,1.6342575550079346,3,0,154,1,male
14.34085750579834,-2.6850152015686035,3,1,154,1,male
15.436676979064941,-3.605586051940918,3,2,154,1,male
15.034655570983887,-3.502511978149414,3,3,154,1,male
13.733616828918457,-1.0479345321655273,3,4,154,1,male
12.570231437683105,3.499465227127075,3,5,154,1,male
7.095688343048096,5.047646999359131,3,6,154,1,male
2.393094062805176,4.156767845153809,3,7,154,1,male
-1.713008165359497,0.6794856786727905,3,8,154,1,male
-4.4629669189453125,-2.492183208465576,3,9,154,1,male
21.055099487304688,9.705012321472168,3,0,155,10,female
22.043123245239258,9.269373893737793,3,1,155,10,female
21.667518615722656,9.581262588500977,3,2,155,10,female
16.725252151489258,12.602513313293457,3,3,155,10,female
14.398659706115723,11.575479507446289,3,4,155,10,female
10.551098823547363,9.927239418029785,3,5,155,10,female
5.146389484405518,8.085430145263672,3,6,155,10,female
-0.25005871057510376,4.408082008361816,3,7,155,10,female
-3.6756579875946045,0.3494824767112732,3,8,155,10,female
-4.9250102043151855,-3.6618223190307617,3,9,155,10,female
14.09523868560791,8.757162094116211,3,0,156,0,male
18.73337745666504,7.966361999511719,3,1,156,0,male
20.91724967956543,7.258360862731934,3,2,156,0,male
20.97083854675293,7.61470890045166,3,3,156,0,male
20.372751235961914,9.93222713470459,3,4,156,0,male
14.179615020751953,11.398709297180176,3,5,156,0,male
9.991522789001465,10.19006061553955,3,6,156,0,male
4.575412750244141,7.937945365905762,3,7,156,0,male
-1.0777689218521118,3.7954604625701904,3,8,156,0,male
-4.504319667816162,-0.5091181397438049,3,9,156,0,male
10.750802040100098,0.42097657918930054,3,0,157,7,male
10.250496864318848,-4.094578742980957,3,1,157,7,male
11.260918617248535,-6.063431739807129,3,2,157,7,male
12.643983840942383,-4.649656772613525,3,3,157,7,male
13.469341278076172,-2.1374635696411133,3,4,157,7,male
12.440942764282227,1.8235846757888794,3,5,157,7,male
9.824345588684082,5.003291606903076,3,6,157,7,male
4.468189239501953,4.934854507446289,3,7,157,7,male
0.15573495626449585,1.7773528099060059,3,8,157,7,male
-2.965043783187866,-1.203037977218628,3,9,157,7,male
13.614059448242188,12.829139709472656,3,0,158,2,female
14.477005004882812,14.773321151733398,3,1,158,2,female
14.416281700134277,14.709033966064453,3,2,158,2,female
15.795434951782227,12.042139053344727,3,3,158,2,female
13.889139175415039,9.713890075683594,3,4,158,2,female
10.913678169250488,8.427302360534668,3,5,158,2,female
6.423474311828613,7.273938179016113,3,6,158,2,female
-0.0583188533782959,3.062087059020996,3,7,158,2,female
-3.04664945602417,-0.8057807683944702,3,8,158,2,female
-5.867035865783691,-2.6969799995422363,3,9,158,2,female
12.01712417602539,-1.1170473098754883,3,0,159,9,male
14.434331893920898,-5.204729080200195,3,1,159,9,male
13.555929183959961,-5.426990509033203,3,2,159,9,male
14.443614959716797,-5.006158828735352,3,3,159,9,male
12.5795259475708,-3.1267547607421875,3,4,159,9,male
12.581610679626465,0.013163897208869457,3,5,159,9,male
10.682710647583008,2.8362832069396973,3,6,159,9,male
6.541099548339844,4.077939510345459,3,7,159,9,male
2.1246378421783447,2.843635320663452,3,8,159,9,male
-2.027186155319214,-0.3358984887599945,3,9,159,9,male
12.37127685546875,13.327796936035156,3,0,160,2,female
13.13715934753418,14.382854461669922,3,1,160,2,female
13.269139289855957,14.512359619140625,3,2,160,2,female
14.804435729980469,12.135106086730957,3,3,160,2,female
13.270328521728516,9.892122268676758,3,4,160,2,female
10.618579864501953,8.42171573638916,3,5,160,2,female
5.995015621185303,7.210155010223389,3,6,160,2,female
-0.07303567975759506,3.304321050643921,3,7,160,2,female
-3.2819502353668213,-0.29124200344085693,3,8,160,2,female
-4.99684476852417,-3.122634172439575,3,9,160,2,female
14.781842231750488,8.561003684997559,3,0,161,0,male
18.898311614990234,7.786884784698486,3,1,161,0,male
20.959640502929688,7.2666544914245605,3,2,161,0,male
20.9639835357666,7.4580464363098145,3,3,161,0,male
20.49889373779297,9.8861083984375,3,4,161,0,male
14.567684173583984,11.93395709991455,3,5,161,0,male
10.715500831604004,10.355504989624023,3,6,161,0,male
5.170866012573242,8.275171279907227,3,7,161,0,male
-0.3340122103691101,4.812183856964111,3,8,161,0,male
-3.9291024208068848,0.4138784408569336,3,9,161,0,male
15.459253311157227,8.894609451293945,3,0,162,11,female
20.733783721923828,7.335021018981934,3,1,162,11,female
20.95107078552246,6.802425861358643,3,2,162,11,female
20.96090316772461,6.936923980712891,3,3,162,11,female
20.456974029541016,7.488601207733154,3,4,162,11,female
17.914403915405273,7.571412563323975,3,5,162,11,female
15.225873947143555,8.853147506713867,3,6,162,11,female
10.24394702911377,9.081119537353516,3,7,162,11,female
5.230130195617676,7.472451210021973,3,8,162,11,female
-0.7033936381340027,3.827406167984009,3,9,162,11,female
21.041065216064453,9.713441848754883,3,0,163,10,female
21.971147537231445,9.307796478271484,3,1,163,10,female
21.511892318725586,9.63386344909668,3,2,163,10,female
16.514129638671875,12.363779067993164,3,3,163,10,female
13.416241645812988,10.720181465148926,3,4,163,10,female
9.598891258239746,9.643608093261719,3,5,163,10,female
4.916903495788574,7.718887805938721,3,6,163,10,female
-0.6091080904006958,3.9825947284698486,3,7,163,10,female
-4.181464672088623,-0.22434087097644806,3,8,163,10,female
-5.166323661804199,-3.153766393661499,3,9,163,10,female
12.48015022277832,1.6910737752914429,3,0,164,1,male
14.404090881347656,-2.966942548751831,3,1,164,1,male
15.498560905456543,-3.5797464847564697,3,2,164,1,male
14.829621315002441,-3.293520927429199,3,3,164,1,male
13.852334022521973,-0.9282113909721375,3,4,164,1,male
12.402389526367188,3.5135860443115234,3,5,164,1,male
6.566352367401123,4.896450042724609,3,6,164,1,male
1.8825122117996216,3.393183708190918,3,7,164,1,male
-2.1813080310821533,-0.18826492130756378,3,8,164,1,male
-6.208218574523926,-3.405378580093384,3,9,164,1,male
12.481770515441895,12.990283012390137,3,0,165,2,female
14.436439514160156,14.797425270080566,3,1,165,2,female
14.395035743713379,14.76598072052002,3,2,165,2,female
15.688241004943848,11.959915161132812,3,3,165,2,female
14.06663703918457,9.628337860107422,3,4,165,2,female
10.692683219909668,8.364787101745605,3,5,165,2,female
6.555729389190674,7.364380836486816,3,6,165,2,female
0.05624684691429138,3.2361111640930176,3,7,165,2,female
-3.0685155391693115,-0.23301705718040466,3,8,165,2,female
-5.564974784851074,-3.597487688064575,3,9,165,2,female
9.74075984954834,1.732872724533081,3,0,166,7,male
10.95222282409668,-2.199758529663086,3,1,166,7,male
11.488483428955078,-5.989467620849609,3,2,166,7,male
11.993744850158691,-5.868326663970947,3,3,166,7,male
12.356292724609375,-2.8339920043945312,3,4,166,7,male
12.196386337280273,0.5270377397537231,3,5,166,7,male
9.522915840148926,3.8923158645629883,3,6,166,7,male
5.228488445281982,3.7511672973632812,3,7,166,7,male
1.073638916015625,1.3858178853988647,3,8,166,7,male
-2.681102991104126,-1.5650821924209595,3,9,166,7,male
12.737272262573242,1.5977832078933716,3,0,167,1,male
14.802577018737793,-2.9986672401428223,3,1,167,1,male
15.437565803527832,-3.582263708114624,3,2,167,1,male
15.03452205657959,-3.489672899246216,3,3,167,1,male
13.780129432678223,-1.0974054336547852,3,4,167,1,male
12.62482738494873,3.167970895767212,3,5,167,1,male
6.983449935913086,5.001466751098633,3,6,167,1,male
2.389674186706543,3.6835618019104004,3,7,167,1,male
-2.3272581100463867,0.42377111315727234,3,8,167,1,male
-6.125260829925537,-3.5739359855651855,3,9,167,1,male
20.927404403686523,9.660634994506836,3,0,168,6,female
20.935405731201172,9.814372062683105,3,1,168,6,female
14.690390586853027,11.332328796386719,3,2,168,6,female
9.889793395996094,9.626473426818848,3,3,168,6,female
4.445422649383545,7.452059745788574,3,4,168,6,female
-1.0747122764587402,3.7119832038879395,3,5,168,6,female
-4.5300822257995605,-0.3857582211494446,3,6,168,6,female
-5.581872463226318,-3.850668430328369,3,7,168,6,female
-5.642090320587158,-3.2856950759887695,3,8,168,6,female
-5.728407859802246,-4.234405994415283,3,9,168,6,female
21.010183334350586,9.637104034423828,3,0,169,6,female
21.712684631347656,9.565372467041016,3,1,169,6,female
21.61065673828125,9.813257217407227,3,2,169,6,female
16.52874755859375,12.677720069885254,3,3,169,6,female
14.4312162399292,11.837594032287598,3,4,169,6,female
10.868590354919434,10.203311920166016,3,5,169,6,female
5.7603983879089355,8.419390678405762,3,6,169,6,female
0.20076371729373932,4.901689529418945,3,7,169,6,female
-3.61327862739563,0.4582442045211792,3,8,169,6,female
-5.12560510635376,-2.6866533756256104,3,9,169,6,female
11.809409141540527,8.375394821166992,3,0,170,1,male
12.81905746459961,2.9001715183258057,3,1,170,1,male
14.87777042388916,-1.2165794372558594,3,2,170,1,male
15.467208862304688,-3.378539800643921,3,3,170,1,male
15.375818252563477,-3.4676454067230225,3,4,170,1,male
18.294322967529297,6.453810691833496,3,5,170,1,male
13.218605041503906,2.11757230758667,3,6,170,1,male
10.136545181274414,5.164248466491699,3,7,170,1,male
5.064415454864502,5.163392543792725,3,8,170,1,male
0.669876217842102,2.2316393852233887,3,9,170,1,male
12.277017593383789,-0.8978069424629211,3,0,171,9,male
14.569087982177734,-5.261503219604492,3,1,171,9,male
14.373947143554688,-5.177862644195557,3,2,171,9,male
14.562137603759766,-5.16841983795166,3,3,171,9,male
12.683500289916992,-1.391228437423706,3,4,171,9,male
11.005640029907227,2.0450375080108643,3,5,171,9,male
7.649266719818115,3.9457461833953857,3,6,171,9,male
3.020606279373169,3.20251202583313,3,7,171,9,male
-0.9646733999252319,0.6766070127487183,3,8,171,9,male
-4.096699237823486,-2.3624765872955322,3,9,171,9,male
9.259847640991211,2.656778335571289,3,0,172,7,male
10.408185958862305,-1.1541177034378052,3,1,172,7,male
11.134756088256836,-5.975775718688965,3,2,172,7,male
11.850383758544922,-6.302007675170898,3,3,172,7,male
13.203712463378906,-3.989844560623169,3,4,172,7,male
13.473767280578613,-0.9811649918556213,3,5,172,7,male
12.598067283630371,3.319797992706299,3,6,172,7,male
7.2595295906066895,5.032527446746826,3,7,172,7,male
2.590179681777954,4.056501865386963,3,8,172,7,male
-1.1378179788589478,0.7892975211143494,3,9,172,7,male
10.28226089477539,2.396345376968384,3,0,173,8,male
12.40916919708252,-1.722843050956726,3,1,173,8,male
14.39790153503418,-5.070044994354248,3,2,173,8,male
14.216228485107422,-4.961685657501221,3,3,173,8,male
12.621865272521973,-2.797760486602783,3,4,173,8,male
11.490301132202148,1.609574317932129,3,5,173,8,male
8.337919235229492,3.987778663635254,3,6,173,8,male
2.929426431655884,3.165586471557617,3,7,173,8,male
-1.7624262571334839,1.189034342765808,3,8,173,8,male
-5.033606052398682,-1.4024105072021484,3,9,173,8,male
13.892212867736816,8.607185363769531,3,0,174,0,male
18.669431686401367,7.915646553039551,3,1,174,0,male
20.917112350463867,7.171675682067871,3,2,174,0,male
20.95623016357422,7.444155216217041,3,3,174,0,male
20.55169677734375,9.90632152557373,3,4,174,0,male
14.271737098693848,11.445572853088379,3,5,174,0,male
9.900815963745117,10.092925071716309,3,6,174,0,male
4.258383274078369,7.755158424377441,3,7,174,0,male
-1.1499974727630615,3.674112319946289,3,8,174,0,male
-4.517534255981445,-0.40406879782676697,3,9,174,0,male
21.250028610229492,9.592485427856445,3,0,175,6,female
21.861942291259766,9.518092155456543,3,1,175,6,female
16.953205108642578,12.724538803100586,3,2,175,6,female
14.792329788208008,12.145763397216797,3,3,175,6,female
11.216460227966309,10.747498512268066,3,4,175,6,female
6.257474422454834,9.076419830322266,3,5,175,6,female
1.6801207065582275,6.01674222946167,3,6,175,6,female
-2.5559606552124023,1.6212143898010254,3,7,175,6,female
-5.15215539932251,-1.7242498397827148,3,8,175,6,female
-5.340782165527344,-3.8868966102600098,3,9,175,6,female
12.763754844665527,13.06585693359375,3,0,176,2,female
14.466948509216309,14.80302619934082,3,1,176,2,female
14.392450332641602,14.71065616607666,3,2,176,2,female
15.618767738342285,11.743988990783691,3,3,176,2,female
12.478047370910645,9.066740036010742,3,4,176,2,female
8.878975868225098,7.96577787399292,3,5,176,2,female
4.092104911804199,5.883597373962402,3,6,176,2,female
-0.4640859067440033,2.337461233139038,3,7,176,2,female
-3.5598740577697754,-1.0347747802734375,3,8,176,2,female
-4.780803203582764,-3.7075743675231934,3,9,176,2,female
15.032832145690918,8.293956756591797,3,0,177,0,male
18.99347496032715,7.293554782867432,3,1,177,0,male
20.792451858520508,7.016973972320557,3,2,177,0,male
20.94866371154785,7.370594024658203,3,3,177,0,male
20.51618194580078,9.885382652282715,3,4,177,0,male
14.272010803222656,11.479209899902344,3,5,177,0,male
9.935364723205566,10.123324394226074,3,6,177,0,male
4.365312576293945,7.834003925323486,3,7,177,0,male
-1.069541096687317,3.7647948265075684,3,8,177,0,male
-4.414123058319092,-0.2960844933986664,3,9,177,0,male
20.183961868286133,8.098142623901367,3,0,178,3,female
20.457656860351562,8.16860580444336,3,1,178,3,female
20.507829666137695,9.911359786987305,3,2,178,3,female
14.488425254821777,11.988748550415039,3,3,178,3,female
11.08631706237793,10.736695289611816,3,4,178,3,female
6.238366603851318,9.025909423828125,3,5,178,3,female
1.3022526502609253,5.733659267425537,3,6,178,3,female
-3.5284135341644287,0.8632916808128357,3,7,178,3,female
-6.643123626708984,-4.160789489746094,3,8,178,3,female
-6.437799453735352,-3.8626949787139893,3,9,178,3,female
12.310724258422852,-1.9238437414169312,3,0,179,8,male
14.278385162353516,-4.838551044464111,3,1,179,8,male
14.223836898803711,-4.817534923553467,3,2,179,8,male
13.380410194396973,-2.46744966506958,3,3,179,8,male
12.30991268157959,1.7960789203643799,3,4,179,8,male
8.265701293945312,4.11884069442749,3,5,179,8,male
3.179025411605835,3.345224380493164,3,6,179,8,male
-1.4781712293624878,0.6085668206214905,3,7,179,8,male
-5.196707725524902,-3.297196388244629,3,8,179,8,male
-5.512516975402832,-3.473421335220337,3,9,179,8,male
16.342924118041992,12.193747520446777,3,0,180,10,female
21.951189041137695,9.35857105255127,3,1,180,10,female
22.00223159790039,9.34670352935791,3,2,180,10,female
21.33479118347168,10.235960006713867,3,3,180,10,female
15.194169044494629,11.803261756896973,3,4,180,10,female
11.4656400680542,10.297501564025879,3,5,180,10,female
6.077017307281494,8.744630813598633,3,6,180,10,female
0.5269229412078857,5.1318769454956055,3,7,180,10,female
-3.572718381881714,0.7241232991218567,3,8,180,10,female
-5.292848110198975,-3.523188829421997,3,9,180,10,female
14.586946487426758,-2.974917411804199,3,0,181,1,male
15.301129341125488,-3.656512498855591,3,1,181,1,male
14.639097213745117,-2.9352169036865234,3,2,181,1,male
13.338214874267578,1.8000233173370361,3,3,181,1,male
11.163971900939941,4.262221336364746,3,4,181,1,male
5.661337375640869,5.025798797607422,3,5,181,1,male
1.2627102136611938,2.729029655456543,3,6,181,1,male
-2.1785941123962402,-0.18744437396526337,3,7,181,1,male
-5.75573205947876,-2.610745668411255,3,8,181,1,male
-6.141846179962158,-3.4385790824890137,3,9,181,1,male
13.873075485229492,13.00714111328125,3,0,182,2,female
14.464252471923828,14.795424461364746,3,1,182,2,female
14.388805389404297,14.706206321716309,3,2,182,2,female
15.617060661315918,11.88928508758545,3,3,182,2,female
13.93850326538086,9.638319969177246,3,4,182,2,female
11.134297370910645,8.606866836547852,3,5,182,2,female
6.668175220489502,7.51681661605835,3,6,182,2,female
0.3678213357925415,3.7121078968048096,3,7,182,2,female
-3.0056777000427246,-0.19164708256721497,3,8,182,2,female
-6.482597351074219,-4.312488555908203,3,9,182,2,female
21.06383514404297,9.660483360290527,3,0,183,10,female
21.760284423828125,9.195036888122559,3,1,183,10,female
21.381359100341797,9.386322021484375,3,2,183,10,female
16.294286727905273,12.252788543701172,3,3,183,10,female
13.0474271774292,10.520950317382812,3,4,183,10,female
8.15333366394043,9.533940315246582,3,5,183,10,female
1.8823744058609009,6.007629871368408,3,6,183,10,female
-2.5235793590545654,1.3726717233657837,3,7,183,10,female
-5.826462268829346,-4.033334732055664,3,8,183,10,female
-5.78812837600708,-4.497500419616699,3,9,183,10,female
21.114505767822266,9.79705810546875,3,0,184,6,female
21.72669219970703,9.682279586791992,3,1,184,6,female
16.90806007385254,12.725858688354492,3,2,184,6,female
14.499368667602539,12.024951934814453,3,3,184,6,female
10.784869194030762,10.383672714233398,3,4,184,6,female
5.517412185668945,8.480093002319336,3,5,184,6,female
-0.21906405687332153,4.939361095428467,3,6,184,6,female
-3.713207960128784,0.5478873252868652,3,7,184,6,female
-6.144855499267578,-3.2566580772399902,3,8,184,6,female
-6.1215362548828125,-3.8972856998443604,3,9,184,6,female
12.662729263305664,-1.9097871780395508,3,0,185,8,male
14.3275728225708,-4.946210861206055,3,1,185,8,male
14.409662246704102,-4.631608486175537,3,2,185,8,male
12.92516803741455,-0.9492376446723938,3,3,185,8,male
10.869807243347168,2.9883005619049072,3,4,185,8,male
6.497280120849609,4.1589579582214355,3,5,185,8,male
2.1240251064300537,2.8980743885040283,3,6,185,8,male
-1.943272590637207,-0.11312195658683777,3,7,185,8,male
-6.045816898345947,-4.2178778648376465,3,8,185,8,male
-5.943864345550537,-3.6015617847442627,3,9,185,8,male
21.1711483001709,9.709134101867676,3,0,186,10,female
21.913707733154297,9.165764808654785,3,1,186,10,female
21.743206024169922,9.265901565551758,3,2,186,10,female
16.586288452148438,12.555200576782227,3,3,186,10,female
13.330679893493652,10.649051666259766,3,4,186,10,female
8.389833450317383,9.679654121398926,3,5,186,10,female
2.686199903488159,6.4415974617004395,3,6,186,10,female
-2.2396042346954346,1.8318369388580322,3,7,186,10,female
-5.063971042633057,-1.6505870819091797,3,8,186,10,female
-5.7877678871154785,-4.610884189605713,3,9,186,10,female
12.49137020111084,1.6595009565353394,3,0,187,1,male
14.549994468688965,-2.9338343143463135,3,1,187,1,male
15.39793872833252,-3.607565402984619,3,2,187,1,male
14.68659496307373,-2.7124311923980713,3,3,187,1,male
13.250614166259766,1.866716980934143,3,4,187,1,male
10.43297290802002,4.874037742614746,3,5,187,1,male
5.1371331214904785,5.000974655151367,3,6,187,1,male
0.7058241367340088,2.2635622024536133,3,7,187,1,male
-2.6769824028015137,-0.9900230169296265,3,8,187,1,male
-5.804874897003174,-3.7276625633239746,3,9,187,1,male
21.04829216003418,9.7198486328125,3,0,188,10,female
22.057342529296875,9.230164527893066,3,1,188,10,female
21.95653533935547,9.360785484313965,3,2,188,10,female
16.834943771362305,12.584741592407227,3,3,188,10,female
14.613142967224121,11.637648582458496,3,4,188,10,female
11.013265609741211,10.044183731079102,3,5,188,10,female
5.630180835723877,8.329791069030762,3,6,188,10,female
0.23758572340011597,4.740457057952881,3,7,188,10,female
-3.559842824935913,0.4214983880519867,3,8,188,10,female
-5.164543628692627,-2.60129451751709,3,9,188,10,female
19.830554962158203,8.004785537719727,3,0,189,11,female
20.996593475341797,6.989438056945801,3,1,189,11,female
20.92369270324707,7.11196756362915,3,2,189,11,female
20.31303596496582,7.442465305328369,3,3,189,11,female
18.09488296508789,7.579672336578369,3,4,189,11,female
15.175217628479004,8.838808059692383,3,5,189,11,female
10.577291488647461,9.079466819763184,3,6,189,11,female
5.270899295806885,7.496054649353027,3,7,189,11,female
-0.6329544186592102,3.880951404571533,3,8,189,11,female
-4.099546432495117,-0.1985490918159485,3,9,189,11,female
12.650991439819336,13.125737190246582,3,0,190,2,female
14.468634605407715,14.815376281738281,3,1,190,2,female
14.443671226501465,14.77241325378418,3,2,190,2,female
15.808849334716797,11.839789390563965,3,3,190,2,female
12.852802276611328,9.212390899658203,3,4,190,2,female
8.992386817932129,7.907106876373291,3,5,190,2,female
4.151371002197266,5.813251495361328,3,6,190,2,female
-0.2871263921260834,2.3630175590515137,3,7,190,2,female
-3.5053324699401855,-0.8367827534675598,3,8,190,2,female
-5.4103217124938965,-3.30983304977417,3,9,190,2,female
19.72542381286621,8.000815391540527,3,0,191,3,female
20.7568302154541,8.062045097351074,3,1,191,3,female
21.0513858795166,9.18935489654541,3,2,191,3,female
16.470977783203125,12.302031517028809,3,3,191,3,female
13.132708549499512,10.456401824951172,3,4,191,3,female
8.833165168762207,9.409854888916016,3,5,191,3,female
3.563502311706543,7.159811496734619,3,6,191,3,female
-1.5048846006393433,2.8971364498138428,3,7,191,3,female
-4.512955188751221,-0.9913408756256104,3,8,191,3,female
-6.230491638183594,-3.2484467029571533,3,9,191,3,female
11.805340766906738,-0.19308556616306305,3,0,192,8,male
13.656078338623047,-4.502716541290283,3,1,192,8,male
14.108983993530273,-4.959107398986816,3,2,192,8,male
13.613746643066406,-3.7244768142700195,3,3,192,8,male
12.61820125579834,-0.5428536534309387,3,4,192,8,male
10.669310569763184,2.9960215091705322,3,5,192,8,male
6.50226354598999,3.8818187713623047,3,6,192,8,male
2.0555710792541504,2.462440013885498,3,7,192,8,male
-1.8347824811935425,-0.47083422541618347,3,8,192,8,male
-5.477750301361084,-3.386185646057129,3,9,192,8,male
15.236906051635742,9.152017593383789,3,0,193,11,female
19.857913970947266,7.877674579620361,3,1,193,11,female
20.769062042236328,7.1651835441589355,3,2,193,11,female
20.16897964477539,7.351489067077637,3,3,193,11,female
18.35582733154297,7.397609710693359,3,4,193,11,female
17.505949020385742,7.500433921813965,3,5,193,11,female
15.05935287475586,8.932501792907715,3,6,193,11,female
11.648978233337402,9.03660774230957,3,7,193,11,female
6.596796035766602,8.032196998596191,3,8,193,11,female
0.6858038306236267,4.661072254180908,3,9,193,11,female
10.643268585205078,0.17258186638355255,3,0,194,7,male
10.230931282043457,-4.062153339385986,3,1,194,7,male
11.442065238952637,-6.227782249450684,3,2,194,7,male
12.221282958984375,-5.732809543609619,3,3,194,7,male
12.607348442077637,-2.9599456787109375,3,4,194,7,male
12.541263580322266,-0.12779605388641357,3,5,194,7,male
10.573101997375488,3.5212786197662354,3,6,194,7,male
6.029386520385742,4.126883029937744,3,7,194,7,male
1.6632030010223389,2.553924083709717,3,8,194,7,male
-2.2216684818267822,-0.676565408706665,3,9,194,7,male
20.99350929260254,9.661458969116211,3,0,195,6,female
21.303834915161133,9.528586387634277,3,1,195,6,female
16.642972946166992,12.547792434692383,3,2,195,6,female
13.833409309387207,11.127706527709961,3,3,195,6,female
9.70940113067627,9.973077774047852,3,4,195,6,female
3.960791826248169,7.452789783477783,3,5,195,6,female
-1.2812517881393433,3.4777755737304688,3,6,195,6,female
-4.620511054992676,-0.5147495269775391,3,7,195,6,female
-6.54574728012085,-3.2066049575805664,3,8,195,6,female
-5.759674072265625,-3.002457857131958,3,9,195,6,female
12.34955883026123,13.409750938415527,3,0,196,2,female
13.147488594055176,14.44422435760498,3,1,196,2,female
13.344318389892578,14.602007865905762,3,2,196,2,female
14.755145072937012,11.977056503295898,3,3,196,2,female
12.013373374938965,9.90051555633545,3,4,196,2,female
8.082660675048828,9.146967887878418,3,5,196,2,female
3.0127408504486084,5.609196662902832,3,6,196,2,female
-1.0014101266860962,1.7171764373779297,3,7,196,2,female
-3.8450846672058105,-1.3972700834274292,3,8,196,2,female
-5.049657821655273,-3.65490460395813,3,9,196,2,female
11.554316520690918,-0.32119467854499817,3,0,197,9,male
14.040778160095215,-5.686040878295898,3,1,197,9,male
13.133069038391113,-5.975693702697754,3,2,197,9,male
13.1594820022583,-5.773196697235107,3,3,197,9,male
12.743579864501953,-3.4114136695861816,3,4,197,9,male
12.292165756225586,-1.1137560606002808,3,5,197,9,male
10.768062591552734,2.4338297843933105,3,6,197,9,male
6.853156566619873,3.953831672668457,3,7,197,9,male
2.5034070014953613,3.203752040863037,3,8,197,9,male
-1.243628978729248,0.5631498098373413,3,9,197,9,male
21.012428283691406,9.708476066589355,3,0,198,6,female
21.761262893676758,9.606735229492188,3,1,198,6,female
21.47612190246582,9.945886611938477,3,2,198,6,female
15.370944023132324,12.024370193481445,3,3,198,6,female
11.557454109191895,10.408228874206543,3,4,198,6,female
8.435126304626465,9.782581329345703,3,5,198,6,female
2.806657314300537,6.5116047859191895,3,6,198,6,female
-2.1822702884674072,1.937203288078308,3,7,198,6,female
-4.967160701751709,-1.239723563194275,3,8,198,6,female
-5.9618120193481445,-2.9283676147460938,3,9,198,6,female
12.326204299926758,13.273862838745117,3,0,199,2,female
13.094677925109863,14.405292510986328,3,1,199,2,female
13.194589614868164,14.452619552612305,3,2,199,2,female
14.634407043457031,12.087174415588379,3,3,199,2,female
12.15461540222168,9.947776794433594,3,4,199,2,female
9.197452545166016,9.173455238342285,3,5,199,2,female
4.359656810760498,6.506223678588867,3,6,199,2,female
-0.4007190465927124,2.801710605621338,3,7,199,2,female
-4.191713333129883,-0.7903066873550415,3,8,199,2,female
-5.417048454284668,-3.230557441711426,3,9,199,2,female
16.15714454650879,8.627912521362305,4,0,200,0,male
-8.803997039794922,8.146615028381348,4,1,200,0,male
-8.845176696777344,8.187784194946289,4,2,200,0,male
17.152284622192383,9.924010276794434,4,3,200,0,male
12.56734848022461,10.361124038696289,4,4,200,0,male
7.990345001220703,8.913690567016602,4,5,200,0,male
2.9279496669769287,6.482505798339844,4,6,200,0,male
-1.5738134384155273,2.8169074058532715,4,7,200,0,male
-4.697648525238037,-0.6832746267318726,4,8,200,0,male
-5.642838478088379,-3.923351764678955,4,9,200,0,male
17.877779006958008,9.7757568359375,4,0,201,3,female
18.067493438720703,10.082695960998535,4,1,201,3,female
17.764175415039062,10.577828407287598,4,2,201,3,female
15.366584777832031,10.36491870880127,4,3,201,3,female
12.05103874206543,9.484272956848145,4,4,201,3,female
8.883540153503418,9.191863059997559,4,5,201,3,female
3.491948366165161,7.223700046539307,4,6,201,3,female
-1.3507462739944458,3.1401493549346924,4,7,201,3,female
-4.410685062408447,-0.7783016562461853,4,8,201,3,female
-5.068392276763916,-3.6840431690216064,4,9,201,3,female
10.092719078063965,2.4942281246185303,4,0,202,9,male
11.395188331604004,-1.31572687625885,4,1,202,9,male
13.03647232055664,-4.529394626617432,4,2,202,9,male
13.059393882751465,-4.587078094482422,4,3,202,9,male
14.009905815124512,-6.2415595054626465,4,4,202,9,male
11.972206115722656,-1.286081314086914,4,5,202,9,male
10.845237731933594,2.7670741081237793,4,6,202,9,male
6.750879764556885,4.135624885559082,4,7,202,9,male
2.4158074855804443,3.307612895965576,4,8,202,9,male
-1.7085338830947876,0.2388611137866974,4,9,202,9,male
16.965505599975586,10.602093696594238,4,0,203,6,female
17.005517959594727,10.564513206481934,4,1,203,6,female
16.752992630004883,10.544882774353027,4,2,203,6,female
12.867806434631348,10.841466903686523,4,3,203,6,female
10.188547134399414,9.4778413772583,4,4,203,6,female
4.658984184265137,7.617721080780029,4,5,203,6,female
-0.9171360731124878,3.8871703147888184,4,6,203,6,female
-3.7779765129089355,-0.7817404866218567,4,7,203,6,female
-5.317397594451904,-3.440560817718506,4,8,203,6,female
-5.492951393127441,-3.632776975631714,4,9,203,6,female
9.82748794555664,1.6796619892120361,4,0,204,8,male
10.58260726928711,-2.4365904331207275,4,1,204,8,male
11.860360145568848,-6.075744152069092,4,2,204,8,male
12.20345687866211,-5.749217510223389,4,3,204,8,male
12.084400177001953,-1.7701334953308105,4,4,204,8,male
10.730780601501465,2.690338611602783,4,5,204,8,male
6.812675952911377,3.8997161388397217,4,6,204,8,male
2.1929283142089844,2.84089994430542,4,7,204,8,male
-1.9479674100875854,-0.2888643145561218,4,8,204,8,male
-6.033751010894775,-4.274202823638916,4,9,204,8,male
17.583852767944336,9.450407028198242,4,0,205,3,female
18.14667510986328,9.964409828186035,4,1,205,3,female
18.023418426513672,10.08309555053711,4,2,205,3,female
16.293460845947266,10.825936317443848,4,3,205,3,female
12.424764633178711,10.184910774230957,4,4,205,3,female
8.882471084594727,9.699982643127441,4,5,205,3,female
4.302032470703125,7.556401252746582,4,6,205,3,female
-1.0002814531326294,3.5717501640319824,4,7,205,3,female
-4.184037685394287,-0.5122843384742737,4,8,205,3,female
-6.41957950592041,-4.2644944190979,4,9,205,3,female
11.45988655090332,12.798650741577148,4,0,206,2,female
11.389039039611816,12.925278663635254,4,1,206,2,female
12.254542350769043,12.124267578125,4,2,206,2,female
12.357501983642578,10.508190155029297,4,3,206,2,female
10.28001594543457,8.980668067932129,4,4,206,2,female
6.902942180633545,7.452531814575195,4,5,206,2,female
3.0897011756896973,4.980832099914551,4,6,206,2,female
-0.6936584711074829,1.7330737113952637,4,7,206,2,female
-3.300180673599243,-1.1933245658874512,4,8,206,2,female
-5.084195613861084,-3.1384730339050293,4,9,206,2,female
15.248943328857422,-1.3918945789337158,4,0,207,1,male
16.233322143554688,-2.207172393798828,4,1,207,1,male
16.23750877380371,-2.1806130409240723,4,2,207,1,male
12.874066352844238,1.211154580116272,4,3,207,1,male
10.319228172302246,4.4962568283081055,4,4,207,1,male
5.204784393310547,4.752126693725586,4,5,207,1,male
0.8056173324584961,2.26874041557312,4,6,207,1,male
-2.8955624103546143,0.003185075940564275,4,7,207,1,male
-5.82678747177124,-3.613407850265503,4,8,207,1,male
-5.612523555755615,-4.063675880432129,4,9,207,1,male
10.576910018920898,0.6256722211837769,4,0,208,7,male
10.544343948364258,-3.467019557952881,4,1,208,7,male
10.840147972106934,-6.257229804992676,4,2,208,7,male
10.454109191894531,-5.998322486877441,4,3,208,7,male
10.328832626342773,-3.9752964973449707,4,4,208,7,male
11.913457870483398,-1.268781304359436,4,5,208,7,male
10.253767967224121,2.5223498344421387,4,6,208,7,male
6.616519451141357,3.49218487739563,4,7,208,7,male
2.405149459838867,2.3273348808288574,4,8,208,7,male
-1.478427529335022,-0.0979875922203064,4,9,208,7,male
10.57597541809082,0.643912672996521,4,0,209,8,male
10.73261547088623,-3.5455121994018555,4,1,209,8,male
12.133658409118652,-6.101452827453613,4,2,209,8,male
12.359328269958496,-4.751154899597168,4,3,209,8,male
12.040374755859375,-1.4993579387664795,4,4,209,8,male
10.598483085632324,2.5474231243133545,4,5,209,8,male
6.535083770751953,3.498272180557251,4,6,209,8,male
1.8168468475341797,1.8875786066055298,4,7,209,8,male
-2.033787250518799,-0.8398216962814331,4,8,209,8,male
-6.227452754974365,-3.230733871459961,4,9,209,8,male
11.338173866271973,-0.4328863322734833,4,0,210,9,male
12.724968910217285,-4.269824981689453,4,1,210,9,male
12.99555492401123,-4.611576557159424,4,2,210,9,male
12.258343696594238,-4.654664516448975,4,3,210,9,male
11.461686134338379,-1.980136752128601,4,4,210,9,male
11.484760284423828,1.1691458225250244,4,5,210,9,male
9.362735748291016,3.9026169776916504,4,6,210,9,male
5.200985431671143,3.753659248352051,4,7,210,9,male
0.9643738865852356,1.3936351537704468,4,8,210,9,male
-2.3058481216430664,-0.7868806719779968,4,9,210,9,male
11.759624481201172,-0.3544628322124481,4,0,211,9,male
12.923866271972656,-4.260262966156006,4,1,211,9,male
13.04987621307373,-4.515196800231934,4,2,211,9,male
12.3784761428833,-3.9689948558807373,4,3,211,9,male
11.689414978027344,-1.7441141605377197,4,4,211,9,male
11.502496719360352,1.2734078168869019,4,5,211,9,male
9.031922340393066,3.899752140045166,4,6,211,9,male
4.786081790924072,3.513028621673584,4,7,211,9,male
0.14180448651313782,1.1417796611785889,4,8,211,9,male
-3.0073277950286865,-1.5692886114120483,4,9,211,9,male
17.124704360961914,10.639110565185547,4,0,212,6,female
17.13918685913086,10.689132690429688,4,1,212,6,female
16.538333892822266,10.784472465515137,4,2,212,6,female
12.84605598449707,10.989092826843262,4,3,212,6,female
10.295276641845703,9.544807434082031,4,4,212,6,female
4.721376895904541,7.730539798736572,4,5,212,6,female
-0.029565909877419472,4.944750785827637,4,6,212,6,female
-1.9194843769073486,1.2526277303695679,4,7,212,6,female
-5.067930221557617,-1.4344714879989624,4,8,212,6,female
-6.297135353088379,-3.017740249633789,4,9,212,6,female
10.609153747558594,0.046733029186725616,4,0,213,7,male
10.198996543884277,-3.9617109298706055,4,1,213,7,male
10.898844718933105,-6.359720706939697,4,2,213,7,male
10.347393989562988,-5.797414779663086,4,3,213,7,male
11.614767074584961,-2.872889757156372,4,4,213,7,male
12.368297576904297,-0.2201235592365265,4,5,213,7,male
10.79786205291748,2.995168685913086,4,6,213,7,male
6.622582912445068,4.033233165740967,4,7,213,7,male
2.3508903980255127,3.03410005569458,4,8,213,7,male
-1.6845017671585083,0.01494267676025629,4,9,213,7,male
11.733789443969727,-3.729879140853882,4,0,214,9,male
12.580883979797363,-4.9289870262146,4,1,214,9,male
12.34164047241211,-4.947990894317627,4,2,214,9,male
11.623740196228027,-3.8225786685943604,4,3,214,9,male
12.180157661437988,-0.726934552192688,4,4,214,9,male
10.70409870147705,2.6209375858306885,4,5,214,9,male
7.08868408203125,3.907615900039673,4,6,214,9,male
2.8999710083007812,3.218177556991577,4,7,214,9,male
-1.3499690294265747,0.37241417169570923,4,8,214,9,male
-3.9327332973480225,-2.1057515144348145,4,9,214,9,male
12.992310523986816,8.439456939697266,4,0,215,0,male
16.45134925842285,8.666481018066406,4,1,215,0,male
-8.825281143188477,8.167885780334473,4,2,215,0,male
-8.837103843688965,8.179703712463379,4,3,215,0,male
17.416107177734375,9.773561477661133,4,4,215,0,male
14.041498184204102,10.447001457214355,4,5,215,0,male
10.203499794006348,9.533299446105957,4,6,215,0,male
6.029555320739746,8.446978569030762,4,7,215,0,male
2.0908823013305664,5.978723049163818,4,8,215,0,male
-2.0151333808898926,1.3761160373687744,4,9,215,0,male
16.191858291625977,-2.058870792388916,4,0,216,1,male
16.305177688598633,-2.1224327087402344,4,1,216,1,male
14.976435661315918,-1.502463698387146,4,2,216,1,male
12.449736595153809,1.7401952743530273,4,3,216,1,male
9.453753471374512,4.899411201477051,4,4,216,1,male
4.538081169128418,4.9771599769592285,4,5,216,1,male
0.15198831260204315,1.7640743255615234,4,6,216,1,male
-3.713993787765503,-0.612999439239502,4,7,216,1,male
-5.649470329284668,-3.7048466205596924,4,8,216,1,male
-6.815357685089111,-4.072849750518799,4,9,216,1,male
17.851051330566406,9.726818084716797,4,0,217,3,female
17.991437911987305,9.995305061340332,4,1,217,3,female
17.62569808959961,10.603194236755371,4,2,217,3,female
15.267974853515625,10.402872085571289,4,3,217,3,female
11.354369163513184,9.748968124389648,4,4,217,3,female
7.391615390777588,9.138167381286621,4,5,217,3,female
2.209406614303589,6.071225166320801,4,6,217,3,female
-2.1923112869262695,1.869406819343567,4,7,217,3,female
-4.9440813064575195,-1.3134150505065918,4,8,217,3,female
-5.455517292022705,-4.375926494598389,4,9,217,3,female
11.563275337219238,-1.3385114669799805,4,0,218,9,male
12.5841646194458,-4.853298187255859,4,1,218,9,male
12.496591567993164,-4.939845085144043,4,2,218,9,male
12.196744918823242,-4.844514846801758,4,3,218,9,male
11.503334045410156,-1.9757680892944336,4,4,218,9,male
11.424690246582031,1.1765469312667847,4,5,218,9,male
9.234786987304688,3.893122673034668,4,6,218,9,male
5.147177696228027,3.7065012454986572,4,7,218,9,male
0.9068667888641357,1.3443228006362915,4,8,218,9,male
-2.854552745819092,-1.5641257762908936,4,9,218,9,male
17.756916046142578,12.093000411987305,4,0,219,10,female
17.996658325195312,12.115030288696289,4,1,219,10,female
17.30145263671875,12.070576667785645,4,2,219,10,female
14.542152404785156,11.439664840698242,4,3,219,10,female
11.85641098022461,10.09555721282959,4,4,219,10,female
8.573631286621094,9.528517723083496,4,5,219,10,female
3.552750825881958,7.304469108581543,4,6,219,10,female
-1.5326426029205322,3.0262086391448975,4,7,219,10,female
-4.575087070465088,-0.7347539663314819,4,8,219,10,female
-5.97843599319458,-3.961813449859619,4,9,219,10,female
17.853668212890625,9.825542449951172,4,0,220,3,female
17.838682174682617,10.024149894714355,4,1,220,3,female
16.50095558166504,10.806857109069824,4,2,220,3,female
12.887125968933105,11.112448692321777,4,3,220,3,female
10.516258239746094,10.019905090332031,4,4,220,3,female
5.099402904510498,8.008493423461914,4,5,220,3,female
0.7463517785072327,5.40130090713501,4,6,220,3,female
-2.797750234603882,1.0068970918655396,4,7,220,3,female
-5.696683883666992,-2.829395055770874,4,8,220,3,female
-6.528100967407227,-4.584515571594238,4,9,220,3,female
10.720393180847168,11.54659366607666,4,0,221,2,female
11.374890327453613,12.940732955932617,4,1,221,2,female
11.3770170211792,12.947114944458008,4,2,221,2,female
13.663914680480957,11.603475570678711,4,3,221,2,female
13.815540313720703,10.46418285369873,4,4,221,2,female
11.435199737548828,8.878547668457031,4,5,221,2,female
7.667603015899658,8.082268714904785,4,6,221,2,female
3.0901715755462646,5.718539714813232,4,7,221,2,female
-0.8200531601905823,1.9896084070205688,4,8,221,2,female
-3.6064085960388184,-1.0456563234329224,4,9,221,2,female
11.078927040100098,0.22813181579113007,4,0,222,9,male
11.834282875061035,-3.723834276199341,4,1,222,9,male
12.8382568359375,-4.762413024902344,4,2,222,9,male
12.737722396850586,-4.777933597564697,4,3,222,9,male
11.658381462097168,-3.5653574466705322,4,4,222,9,male
11.35628604888916,-0.29580363631248474,4,5,222,9,male
10.175956726074219,2.501155138015747,4,6,222,9,male
6.149052143096924,3.9181463718414307,4,7,222,9,male
2.0661213397979736,2.701253890991211,4,8,222,9,male
-1.97750985622406,-0.27675724029541016,4,9,222,9,male
10.896944999694824,-0.03109929710626602,4,0,223,7,male
10.75745677947998,-3.886636972427368,4,1,223,7,male
11.109912872314453,-6.051173686981201,4,2,223,7,male
10.359381675720215,-3.940626382827759,4,3,223,7,male
11.922477722167969,-1.280490517616272,4,4,223,7,male
10.819502830505371,2.2715837955474854,4,5,223,7,male
8.291654586791992,3.8103199005126953,4,6,223,7,male
4.369549751281738,3.4051575660705566,4,7,223,7,male
0.2268225997686386,1.356308102607727,4,8,223,7,male
-2.7442128658294678,-0.9744051694869995,4,9,223,7,male
11.443474769592285,-1.6220303773880005,4,0,224,8,male
12.967732429504395,-4.733756065368652,4,1,224,8,male
13.374397277832031,-4.865878105163574,4,2,224,8,male
14.00625991821289,-2.5051772594451904,4,3,224,8,male
12.487968444824219,1.6980371475219727,4,4,224,8,male
8.256009101867676,4.351215839385986,4,5,224,8,male
3.2828423976898193,3.578470468521118,4,6,224,8,male
-1.4503530263900757,0.8128504157066345,4,7,224,8,male
-4.6514482498168945,-2.559828758239746,4,8,224,8,male
-5.264367580413818,-4.235165119171143,4,9,224,8,male
10.787126541137695,-0.09820366650819778,4,0,225,8,male
10.88653564453125,-4.155115127563477,4,1,225,8,male
11.984704971313477,-5.978847503662109,4,2,225,8,male
12.4061861038208,-5.507342338562012,4,3,225,8,male
12.076149940490723,-1.4520862102508545,4,4,225,8,male
10.6568603515625,2.7534871101379395,4,5,225,8,male
6.30856466293335,3.786139726638794,4,6,225,8,male
1.9162144660949707,2.420142650604248,4,7,225,8,male
-2.1835734844207764,-0.6374131441116333,4,8,225,8,male
-6.821020126342773,-3.1652519702911377,4,9,225,8,male
10.989002227783203,0.0022156662307679653,4,0,226,9,male
11.833660125732422,-3.831709146499634,4,1,226,9,male
12.297744750976562,-4.987174034118652,4,2,226,9,male
12.152013778686523,-5.007724285125732,4,3,226,9,male
11.253473281860352,-3.223294496536255,4,4,226,9,male
12.176179885864258,-0.4043201208114624,4,5,226,9,male
10.587163925170898,2.6435766220092773,4,6,226,9,male
6.743926048278809,3.640687942504883,4,7,226,9,male
2.339639186859131,2.3497302532196045,4,8,226,9,male
-1.5386102199554443,-0.16772370040416718,4,9,226,9,male
10.646288871765137,-0.024925366044044495,4,0,227,7,male
10.357029914855957,-3.961055278778076,4,1,227,7,male
10.896891593933105,-6.422618865966797,4,2,227,7,male
10.381756782531738,-5.988685131072998,4,3,227,7,male
12.963939666748047,-3.367489814758301,4,4,227,7,male
13.099373817443848,-0.6903759241104126,4,5,227,7,male
12.676926612854004,3.19321346282959,4,6,227,7,male
7.474181175231934,5.067298889160156,4,7,227,7,male
3.088545560836792,4.346868991851807,4,8,227,7,male
-0.9572485685348511,1.1946399211883545,4,9,227,7,male
17.412477493286133,10.65748405456543,4,0,228,6,female
17.178752899169922,10.768284797668457,4,1,228,6,female
16.652297973632812,10.997945785522461,4,2,228,6,female
12.900477409362793,11.204245567321777,4,3,228,6,female
10.64778995513916,10.188743591308594,4,4,228,6,female
5.931328773498535,8.900343894958496,4,5,228,6,female
2.243833303451538,6.264780044555664,4,6,228,6,female
-2.0527279376983643,2.285053014755249,4,7,228,6,female
-4.684203624725342,-0.7930697202682495,4,8,228,6,female
-6.310336112976074,-3.287285566329956,4,9,228,6,female
12.365253448486328,2.4033467769622803,4,0,229,1,male
15.577417373657227,-1.4529200792312622,4,1,229,1,male
16.19124412536621,-2.1552717685699463,4,2,229,1,male
16.178340911865234,-1.8684487342834473,4,3,229,1,male
14.90461254119873,-1.0729156732559204,4,4,229,1,male
12.86579418182373,2.046056032180786,4,5,229,1,male
10.201351165771484,5.169148921966553,4,6,229,1,male
5.2542724609375,5.078329563140869,4,7,229,1,male
0.8485909104347229,2.3666582107543945,4,8,229,1,male
-2.752349853515625,-0.9170686602592468,4,9,229,1,male
17.04238510131836,10.732885360717773,4,0,230,6,female
17.069068908691406,10.755690574645996,4,1,230,6,female
16.92266845703125,11.587152481079102,4,2,230,6,female
14.00607967376709,11.577075958251953,4,3,230,6,female
11.778449058532715,10.062658309936523,4,4,230,6,female
8.654779434204102,9.657057762145996,4,5,230,6,female
3.7632203102111816,7.38980770111084,4,6,230,6,female
-1.5835262537002563,2.9270384311676025,4,7,230,6,female
-4.344088077545166,-0.44491180777549744,4,8,230,6,female
-6.055404186248779,-3.575580596923828,4,9,230,6,female
11.531550407409668,12.682330131530762,4,0,231,2,female
11.457806587219238,12.870266914367676,4,1,231,2,female
12.348472595214844,12.181273460388184,4,2,231,2,female
12.728729248046875,10.660103797912598,4,3,231,2,female
11.344291687011719,8.655416488647461,4,4,231,2,female
9.758853912353516,7.884506702423096,4,5,231,2,female
4.385800361633301,5.950722694396973,4,6,231,2,female
0.0007453926955349743,2.122127056121826,4,7,231,2,female
-2.734837055206299,-0.5688008666038513,4,8,231,2,female
-5.647468566894531,-3.453021287918091,4,9,231,2,female
10.187499046325684,7.523634910583496,4,0,232,0,male
16.140275955200195,8.594792366027832,4,1,232,0,male
-8.823583602905273,8.166119575500488,4,2,232,0,male
-8.833603858947754,8.176168441772461,4,3,232,0,male
17.555130004882812,9.768071174621582,4,4,232,0,male
14.263406753540039,10.518217086791992,4,5,232,0,male
11.021093368530273,10.37456226348877,4,6,232,0,male
6.093362808227539,9.004080772399902,4,7,232,0,male
1.810654878616333,6.111466407775879,4,8,232,0,male
-1.8099632263183594,2.4852921962738037,4,9,232,0,male
11.443696975708008,12.896303176879883,4,0,233,2,female
11.426820755004883,12.92902660369873,4,1,233,2,female
12.172769546508789,12.094099998474121,4,2,233,2,female
10.368005752563477,9.48905086517334,4,3,233,2,female
8.004463195800781,8.495388984680176,4,4,233,2,female
3.853060245513916,6.16560697555542,4,5,233,2,female
-0.20100249350070953,3.108992576599121,4,6,233,2,female
-3.1103293895721436,-0.16137073934078217,4,7,233,2,female
-5.79202938079834,-2.5565435886383057,4,8,233,2,female
-5.3251633644104,-4.1691060066223145,4,9,233,2,female
11.593441009521484,12.603899002075195,4,0,234,2,female
11.855900764465332,12.59643268585205,4,1,234,2,female
11.777503967285156,12.111738204956055,4,2,234,2,female
10.369149208068848,9.584287643432617,4,3,234,2,female
8.001710891723633,8.687389373779297,4,4,234,2,female
4.584946155548096,6.691001892089844,4,5,234,2,female
0.0006937777507118881,3.571563243865967,4,6,234,2,female
-2.541985273361206,1.0177077054977417,4,7,234,2,female
-4.750045299530029,-3.421743154525757,4,8,234,2,female
-5.9491190910339355,-4.656517505645752,4,9,234,2,female
15.912676811218262,-1.8114196062088013,4,0,235,1,male
16.241405487060547,-2.0372281074523926,4,1,235,1,male
15.398348808288574,-1.572948694229126,4,2,235,1,male
12.765192985534668,1.7267835140228271,4,3,235,1,male
10.383838653564453,5.574738502502441,4,4,235,1,male
5.394233703613281,4.985141277313232,4,5,235,1,male
1.037754774093628,2.5655031204223633,4,6,235,1,male
-2.3726346492767334,-0.4032444953918457,4,7,235,1,male
-5.444833278656006,-3.2037758827209473,4,8,235,1,male
-5.263457775115967,-3.5204203128814697,4,9,235,1,male
11.852970123291016,12.750740051269531,4,0,236,2,female
11.495745658874512,12.842077255249023,4,1,236,2,female
12.65021800994873,12.200316429138184,4,2,236,2,female
12.392656326293945,10.743491172790527,4,3,236,2,female
10.06063461303711,9.275334358215332,4,4,236,2,female
6.707583427429199,7.454159259796143,4,5,236,2,female
2.2205207347869873,5.100086688995361,4,6,236,2,female
-1.5323127508163452,1.1888409852981567,4,7,236,2,female
-4.337512016296387,-2.122331380844116,4,8,236,2,female
-6.300034046173096,-3.387453317642212,4,9,236,2,female
9.5913667678833,2.119539737701416,4,0,237,7,male
10.48827075958252,-1.8245218992233276,4,1,237,7,male
11.093954086303711,-6.277291774749756,4,2,237,7,male
11.050540924072266,-6.404270172119141,4,3,237,7,male
10.656414985656738,-3.561460256576538,4,4,237,7,male
12.145419120788574,-0.21652764081954956,4,5,237,7,male
10.697188377380371,3.093777894973755,4,6,237,7,male
6.58785343170166,3.9757657051086426,4,7,237,7,male
2.8008594512939453,3.136908531188965,4,8,237,7,male
-0.9445138573646545,0.6093605160713196,4,9,237,7,male
13.907440185546875,0.08524347096681595,4,0,238,1,male
16.277828216552734,-2.071671962738037,4,1,238,1,male
16.36048126220703,-2.064729690551758,4,2,238,1,male
15.238285064697266,-1.3102898597717285,4,3,238,1,male
12.782384872436523,1.7465039491653442,4,4,238,1,male
10.280342102050781,4.769593715667725,4,5,238,1,male
5.510427474975586,5.048384189605713,4,6,238,1,male
1.962050199508667,3.475405216217041,4,7,238,1,male
-1.0066909790039062,0.8533275127410889,4,8,238,1,male
-3.29491925239563,-1.7061337232589722,4,9,238,1,male
15.909717559814453,8.693737983703613,4,0,239,0,male
-8.79574966430664,8.138376235961914,4,1,239,0,male
-8.829498291015625,8.172018051147461,4,2,239,0,male
17.41604995727539,9.99137020111084,4,3,239,0,male
14.056949615478516,10.460186004638672,4,4,239,0,male
10.01332950592041,9.395172119140625,4,5,239,0,male
4.486500263214111,7.4514055252075195,4,6,239,0,male
-0.7946574687957764,3.969409227371216,4,7,239,0,male
-4.151784896850586,0.05076626315712929,4,8,239,0,male
-5.4824442863464355,-3.997979164123535,4,9,239,0,male
8.612308502197266,3.1634249687194824,4,0,240,9,male
11.134509086608887,-0.2313728779554367,4,1,240,9,male
12.168844223022461,-4.205561637878418,4,2,240,9,male
12.806201934814453,-4.728268146514893,4,3,240,9,male
12.986379623413086,-4.713262557983398,4,4,240,9,male
13.05411148071289,-2.1676876544952393,4,5,240,9,male
12.442801475524902,0.8259895443916321,4,6,240,9,male
10.215045928955078,3.7220723628997803,4,7,240,9,male
6.069077491760254,4.050112247467041,4,8,240,9,male
1.8640590906143188,2.4402823448181152,4,9,240,9,male
17.059860229492188,10.71723461151123,4,0,241,6,female
17.008548736572266,10.905275344848633,4,1,241,6,female
16.711328506469727,11.080512046813965,4,2,241,6,female
12.784124374389648,11.295422554016113,4,3,241,6,female
10.374725341796875,10.109987258911133,4,4,241,6,female
4.921054363250732,8.179519653320312,4,5,241,6,female
0.11616452783346176,5.166432857513428,4,6,241,6,female
-3.2161448001861572,1.013582468032837,4,7,241,6,female
-5.3545660972595215,-2.06418776512146,4,8,241,6,female
-6.373614311218262,-3.1056172847747803,4,9,241,6,female
11.442327499389648,12.307136535644531,4,0,242,2,female
11.414131164550781,12.948147773742676,4,1,242,2,female
11.455741882324219,12.923356056213379,4,2,242,2,female
12.072015762329102,11.931373596191406,4,3,242,2,female
10.365677833557129,9.62100887298584,4,4,242,2,female
7.961340427398682,9.18384075164795,4,5,242,2,female
3.379610538482666,6.124934673309326,4,6,242,2,female
-1.4844088554382324,2.7521533966064453,4,7,242,2,female
-4.2100982666015625,-0.8385068774223328,4,8,242,2,female
-6.654489994049072,-3.751563310623169,4,9,242,2,female
11.43238639831543,-0.8336573243141174,4,0,243,9,male
12.983349800109863,-4.4077558517456055,4,1,243,9,male
13.15484619140625,-4.5262532234191895,4,2,243,9,male
14.018328666687012,-6.237875461578369,4,3,243,9,male
12.207313537597656,-1.6817158460617065,4,4,243,9,male
12.11545467376709,0.8778027892112732,4,5,243,9,male
9.977702140808105,3.811436653137207,4,6,243,9,male
5.771389484405518,4.001221179962158,4,7,243,9,male
1.6586580276489258,2.3684120178222656,4,8,243,9,male
-2.0530002117156982,-0.45488765835762024,4,9,243,9,male
11.347850799560547,12.90832805633545,4,0,244,2,female
11.384893417358398,12.937970161437988,4,1,244,2,female
12.449980735778809,12.13352108001709,4,2,244,2,female
12.580754280090332,10.981864929199219,4,3,244,2,female
10.377986907958984,9.517531394958496,4,4,244,2,female
7.89377498626709,8.460351943969727,4,5,244,2,female
3.5379395484924316,6.0536885261535645,4,6,244,2,female
-0.44625866413116455,2.629262924194336,4,7,244,2,female
-3.7449393272399902,-1.2026314735412598,4,8,244,2,female
-4.839320659637451,-3.2971067428588867,4,9,244,2,female
17.251445770263672,10.591835975646973,4,0,245,6,female
17.131315231323242,10.783587455749512,4,1,245,6,female
16.663454055786133,11.110788345336914,4,2,245,6,female
13.087848663330078,11.267781257629395,4,3,245,6,female
10.794421195983887,10.317817687988281,4,4,245,6,female
6.7694220542907715,9.10293197631836,4,5,245,6,female
1.9044350385665894,6.067046165466309,4,6,245,6,female
-2.2966485023498535,1.8596409559249878,4,7,245,6,female
-4.9526143074035645,-1.335160255432129,4,8,245,6,female
-6.327762603759766,-4.262266159057617,4,9,245,6,female
16.867185592651367,10.910052299499512,4,0,246,6,female
16.87733268737793,11.100266456604004,4,1,246,6,female
16.630945205688477,11.00863265991211,4,2,246,6,female
13.03011417388916,11.336722373962402,4,3,246,6,female
10.986419677734375,10.51319408416748,4,4,246,6,female
6.508460521697998,9.121273040771484,4,5,246,6,female
1.9232429265975952,6.149034023284912,4,6,246,6,female
-1.9759535789489746,2.171572208404541,4,7,246,6,female
-4.728261947631836,-0.9448882341384888,4,8,246,6,female
-5.229063034057617,-3.941405773162842,4,9,246,6,female
10.531917572021484,0.7021065354347229,4,0,247,8,male
10.836042404174805,-3.374488592147827,4,1,247,8,male
12.351629257202148,-5.99434757232666,4,2,247,8,male
12.582221031188965,-5.603749752044678,4,3,247,8,male
12.121445655822754,-2.0317444801330566,4,4,247,8,male
10.911154747009277,1.7499439716339111,4,5,247,8,male
7.5002264976501465,3.846088409423828,4,6,247,8,male
2.7073440551757812,2.9566566944122314,4,7,247,8,male
-1.5528019666671753,0.03461717069149017,4,8,247,8,male
-5.894986629486084,-4.453917503356934,4,9,247,8,male
16.027179718017578,-1.8160642385482788,4,0,248,1,male
16.205242156982422,-1.970687985420227,4,1,248,1,male
15.296279907226562,-1.0671651363372803,4,2,248,1,male
12.804004669189453,2.166485071182251,4,3,248,1,male
11.146688461303711,4.369138240814209,4,4,248,1,male
7.046689510345459,5.014904975891113,4,5,248,1,male
3.116748571395874,4.763032913208008,4,6,248,1,male
-0.6965485215187073,1.6663459539413452,4,7,248,1,male
-3.5127391815185547,-1.3733062744140625,4,8,248,1,male
-6.594024658203125,-3.323305368423462,4,9,248,1,male
15.350135803222656,-1.443436861038208,4,0,249,1,male
16.332067489624023,-2.0863897800445557,4,1,249,1,male
16.29552459716797,-2.091417074203491,4,2,249,1,male
13.425470352172852,-0.1746186912059784,4,3,249,1,male
11.8457670211792,3.396165132522583,4,4,249,1,male
7.175587177276611,5.041755199432373,4,5,249,1,male
2.983416795730591,4.357619762420654,4,6,249,1,male
-0.9852682948112488,1.12305748462677,4,7,249,1,male
-3.3040881156921387,-1.6655468940734863,4,8,249,1,male
-5.812441349029541,-2.645639419555664,4,9,249,1,male
12.385138511657715,10.510241508483887,5,0,250,0,male
16.359725952148438,9.636693954467773,5,1,250,0,male
16.500324249267578,9.561406135559082,5,2,250,0,male
16.36574363708496,9.654712677001953,5,3,250,0,male
14.390015602111816,10.337553977966309,5,4,250,0,male
11.066563606262207,9.428393363952637,5,5,250,0,male
8.249754905700684,9.513545989990234,5,6,250,0,male
2.3170151710510254,6.276961803436279,5,7,250,0,male
-1.5065492391586304,2.1827642917633057,5,8,250,0,male
-4.5969557762146,-0.5879313349723816,5,9,250,0,male
10.952293395996094,6.438330173492432,5,0,251,1,male
15.016536712646484,0.04887732118368149,5,1,251,1,male
15.359893798828125,-0.14654304087162018,5,2,251,1,male
15.27612018585205,-0.13633310794830322,5,3,251,1,male
12.5660400390625,2.310934066772461,5,4,251,1,male
10.481443405151367,6.227723598480225,5,5,251,1,male
7.0040717124938965,4.9570417404174805,5,6,251,1,male
2.4692752361297607,4.1335883140563965,5,7,251,1,male
-0.9297916889190674,1.1904127597808838,5,8,251,1,male
-3.6569879055023193,-1.563269853591919,5,9,251,1,male
10.571922302246094,-2.3326447010040283,5,0,252,8,male
10.954105377197266,-5.940772533416748,5,1,252,8,male
11.93744945526123,-5.10065221786499,5,2,252,8,male
11.812834739685059,-0.410427987575531,5,3,252,8,male
9.962946891784668,3.3663575649261475,5,4,252,8,male
5.221128463745117,3.7101693153381348,5,5,252,8,male
0.75446617603302,1.3529752492904663,5,6,252,8,male
-2.666133165359497,-1.2446057796478271,5,7,252,8,male
-6.022388935089111,-3.9836947917938232,5,8,252,8,male
-6.4412360191345215,-2.7929205894470215,5,9,252,8,male
12.246024131774902,12.594283103942871,5,0,253,2,female
12.362123489379883,12.504549980163574,5,1,253,2,female
13.896767616271973,11.76365852355957,5,2,253,2,female
12.718364715576172,9.62667179107666,5,3,253,2,female
10.777379035949707,8.242690086364746,5,4,253,2,female
7.293175220489502,7.453772068023682,5,5,253,2,female
3.0533714294433594,5.0908918380737305,5,6,253,2,female
-0.7684471607208252,1.5169013738632202,5,7,253,2,female
-3.2526426315307617,-1.320633053779602,5,8,253,2,female
-5.663228988647461,-3.9431374073028564,5,9,253,2,female
16.47328758239746,10.22811222076416,5,0,254,6,female
16.370664596557617,10.36501407623291,5,1,254,6,female
15.284523010253906,10.334624290466309,5,2,254,6,female
13.48815631866455,10.556011199951172,5,3,254,6,female
10.993059158325195,10.418451309204102,5,4,254,6,female
6.424447536468506,9.10045051574707,5,5,254,6,female
1.8227038383483887,6.044451713562012,5,6,254,6,female
-2.430208683013916,1.7279576063156128,5,7,254,6,female
-4.940009593963623,-1.473941683769226,5,8,254,6,female
-5.2615966796875,-4.291943073272705,5,9,254,6,female
16.4019775390625,10.264028549194336,5,0,255,6,female
16.58424949645996,10.333409309387207,5,1,255,6,female
16.012575149536133,11.187172889709473,5,2,255,6,female
14.575396537780762,11.4857759475708,5,3,255,6,female
11.776651382446289,10.144822120666504,5,4,255,6,female
8.653518676757812,9.694528579711914,5,5,255,6,female
3.7910208702087402,7.403502464294434,5,6,255,6,female
-1.4704585075378418,3.1692512035369873,5,7,255,6,female
-4.480071067810059,-0.47938844561576843,5,8,255,6,female
-5.384575843811035,-3.6128907203674316,5,9,255,6,female
11.368428230285645,-1.2083427906036377,5,0,256,9,male
11.943758964538574,-4.861468315124512,5,1,256,9,male
12.261415481567383,-4.974905490875244,5,2,256,9,male
12.701372146606445,-5.03010368347168,5,3,256,9,male
12.458466529846191,-2.052849054336548,5,4,256,9,male
11.227593421936035,1.4773449897766113,5,5,256,9,male
7.970654487609863,3.9119675159454346,5,6,256,9,male
2.992234468460083,3.211071729660034,5,7,256,9,male
-1.3905194997787476,0.40328845381736755,5,8,256,9,male
-5.14546537399292,-2.534194231033325,5,9,256,9,male
14.698497772216797,9.178496360778809,5,0,257,0,male
16.56203842163086,9.526396751403809,5,1,257,0,male
16.71515655517578,9.525382041931152,5,2,257,0,male
15.19501781463623,10.463995933532715,5,3,257,0,male
12.21667194366455,10.249404907226562,5,4,257,0,male
9.099823951721191,9.798431396484375,5,5,257,0,male
4.081283092498779,7.540901184082031,5,6,257,0,male
-1.2107925415039062,3.539926528930664,5,7,257,0,male
-4.369624137878418,-0.25784140825271606,5,8,257,0,male
-6.8414082527160645,-3.9697837829589844,5,9,257,0,male
15.409170150756836,-0.7523964643478394,5,0,258,1,male
15.543632507324219,-0.6983389258384705,5,1,258,1,male
15.257025718688965,-0.7716928720474243,5,2,258,1,male
12.983052253723145,1.4714998006820679,5,3,258,1,male
11.753087997436523,3.51267147064209,5,4,258,1,male
7.008322715759277,4.870986461639404,5,5,258,1,male
2.419203996658325,3.897327184677124,5,6,258,1,male
-0.8908287882804871,1.0159847736358643,5,7,258,1,male
-3.760751485824585,-1.4860578775405884,5,8,258,1,male
-5.926764488220215,-4.7349467277526855,5,9,258,1,male
12.144519805908203,2.903235912322998,5,0,259,1,male
15.392801284790039,-0.7220327854156494,5,1,259,1,male
15.561075210571289,-0.6844550371170044,5,2,259,1,male
15.461042404174805,-0.7474490404129028,5,3,259,1,male
13.514618873596191,0.7306996583938599,5,4,259,1,male
11.98310375213623,3.3236443996429443,5,5,259,1,male
7.958102226257324,4.508785247802734,5,6,259,1,male
3.347771406173706,4.082480430603027,5,7,259,1,male
-0.47607675194740295,1.12374746799469,5,8,259,1,male
-3.2234418392181396,-1.7137842178344727,5,9,259,1,male
10.99699878692627,-0.3022651672363281,5,0,260,9,male
12.013297080993652,-4.690184116363525,5,1,260,9,male
12.427421569824219,-4.822636127471924,5,2,260,9,male
12.517841339111328,-4.915777206420898,5,3,260,9,male
12.770171165466309,-4.182254314422607,5,4,260,9,male
12.301054000854492,-1.0534330606460571,5,5,260,9,male
10.596527099609375,2.522449254989624,5,6,260,9,male
6.665380954742432,3.9681384563446045,5,7,260,9,male
2.153265953063965,2.7224245071411133,5,8,260,9,male
-1.8112431764602661,-0.34002068638801575,5,9,260,9,male
9.681254386901855,1.8364012241363525,5,0,261,8,male
10.47618579864502,-2.494535446166992,5,1,261,8,male
11.166420936584473,-5.808246612548828,5,2,261,8,male
10.757898330688477,-4.699959754943848,5,3,261,8,male
11.383512496948242,-0.07052895426750183,5,4,261,8,male
8.745373725891113,3.230815887451172,5,5,261,8,male
3.6590757369995117,3.550001382827759,5,6,261,8,male
-1.3469171524047852,0.7498487830162048,5,7,261,8,male
-6.449581623077393,-3.514469861984253,5,8,261,8,male
-5.240108966827393,-3.5405325889587402,5,9,261,8,male
16.57960319519043,9.76697826385498,5,0,262,3,female
16.682153701782227,9.707950592041016,5,1,262,3,female
15.936894416809082,10.47088623046875,5,2,262,3,female
13.724100112915039,10.190498352050781,5,3,262,3,female
11.420524597167969,9.96658706665039,5,4,262,3,female
7.339662551879883,9.248392105102539,5,5,262,3,female
2.1452693939208984,6.14057731628418,5,6,262,3,female
-1.72433340549469,2.608458995819092,5,7,262,3,female
-4.754607200622559,-0.993737518787384,5,8,262,3,female
-5.719662666320801,-3.7826178073883057,5,9,262,3,female
13.153241157531738,8.425432205200195,5,0,263,11,female
18.81960678100586,8.848176002502441,5,1,263,11,female
19.773527145385742,5.964883804321289,5,2,263,11,female
19.440322875976562,5.901241779327393,5,3,263,11,female
18.44623374938965,6.346103191375732,5,4,263,11,female
17.42793083190918,7.387226104736328,5,5,263,11,female
13.757772445678711,8.22757339477539,5,6,263,11,female
8.713961601257324,7.864537239074707,5,7,263,11,female
3.021432876586914,5.757342338562012,5,8,263,11,female
-1.8032701015472412,1.3628835678100586,5,9,263,11,female
10.25787353515625,7.6927876472473145,5,0,264,11,female
16.608196258544922,8.634636878967285,5,1,264,11,female
20.43147087097168,6.425439357757568,5,2,264,11,female
20.493562698364258,5.95155143737793,5,3,264,11,female
20.443788528442383,5.957657814025879,5,4,264,11,female
19.86389923095703,6.629915714263916,5,5,264,11,female
17.97930908203125,8.039405822753906,5,6,264,11,female
13.9561128616333,8.658653259277344,5,7,264,11,female
8.213842391967773,8.137518882751465,5,8,264,11,female
2.6855735778808594,5.478457927703857,5,9,264,11,female
16.3756103515625,9.786269187927246,5,0,265,3,female
16.50813865661621,9.951101303100586,5,1,265,3,female
14.80854320526123,10.750406265258789,5,2,265,3,female
12.400392532348633,10.384695053100586,5,3,265,3,female
9.288128852844238,9.773577690124512,5,4,265,3,female
4.322892665863037,7.638906002044678,5,5,265,3,female
-1.0397588014602661,3.7777247428894043,5,6,265,3,female
-4.298908233642578,-0.1459028571844101,5,7,265,3,female
-6.294987678527832,-4.294008731842041,5,8,265,3,female
-5.250851631164551,-3.762401819229126,5,9,265,3,female
14.590450286865234,9.08171558380127,5,0,266,0,male
15.522452354431152,-0.08873321861028671,5,1,266,0,male
15.478362083435059,-0.09348420053720474,5,2,266,0,male
16.114744186401367,0.25490644574165344,5,3,266,0,male
14.134340286254883,9.33169937133789,5,4,266,0,male
10.561991691589355,9.42123794555664,5,5,266,0,male
6.002216339111328,8.171467781066895,5,6,266,0,male
0.2875349819660187,4.863370895385742,5,7,266,0,male
-2.889744997024536,0.7303758859634399,5,8,266,0,male
-5.757184028625488,-2.5727686882019043,5,9,266,0,male
10.693367004394531,-0.3735658526420593,5,0,267,7,male
10.066701889038086,-6.338308334350586,5,1,267,7,male
10.138077735900879,-6.24544620513916,5,2,267,7,male
10.719961166381836,-3.487888813018799,5,3,267,7,male
11.686888694763184,-0.1151188537478447,5,4,267,7,male
10.006072044372559,3.452293634414673,5,5,267,7,male
5.615001678466797,3.8756582736968994,5,6,267,7,male
1.7535699605941772,2.3682351112365723,5,7,267,7,male
-1.9833402633666992,-0.4980693459510803,5,8,267,7,male
-5.200014591217041,-3.4781644344329834,5,9,267,7,male
17.448373794555664,10.676162719726562,5,0,268,10,female
18.32666778564453,10.92251205444336,5,1,268,10,female
18.23439598083496,10.98040771484375,5,2,268,10,female
15.904987335205078,10.656801223754883,5,3,268,10,female
11.797961235046387,9.320839881896973,5,4,268,10,female
6.93027400970459,8.681598663330078,5,5,268,10,female
0.877713680267334,5.064508438110352,5,6,268,10,female
-2.959434986114502,0.7198201417922974,5,7,268,10,female
-6.148921966552734,-3.512834072113037,5,8,268,10,female
-6.284060001373291,-3.140523672103882,5,9,268,10,female
12.450196266174316,2.504237651824951,5,0,269,1,male
15.486889839172363,-0.6945073008537292,5,1,269,1,male
15.652972221374512,-0.7420111298561096,5,2,269,1,male
14.289935111999512,0.07634454220533371,5,3,269,1,male
12.315314292907715,2.628641128540039,5,4,269,1,male
10.044554710388184,5.129532814025879,5,5,269,1,male
5.15362548828125,4.8974928855896,5,6,269,1,male
0.7975696921348572,2.3010430335998535,5,7,269,1,male
-2.773186683654785,-0.99980229139328,5,8,269,1,male
-6.017264366149902,-3.743098020553589,5,9,269,1,male
11.91325855255127,12.576841354370117,5,0,270,2,female
12.039416313171387,12.506612777709961,5,1,270,2,female
13.781627655029297,11.854926109313965,5,2,270,2,female
11.47055435180664,8.743199348449707,5,3,270,2,female
9.240131378173828,7.9678850173950195,5,4,270,2,female
6.6960248947143555,7.398243427276611,5,5,270,2,female
2.407071828842163,4.698163032531738,5,6,270,2,female
-1.1661680936813354,1.0968072414398193,5,7,270,2,female
-3.9692652225494385,-2.0578882694244385,5,8,270,2,female
-5.411068439483643,-4.091764450073242,5,9,270,2,female
12.425585746765137,10.477968215942383,5,0,271,0,male
16.416383743286133,9.627431869506836,5,1,271,0,male
16.520401000976562,9.490220069885254,5,2,271,0,male
16.35436248779297,9.651430130004883,5,3,271,0,male
14.463805198669434,10.329734802246094,5,4,271,0,male
11.014324188232422,9.40138053894043,5,5,271,0,male
6.373176574707031,8.433354377746582,5,6,271,0,male
0.4881620407104492,5.053785800933838,5,7,271,0,male
-2.7464346885681152,0.9746954441070557,5,8,271,0,male
-6.140893936157227,-2.803968667984009,5,9,271,0,male
12.105975151062012,12.396329879760742,5,0,272,2,female
12.283754348754883,12.564595222473145,5,1,272,2,female
12.593571662902832,12.50830364227295,5,2,272,2,female
12.93082046508789,10.188521385192871,5,3,272,2,female
12.121567726135254,8.985726356506348,5,4,272,2,female
10.036229133605957,8.20587158203125,5,5,272,2,female
6.38886022567749,7.31790828704834,5,6,272,2,female
-0.10855644941329956,2.9274110794067383,5,7,272,2,female
-2.8705661296844482,0.01759416051208973,5,8,272,2,female
-5.6975932121276855,-3.860241413116455,5,9,272,2,female
10.378935813903809,0.8703444600105286,5,0,273,7,male
10.44820785522461,-3.0364861488342285,5,1,273,7,male
10.018816947937012,-6.5117878913879395,5,2,273,7,male
10.115137100219727,-6.521029472351074,5,3,273,7,male
10.530230522155762,-4.799490928649902,5,4,273,7,male
13.221196174621582,-2.78752064704895,5,5,273,7,male
13.063075065612793,-0.1998824030160904,5,6,273,7,male
10.901288986206055,4.028992176055908,5,7,273,7,male
6.001132488250732,4.559247970581055,5,8,273,7,male
1.2567778825759888,2.427386522293091,5,9,273,7,male
11.048687934875488,-0.4099905490875244,5,0,274,9,male
11.851689338684082,-4.798026084899902,5,1,274,9,male
12.198468208312988,-5.1729302406311035,5,2,274,9,male
12.221586227416992,-5.090306758880615,5,3,274,9,male
11.752002716064453,-4.1119608879089355,5,4,274,9,male
11.654621124267578,-0.1777832806110382,5,5,274,9,male
9.83681869506836,3.1797537803649902,5,6,274,9,male
5.077052116394043,3.6528091430664062,5,7,274,9,male
0.7709820866584778,1.2488842010498047,5,8,274,9,male
-2.6866440773010254,-1.1263004541397095,5,9,274,9,male
16.315584182739258,8.58225154876709,5,0,275,11,female
19.65154457092285,6.351744174957275,5,1,275,11,female
20.036762237548828,5.764340400695801,5,2,275,11,female
19.791397094726562,5.946057319641113,5,3,275,11,female
18.939529418945312,6.695420742034912,5,4,275,11,female
17.198143005371094,7.428633213043213,5,5,275,11,female
13.109338760375977,8.334330558776855,5,6,275,11,female
7.631877899169922,8.0263090133667,5,7,275,11,female
2.1691641807556152,5.0842156410217285,5,8,275,11,female
-2.659634828567505,0.540762722492218,5,9,275,11,female
14.526378631591797,9.107595443725586,5,0,276,0,male
15.638575553894043,-0.038451578468084335,5,1,276,0,male
15.630327224731445,-0.08000408858060837,5,2,276,0,male
16.167591094970703,0.17407937347888947,5,3,276,0,male
14.139689445495605,9.417219161987305,5,4,276,0,male
10.731882095336914,9.578944206237793,5,5,276,0,male
5.787370204925537,8.221981048583984,5,6,276,0,male
0.2157929539680481,4.65814208984375,5,7,276,0,male
-3.0227723121643066,0.4499310255050659,5,8,276,0,male
-5.547977447509766,-4.340423583984375,5,9,276,0,male
11.424057006835938,-1.3630530834197998,5,0,277,9,male
11.886603355407715,-4.849710941314697,5,1,277,9,male
12.08923625946045,-5.397424221038818,5,2,277,9,male
12.176590919494629,-5.58897066116333,5,3,277,9,male
12.08716106414795,-3.0697102546691895,5,4,277,9,male
11.315984725952148,1.4265329837799072,5,5,277,9,male
8.442571640014648,3.8322954177856445,5,6,277,9,male
3.5233428478240967,3.573265314102173,5,7,277,9,male
-1.2829310894012451,0.7502655386924744,5,8,277,9,male
-4.761386871337891,-2.9028608798980713,5,9,277,9,male
12.1178617477417,12.554101943969727,5,0,278,2,female
12.24905776977539,12.496622085571289,5,1,278,2,female
13.709362983703613,11.893312454223633,5,2,278,2,female
12.718727111816406,10.258964538574219,5,3,278,2,female
10.510462760925293,8.631213188171387,5,4,278,2,female
6.887702941894531,7.574088096618652,5,5,278,2,female
2.5081801414489746,5.388720512390137,5,6,278,2,female
-1.7154508829116821,1.607136845588684,5,7,278,2,female
-4.196156978607178,-1.1653165817260742,5,8,278,2,female
-6.098879337310791,-3.0248301029205322,5,9,278,2,female
10.55390739440918,6.497101783752441,5,0,279,1,male
14.34433364868164,0.12030833959579468,5,1,279,1,male
16.09149932861328,-1.0256330966949463,5,2,279,1,male
16.192462921142578,-1.1124356985092163,5,3,279,1,male
14.893617630004883,-1.102492094039917,5,4,279,1,male
12.807268142700195,2.002840995788574,5,5,279,1,male
10.436573028564453,6.035671710968018,5,6,279,1,male
5.323322772979736,4.9216837882995605,5,7,279,1,male
1.0604541301727295,2.3406856060028076,5,8,279,1,male
-2.908215284347534,-0.8441537022590637,5,9,279,1,male
16.91189956665039,9.480700492858887,5,0,280,3,female
17.303861618041992,9.28490161895752,5,1,280,3,female
17.450647354125977,9.066991806030273,5,2,280,3,female
14.993843078613281,9.571581840515137,5,3,280,3,female
10.989821434020996,8.474721908569336,5,4,280,3,female
6.0980634689331055,7.847265243530273,5,5,280,3,female
0.5494282841682434,4.420899868011475,5,6,280,3,female
-3.1714799404144287,0.19643272459506989,5,7,280,3,female
-5.5715436935424805,-4.242762565612793,5,8,280,3,female
-6.450559139251709,-3.6986441612243652,5,9,280,3,female
11.391716003417969,-1.4241697788238525,5,0,281,9,male
11.937834739685059,-4.850678443908691,5,1,281,9,male
12.280069351196289,-4.9136152267456055,5,2,281,9,male
12.812642097473145,-4.730790138244629,5,3,281,9,male
11.831108093261719,-1.2711877822875977,5,4,281,9,male
10.547273635864258,2.3805267810821533,5,5,281,9,male
6.669450283050537,3.992344379425049,5,6,281,9,male
2.3500585556030273,2.720280647277832,5,7,281,9,male
-1.8436901569366455,-0.4798005223274231,5,8,281,9,male
-5.884153842926025,-2.649512767791748,5,9,281,9,male
12.000101089477539,12.564177513122559,5,0,282,2,female
12.079764366149902,12.568902015686035,5,1,282,2,female
13.745615005493164,11.869585990905762,5,2,282,2,female
12.70042610168457,10.260783195495605,5,3,282,2,female
10.830167770385742,8.444753646850586,5,4,282,2,female
7.556609630584717,7.865657329559326,5,5,282,2,female
3.282017230987549,5.778064250946045,5,6,282,2,female
-0.5728575587272644,2.446078062057495,5,7,282,2,female
-3.4589850902557373,-0.6294503808021545,5,8,282,2,female
-4.9095988273620605,-2.5223748683929443,5,9,282,2,female
12.148681640625,2.862161159515381,5,0,283,1,male
15.331283569335938,-0.9948527216911316,5,1,283,1,male
15.479192733764648,-2.8465869426727295,5,2,283,1,male
15.386690139770508,-2.7807865142822266,5,3,283,1,male
13.78003215789795,-0.1937636286020279,5,4,283,1,male
11.988828659057617,3.2399277687072754,5,5,283,1,male
7.087961196899414,4.4023027420043945,5,6,283,1,male
2.2344110012054443,3.3481130599975586,5,7,283,1,male
-1.9984537363052368,0.17767003178596497,5,8,283,1,male
-5.270224094390869,-3.258089780807495,5,9,283,1,male
19.886756896972656,7.351556301116943,5,0,284,11,female
20.568437576293945,6.06754207611084,5,1,284,11,female
20.34961700439453,6.094971179962158,5,2,284,11,female
19.752765655517578,6.739485263824463,5,3,284,11,female
17.727279663085938,8.128941535949707,5,4,284,11,female
13.967491149902344,8.847620964050293,5,5,284,11,female
8.065903663635254,8.309906005859375,5,6,284,11,female
2.2939743995666504,5.258682727813721,5,7,284,11,female
-2.6554455757141113,0.7740092873573303,5,8,284,11,female
-6.259487152099609,-4.4875006675720215,5,9,284,11,female
17.825658798217773,10.64964485168457,5,0,285,10,female
18.137531280517578,10.835628509521484,5,1,285,10,female
17.90380859375,11.257473945617676,5,2,285,10,female
14.405357360839844,10.152389526367188,5,3,285,10,female
11.23864459991455,9.789260864257812,5,4,285,10,female
6.048977851867676,8.398622512817383,5,5,285,10,female
0.3955187201499939,4.7022705078125,5,6,285,10,female
-3.3137431144714355,0.4375738501548767,5,7,285,10,female
-5.542584419250488,-3.026611089706421,5,8,285,10,female
-5.813026428222656,-4.502256393432617,5,9,285,10,female
11.518194198608398,-3.7462656497955322,5,0,286,9,male
11.895444869995117,-4.8429646492004395,5,1,286,9,male
12.020447731018066,-4.78682804107666,5,2,286,9,male
11.670105934143066,-1.873847484588623,5,3,286,9,male
10.859469413757324,1.603742241859436,5,4,286,9,male
7.7214531898498535,3.9536571502685547,5,5,286,9,male
2.969650983810425,3.146515369415283,5,6,286,9,male
-1.3641372919082642,0.4034227728843689,5,7,286,9,male
-5.199349880218506,-3.0399720668792725,5,8,286,9,male
-5.756882190704346,-3.930069923400879,5,9,286,9,male
10.848315238952637,11.702404975891113,5,0,287,2,female
12.001636505126953,12.573637008666992,5,1,287,2,female
12.218116760253906,12.528284072875977,5,2,287,2,female
13.82697868347168,11.792451858520508,5,3,287,2,female
12.951468467712402,10.119352340698242,5,4,287,2,female
10.563645362854004,8.42613410949707,5,5,287,2,female
7.121800899505615,7.836829662322998,5,6,287,2,female
2.135465383529663,5.028992652893066,5,7,287,2,female
-2.1592726707458496,0.6053727865219116,5,8,287,2,female
-4.37368106842041,-2.6404571533203125,5,9,287,2,female
16.04204559326172,9.902180671691895,5,0,288,3,female
12.647242546081543,12.353055000305176,5,1,288,3,female
13.23997688293457,12.15061092376709,5,2,288,3,female
11.686283111572266,11.184005737304688,5,3,288,3,female
9.815475463867188,10.107707977294922,5,4,288,3,female
4.430501461029053,8.091761589050293,5,5,288,3,female
-0.5132927298545837,4.69244384765625,5,6,288,3,female
-3.7551839351654053,0.6643673777580261,5,7,288,3,female
-5.843280792236328,-3.1438610553741455,5,8,288,3,female
-6.201164722442627,-3.329285144805908,5,9,288,3,female
16.705970764160156,9.593027114868164,5,0,289,3,female
16.890451431274414,9.52002239227295,5,1,289,3,female
17.3989315032959,9.68586540222168,5,2,289,3,female
15.04803466796875,9.650622367858887,5,3,289,3,female
11.282694816589355,8.738622665405273,5,4,289,3,female
6.510031700134277,8.490382194519043,5,5,289,3,female
0.41754692792892456,4.865854263305664,5,6,289,3,female
-3.5598368644714355,0.4407704770565033,5,7,289,3,female
-5.824779510498047,-4.669816970825195,5,8,289,3,female
-6.384806156158447,-3.8327534198760986,5,9,289,3,female
15.118809700012207,10.460858345031738,5,0,290,10,female
17.92551612854004,10.692140579223633,5,1,290,10,female
18.1885929107666,10.844474792480469,5,2,290,10,female
16.069944381713867,11.202037811279297,5,3,290,10,female
12.364738464355469,9.640240669250488,5,4,290,10,female
8.778462409973145,9.186760902404785,5,5,290,10,female
3.439725875854492,7.212988376617432,5,6,290,10,female
-1.5397326946258545,2.641199827194214,5,7,290,10,female
-3.6928212642669678,-0.9786484837532043,5,8,290,10,female
-5.167816162109375,-2.548628568649292,5,9,290,10,female
-1.2292999029159546,2.029975652694702,5,0,291,11,female
3.505533456802368,6.255260467529297,5,1,291,11,female
10.644871711730957,7.985733985900879,5,2,291,11,female
16.836660385131836,8.71440601348877,5,3,291,11,female
20.326881408691406,6.011125564575195,5,4,291,11,female
20.393436431884766,5.910797595977783,5,5,291,11,female
19.708200454711914,6.401077747344971,5,6,291,11,female
18.58744239807129,7.001175880432129,5,7,291,11,female
17.006315231323242,7.443911552429199,5,8,291,11,female
13.054038047790527,8.23118782043457,5,9,291,11,female
10.332754135131836,0.9936367273330688,5,0,292,8,male
10.650411605834961,-2.6834380626678467,5,1,292,8,male
11.442056655883789,-5.760522842407227,5,2,292,8,male
11.830402374267578,-4.31787109375,5,3,292,8,male
11.490859985351562,-0.0282682366669178,5,4,292,8,male
8.67084789276123,3.2599048614501953,5,5,292,8,male
3.7676913738250732,3.5372767448425293,5,6,292,8,male
-1.2291468381881714,0.7514323592185974,5,7,292,8,male
-5.288681983947754,-3.4347646236419678,5,8,292,8,male
-6.396333694458008,-4.506565570831299,5,9,292,8,male
12.061784744262695,12.539599418640137,5,0,293,2,female
12.145718574523926,12.550581932067871,5,1,293,2,female
13.690879821777344,11.873376846313477,5,2,293,2,female
12.682765007019043,10.253254890441895,5,3,293,2,female
10.850000381469727,8.429240226745605,5,4,293,2,female
7.899615287780762,8.076425552368164,5,5,293,2,female
3.1379387378692627,5.431230545043945,5,6,293,2,female
-0.8511657118797302,1.8116706609725952,5,7,293,2,female
-3.785571813583374,-1.1728349924087524,5,8,293,2,female
-5.676742076873779,-4.333099365234375,5,9,293,2,female
10.616663932800293,8.006988525390625,5,0,294,0,male
16.250213623046875,9.662895202636719,5,1,294,0,male
16.5372314453125,9.512832641601562,5,2,294,0,male
16.521974563598633,9.531798362731934,5,3,294,0,male
14.69279670715332,10.138627052307129,5,4,294,0,male
12.344563484191895,10.382009506225586,5,5,294,0,male
9.392354011535645,9.64545726776123,5,6,294,0,male
4.418464660644531,7.539326190948486,5,7,294,0,male
-0.9892878532409668,3.8376901149749756,5,8,294,0,male
-4.451670169830322,-0.3215506672859192,5,9,294,0,male
11.990814208984375,12.558599472045898,5,0,295,2,female
12.076066017150879,12.519476890563965,5,1,295,2,female
13.707767486572266,11.897751808166504,5,2,295,2,female
12.241721153259277,10.18112564086914,5,3,295,2,female
9.727118492126465,9.359003067016602,5,4,295,2,female
4.49808931350708,7.068383693695068,5,5,295,2,female
0.3610856235027313,4.110416889190674,5,6,295,2,female
-2.9902002811431885,0.2597782015800476,5,7,295,2,female
-4.707971096038818,-2.946162700653076,5,8,295,2,female
-5.888664722442627,-4.4749274253845215,5,9,295,2,female
10.672605514526367,-0.17592072486877441,5,0,296,7,male
10.503121376037598,-3.5872716903686523,5,1,296,7,male
10.125092506408691,-6.619350433349609,5,2,296,7,male
10.215606689453125,-5.942282199859619,5,3,296,7,male
10.671856880187988,-4.2384352684021,5,4,296,7,male
11.997021675109863,-1.9517128467559814,5,5,296,7,male
11.24191665649414,1.7683994770050049,5,6,296,7,male
8.354361534118652,3.926981210708618,5,7,296,7,male
3.1194071769714355,3.2260899543762207,5,8,296,7,male
-1.081489086151123,0.5382508635520935,5,9,296,7,male
15.226350784301758,-0.2304193079471588,5,0,297,1,male
15.343753814697266,-0.2808779180049896,5,1,297,1,male
14.2247314453125,0.15107455849647522,5,2,297,1,male
12.220383644104004,2.9554827213287354,5,3,297,1,male
10.03642463684082,5.095916748046875,5,4,297,1,male
5.301698684692383,4.821399688720703,5,5,297,1,male
0.8170765042304993,2.2915875911712646,5,6,297,1,male
-2.594522476196289,-0.818062424659729,5,7,297,1,male
-5.164254665374756,-3.8259243965148926,5,8,297,1,male
-5.169840335845947,-3.265108346939087,5,9,297,1,male
11.51965045928955,-3.661888837814331,5,0,298,9,male
11.923311233520508,-4.77864408493042,5,1,298,9,male
11.924928665161133,-4.887273788452148,5,2,298,9,male
11.967272758483887,-4.5809526443481445,5,3,298,9,male
11.787771224975586,-1.6271950006484985,5,4,298,9,male
10.783949851989746,1.7212576866149902,5,5,298,9,male
7.553111553192139,3.9178905487060547,5,6,298,9,male
2.6399500370025635,3.0401411056518555,5,7,298,9,male
-1.6031379699707031,-0.215898796916008,5,8,298,9,male
-5.832098007202148,-4.050834655761719,5,9,298,9,male
10.5031099319458,0.7135125398635864,5,0,299,7,male
10.45063304901123,-3.244493007659912,5,1,299,7,male
10.20113468170166,-6.607472896575928,5,2,299,7,male
10.194119453430176,-6.63262414932251,5,3,299,7,male
10.300460815429688,-4.46735143661499,5,4,299,7,male
11.987405776977539,-1.9979220628738403,5,5,299,7,male
11.345564842224121,1.7028694152832031,5,6,299,7,male
8.262104988098145,4.152205467224121,5,7,299,7,male
3.2976884841918945,3.4896085262298584,5,8,299,7,male
-1.1051867008209229,0.6931584477424622,5,9,299,7,male
14.180233001708984,-0.28057315945625305,6,0,300,1,male
15.658015251159668,-2.033438205718994,6,1,300,1,male
14.105928421020508,-0.193912073969841,6,2,300,1,male
10.394658088684082,6.943469047546387,6,3,300,1,male
3.6127750873565674,6.394003391265869,6,4,300,1,male
-0.7164652347564697,1.498239517211914,6,5,300,1,male
-3.7015223503112793,-1.7670133113861084,6,6,300,1,male
-5.9052276611328125,-4.242764472961426,6,7,300,1,male
-5.319155216217041,-3.4644834995269775,6,8,300,1,male
-5.291398525238037,-3.7520501613616943,6,9,300,1,male
2.8652496337890625,10.418237686157227,6,0,301,11,female
3.0871829986572266,10.599589347839355,6,1,301,11,female
16.325359344482422,8.955530166625977,6,2,301,11,female
19.46200180053711,8.075590133666992,6,3,301,11,female
16.179372787475586,9.946051597595215,6,4,301,11,female
10.751028060913086,8.887733459472656,6,5,301,11,female
-3.268429756164551,-5.620896339416504,6,6,301,11,female
-3.3225934505462646,-5.606987953186035,6,7,301,11,female
-3.5501961708068848,-5.539628505706787,6,8,301,11,female
-4.01077938079834,-5.278592586517334,6,9,301,11,female
10.627717018127441,-0.06893663853406906,6,0,302,7,male
10.709439277648926,-3.797714948654175,6,1,302,7,male
10.870074272155762,-3.8712081909179688,6,2,302,7,male
10.975540161132812,-0.4056512713432312,6,3,302,7,male
8.676498413085938,3.0337769985198975,6,4,302,7,male
-3.3172144889831543,-5.606417179107666,6,5,302,7,male
-3.38214111328125,-5.599867820739746,6,6,302,7,male
-3.6048436164855957,-5.463796615600586,6,7,302,7,male
-4.153757572174072,-5.226266860961914,6,8,302,7,male
-4.7052130699157715,-4.882322788238525,6,9,302,7,male
8.179903984069824,8.235048294067383,6,0,303,0,male
14.332533836364746,9.101958274841309,6,1,303,0,male
19.11252784729004,9.303509712219238,6,2,303,0,male
19.528186798095703,9.160802841186523,6,3,303,0,male
15.104354858398438,10.647939682006836,6,4,303,0,male
9.99525260925293,9.47811222076416,6,5,303,0,male
2.8482117652893066,6.415558338165283,6,6,303,0,male
-2.5128371715545654,1.4888511896133423,6,7,303,0,male
-5.182501316070557,-3.550553321838379,6,8,303,0,male
-6.133275985717773,-3.7651405334472656,6,9,303,0,male
11.625953674316406,9.230141639709473,6,0,304,10,female
17.478389739990234,11.26314640045166,6,1,304,10,female
18.113176345825195,12.186846733093262,6,2,304,10,female
17.472923278808594,11.544120788574219,6,3,304,10,female
12.311430931091309,10.422563552856445,6,4,304,10,female
6.62644624710083,8.706902503967285,6,5,304,10,female
0.42496442794799805,4.996105194091797,6,6,304,10,female
-3.6212215423583984,0.4458446800708771,6,7,304,10,female
-6.766085147857666,-3.8172101974487305,6,8,304,10,female
-6.1011962890625,-3.7368199825286865,6,9,304,10,female
9.789227485656738,2.618967294692993,6,0,305,9,male
11.296845436096191,-1.451879620552063,6,1,305,9,male
12.397268295288086,-4.765052318572998,6,2,305,9,male
12.305643081665039,-4.6068196296691895,6,3,305,9,male
11.04248046875,-0.19068138301372528,6,4,305,9,male
8.648964881896973,3.1707751750946045,6,5,305,9,male
3.62504243850708,3.5591888427734375,6,6,305,9,male
-1.0005769729614258,0.6175307035446167,6,7,305,9,male
-3.196324348449707,-1.697060465812683,6,8,305,9,male
-6.81138801574707,-3.1588289737701416,6,9,305,9,male
-2.0371129512786865,1.4878556728363037,6,0,306,1,male
3.3620803356170654,6.317197799682617,6,1,306,1,male
10.430429458618164,6.793811798095703,6,2,306,1,male
14.09426212310791,-0.031247910112142563,6,3,306,1,male
15.670352935791016,-2.099417209625244,6,4,306,1,male
15.453761100769043,-1.7041902542114258,6,5,306,1,male
12.215109825134277,2.756509304046631,6,6,306,1,male
7.071439266204834,4.53462553024292,6,7,306,1,male
2.131178140640259,3.493661880493164,6,8,306,1,male
-1.8465521335601807,-0.2216695100069046,6,9,306,1,male
10.701826095581055,1.1464223861694336,6,0,307,7,male
11.256871223449707,-1.8256282806396484,6,1,307,7,male
11.431131362915039,-2.2608721256256104,6,2,307,7,male
12.236848831176758,1.639670729637146,6,3,307,7,male
8.731973648071289,3.089778423309326,6,4,307,7,male
-3.409818172454834,-4.998381614685059,6,5,307,7,male
-3.601181983947754,-5.070729732513428,6,6,307,7,male
-3.9768776893615723,-5.1548967361450195,6,7,307,7,male
-4.414432048797607,-5.052662372589111,6,8,307,7,male
-4.939050197601318,-4.735487937927246,6,9,307,7,male
10.857260704040527,8.38868522644043,6,0,308,0,male
15.849747657775879,10.678423881530762,6,1,308,0,male
19.555383682250977,9.207185745239258,6,2,308,0,male
15.53879451751709,10.84803581237793,6,3,308,0,male
10.238484382629395,9.532731056213379,6,4,308,0,male
3.05198335647583,6.576101303100586,6,5,308,0,male
-2.0621590614318848,1.6023904085159302,6,6,308,0,male
-5.874979019165039,-2.8731212615966797,6,7,308,0,male
-5.9706339836120605,-3.002781391143799,6,8,308,0,male
-6.4033708572387695,-3.235731840133667,6,9,308,0,male
11.02800178527832,8.459375381469727,6,0,309,0,male
15.697509765625,10.743573188781738,6,1,309,0,male
19.51252555847168,9.30237102508545,6,2,309,0,male
15.237004280090332,10.845194816589355,6,3,309,0,male
10.14067554473877,9.497756004333496,6,4,309,0,male
2.9690117835998535,6.535623073577881,6,5,309,0,male
-2.6721019744873047,1.3613981008529663,6,6,309,0,male
-6.568300724029541,-3.6765825748443604,6,7,309,0,male
-5.645573616027832,-3.852064847946167,6,8,309,0,male
-6.509524345397949,-2.612389326095581,6,9,309,0,male
12.454428672790527,1.8559625148773193,6,0,310,1,male
15.499948501586914,-1.8394944667816162,6,1,310,1,male
15.40213394165039,-1.6522170305252075,6,2,310,1,male
12.325387001037598,2.347426176071167,6,3,310,1,male
7.286831378936768,4.3442816734313965,6,4,310,1,male
2.4401979446411133,3.4354407787323,6,5,310,1,male
-2.060671091079712,0.5811754465103149,6,6,310,1,male
-6.402552127838135,-4.263603687286377,6,7,310,1,male
-5.440320014953613,-3.7663259506225586,6,8,310,1,male
-6.045116424560547,-4.281097412109375,6,9,310,1,male
12.29166030883789,13.09790325164795,6,0,311,2,female
12.878716468811035,13.712489128112793,6,1,311,2,female
12.745341300964355,13.542876243591309,6,2,311,2,female
9.810340881347656,11.03567123413086,6,3,311,2,female
4.444886684417725,7.775966644287109,6,4,311,2,female
-2.0163166522979736,2.1087183952331543,6,5,311,2,female
-4.587619781494141,-0.4439617693424225,6,6,311,2,female
-5.168877124786377,-3.404658079147339,6,7,311,2,female
-6.143750190734863,-3.761709213256836,6,8,311,2,female
-6.291347980499268,-3.1815905570983887,6,9,311,2,female
14.373617172241211,10.642784118652344,6,0,312,6,female
17.175539016723633,11.785554885864258,6,1,312,6,female
14.733271598815918,10.812736511230469,6,2,312,6,female
10.443544387817383,9.945550918579102,6,3,312,6,female
4.626926898956299,7.8722686767578125,6,4,312,6,female
-0.6810702681541443,4.0978522300720215,6,5,312,6,female
-4.138012409210205,-0.09038452804088593,6,6,312,6,female
-5.800589084625244,-4.036052703857422,6,7,312,6,female
-5.589555740356445,-3.5047013759613037,6,8,312,6,female
-6.233279705047607,-3.6008522510528564,6,9,312,6,female
12.275407791137695,11.5609130859375,6,0,313,2,female
14.205721855163574,14.069311141967773,6,1,313,2,female
13.991007804870605,14.391708374023438,6,2,313,2,female
12.341699600219727,12.850137710571289,6,3,313,2,female
9.258502006530762,10.579240798950195,6,4,313,2,female
1.728859543800354,5.937876224517822,6,5,313,2,female
-3.4691765308380127,0.8868050575256348,6,6,313,2,female
-6.019102573394775,-3.5054519176483154,6,7,313,2,female
-6.78447151184082,-3.9244301319122314,6,8,313,2,female
-5.595191478729248,-3.6594808101654053,6,9,313,2,female
3.0550026893615723,10.514735221862793,6,0,314,11,female
14.783019065856934,8.911111831665039,6,1,314,11,female
19.47888946533203,8.162884712219238,6,2,314,11,female
19.41555404663086,8.312067985534668,6,3,314,11,female
14.273343086242676,9.167491912841797,6,4,314,11,female
3.3223321437835693,10.171751022338867,6,5,314,11,female
-3.3438119888305664,-5.599058628082275,6,6,314,11,female
-3.5104870796203613,-5.555901050567627,6,7,314,11,female
-3.879788398742676,-5.359071731567383,6,8,314,11,female
-4.361744403839111,-5.107227802276611,6,9,314,11,female
14.096219062805176,10.435341835021973,6,0,315,10,female
17.80432891845703,12.10754108428955,6,1,315,10,female
17.780563354492188,12.156691551208496,6,2,315,10,female
15.158149719238281,10.588478088378906,6,3,315,10,female
10.31184196472168,9.478330612182617,6,4,315,10,female
4.588133335113525,7.586379051208496,6,5,315,10,female
-0.8963163495063782,3.8942108154296875,6,6,315,10,female
-4.40713357925415,-0.24973833560943604,6,7,315,10,female
-5.253413677215576,-3.8738086223602295,6,8,315,10,female
-6.127274513244629,-3.294858455657959,6,9,315,10,female
14.834915161132812,9.416190147399902,6,0,316,3,female
19.634477615356445,8.9266939163208,6,1,316,3,female
19.616565704345703,9.091632843017578,6,2,316,3,female
14.300506591796875,10.288999557495117,6,3,316,3,female
3.0356836318969727,10.325033187866211,6,4,316,3,female
2.8078908920288086,10.261819839477539,6,5,316,3,female
-3.2955706119537354,-5.575394153594971,6,6,316,3,female
-3.608638048171997,-5.450868606567383,6,7,316,3,female
-4.154290199279785,-5.233457565307617,6,8,316,3,female
-4.730530261993408,-4.866237163543701,6,9,316,3,female
14.30949878692627,10.40585708618164,6,0,317,10,female
17.821176528930664,12.073078155517578,6,1,317,10,female
18.026262283325195,12.245819091796875,6,2,317,10,female
15.762763977050781,10.733099937438965,6,3,317,10,female
11.072344779968262,9.551057815551758,6,4,317,10,female
6.414642810821533,8.573822975158691,6,5,317,10,female
0.2675187289714813,4.717818737030029,6,6,317,10,female
-3.4766931533813477,0.48150157928466797,6,7,317,10,female
-6.313433647155762,-3.345172882080078,6,8,317,10,female
-6.097454071044922,-4.332864761352539,6,9,317,10,female
10.647953033447266,1.3883265256881714,6,0,318,8,male
10.964439392089844,-1.8617136478424072,6,1,318,8,male
11.019486427307129,-2.233553647994995,6,2,318,8,male
10.872786521911621,0.49228644371032715,6,3,318,8,male
8.680381774902344,3.2198801040649414,6,4,318,8,male
3.256091356277466,6.461004734039307,6,5,318,8,male
-2.2877790927886963,1.5496952533721924,6,6,318,8,male
-5.247907638549805,-2.147725820541382,6,7,318,8,male
-6.746662616729736,-3.2493505477905273,6,8,318,8,male
-5.455962181091309,-3.8590152263641357,6,9,318,8,male
12.475043296813965,10.368240356445312,6,0,319,10,female
17.583518981933594,11.5962553024292,6,1,319,10,female
18.037456512451172,12.270941734313965,6,2,319,10,female
17.47857093811035,11.37512493133545,6,3,319,10,female
12.307073593139648,10.36397647857666,6,4,319,10,female
6.70326566696167,8.754820823669434,6,5,319,10,female
0.5690027475357056,5.1266303062438965,6,6,319,10,female
-3.530358076095581,0.5037025809288025,6,7,319,10,female
-5.806046962738037,-3.7927815914154053,6,8,319,10,female
-4.944140434265137,-3.479032516479492,6,9,319,10,female
8.672197341918945,3.123859167098999,6,0,320,9,male
11.14428424835205,-0.38237953186035156,6,1,320,9,male
12.428208351135254,-4.2177252769470215,6,2,320,9,male
12.359160423278809,-4.238131046295166,6,3,320,9,male
11.194060325622559,-0.9100266695022583,6,4,320,9,male
9.78331184387207,2.7928967475891113,6,5,320,9,male
4.840681076049805,3.666839838027954,6,6,320,9,male
0.6817765831947327,1.2851508855819702,6,7,320,9,male
-2.7687666416168213,-1.3024040460586548,6,8,320,9,male
-6.1067047119140625,-3.9315290451049805,6,9,320,9,male
10.013154983520508,2.5478971004486084,6,0,321,9,male
11.370331764221191,-1.3813657760620117,6,1,321,9,male
12.447709083557129,-4.342605113983154,6,2,321,9,male
12.307795524597168,-3.79402756690979,6,3,321,9,male
10.970839500427246,0.5510259866714478,6,4,321,9,male
8.241569519042969,3.46585750579834,6,5,321,9,male
3.036958694458008,3.3675222396850586,6,6,321,9,male
-1.621997356414795,0.6687631011009216,6,7,321,9,male
-5.451504707336426,-3.151026487350464,6,8,321,9,male
-6.849740982055664,-4.0872931480407715,6,9,321,9,male
14.538139343261719,10.459427833557129,6,0,322,6,female
17.85247039794922,12.148930549621582,6,1,322,6,female
17.2757511138916,11.630535125732422,6,2,322,6,female
12.259356498718262,10.678560256958008,6,3,322,6,female
6.402032852172852,9.05312728881836,6,4,322,6,female
-3.637255907058716,-5.454413414001465,6,5,322,6,female
-3.6728436946868896,-5.4527058601379395,6,6,322,6,female
-4.075839996337891,-5.2737298011779785,6,7,322,6,female
-4.584989547729492,-4.9570088386535645,6,8,322,6,female
-4.902482986450195,-4.669342517852783,6,9,322,6,female
3.04899001121521,10.532907485961914,6,0,323,11,female
16.234237670898438,8.836675643920898,6,1,323,11,female
19.59549903869629,8.004478454589844,6,2,323,11,female
19.29911231994629,7.866708755493164,6,3,323,11,female
14.392476081848145,9.128057479858398,6,4,323,11,female
8.094650268554688,8.488588333129883,6,5,323,11,female
-3.7342476844787598,-5.4629011154174805,6,6,323,11,female
-3.7543625831604004,-5.475214004516602,6,7,323,11,female
-4.0415496826171875,-5.314642429351807,6,8,323,11,female
-4.51979398727417,-5.0112433433532715,6,9,323,11,female
14.330205917358398,10.48897933959961,6,0,324,10,female
17.789291381835938,12.165388107299805,6,1,324,10,female
17.97344398498535,12.265669822692871,6,2,324,10,female
14.963207244873047,10.599564552307129,6,3,324,10,female
10.117467880249023,9.371776580810547,6,4,324,10,female
3.1134297847747803,6.616690635681152,6,5,324,10,female
-1.8975881338119507,1.9306614398956299,6,6,324,10,female
-4.498645782470703,-1.1690698862075806,6,7,324,10,female
-6.519067764282227,-4.686820030212402,6,8,324,10,female
-6.363821506500244,-3.1191983222961426,6,9,324,10,female
13.81948471069336,10.234735488891602,6,0,325,10,female
17.836023330688477,12.091259956359863,6,1,325,10,female
18.031003952026367,12.265318870544434,6,2,325,10,female
15.314187049865723,10.551328659057617,6,3,325,10,female
10.550050735473633,9.532819747924805,6,4,325,10,female
4.749420166015625,7.743937015533447,6,5,325,10,female
-0.7084338665008545,3.96804141998291,6,6,325,10,female
-4.167698860168457,-0.007349884137511253,6,7,325,10,female
-6.32738733291626,-3.2278928756713867,6,8,325,10,female
-5.256110668182373,-3.1620192527770996,6,9,325,10,female
2.8806302547454834,10.379510879516602,6,0,326,11,female
13.756567001342773,8.627737045288086,6,1,326,11,female
17.662540435791016,8.191366195678711,6,2,326,11,female
18.95929527282715,7.686107635498047,6,3,326,11,female
15.907569885253906,8.591858863830566,6,4,326,11,female
3.1660425662994385,10.349650382995605,6,5,326,11,female
2.762629508972168,10.262861251831055,6,6,326,11,female
2.7973532676696777,10.286186218261719,6,7,326,11,female
-3.254748582839966,-5.600823879241943,6,8,326,11,female
-3.6676971912384033,-5.41706657409668,6,9,326,11,female
12.35407829284668,10.429574966430664,6,0,327,6,female
17.08437156677246,11.730110168457031,6,1,327,6,female
17.113101959228516,11.895031929016113,6,2,327,6,female
14.492019653320312,10.803747177124023,6,3,327,6,female
10.108572006225586,9.514484405517578,6,4,327,6,female
2.9515490531921387,6.591771602630615,6,5,327,6,female
-1.7906526327133179,2.496356964111328,6,6,327,6,female
-5.140790939331055,-1.9639924764633179,6,7,327,6,female
-5.668438911437988,-3.203803777694702,6,8,327,6,female
-5.750050067901611,-3.813049077987671,6,9,327,6,female
2.868896007537842,10.354479789733887,6,0,328,11,female
3.0856587886810303,10.551979064941406,6,1,328,11,female
16.41767692565918,8.78798770904541,6,2,328,11,female
19.083580017089844,7.461861610412598,6,3,328,11,female
17.52298355102539,8.28515911102295,6,4,328,11,female
13.33897590637207,8.473855972290039,6,5,328,11,female
2.762146234512329,10.26271915435791,6,6,328,11,female
2.7253921031951904,10.223397254943848,6,7,328,11,female
-3.3763418197631836,-5.488569259643555,6,8,328,11,female
-3.9338715076446533,-5.372348308563232,6,9,328,11,female
14.17093563079834,10.526839256286621,6,0,329,10,female
17.70319366455078,12.0214204788208,6,1,329,10,female
17.801250457763672,12.095623016357422,6,2,329,10,female
14.980592727661133,10.649770736694336,6,3,329,10,female
10.182882308959961,9.454683303833008,6,4,329,10,female
4.1136250495910645,7.257777690887451,6,5,329,10,female
-1.0777184963226318,3.7732059955596924,6,6,329,10,female
-4.5032219886779785,-0.3076179027557373,6,7,329,10,female
-5.0530781745910645,-4.077693939208984,6,8,329,10,female
-6.643309593200684,-3.7825846672058105,6,9,329,10,female
10.038240432739258,11.074094772338867,6,0,330,2,female
12.704790115356445,13.434879302978516,6,1,330,2,female
12.970468521118164,13.938745498657227,6,2,330,2,female
12.593351364135742,13.34607982635498,6,3,330,2,female
9.483636856079102,10.849949836730957,6,4,330,2,female
1.66454017162323,5.8737382888793945,6,5,330,2,female
-3.1333088874816895,1.0964058637619019,6,6,330,2,female
-4.523647308349609,-4.907693862915039,6,7,330,2,female
-5.186068534851074,-4.169581413269043,6,8,330,2,female
-6.820790767669678,-3.158839225769043,6,9,330,2,female
12.342711448669434,13.12732982635498,6,0,331,2,female
12.839088439941406,13.660333633422852,6,1,331,2,female
12.731431007385254,13.51611614227295,6,2,331,2,female
9.8248929977417,11.041178703308105,6,3,331,2,female
4.34897518157959,7.646009922027588,6,4,331,2,female
-3.8194351196289062,-5.42786169052124,6,5,331,2,female
-4.202399730682373,-5.204340934753418,6,6,331,2,female
-4.67125129699707,-4.8947906494140625,6,7,331,2,female
-4.995166778564453,-4.510180473327637,6,8,331,2,female
-5.271024227142334,-3.403834104537964,6,9,331,2,female
10.155121803283691,9.299602508544922,6,0,332,0,male
15.452933311462402,10.650349617004395,6,1,332,0,male
19.589078903198242,9.132200241088867,6,2,332,0,male
15.716333389282227,10.877845764160156,6,3,332,0,male
10.59233570098877,9.594575881958008,6,4,332,0,male
4.445828437805176,7.795661449432373,6,5,332,0,male
-0.9757863283157349,3.873100996017456,6,6,332,0,male
-4.4341959953308105,-0.24538691341876984,6,7,332,0,male
-5.873940944671631,-4.4810638427734375,6,8,332,0,male
-5.497494220733643,-4.300570011138916,6,9,332,0,male
14.134288787841797,10.590344429016113,6,0,333,6,female
17.32810401916504,11.802021980285645,6,1,333,6,female
17.14849090576172,11.811686515808105,6,2,333,6,female
12.748371124267578,11.17660903930664,6,3,333,6,female
8.043968200683594,9.49154281616211,6,4,333,6,female
1.6754469871520996,5.926578044891357,6,5,333,6,female
-2.9662396907806396,1.097094178199768,6,6,333,6,female
-5.9476423263549805,-3.712556838989258,6,7,333,6,female
-6.37716817855835,-3.1087586879730225,6,8,333,6,female
-6.768048286437988,-3.965770959854126,6,9,333,6,female
19.615930557250977,8.961507797241211,6,0,334,3,female
17.488487243652344,11.390397071838379,6,1,334,3,female
12.394932746887207,10.5426664352417,6,2,334,3,female
6.96726655960083,9.012246131896973,6,3,334,3,female
1.0105170011520386,5.453735828399658,6,4,334,3,female
-3.2252180576324463,0.8773236870765686,6,5,334,3,female
-6.144338130950928,-3.3362393379211426,6,6,334,3,female
-6.654230117797852,-4.170376300811768,6,7,334,3,female
-6.197227478027344,-3.7529027462005615,6,8,334,3,female
-6.091424465179443,-3.4301061630249023,6,9,334,3,female
9.157495498657227,2.222005605697632,6,0,335,7,male
10.587250709533691,-1.603060245513916,6,1,335,7,male
10.73109245300293,-3.7116713523864746,6,2,335,7,male
10.811686515808105,-1.0249704122543335,6,3,335,7,male
9.01882266998291,2.488386631011963,6,4,335,7,male
-3.30183482170105,-5.013833045959473,6,5,335,7,male
-3.3374500274658203,-5.049139499664307,6,6,335,7,male
-3.5570015907287598,-5.137956619262695,6,7,335,7,male
-4.073268413543701,-5.227689266204834,6,8,335,7,male
-4.6427764892578125,-4.955491542816162,6,9,335,7,male
9.824063301086426,2.6568045616149902,6,0,336,9,male
11.337285995483398,-1.1464697122573853,6,1,336,9,male
12.359219551086426,-4.124439716339111,6,2,336,9,male
12.016058921813965,-3.4855539798736572,6,3,336,9,male
11.040562629699707,1.2145798206329346,6,4,336,9,male
7.650965213775635,3.9493300914764404,6,5,336,9,male
2.6271281242370605,3.1880648136138916,6,6,336,9,male
-1.823266625404358,0.09168323874473572,6,7,336,9,male
-5.901874542236328,-4.795979976654053,6,8,336,9,male
-5.973055839538574,-3.3446080684661865,6,9,336,9,male
12.640456199645996,13.262606620788574,6,0,337,2,female
13.198065757751465,14.23108959197998,6,1,337,2,female
12.69588851928711,13.448001861572266,6,2,337,2,female
9.96725082397461,11.138497352600098,6,3,337,2,female
3.6208651065826416,7.022000312805176,6,4,337,2,female
-2.167816162109375,1.875846028327942,6,5,337,2,female
-4.81179666519165,-0.8750075101852417,6,6,337,2,female
-6.248703956604004,-3.047023296356201,6,7,337,2,female
-6.262038230895996,-4.389721870422363,6,8,337,2,female
-6.551760673522949,-3.9094176292419434,6,9,337,2,female
10.73964786529541,1.5963687896728516,6,0,338,9,male
11.166790962219238,-3.053676128387451,6,1,338,9,male
12.16598129272461,-5.054233074188232,6,2,338,9,male
11.17857837677002,-3.090595006942749,6,3,338,9,male
10.883321762084961,1.3821465969085693,6,4,338,9,male
7.304987907409668,3.768561363220215,6,5,338,9,male
2.6421878337860107,2.7422499656677246,6,6,338,9,male
-1.6854101419448853,-0.19726479053497314,6,7,338,9,male
-5.695078372955322,-4.160506725311279,6,8,338,9,male
-6.633356094360352,-3.654670476913452,6,9,338,9,male
13.793458938598633,0.36891233921051025,6,0,339,1,male
15.584124565124512,-2.1065516471862793,6,1,339,1,male
15.359265327453613,-1.5900299549102783,6,2,339,1,male
12.263538360595703,2.616205930709839,6,3,339,1,male
7.143867492675781,4.523947238922119,6,4,339,1,male
2.2571187019348145,3.4816856384277344,6,5,339,1,male
-2.4408960342407227,0.468971312046051,6,6,339,1,male
-5.3032755851745605,-4.29106330871582,6,7,339,1,male
-5.812514781951904,-4.563718795776367,6,8,339,1,male
-5.961088180541992,-4.072421073913574,6,9,339,1,male
12.35623550415039,2.036184310913086,6,0,340,1,male
15.627129554748535,-2.0206151008605957,6,1,340,1,male
15.726164817810059,-2.091545581817627,6,2,340,1,male
14.147396087646484,-0.21071244776248932,6,3,340,1,male
10.47166919708252,6.542021751403809,6,4,340,1,male
4.819835662841797,4.984177589416504,6,5,340,1,male
0.3325885832309723,1.9325010776519775,6,6,340,1,male
-2.9390358924865723,-1.2574433088302612,6,7,340,1,male
-5.600549221038818,-4.385917663574219,6,8,340,1,male
-6.465529918670654,-3.638984203338623,6,9,340,1,male
10.506598472595215,1.5604839324951172,6,0,341,8,male
10.837596893310547,-2.1479270458221436,6,1,341,8,male
10.830304145812988,-2.7957122325897217,6,2,341,8,male
10.673530578613281,-0.04091978445649147,6,3,341,8,male
8.664457321166992,3.1057114601135254,6,4,341,8,male
3.8121066093444824,3.7650630474090576,6,5,341,8,male
-2.137202262878418,1.6998249292373657,6,6,341,8,male
-6.645173072814941,-4.094477653503418,6,7,341,8,male
-6.530291557312012,-4.120941162109375,6,8,341,8,male
-6.563747882843018,-3.784980297088623,6,9,341,8,male
14.206300735473633,10.491559028625488,6,0,342,10,female
17.884544372558594,12.146876335144043,6,1,342,10,female
17.98933982849121,12.258076667785645,6,2,342,10,female
15.209046363830566,10.552556991577148,6,3,342,10,female
10.37025260925293,9.511011123657227,6,4,342,10,female
4.5919036865234375,7.485085487365723,6,5,342,10,female
-0.8693946599960327,3.764784574508667,6,6,342,10,female
-4.546337604522705,-0.4795018434524536,6,7,342,10,female
-6.103130340576172,-2.8523366451263428,6,8,342,10,female
-6.342728137969971,-4.312108516693115,6,9,342,10,female
15.07948112487793,10.422408103942871,6,0,343,3,female
19.617090225219727,9.050882339477539,6,1,343,3,female
17.313932418823242,11.371191024780273,6,2,343,3,female
12.28206729888916,10.532713890075684,6,3,343,3,female
2.868598461151123,10.261979103088379,6,4,343,3,female
2.8245084285736084,10.147944450378418,6,5,343,3,female
-3.384690046310425,-5.519005298614502,6,6,343,3,female
-3.8449254035949707,-5.3762407302856445,6,7,343,3,female
-4.339669704437256,-5.132068634033203,6,8,343,3,female
-4.861505031585693,-4.729731559753418,6,9,343,3,female
12.067991256713867,3.4813718795776367,6,0,344,1,male
14.169885635375977,-0.33824241161346436,6,1,344,1,male
15.54211139678955,-1.8437615633010864,6,2,344,1,male
12.50906753540039,1.6827995777130127,6,3,344,1,male
10.373127937316895,6.927351474761963,6,4,344,1,male
3.2055137157440186,6.297367572784424,6,5,344,1,male
-2.2216246128082275,1.4208095073699951,6,6,344,1,male
-5.7276153564453125,-3.4297471046447754,6,7,344,1,male
-6.324531555175781,-3.4440300464630127,6,8,344,1,male
-6.605631351470947,-4.27366304397583,6,9,344,1,male
10.478581428527832,0.9213053584098816,6,0,345,7,male
10.947717666625977,-2.814955711364746,6,1,345,7,male
10.985701560974121,-3.796679973602295,6,2,345,7,male
10.978456497192383,-0.5235412120819092,6,3,345,7,male
8.803183555603027,2.8311691284179688,6,4,345,7,male
-3.3157100677490234,-5.00845193862915,6,5,345,7,male
-3.393087387084961,-5.0099663734436035,6,6,345,7,male
-3.855654001235962,-5.128474235534668,6,7,345,7,male
-4.325560092926025,-5.081387996673584,6,8,345,7,male
-4.878371715545654,-4.741573333740234,6,9,345,7,male
13.634020805358887,10.332712173461914,6,0,346,10,female
17.752750396728516,11.990732192993164,6,1,346,10,female
17.9892520904541,12.252873420715332,6,2,346,10,female
15.042469024658203,10.658580780029297,6,3,346,10,female
10.044685363769531,9.369196891784668,6,4,346,10,female
2.9821715354919434,6.593330383300781,6,5,346,10,female
-4.022170543670654,-5.308418273925781,6,6,346,10,female
-4.716960906982422,-1.0124462842941284,6,7,346,10,female
-4.714901447296143,-4.982071399688721,6,8,346,10,female
-5.3416290283203125,-4.770317077636719,6,9,346,10,female
10.672396659851074,1.579371452331543,6,0,347,8,male
10.848361015319824,-2.0352351665496826,6,1,347,8,male
10.869224548339844,-2.900130033493042,6,2,347,8,male
10.706770896911621,-0.018528833985328674,6,3,347,8,male
8.750131607055664,3.0448787212371826,6,4,347,8,male
3.0064611434936523,6.529873847961426,6,5,347,8,male
-2.02219557762146,1.9927895069122314,6,6,347,8,male
-4.845925331115723,-1.1118301153182983,6,7,347,8,male
-6.726687908172607,-3.401731252670288,6,8,347,8,male
-6.22137975692749,-4.121523380279541,6,9,347,8,male
9.186159133911133,2.215327262878418,6,0,348,8,male
10.312032699584961,-1.1953842639923096,6,1,348,8,male
10.734718322753906,-3.1128621101379395,6,2,348,8,male
10.372394561767578,-1.1679306030273438,6,3,348,8,male
9.657207489013672,2.7646520137786865,6,4,348,8,male
4.517900466918945,3.679979085922241,6,5,348,8,male
-0.3252495229244232,1.1928900480270386,6,6,348,8,male
-2.6963298320770264,-1.3908758163452148,6,7,348,8,male
-4.989058017730713,-3.8045849800109863,6,8,348,8,male
-5.924103736877441,-4.593533992767334,6,9,348,8,male
9.08647632598877,2.3701584339141846,6,0,349,8,male
12.05750846862793,-0.8057532906532288,6,1,349,8,male
12.368762969970703,-3.519683837890625,6,2,349,8,male
12.036993980407715,-0.6795943975448608,6,3,349,8,male
8.998022079467773,2.509657859802246,6,4,349,8,male
-3.2880051136016846,-5.0121073722839355,6,5,349,8,male
-3.4601151943206787,-5.0487165451049805,6,6,349,8,male
-6.486170291900635,-4.055561065673828,6,7,349,8,male
-4.539760112762451,-5.032688617706299,6,8,349,8,male
-5.478298664093018,-4.780429840087891,6,9,349,8,male
10.448657035827637,7.165394306182861,7,0,350,0,male
16.17989158630371,0.2182742953300476,7,1,350,0,male
18.426118850708008,8.300067901611328,7,2,350,0,male
18.501649856567383,8.176334381103516,7,3,350,0,male
19.09908103942871,9.251416206359863,7,4,350,0,male
15.223027229309082,11.211942672729492,7,5,350,0,male
11.926225662231445,9.979891777038574,7,6,350,0,male
8.34420394897461,9.309948921203613,7,7,350,0,male
3.0626699924468994,6.8539347648620605,7,8,350,0,male
-1.7231751680374146,2.73541259765625,7,9,350,0,male
12.903153419494629,10.146034240722656,7,0,351,10,female
17.90267562866211,10.781426429748535,7,1,351,10,female
19.395286560058594,11.674628257751465,7,2,351,10,female
19.291032791137695,11.624256134033203,7,3,351,10,female
18.953529357910156,11.486157417297363,7,4,351,10,female
18.462692260742188,11.356912612915039,7,5,351,10,female
13.990158081054688,9.7446870803833,7,6,351,10,female
9.419832229614258,9.263486862182617,7,7,351,10,female
3.724310874938965,7.321316719055176,7,8,351,10,female
-1.4336161613464355,3.2043466567993164,7,9,351,10,female
2.9420998096466064,10.463010787963867,7,0,352,11,female
3.06756591796875,10.56396198272705,7,1,352,11,female
16.47698211669922,8.811925888061523,7,2,352,11,female
19.82402229309082,7.258502006530762,7,3,352,11,female
19.694278717041016,7.027754306793213,7,4,352,11,female
19.41495132446289,6.806457996368408,7,5,352,11,female
18.829557418823242,6.956192970275879,7,6,352,11,female
17.534948348999023,7.41300630569458,7,7,352,11,female
13.752904891967773,8.29468059539795,7,8,352,11,female
8.422525405883789,7.969198226928711,7,9,352,11,female
12.143043518066406,2.907910108566284,7,0,353,1,male
15.344138145446777,-1.2780977487564087,7,1,353,1,male
15.433250427246094,-2.875317096710205,7,2,353,1,male
15.29316520690918,-2.996675491333008,7,3,353,1,male
14.12633991241455,-2.5936856269836426,7,4,353,1,male
14.042243957519531,-1.21756112575531,7,5,353,1,male
13.185908317565918,2.1040115356445312,7,6,353,1,male
11.071033477783203,4.403839111328125,7,7,353,1,male
5.646821975708008,4.964602947235107,7,8,353,1,male
0.9920995235443115,2.4820284843444824,7,9,353,1,male
10.437625885009766,7.123981475830078,7,0,354,0,male
16.21552276611328,0.2169509381055832,7,1,354,0,male
18.474695205688477,8.213115692138672,7,2,354,0,male
18.61838722229004,7.945237636566162,7,3,354,0,male
19.11995506286621,8.872777938842773,7,4,354,0,male
18.38982391357422,10.709250450134277,7,5,354,0,male
13.213634490966797,9.925240516662598,7,6,354,0,male
9.037175178527832,9.35283088684082,7,7,354,0,male
3.7195374965667725,7.281290531158447,7,8,354,0,male
-1.4213374853134155,3.186997175216675,7,9,354,0,male
10.098886489868164,1.3007410764694214,7,0,355,7,male
10.476828575134277,-2.6710269451141357,7,1,355,7,male
10.229039192199707,-6.528822898864746,7,2,355,7,male
10.363363265991211,-6.1675848960876465,7,3,355,7,male
10.573565483093262,-5.367650508880615,7,4,355,7,male
12.0038423538208,-2.6645259857177734,7,5,355,7,male
12.11848258972168,0.7096655964851379,7,6,355,7,male
9.09813117980957,3.8327038288116455,7,7,355,7,male
4.649752616882324,3.468653678894043,7,8,355,7,male
0.06321676820516586,1.1355948448181152,7,9,355,7,male
10.21890926361084,11.222216606140137,7,0,356,2,female
12.630823135375977,12.488641738891602,7,1,356,2,female
13.11322021484375,12.746842384338379,7,2,356,2,female
13.032767295837402,12.683485984802246,7,3,356,2,female
12.807345390319824,12.654528617858887,7,4,356,2,female
12.37808895111084,12.79218578338623,7,5,356,2,female
9.91717529296875,10.975345611572266,7,6,356,2,female
4.431766986846924,8.13674545288086,7,7,356,2,female
-0.8223252296447754,4.280658721923828,7,8,356,2,female
-4.086501598358154,0.21925608813762665,7,9,356,2,female
10.473665237426758,7.25944185256958,7,0,357,0,male
16.156352996826172,0.1785297989845276,7,1,357,0,male
18.46749496459961,8.4119291305542,7,2,357,0,male
18.564054489135742,8.660740852355957,7,3,357,0,male
18.960058212280273,9.455885887145996,7,4,357,0,male
14.65025806427002,10.026528358459473,7,5,357,0,male
11.553044319152832,9.599837303161621,7,6,357,0,male
6.714964866638184,8.906913757324219,7,7,357,0,male
0.7376283407211304,5.386700630187988,7,8,357,0,male
-3.1143569946289062,0.8711535930633545,7,9,357,0,male
10.467299461364746,6.792760372161865,7,0,358,1,male
14.137341499328613,0.18087385594844818,7,1,358,1,male
15.53529167175293,-2.8959381580352783,7,2,358,1,male
15.604328155517578,-2.978062391281128,7,3,358,1,male
14.748135566711426,-2.751457929611206,7,4,358,1,male
13.867378234863281,-1.0221757888793945,7,5,358,1,male
12.641448974609375,2.3522090911865234,7,6,358,1,male
10.013587951660156,5.01856803894043,7,7,358,1,male
5.014055252075195,5.084314346313477,7,8,358,1,male
0.5457265377044678,2.159254789352417,7,9,358,1,male
14.772554397583008,10.009208679199219,7,0,359,6,female
17.699487686157227,10.476118087768555,7,1,359,6,female
17.74721336364746,10.577872276306152,7,2,359,6,female
17.49446678161621,12.0435152053833,7,3,359,6,female
17.083728790283203,12.090507507324219,7,4,359,6,female
14.722762107849121,11.432474136352539,7,5,359,6,female
11.233713150024414,9.82701587677002,7,6,359,6,female
6.086033344268799,8.52705192565918,7,7,359,6,female
0.3761914372444153,4.728954792022705,7,8,359,6,female
-3.448334217071533,0.3894580006599426,7,9,359,6,female
9.51379108428955,2.438100814819336,7,0,360,8,male
10.506009101867676,-1.6366403102874756,7,1,360,8,male
11.297947883605957,-5.635857105255127,7,2,360,8,male
12.30526351928711,-6.095449924468994,7,3,360,8,male
12.099064826965332,-4.387673377990723,7,4,360,8,male
12.136611938476562,-1.3849401473999023,7,5,360,8,male
10.58283805847168,2.6478216648101807,7,6,360,8,male
6.55679988861084,3.5868942737579346,7,7,360,8,male
2.0650336742401123,2.2465691566467285,7,8,360,8,male
-1.8904765844345093,-0.5248129367828369,7,9,360,8,male
12.210208892822266,2.728187084197998,7,0,361,1,male
15.388483047485352,-1.49118173122406,7,1,361,1,male
15.5800142288208,-2.882263660430908,7,2,361,1,male
15.052689552307129,-2.738743782043457,7,3,361,1,male
14.539765357971191,-1.7600128650665283,7,4,361,1,male
13.79910659790039,-0.9032536745071411,7,5,361,1,male
12.591341018676758,3.329704523086548,7,6,361,1,male
7.196030616760254,5.0390305519104,7,7,361,1,male
2.6192879676818848,4.048259735107422,7,8,361,1,male
-1.7024177312850952,0.45778417587280273,7,9,361,1,male
13.182465553283691,10.092339515686035,7,0,362,10,female
17.850980758666992,10.5455322265625,7,1,362,10,female
19.413604736328125,11.61793041229248,7,2,362,10,female
19.315404891967773,11.601576805114746,7,3,362,10,female
19.116018295288086,11.539040565490723,7,4,362,10,female
18.760295867919922,11.378227233886719,7,5,362,10,female
15.04207706451416,9.143753051757812,7,6,362,10,female
11.502798080444336,8.984176635742188,7,7,362,10,female
6.097184181213379,7.831855297088623,7,8,362,10,female
0.4180481731891632,4.5177154541015625,7,9,362,10,female
17.649887084960938,10.301671028137207,7,0,363,6,female
17.633338928222656,10.40677261352539,7,1,363,6,female
17.34486961364746,10.317231178283691,7,2,363,6,female
16.681861877441406,10.563326835632324,7,3,363,6,female
14.844285011291504,9.764358520507812,7,4,363,6,female
11.729416847229004,9.055808067321777,7,5,363,6,female
6.667968273162842,8.242140769958496,7,6,363,6,female
0.7718876004219055,4.976102828979492,7,7,363,6,female
-2.94744873046875,0.6759980916976929,7,8,363,6,female
-6.087957859039307,-3.175750255584717,7,9,363,6,female
10.462031364440918,6.821073532104492,7,0,364,1,male
14.045696258544922,0.22324593365192413,7,1,364,1,male
15.595391273498535,-2.721275568008423,7,2,364,1,male
15.514311790466309,-2.9445552825927734,7,3,364,1,male
14.911051750183105,-2.699697494506836,7,4,364,1,male
14.023872375488281,-1.214279055595398,7,5,364,1,male
13.026524543762207,2.4132237434387207,7,6,364,1,male
9.983863830566406,5.1362762451171875,7,7,364,1,male
4.752028942108154,5.099298000335693,7,8,364,1,male
0.44971224665641785,2.0260963439941406,7,9,364,1,male
10.516854286193848,1.1425055265426636,7,0,365,7,male
10.627007484436035,-2.720705270767212,7,1,365,7,male
10.219197273254395,-6.549689769744873,7,2,365,7,male
10.237746238708496,-5.730802059173584,7,3,365,7,male
11.085824012756348,-3.4632182121276855,7,4,365,7,male
11.99830436706543,-1.4300779104232788,7,5,365,7,male
10.842473030090332,2.2491276264190674,7,6,365,7,male
7.805782794952393,3.681316614151001,7,7,365,7,male
3.0920798778533936,3.1672110557556152,7,8,365,7,male
-1.191186785697937,0.5531430244445801,7,9,365,7,male
2.8406307697296143,10.291613578796387,7,0,366,11,female
3.141033172607422,10.487714767456055,7,1,366,11,female
16.629899978637695,8.654860496520996,7,2,366,11,female
19.740680694580078,6.37200927734375,7,3,366,11,female
20.367717742919922,6.254826545715332,7,4,366,11,female
20.232576370239258,6.668461322784424,7,5,366,11,female
20.162172317504883,7.153188705444336,7,6,366,11,female
17.797807693481445,7.515801429748535,7,7,366,11,female
13.876294136047363,8.442497253417969,7,8,366,11,female
8.551039695739746,7.975306034088135,7,9,366,11,female
10.969265937805176,1.0591312646865845,7,0,367,9,male
11.254021644592285,-3.16324782371521,7,1,367,9,male
11.883448600769043,-5.3360724449157715,7,2,367,9,male
12.008304595947266,-5.531093120574951,7,3,367,9,male
12.15243148803711,-5.56325626373291,7,4,367,9,male
11.709744453430176,-4.553985595703125,7,5,367,9,male
12.082921981811523,-1.2861006259918213,7,6,367,9,male
10.584369659423828,2.5731024742126465,7,7,367,9,male
6.607306003570557,3.475973606109619,7,8,367,9,male
2.0202181339263916,2.0665833950042725,7,9,367,9,male
12.771073341369629,10.32471752166748,7,0,368,6,female
17.48758316040039,10.791698455810547,7,1,368,6,female
17.670175552368164,10.760566711425781,7,2,368,6,female
17.095186233520508,11.951302528381348,7,3,368,6,female
16.905210494995117,12.235042572021484,7,4,368,6,female
16.579151153564453,12.319613456726074,7,5,368,6,female
13.33084774017334,10.427421569824219,7,6,368,6,female
9.000845909118652,9.320473670959473,7,7,368,6,female
3.482635974884033,7.184061527252197,7,8,368,6,female
-1.7137582302093506,2.6814303398132324,7,9,368,6,female
10.406709671020508,0.9269949793815613,7,0,369,7,male
10.482953071594238,-2.994140386581421,7,1,369,7,male
10.308085441589355,-6.543081283569336,7,2,369,7,male
10.095712661743164,-4.305816173553467,7,3,369,7,male
11.172701835632324,-2.9100987911224365,7,4,369,7,male
11.92669677734375,-1.1750109195709229,7,5,369,7,male
10.744940757751465,2.3953351974487305,7,6,369,7,male
6.9967827796936035,3.5733611583709717,7,7,369,7,male
2.4141883850097656,2.3583407402038574,7,8,369,7,male
-1.404806137084961,-0.004647782538086176,7,9,369,7,male
10.446869850158691,7.0807013511657715,7,0,370,0,male
16.179248809814453,0.18467067182064056,7,1,370,0,male
18.506454467773438,8.22206974029541,7,2,370,0,male
18.491621017456055,8.177207946777344,7,3,370,0,male
19.072153091430664,9.065966606140137,7,4,370,0,male
18.5839900970459,10.805900573730469,7,5,370,0,male
13.742655754089355,10.108710289001465,7,6,370,0,male
9.451028823852539,9.609603881835938,7,7,370,0,male
4.954990386962891,7.635779857635498,7,8,370,0,male
-0.7390560507774353,3.6241142749786377,7,9,370,0,male
-3.3181519508361816,-4.96964693069458,7,0,371,7,male
9.13704776763916,2.2104697227478027,7,1,371,7,male
10.57646369934082,-1.9384688138961792,7,2,371,7,male
10.260318756103516,-6.711664199829102,7,3,371,7,male
10.52983283996582,-6.060903549194336,7,4,371,7,male
10.614811897277832,-5.120426177978516,7,5,371,7,male
11.900325775146484,-1.7481980323791504,7,6,371,7,male
10.827385902404785,2.1746551990509033,7,7,371,7,male
7.645800590515137,3.5907130241394043,7,8,371,7,male
2.8637197017669678,2.8077683448791504,7,9,371,7,male
11.14176082611084,0.011093915440142155,7,0,372,9,male
12.01459789276123,-3.897958517074585,7,1,372,9,male
12.452152252197266,-5.137195587158203,7,2,372,9,male
12.469444274902344,-5.311591148376465,7,3,372,9,male
12.70789623260498,-5.340020179748535,7,4,372,9,male
12.989689826965332,-4.971545696258545,7,5,372,9,male
12.535972595214844,-1.6270067691802979,7,6,372,9,male
11.18703556060791,1.9739772081375122,7,7,372,9,male
8.1328706741333,3.9253122806549072,7,8,372,9,male
3.359396457672119,3.2983012199401855,7,9,372,9,male
10.342867851257324,0.9230908155441284,7,0,373,7,male
10.389150619506836,-3.1934871673583984,7,1,373,7,male
10.291045188903809,-6.634204387664795,7,2,373,7,male
10.286516189575195,-6.0133466720581055,7,3,373,7,male
11.290782928466797,-2.910841941833496,7,4,373,7,male
13.275629043579102,0.941940426826477,7,5,373,7,male
9.56356430053711,3.270496129989624,7,6,373,7,male
5.768129825592041,3.3394622802734375,7,7,373,7,male
1.1240112781524658,1.4230610132217407,7,8,373,7,male
-2.9528579711914062,-1.5255780220031738,7,9,373,7,male
13.024565696716309,10.026643753051758,7,0,374,10,female
17.975614547729492,10.742560386657715,7,1,374,10,female
19.424510955810547,11.666670799255371,7,2,374,10,female
19.349246978759766,11.646368026733398,7,3,374,10,female
19.085214614868164,11.551726341247559,7,4,374,10,female
16.35079002380371,11.336187362670898,7,5,374,10,female
12.443663597106934,9.795571327209473,7,6,374,10,female
8.069579124450684,9.421489715576172,7,7,374,10,female
2.1692311763763428,6.133906364440918,7,8,374,10,female
-2.468003988265991,1.4379942417144775,7,9,374,10,female
9.814234733581543,1.9215754270553589,7,0,375,8,male
10.785966873168945,-2.1220498085021973,7,1,375,8,male
12.251358985900879,-5.448828220367432,7,2,375,8,male
12.982255935668945,-5.727156639099121,7,3,375,8,male
13.23453140258789,-5.4152421951293945,7,4,375,8,male
12.681131362915039,-3.0143444538116455,7,5,375,8,male
12.39268684387207,0.21343745291233063,7,6,375,8,male
9.712767601013184,3.805598735809326,7,7,375,8,male
5.061911106109619,3.651000738143921,7,8,375,8,male
0.5885770320892334,1.3935002088546753,7,9,375,8,male
11.81159496307373,11.196852684020996,7,0,376,2,female
13.260010719299316,12.6511812210083,7,1,376,2,female
13.312268257141113,12.807088851928711,7,2,376,2,female
13.239839553833008,12.766253471374512,7,3,376,2,female
12.470406532287598,12.817963600158691,7,4,376,2,female
10.362492561340332,11.20340633392334,7,5,376,2,female
4.406470775604248,8.340051651000977,7,6,376,2,female
-0.4346509277820587,4.756896018981934,7,7,376,2,female
-3.7688558101654053,0.7219362258911133,7,8,376,2,female
-6.592082977294922,-4.150778770446777,7,9,376,2,female
10.262856483459473,2.4498677253723145,7,0,377,9,male
11.452814102172852,-1.2547553777694702,7,1,377,9,male
12.614547729492188,-4.2631516456604,7,2,377,9,male
12.795228958129883,-4.810270309448242,7,3,377,9,male
12.884841918945312,-5.017738342285156,7,4,377,9,male
13.090182304382324,-4.472977161407471,7,5,377,9,male
12.217863082885742,-0.7995213270187378,7,6,377,9,male
10.492923736572266,2.7991292476654053,7,7,377,9,male
5.985849857330322,4.022995471954346,7,8,377,9,male
1.7453856468200684,2.332958459854126,7,9,377,9,male
17.572935104370117,10.505446434020996,7,0,378,6,female
17.734115600585938,10.528656005859375,7,1,378,6,female
17.93399429321289,10.994661331176758,7,2,378,6,female
18.310794830322266,11.15882682800293,7,3,378,6,female
16.14891242980957,11.294408798217773,7,4,378,6,female
12.448298454284668,9.714290618896484,7,5,378,6,female
7.868677616119385,9.282934188842773,7,6,378,6,female
1.5764806270599365,5.609375953674316,7,7,378,6,female
-3.089271068572998,0.6801854968070984,7,8,378,6,female
-5.76986837387085,-4.306597709655762,7,9,378,6,female
3.0867297649383545,10.498441696166992,7,0,379,11,female
16.45737648010254,8.648025512695312,7,1,379,11,female
19.362207412719727,6.270525932312012,7,2,379,11,female
19.529796600341797,5.89726448059082,7,3,379,11,female
19.265737533569336,5.861963272094727,7,4,379,11,female
18.434619903564453,6.83961820602417,7,5,379,11,female
17.08669090270996,7.374440670013428,7,6,379,11,female
13.567084312438965,8.203137397766113,7,7,379,11,female
8.406991958618164,7.89307975769043,7,8,379,11,female
2.8585197925567627,5.439115047454834,7,9,379,11,female
14.49492073059082,9.232470512390137,7,0,380,3,female
18.23398208618164,8.989460945129395,7,1,380,3,female
19.2764892578125,11.548927307128906,7,2,380,3,female
19.176395416259766,11.544126510620117,7,3,380,3,female
18.82598304748535,11.380125045776367,7,4,380,3,female
16.537569046020508,11.362011909484863,7,5,380,3,female
12.526397705078125,9.68934440612793,7,6,380,3,female
8.58179759979248,9.120094299316406,7,7,380,3,female
3.355195999145508,7.0487895011901855,7,8,380,3,female
-1.706320881843567,2.723595142364502,7,9,380,3,female
11.059126853942871,0.3506675362586975,7,0,381,9,male
11.721948623657227,-3.7126307487487793,7,1,381,9,male
12.221052169799805,-5.207817077636719,7,2,381,9,male
12.172938346862793,-5.626978397369385,7,3,381,9,male
12.255496978759766,-5.62363862991333,7,4,381,9,male
12.416679382324219,-5.1644392013549805,7,5,381,9,male
12.106992721557617,-2.083282232284546,7,6,381,9,male
11.023865699768066,1.711922526359558,7,7,381,9,male
8.258943557739258,3.9215240478515625,7,8,381,9,male
3.167642116546631,3.186439037322998,7,9,381,9,male
11.047500610351562,0.6971177458763123,7,0,382,9,male
11.657862663269043,-3.5313503742218018,7,1,382,9,male
12.466113090515137,-5.096467018127441,7,2,382,9,male
12.611659049987793,-5.093273639678955,7,3,382,9,male
12.73198127746582,-5.076776504516602,7,4,382,9,male
12.792878150939941,-3.6149322986602783,7,5,382,9,male
12.512890815734863,0.1383020579814911,7,6,382,9,male
10.016693115234375,3.613786220550537,7,7,382,9,male
5.411422252655029,3.8015143871307373,7,8,382,9,male
1.049580693244934,1.5777602195739746,7,9,382,9,male
12.683528900146484,10.286272048950195,7,0,383,10,female
17.569074630737305,10.813433647155762,7,1,383,10,female
19.409423828125,11.676989555358887,7,2,383,10,female
19.376035690307617,11.678780555725098,7,3,383,10,female
19.17707633972168,11.619413375854492,7,4,383,10,female
18.587017059326172,11.111038208007812,7,5,383,10,female
14.027095794677734,9.982281684875488,7,6,383,10,female
9.878746032714844,9.373767852783203,7,7,383,10,female
4.733206272125244,7.531689643859863,7,8,383,10,female
-0.607573390007019,3.9240164756774902,7,9,383,10,female
2.96435809135437,10.227723121643066,7,0,384,11,female
13.60784912109375,8.515384674072266,7,1,384,11,female
18.82402229309082,8.828601837158203,7,2,384,11,female
19.97885513305664,6.114562511444092,7,3,384,11,female
19.635061264038086,6.496675968170166,7,4,384,11,female
18.526206970214844,7.094902038574219,7,5,384,11,female
18.197710037231445,7.273603916168213,7,6,384,11,female
16.77375030517578,7.5503458976745605,7,7,384,11,female
13.048903465270996,8.234216690063477,7,8,384,11,female
7.818190574645996,7.865167617797852,7,9,384,11,female
16.150846481323242,0.25081878900527954,7,0,385,3,female
18.34588623046875,8.853728294372559,7,1,385,3,female
19.32591438293457,11.596445083618164,7,2,385,3,female
18.221555709838867,11.692370414733887,7,3,385,3,female
16.81529426574707,11.861151695251465,7,4,385,3,female
13.567294120788574,10.099971771240234,7,5,385,3,female
9.419723510742188,9.596420288085938,7,6,385,3,female
5.064375400543213,7.5613298416137695,7,7,385,3,female
-0.6402350664138794,3.817033529281616,7,8,385,3,female
-3.806184768676758,-0.3462487459182739,7,9,385,3,female
9.981989860534668,1.5900459289550781,7,0,386,8,male
11.002298355102539,-2.354876756668091,7,1,386,8,male
11.308561325073242,-5.834356784820557,7,2,386,8,male
11.508512496948242,-5.852901935577393,7,3,386,8,male
11.393412590026855,-5.6822052001953125,7,4,386,8,male
11.386080741882324,-2.713167667388916,7,5,386,8,male
11.057208061218262,1.7917002439498901,7,6,386,8,male
7.976504802703857,3.721665859222412,7,7,386,8,male
3.0147969722747803,3.064060926437378,7,8,386,8,male
-1.23829185962677,0.3775523602962494,7,9,386,8,male
8.094603538513184,8.49695873260498,7,0,387,10,female
13.050509452819824,9.94088363647461,7,1,387,10,female
17.91863441467285,10.789997100830078,7,2,387,10,female
19.529685974121094,11.658339500427246,7,3,387,10,female
19.37313461303711,11.641196250915527,7,4,387,10,female
19.170175552368164,11.636549949645996,7,5,387,10,female
18.563899993896484,11.218901634216309,7,6,387,10,female
13.876091957092285,9.784503936767578,7,7,387,10,female
9.107124328613281,9.198114395141602,7,8,387,10,female
3.6042139530181885,7.251399993896484,7,9,387,10,female
12.114263534545898,11.194029808044434,7,0,388,2,female
16.65573501586914,11.145447731018066,7,1,388,2,female
16.9667911529541,11.111712455749512,7,2,388,2,female
17.173458099365234,11.598851203918457,7,3,388,2,female
14.475969314575195,13.350028038024902,7,4,388,2,female
12.383699417114258,12.845396041870117,7,5,388,2,female
9.730454444885254,10.916635513305664,7,6,388,2,female
4.359179973602295,8.126401901245117,7,7,388,2,female
-1.9227921962738037,2.364156484603882,7,8,388,2,female
-4.664031028747559,-0.5110971927642822,7,9,388,2,female
9.765932083129883,1.7905114889144897,7,0,389,8,male
10.606184005737305,-2.1667213439941406,7,1,389,8,male
11.530749320983887,-5.7776570320129395,7,2,389,8,male
12.190916061401367,-5.987963676452637,7,3,389,8,male
12.814105987548828,-5.46827507019043,7,4,389,8,male
12.142274856567383,-2.7470505237579346,7,5,389,8,male
11.312178611755371,1.5315617322921753,7,6,389,8,male
8.338897705078125,3.8796181678771973,7,7,389,8,male
3.220247983932495,3.1543304920196533,7,8,389,8,male
-1.4507068395614624,0.3244837820529938,7,9,389,8,male
9.16403865814209,2.230337381362915,7,0,390,8,male
10.89680290222168,-1.943485140800476,7,1,390,8,male
12.192310333251953,-5.571852207183838,7,2,390,8,male
12.718313217163086,-5.885575771331787,7,3,390,8,male
13.428650856018066,-5.260058879852295,7,4,390,8,male
12.41098690032959,-2.8271703720092773,7,5,390,8,male
11.570305824279785,1.4537445306777954,7,6,390,8,male
8.30959415435791,3.936049222946167,7,7,390,8,male
3.1425039768218994,3.217564582824707,7,8,390,8,male
-1.245295524597168,0.6424015760421753,7,9,390,8,male
8.631375312805176,3.1265218257904053,7,0,391,7,male
10.646485328674316,0.010918756015598774,7,1,391,7,male
10.502632141113281,-3.4023399353027344,7,2,391,7,male
10.283733367919922,-6.712693691253662,7,3,391,7,male
10.212249755859375,-5.627080917358398,7,4,391,7,male
10.632969856262207,-4.565977096557617,7,5,391,7,male
12.168946266174316,-1.746583104133606,7,6,391,7,male
10.815939903259277,2.2612979412078857,7,7,391,7,male
7.796618461608887,3.671321392059326,7,8,391,7,male
3.124117612838745,3.132471799850464,7,9,391,7,male
8.273493766784668,8.303018569946289,7,0,392,0,male
14.565896987915039,9.068962097167969,7,1,392,0,male
18.545764923095703,8.652923583984375,7,2,392,0,male
18.537141799926758,8.189563751220703,7,3,392,0,male
18.948715209960938,8.858598709106445,7,4,392,0,male
18.74785614013672,10.459295272827148,7,5,392,0,male
13.776721000671387,10.02810287475586,7,6,392,0,male
9.31889820098877,9.520378112792969,7,7,392,0,male
4.919221878051758,7.638363838195801,7,8,392,0,male
-0.6501420140266418,3.743145227432251,7,9,392,0,male
12.586607933044434,10.267822265625,7,0,393,10,female
17.4824275970459,10.597366333007812,7,1,393,10,female
19.378376007080078,11.527628898620605,7,2,393,10,female
19.357332229614258,11.615964889526367,7,3,393,10,female
19.0515079498291,11.529386520385742,7,4,393,10,female
18.519664764404297,11.198748588562012,7,5,393,10,female
13.97707748413086,9.981143951416016,7,6,393,10,female
9.657328605651855,9.202935218811035,7,7,393,10,female
4.355517864227295,7.327986717224121,7,8,393,10,female
-1.2479875087738037,3.4420034885406494,7,9,393,10,female
12.360854148864746,2.111851215362549,7,0,394,1,male
15.497740745544434,-2.0563337802886963,7,1,394,1,male
15.504880905151367,-2.990603446960449,7,2,394,1,male
14.987582206726074,-2.7436180114746094,7,3,394,1,male
14.285649299621582,-1.342077612876892,7,4,394,1,male
13.273426055908203,1.9803695678710938,7,5,394,1,male
11.063923835754395,4.398324966430664,7,6,394,1,male
5.605930328369141,4.9803853034973145,7,7,394,1,male
1.0108282566070557,2.5021679401397705,7,8,394,1,male
-2.544370412826538,-0.6951375603675842,7,9,394,1,male
2.948683977127075,10.45488166809082,7,0,395,11,female
14.276887893676758,8.7006196975708,7,1,395,11,female
18.866147994995117,8.110082626342773,7,2,395,11,female
19.817617416381836,6.2866621017456055,7,3,395,11,female
19.692447662353516,6.342236042022705,7,4,395,11,female
19.38368034362793,6.298279762268066,7,5,395,11,female
18.682905197143555,6.833653450012207,7,6,395,11,female
17.155086517333984,7.399999141693115,7,7,395,11,female
13.392112731933594,8.260384559631348,7,8,395,11,female
8.258602142333984,7.919057369232178,7,9,395,11,female
10.925874710083008,1.006529688835144,7,0,396,9,male
11.383737564086914,-3.2664833068847656,7,1,396,9,male
12.174115180969238,-5.298996448516846,7,2,396,9,male
12.104223251342773,-5.4518351554870605,7,3,396,9,male
12.327117919921875,-5.606179714202881,7,4,396,9,male
12.57612419128418,-5.401971340179443,7,5,396,9,male
12.412382125854492,-2.786494016647339,7,6,396,9,male
12.122458457946777,0.6645774245262146,7,7,396,9,male
9.693472862243652,3.987102508544922,7,8,396,9,male
5.326015949249268,3.8335537910461426,7,9,396,9,male
13.026843070983887,10.056577682495117,7,0,397,10,female
17.91875648498535,10.791851043701172,7,1,397,10,female
19.42229652404785,11.681254386901855,7,2,397,10,female
19.396480560302734,11.669482231140137,7,3,397,10,female
19.193355560302734,11.5853271484375,7,4,397,10,female
18.621623992919922,11.238859176635742,7,5,397,10,female
14.168689727783203,9.79609489440918,7,6,397,10,female
9.813702583312988,9.260016441345215,7,7,397,10,female
4.333331108093262,7.250921726226807,7,8,397,10,female
-1.1493887901306152,3.5159738063812256,7,9,397,10,female
14.629947662353516,9.785655975341797,7,0,398,3,female
17.80856704711914,10.436996459960938,7,1,398,3,female
18.367347717285156,10.68958854675293,7,2,398,3,female
18.36994171142578,11.278556823730469,7,3,398,3,female
17.034198760986328,11.749690055847168,7,4,398,3,female
15.327866554260254,11.72866153717041,7,5,398,3,female
11.576157569885254,9.551234245300293,7,6,398,3,female
7.25907564163208,9.10680103302002,7,7,398,3,female
2.1023452281951904,5.922018527984619,7,8,398,3,female
-2.4136314392089844,1.4091813564300537,7,9,398,3,female
12.203958511352539,2.7679169178009033,7,0,399,1,male
15.365787506103516,-0.9639604687690735,7,1,399,1,male
15.437760353088379,-2.8625550270080566,7,2,399,1,male
14.971449851989746,-2.71669864654541,7,3,399,1,male
14.211831092834473,-1.2460026741027832,7,4,399,1,male
13.128162384033203,2.1964328289031982,7,5,399,1,male
10.117805480957031,5.142699241638184,7,6,399,1,male
4.955754280090332,5.193018913269043,7,7,399,1,male
0.5974041223526001,2.1621909141540527,7,8,399,1,male
-2.6855759620666504,-0.872167706489563,7,9,399,1,male
11.453886032104492,-4.3323893547058105,8,0,400,9,male
12.858904838562012,-6.271174430847168,8,1,400,9,male
12.966752052307129,-6.104206562042236,8,2,400,9,male
11.339276313781738,-1.9923086166381836,8,3,400,9,male
10.679919242858887,1.9019978046417236,8,4,400,9,male
7.273977279663086,3.7724006175994873,8,5,400,9,male
2.5900986194610596,2.791037082672119,8,6,400,9,male
-1.8910201787948608,-0.3650655150413513,8,7,400,9,male
-6.2646050453186035,-3.6146273612976074,8,8,400,9,male
-6.26310396194458,-4.505754470825195,8,9,400,9,male
10.431260108947754,-3.5085599422454834,8,0,401,7,male
9.876919746398926,-6.007409572601318,8,1,401,7,male
10.228095054626465,-5.7369232177734375,8,2,401,7,male
11.24030876159668,-2.9542715549468994,8,3,401,7,male
13.276915550231934,0.9150688648223877,8,4,401,7,male
9.704785346984863,3.1987698078155518,8,5,401,7,male
5.967060565948486,3.365288019180298,8,6,401,7,male
1.6476845741271973,1.7552316188812256,8,7,401,7,male
-2.0152344703674316,-0.6343078017234802,8,8,401,7,male
-6.064610958099365,-2.937235116958618,8,9,401,7,male
18.511598587036133,9.302945137023926,8,0,402,0,male
19.207096099853516,9.338994979858398,8,1,402,0,male
18.969127655029297,10.248109817504883,8,2,402,0,male
12.001663208007812,9.956315040588379,8,3,402,0,male
7.118841171264648,9.150657653808594,8,4,402,0,male
0.899920642375946,5.454715728759766,8,5,402,0,male
-3.2961902618408203,0.7886393666267395,8,6,402,0,male
-6.2692952156066895,-3.613271474838257,8,7,402,0,male
-5.462625980377197,-3.32096791267395,8,8,402,0,male
-6.389105319976807,-4.396172046661377,8,9,402,0,male
18.576507568359375,9.238885879516602,8,0,403,0,male
19.4052677154541,9.383598327636719,8,1,403,0,male
19.22547149658203,9.979533195495605,8,2,403,0,male
13.01336669921875,9.741570472717285,8,3,403,0,male
8.085127830505371,9.257092475891113,8,4,403,0,male
2.1771080493927,5.856766700744629,8,5,403,0,male
-2.6852047443389893,0.9978445172309875,8,6,403,0,male
-4.893865585327148,-3.7130610942840576,8,7,403,0,male
-5.7540364265441895,-2.9184720516204834,8,8,403,0,male
-6.0126800537109375,-3.3210253715515137,8,9,403,0,male
18.3937931060791,9.030946731567383,8,0,404,3,female
18.732563018798828,8.626503944396973,8,1,404,3,female
18.888586044311523,7.665756702423096,8,2,404,3,female
15.002886772155762,8.364927291870117,8,3,404,3,female
9.785042762756348,7.70890998840332,8,4,404,3,female
3.0661027431488037,5.922451019287109,8,5,404,3,female
-1.5504814386367798,1.9846434593200684,8,6,404,3,female
-4.8700270652771,-1.767835259437561,8,7,404,3,female
-5.676718235015869,-3.4792377948760986,8,8,404,3,female
-6.402091979980469,-4.740478992462158,8,9,404,3,female
11.597044944763184,-4.119625091552734,8,0,405,9,male
12.872485160827637,-6.321561813354492,8,1,405,9,male
12.749970436096191,-6.317420959472656,8,2,405,9,male
11.483078956604004,-3.9266245365142822,8,3,405,9,male
11.223065376281738,0.10385532677173615,8,4,405,9,male
8.8993558883667,3.2625341415405273,8,5,405,9,male
4.188753128051758,3.611506462097168,8,6,405,9,male
-0.13371127843856812,1.1918811798095703,8,7,405,9,male
-3.3792405128479004,-1.6212397813796997,8,8,405,9,male
-5.994604587554932,-4.06971549987793,8,9,405,9,male
10.318188667297363,-3.5510811805725098,8,0,406,7,male
9.937577247619629,-5.996609210968018,8,1,406,7,male
10.197859764099121,-5.636253833770752,8,2,406,7,male
11.72869873046875,-1.6237963438034058,8,3,406,7,male
10.67298698425293,2.2705485820770264,8,4,406,7,male
6.922875881195068,3.528158187866211,8,5,406,7,male
2.434941291809082,2.3852546215057373,8,6,406,7,male
-1.6689081192016602,-0.396165132522583,8,7,406,7,male
-5.874118328094482,-4.2963361740112305,8,8,406,7,male
-5.7322516441345215,-4.300334930419922,8,9,406,7,male
15.636956214904785,-1.9750845432281494,8,0,407,1,male
15.674352645874023,-2.0317094326019287,8,1,407,1,male
14.149313926696777,-0.2828895151615143,8,2,407,1,male
11.310262680053711,4.184196472167969,8,3,407,1,male
5.7958784103393555,4.797242641448975,8,4,407,1,male
1.0215723514556885,2.4268593788146973,8,5,407,1,male
-2.5911221504211426,-0.4299532473087311,8,6,407,1,male
-6.323555946350098,-4.345859050750732,8,7,407,1,male
-5.211132049560547,-3.8276689052581787,8,8,407,1,male
-5.5292887687683105,-4.611571788787842,8,9,407,1,male
18.566383361816406,9.25137996673584,8,0,408,0,male
19.355453491210938,9.380624771118164,8,1,408,0,male
18.995223999023438,10.211345672607422,8,2,408,0,male
11.869275093078613,10.00853443145752,8,3,408,0,male
6.503109931945801,8.959879875183105,8,4,408,0,male
0.6107543110847473,5.167303562164307,8,5,408,0,male
-3.3466389179229736,0.5773841738700867,8,6,408,0,male
-6.416036128997803,-2.6765694618225098,8,7,408,0,male
-5.654646873474121,-3.383650541305542,8,8,408,0,male
-4.843216896057129,-3.6043686866760254,8,9,408,0,male
14.059022903442383,13.441253662109375,8,0,409,2,female
14.33833122253418,13.731566429138184,8,1,409,2,female
14.372690200805664,12.287607192993164,8,2,409,2,female
10.816178321838379,10.52116870880127,8,3,409,2,female
5.154786586761475,8.436372756958008,8,4,409,2,female
-0.3399980962276459,4.432917594909668,8,5,409,2,female
-3.763657331466675,0.319716215133667,8,6,409,2,female
-6.143266201019287,-3.726233959197998,8,7,409,2,female
-6.746086597442627,-3.5791399478912354,8,8,409,2,female
-5.645111560821533,-3.341219663619995,8,9,409,2,female
18.40795135498047,8.988624572753906,8,0,410,3,female
18.603490829467773,8.835235595703125,8,1,410,3,female
17.756715774536133,8.75106143951416,8,2,410,3,female
14.10295295715332,8.90384292602539,8,3,410,3,female
9.832542419433594,7.881083011627197,8,4,410,3,female
4.250054836273193,6.865501403808594,8,5,410,3,female
-0.9131137728691101,3.576880931854248,8,6,410,3,female
-4.23427152633667,-0.20902656018733978,8,7,410,3,female
-6.248133182525635,-2.773597240447998,8,8,410,3,female
-5.380585193634033,-3.857797861099243,8,9,410,3,female
15.845316886901855,-2.102226495742798,8,0,411,1,male
15.72929859161377,-3.033015012741089,8,1,411,1,male
14.541861534118652,-0.9088627099990845,8,2,411,1,male
12.421934127807617,3.2972490787506104,8,3,411,1,male
6.918730735778809,4.875740051269531,8,4,411,1,male
2.221661329269409,3.715179681777954,8,5,411,1,male
-1.9906669855117798,0.20261546969413757,8,6,411,1,male
-5.750504493713379,-3.7410693168640137,8,7,411,1,male
-5.6482672691345215,-3.558529853820801,8,8,411,1,male
-5.735873222351074,-4.319455623626709,8,9,411,1,male
19.261661529541016,6.4406256675720215,8,0,412,11,female
19.605276107788086,5.941356658935547,8,1,412,11,female
17.686803817749023,7.211284637451172,8,2,412,11,female
12.080889701843262,3.8886187076568604,8,3,412,11,female
6.726367950439453,4.707570552825928,8,4,412,11,female
-3.2690300941467285,-4.83651065826416,8,5,412,11,female
-3.2703945636749268,-4.815366744995117,8,6,412,11,female
-4.5969319343566895,-4.944179534912109,8,7,412,11,female
-4.79872989654541,-4.835153579711914,8,8,412,11,female
-4.983220100402832,-4.617657661437988,8,9,412,11,female
18.603288650512695,9.212825775146484,8,0,413,0,male
19.346269607543945,9.339509963989258,8,1,413,0,male
19.282196044921875,9.820609092712402,8,2,413,0,male
13.342918395996094,9.783967018127441,8,3,413,0,male
8.209915161132812,9.248359680175781,8,4,413,0,male
2.21124267578125,5.982114315032959,8,5,413,0,male
-2.5432331562042236,1.1609658002853394,8,6,413,0,male
-6.280123710632324,-3.7245285511016846,8,7,413,0,male
-6.280588150024414,-3.084772825241089,8,8,413,0,male
-5.523312091827393,-3.9599153995513916,8,9,413,0,male
18.404821395874023,9.344091415405273,8,0,414,0,male
19.30367660522461,9.317632675170898,8,1,414,0,male
18.89316177368164,10.27393627166748,8,2,414,0,male
11.513940811157227,10.242318153381348,8,3,414,0,male
6.110241889953613,8.940142631530762,8,4,414,0,male
0.35160884261131287,5.255100250244141,8,5,414,0,male
-3.353915214538574,0.7305170297622681,8,6,414,0,male
-6.3012285232543945,-3.2017982006073,8,7,414,0,male
-5.92182731628418,-4.729915142059326,8,8,414,0,male
-5.60111141204834,-3.3257510662078857,8,9,414,0,male
19.07387351989746,6.922102928161621,8,0,415,11,female
19.461559295654297,5.981731414794922,8,1,415,11,female
18.1353759765625,6.919306755065918,8,2,415,11,female
14.736942291259766,7.966980457305908,8,3,415,11,female
8.91957950592041,7.851672649383545,8,4,415,11,female
3.2293574810028076,6.275660514831543,8,5,415,11,female
-1.6382960081100464,2.7508738040924072,8,6,415,11,female
-4.621582508087158,-0.7402067184448242,8,7,415,11,female
-6.425827980041504,-3.193380832672119,8,8,415,11,female
-6.353074073791504,-3.689549446105957,8,9,415,11,female
14.301406860351562,13.546022415161133,8,0,416,2,female
15.931396484375,13.385407447814941,8,1,416,2,female
15.205276489257812,12.439600944519043,8,2,416,2,female
11.198726654052734,10.44082260131836,8,3,416,2,female
5.630328178405762,8.763847351074219,8,4,416,2,female
-0.03567938506603241,5.157478332519531,8,5,416,2,female
-3.7223920822143555,0.5172143578529358,8,6,416,2,female
-6.155819892883301,-3.392547845840454,8,7,416,2,female
-5.655488014221191,-4.197319507598877,8,8,416,2,female
-6.512044906616211,-4.6855149269104,8,9,416,2,female
18.498437881469727,9.035126686096191,8,0,417,3,female
18.94938850402832,8.748225212097168,8,1,417,3,female
18.231853485107422,8.336077690124512,8,2,417,3,female
14.10311222076416,8.944382667541504,8,3,417,3,female
8.13283920288086,8.256980895996094,8,4,417,3,female
2.516636848449707,5.5978803634643555,8,5,417,3,female
-2.3811044692993164,1.1220425367355347,8,6,417,3,female
-5.172001361846924,-2.5660784244537354,8,7,417,3,female
-6.5360517501831055,-4.7207512855529785,8,8,417,3,female
-5.463152885437012,-4.324812889099121,8,9,417,3,female
15.76978874206543,-2.111722230911255,8,0,418,1,male
15.687952995300293,-3.0065722465515137,8,1,418,1,male
15.480411529541016,-2.0019094944000244,8,2,418,1,male
12.973332405090332,2.59256649017334,8,3,418,1,male
7.7080769538879395,4.9903411865234375,8,4,418,1,male
3.2327003479003906,4.150979518890381,8,5,418,1,male
-1.6648201942443848,0.6992893815040588,8,6,418,1,male
-4.587597370147705,-2.0153021812438965,8,7,418,1,male
-6.798868179321289,-3.21268630027771,8,8,418,1,male
-6.209176063537598,-3.841891288757324,8,9,418,1,male
10.277987480163574,-3.593886375427246,8,0,419,7,male
10.176239013671875,-5.927844524383545,8,1,419,7,male
10.33181095123291,-5.807275772094727,8,2,419,7,male
11.34672737121582,-3.013331890106201,8,3,419,7,male
12.925310134887695,0.886486828327179,8,4,419,7,male
9.042243957519531,3.7565972805023193,8,5,419,7,male
4.485192775726318,3.478425979614258,8,6,419,7,male
0.15180595219135284,1.185010313987732,8,7,419,7,male
-3.24621844291687,-1.781983733177185,8,8,419,7,male
-5.870889186859131,-2.601027488708496,8,9,419,7,male
16.052404403686523,-2.305593252182007,8,0,420,1,male
15.967913627624512,-2.8117496967315674,8,1,420,1,male
14.07878589630127,-2.264453411102295,8,2,420,1,male
11.820663452148438,1.7205041646957397,8,3,420,1,male
7.413013935089111,4.139782428741455,8,4,420,1,male
2.465728998184204,3.2830042839050293,8,5,420,1,male
-1.7568621635437012,0.04346027597784996,8,6,420,1,male
-6.728370189666748,-3.41166090965271,8,7,420,1,male
-6.082827568054199,-3.4959256649017334,8,8,420,1,male
-6.5048017501831055,-4.241377353668213,8,9,420,1,male
3.391108989715576,6.306102275848389,8,0,421,11,female
10.478571891784668,7.40036678314209,8,1,421,11,female
16.20508575439453,0.2321174144744873,8,2,421,11,female
19.624929428100586,5.762444496154785,8,3,421,11,female
19.560726165771484,5.695255756378174,8,4,421,11,female
18.432207107543945,6.6890788078308105,8,5,421,11,female
15.201319694519043,8.063395500183105,8,6,421,11,female
9.958219528198242,7.557244300842285,8,7,421,11,female
4.213022708892822,6.665962219238281,8,8,421,11,female
-1.0154985189437866,3.3458304405212402,8,9,421,11,female
19.57868766784668,8.51645565032959,8,0,422,6,female
20.24013900756836,8.119226455688477,8,1,422,6,female
18.55243492126465,11.146788597106934,8,2,422,6,female
13.3911714553833,10.119004249572754,8,3,422,6,female
9.012413024902344,9.16374683380127,8,4,422,6,female
3.15556263923645,6.601634979248047,8,5,422,6,female
-1.787025809288025,2.3660202026367188,8,6,422,6,female
-4.740051746368408,-1.1521859169006348,8,7,422,6,female
-5.532327651977539,-3.223879337310791,8,8,422,6,female
-5.827698230743408,-4.309952735900879,8,9,422,6,female
15.727434158325195,-2.09110689163208,8,0,423,1,male
15.723531723022461,-2.2457165718078613,8,1,423,1,male
14.30475902557373,-0.4596530497074127,8,2,423,1,male
12.327418327331543,3.420499563217163,8,3,423,1,male
6.799803733825684,4.84633207321167,8,4,423,1,male
2.148611307144165,3.6254963874816895,8,5,423,1,male
-2.0688023567199707,0.05743611976504326,8,6,423,1,male
-6.753149032592773,-3.3967125415802,8,7,423,1,male
-5.683173179626465,-3.5763871669769287,8,8,423,1,male
-4.913057327270508,-3.736121892929077,8,9,423,1,male
11.261211395263672,-4.5486226081848145,8,0,424,9,male
12.470744132995605,-6.330279350280762,8,1,424,9,male
11.280566215515137,-4.961221218109131,8,2,424,9,male
11.126887321472168,-2.065105438232422,8,3,424,9,male
10.762076377868652,1.7500731945037842,8,4,424,9,male
7.337562084197998,3.773247003555298,8,5,424,9,male
2.686650037765503,2.8394899368286133,8,6,424,9,male
-1.766376256942749,-0.20434536039829254,8,7,424,9,male
-5.777137279510498,-3.28827166557312,8,8,424,9,male
-4.869050979614258,-3.527101993560791,8,9,424,9,male
11.520196914672852,-4.173425197601318,8,0,425,9,male
12.903458595275879,-6.275858402252197,8,1,425,9,male
11.42646598815918,-4.340582370758057,8,2,425,9,male
11.400181770324707,-0.09957700967788696,8,3,425,9,male
9.612446784973145,3.026015520095825,8,4,425,9,male
4.698269844055176,3.637207508087158,8,5,425,9,male
0.23085565865039825,1.238510251045227,8,6,425,9,male
-3.4963274002075195,-1.8908058404922485,8,7,425,9,male
-6.750043869018555,-3.833113670349121,8,8,425,9,male
-6.337269306182861,-4.36088752746582,8,9,425,9,male
15.563570976257324,-1.8646044731140137,8,0,426,1,male
15.693570137023926,-2.0850882530212402,8,1,426,1,male
14.179427146911621,-0.2812942564487457,8,2,426,1,male
11.290334701538086,4.129945278167725,8,3,426,1,male
6.1114702224731445,4.686344623565674,8,4,426,1,male
1.167494297027588,2.432342529296875,8,5,426,1,male
-2.9158389568328857,0.32578858733177185,8,6,426,1,male
-6.81173038482666,-4.037786960601807,8,7,426,1,male
-6.0792317390441895,-3.959606409072876,8,8,426,1,male
-5.854541301727295,-3.493530511856079,8,9,426,1,male
11.521196365356445,-4.26629114151001,8,0,427,9,male
13.10041618347168,-6.1485748291015625,8,1,427,9,male
13.761569023132324,-5.76336145401001,8,2,427,9,male
12.324114799499512,-1.9602588415145874,8,3,427,9,male
11.136443138122559,1.783768892288208,8,4,427,9,male
7.853065013885498,3.959660291671753,8,5,427,9,male
2.884187698364258,3.2490034103393555,8,6,427,9,male
-1.610527515411377,0.4517262279987335,8,7,427,9,male
-5.175661087036133,-4.083656311035156,8,8,427,9,male
-6.318447589874268,-4.227046489715576,8,9,427,9,male
19.119619369506836,6.702513694763184,8,0,428,11,female
19.614774703979492,5.74207878112793,8,1,428,11,female
18.977487564086914,6.5255231857299805,8,2,428,11,female
15.295247077941895,8.133213996887207,8,3,428,11,female
10.108428001403809,7.485936641693115,8,4,428,11,female
4.084980487823486,6.679617404937744,8,5,428,11,female
-1.1216778755187988,3.6453988552093506,8,6,428,11,female
-4.4219651222229,-0.3126201033592224,8,7,428,11,female
-5.542911052703857,-4.53269624710083,8,8,428,11,female
-5.805966377258301,-3.117265224456787,8,9,428,11,female
14.187525749206543,13.527300834655762,8,0,429,2,female
14.351842880249023,13.748261451721191,8,1,429,2,female
14.04719066619873,12.200804710388184,8,2,429,2,female
10.388762474060059,10.538780212402344,8,3,429,2,female
4.6326398849487305,8.16944694519043,8,4,429,2,female
-1.0177651643753052,3.9342024326324463,8,5,429,2,female
-4.565555572509766,-0.4951520264148712,8,6,429,2,female
-5.347842693328857,-4.042181015014648,8,7,429,2,female
-6.711089134216309,-3.1255197525024414,8,8,429,2,female
-5.50645637512207,-3.3319480419158936,8,9,429,2,female
18.57856559753418,9.260491371154785,8,0,430,0,male
19.370540618896484,9.419724464416504,8,1,430,0,male
19.282333374023438,10.04306697845459,8,2,430,0,male
13.093779563903809,10.054226875305176,8,3,430,0,male
8.273262023925781,9.45595932006836,8,4,430,0,male
2.0218756198883057,6.023273944854736,8,5,430,0,male
-2.7167856693267822,1.1869181394577026,8,6,430,0,male
-6.282809257507324,-3.6181108951568604,8,7,430,0,male
-6.146475315093994,-3.285278558731079,8,8,430,0,male
-5.0600433349609375,-4.1635308265686035,8,9,430,0,male
10.419806480407715,-1.2814204692840576,8,0,431,8,male
10.818659782409668,-4.875497817993164,8,1,431,8,male
10.70727252960205,-4.739177703857422,8,2,431,8,male
11.34011459350586,-0.06857327371835709,8,3,431,8,male
8.746668815612793,3.183544397354126,8,4,431,8,male
3.8784029483795166,3.6112775802612305,8,5,431,8,male
-1.588602066040039,1.128996729850769,8,6,431,8,male
-4.837144374847412,-1.3047798871994019,8,7,431,8,male
-5.105708122253418,-3.9290969371795654,8,8,431,8,male
-6.163547039031982,-3.279933214187622,8,9,431,8,male
11.675280570983887,-4.112705707550049,8,0,432,9,male
12.910922050476074,-6.280549049377441,8,1,432,9,male
12.876791000366211,-6.239506244659424,8,2,432,9,male
11.483390808105469,-3.335103988647461,8,3,432,9,male
11.112788200378418,1.3716763257980347,8,4,432,9,male
8.215846061706543,3.659484386444092,8,5,432,9,male
3.4925904273986816,3.5237600803375244,8,6,432,9,male
-1.1268727779388428,1.001320719718933,8,7,432,9,male
-4.097702503204346,-2.179928779602051,8,8,432,9,male
-5.41679573059082,-3.96854305267334,8,9,432,9,male
10.435589790344238,-2.722553014755249,8,0,433,7,male
9.902843475341797,-5.965640544891357,8,1,433,7,male
10.074782371520996,-5.900213241577148,8,2,433,7,male
11.259843826293945,-1.9579031467437744,8,3,433,7,male
10.661178588867188,2.0230557918548584,8,4,433,7,male
7.177525520324707,3.6727054119110107,8,5,433,7,male
2.5685713291168213,2.6964879035949707,8,6,433,7,male
-1.8019386529922485,-0.40129518508911133,8,7,433,7,male
-5.772103786468506,-3.984616994857788,8,8,433,7,male
-5.286983013153076,-3.3868789672851562,8,9,433,7,male
17.962419509887695,9.722527503967285,8,0,434,6,female
19.597414016723633,8.640782356262207,8,1,434,6,female
16.816566467285156,10.522871017456055,8,2,434,6,female
12.811155319213867,10.248655319213867,8,3,434,6,female
8.053089141845703,8.422418594360352,8,4,434,6,female
2.618028163909912,5.870428562164307,8,5,434,6,female
-2.4518094062805176,1.4776580333709717,8,6,434,6,female
-5.015848636627197,-1.8407076597213745,8,7,434,6,female
-6.084228515625,-3.6882026195526123,8,8,434,6,female
-6.088999271392822,-2.938741445541382,8,9,434,6,female
19.557838439941406,8.545604705810547,8,0,435,10,female
20.240753173828125,8.154630661010742,8,1,435,10,female
19.548166275024414,8.459074020385742,8,2,435,10,female
14.233624458312988,9.403291702270508,8,3,435,10,female
9.290053367614746,8.985359191894531,8,4,435,10,female
3.7006778717041016,6.995713710784912,8,5,435,10,female
-1.443864345550537,3.047016143798828,8,6,435,10,female
-4.546876907348633,-0.7953889966011047,8,7,435,10,female
-6.299840927124023,-3.9226651191711426,8,8,435,10,female
-6.089308261871338,-4.082927227020264,8,9,435,10,female
10.493820190429688,-1.0736340284347534,8,0,436,8,male
10.704475402832031,-4.708853721618652,8,1,436,8,male
10.641220092773438,-4.675811767578125,8,2,436,8,male
11.229939460754395,-0.2236064374446869,8,3,436,8,male
8.879658699035645,3.1634609699249268,8,4,436,8,male
4.157870292663574,3.5571415424346924,8,5,436,8,male
-0.16182324290275574,1.0636208057403564,8,6,436,8,male
-3.7730660438537598,-2.0272579193115234,8,7,436,8,male
-5.287412166595459,-4.098795413970947,8,8,436,8,male
-5.93605899810791,-4.413814544677734,8,9,436,8,male
18.467201232910156,9.049444198608398,8,0,437,3,female
18.581972122192383,8.928454399108887,8,1,437,3,female
17.38642120361328,8.475096702575684,8,2,437,3,female
14.010169982910156,8.717577934265137,8,3,437,3,female
8.5093994140625,8.121102333068848,8,4,437,3,female
2.9298834800720215,6.299916744232178,8,5,437,3,female
-1.4760527610778809,2.3320789337158203,8,6,437,3,female
-4.724579334259033,-1.3602488040924072,8,7,437,3,female
-5.614832401275635,-3.7208380699157715,8,8,437,3,female
-6.602836608886719,-3.6076178550720215,8,9,437,3,female
19.088525772094727,6.9083123207092285,8,0,438,11,female
19.703441619873047,5.857712268829346,8,1,438,11,female
19.25210189819336,6.470659255981445,8,2,438,11,female
15.432207107543945,8.14667797088623,8,3,438,11,female
10.355291366577148,6.9658966064453125,8,4,438,11,female
5.41395378112793,8.573507308959961,8,5,438,11,female
-3.2944560050964355,-4.843410015106201,8,6,438,11,female
-3.2306909561157227,-4.6926398277282715,8,7,438,11,female
-4.769824028015137,-4.801033973693848,8,8,438,11,female
-4.969729900360107,-4.6694111824035645,8,9,438,11,female
10.543023109436035,-2.5800015926361084,8,0,439,7,male
9.88529109954834,-5.9359869956970215,8,1,439,7,male
10.021986961364746,-5.885814666748047,8,2,439,7,male
11.226810455322266,-2.9369289875030518,8,3,439,7,male
11.131967544555664,1.6407520771026611,8,4,439,7,male
8.177055358886719,3.8327975273132324,8,5,439,7,male
3.0833740234375,3.160850763320923,8,6,439,7,male
-1.207803726196289,0.5138646960258484,8,7,439,7,male
-5.1399688720703125,-2.9743661880493164,8,8,439,7,male
-5.59511137008667,-4.615484237670898,8,9,439,7,male
18.607515335083008,9.151711463928223,8,0,440,0,male
19.350976943969727,9.366405487060547,8,1,440,0,male
18.94113540649414,10.252355575561523,8,2,440,0,male
11.901677131652832,9.93785572052002,8,3,440,0,male
6.894136905670166,9.084458351135254,8,4,440,0,male
0.740607738494873,5.381859302520752,8,5,440,0,male
-3.300938367843628,0.7149818539619446,8,6,440,0,male
-5.410853385925293,-2.2828969955444336,8,7,440,0,male
-5.561575889587402,-3.181389808654785,8,8,440,0,male
-4.957022190093994,-3.5826005935668945,8,9,440,0,male
14.315160751342773,13.638480186462402,8,0,441,2,female
14.568615913391113,13.629243850708008,8,1,441,2,female
13.955438613891602,12.647492408752441,8,2,441,2,female
10.469435691833496,10.974573135375977,8,3,441,2,female
4.437326431274414,8.355245590209961,8,4,441,2,female
-0.5198255181312561,4.683750629425049,8,5,441,2,female
-3.908949851989746,0.4834257662296295,8,6,441,2,female
-5.969444751739502,-3.0667383670806885,8,7,441,2,female
-5.700072288513184,-4.180237293243408,8,8,441,2,female
-6.461198806762695,-2.594503164291382,8,9,441,2,female
10.130467414855957,-3.812067747116089,8,0,442,7,male
9.87476921081543,-5.923802852630615,8,1,442,7,male
10.162556648254395,-5.729608535766602,8,2,442,7,male
12.06003189086914,-2.088256597518921,8,3,442,7,male
11.049452781677246,1.9476096630096436,8,4,442,7,male
7.693531036376953,3.9593427181243896,8,5,442,7,male
2.6726064682006836,3.1676599979400635,8,6,442,7,male
-1.7641667127609253,0.0054510836489498615,8,7,442,7,male
-5.286097049713135,-3.521789073944092,8,8,442,7,male
-5.816556453704834,-3.615431547164917,8,9,442,7,male
18.512418746948242,9.225166320800781,8,0,443,0,male
19.302627563476562,9.279668807983398,8,1,443,0,male
19.09364128112793,9.974163055419922,8,2,443,0,male
12.740500450134277,9.822068214416504,8,3,443,0,male
7.92686653137207,9.244231224060059,8,4,443,0,male
2.0077121257781982,5.9701924324035645,8,5,443,0,male
-2.6482632160186768,1.0171982049942017,8,6,443,0,male
-6.416262149810791,-4.360811710357666,8,7,443,0,male
-5.097203254699707,-3.4181125164031982,8,8,443,0,male
-5.235591411590576,-3.8573076725006104,8,9,443,0,male
15.657251358032227,-2.0182406902313232,8,0,444,1,male
15.732244491577148,-2.1353087425231934,8,1,444,1,male
14.308282852172852,-0.4712679088115692,8,2,444,1,male
12.373297691345215,3.3445661067962646,8,3,444,1,male
6.952151775360107,4.780727386474609,8,4,444,1,male
2.2064692974090576,3.6519899368286133,8,5,444,1,male
-1.9626814126968384,0.1548299938440323,8,6,444,1,male
-5.378972053527832,-4.584232807159424,8,7,444,1,male
-6.0143632888793945,-3.1347315311431885,8,8,444,1,male
-6.608004093170166,-2.7095320224761963,8,9,444,1,male
14.104811668395996,13.426517486572266,8,0,445,2,female
14.613998413085938,13.705906867980957,8,1,445,2,female
15.071189880371094,12.52545166015625,8,2,445,2,female
11.286996841430664,10.479269027709961,8,3,445,2,female
5.76514196395874,8.849020957946777,8,4,445,2,female
-0.026102215051651,5.10122537612915,8,5,445,2,female
-3.6116597652435303,0.5961425304412842,8,6,445,2,female
-5.087203502655029,-4.222065448760986,8,7,445,2,female
-6.150698661804199,-4.318600177764893,8,8,445,2,female
-6.548573970794678,-2.621518611907959,8,9,445,2,female
11.753433227539062,-3.9887869358062744,8,0,446,9,male
12.998574256896973,-6.112062454223633,8,1,446,9,male
13.932250022888184,-5.651812553405762,8,2,446,9,male
11.98963737487793,-1.9276677370071411,8,3,446,9,male
10.922709465026855,1.827052354812622,8,4,446,9,male
7.615384101867676,3.9275152683258057,8,5,446,9,male
2.805243968963623,3.018584728240967,8,6,446,9,male
-1.3996062278747559,0.02441304363310337,8,7,446,9,male
-5.6518683433532715,-3.564458131790161,8,8,446,9,male
-6.480258941650391,-2.6857709884643555,8,9,446,9,male
19.174650192260742,6.5912675857543945,8,0,447,11,female
19.581777572631836,5.763909339904785,8,1,447,11,female
19.1143856048584,6.128294467926025,8,2,447,11,female
13.928882598876953,-0.7971360683441162,8,3,447,11,female
12.046683311462402,3.7686285972595215,8,4,447,11,female
6.527811527252197,4.7779364585876465,8,5,447,11,female
1.8950875997543335,3.582653760910034,8,6,447,11,female
-2.1124324798583984,0.04185834154486656,8,7,447,11,female
-5.398940086364746,-3.2114956378936768,8,8,447,11,female
-5.178714275360107,-4.057456016540527,8,9,447,11,female
19.568876266479492,8.476582527160645,8,0,448,10,female
20.120187759399414,8.159448623657227,8,1,448,10,female
19.535823822021484,8.446965217590332,8,2,448,10,female
14.669021606445312,9.398681640625,8,3,448,10,female
10.285058975219727,8.835569381713867,8,4,448,10,female
4.642608642578125,7.326470375061035,8,5,448,10,female
-1.0063461065292358,3.7856292724609375,8,6,448,10,female
-3.8382043838500977,-0.1257958561182022,8,7,448,10,female
-5.840775012969971,-3.1026840209960938,8,8,448,10,female
-4.988344669342041,-3.5711607933044434,8,9,448,10,female
18.637413024902344,9.263179779052734,8,0,449,0,male
19.411869049072266,9.447110176086426,8,1,449,0,male
19.065401077270508,10.133588790893555,8,2,449,0,male
12.118598937988281,9.89120864868164,8,3,449,0,male
7.093582630157471,9.054757118225098,8,4,449,0,male
0.8169205784797668,5.325727462768555,8,5,449,0,male
-3.3878161907196045,0.6120631694793701,8,6,449,0,male
-5.565274238586426,-3.3051230907440186,8,7,449,0,male
-5.958080768585205,-4.513004302978516,8,8,449,0,male
-6.271563529968262,-3.0960004329681396,8,9,449,0,male
10.236554145812988,-4.0885114669799805,9,0,450,7,male
10.175872802734375,-6.476973533630371,9,1,450,7,male
10.27711009979248,-6.234067916870117,9,2,450,7,male
10.417595863342285,-5.788403034210205,9,3,450,7,male
12.915658950805664,-3.4422028064727783,9,4,450,7,male
13.125943183898926,-0.8681274056434631,9,5,450,7,male
12.608762741088867,3.2654621601104736,9,6,450,7,male
6.972345352172852,5.000739097595215,9,7,450,7,male
2.350569009780884,3.829521656036377,9,8,450,7,male
-2.089582920074463,-0.02502545714378357,9,9,450,7,male
20.05111312866211,7.303902626037598,9,0,451,10,female
20.534406661987305,6.26974630355835,9,1,451,10,female
19.85721206665039,6.722701549530029,9,2,451,10,female
18.272735595703125,7.205483913421631,9,3,451,10,female
15.57430648803711,8.12767219543457,9,4,451,10,female
12.075350761413574,8.402718544006348,9,5,451,10,female
6.372313499450684,7.560801029205322,9,6,451,10,female
0.7817285656929016,4.28082275390625,9,7,451,10,female
-3.265437364578247,0.03199975937604904,9,8,451,10,female
-5.841447353363037,-3.8709805011749268,9,9,451,10,female
19.44839859008789,6.040131092071533,9,0,452,11,female
19.53974723815918,5.630786895751953,9,1,452,11,female
19.406173706054688,5.76914644241333,9,2,452,11,female
18.448413848876953,6.332885265350342,9,3,452,11,female
17.185556411743164,7.443459987640381,9,4,452,11,female
13.623248100280762,8.290434837341309,9,5,452,11,female
8.505583763122559,7.907565593719482,9,6,452,11,female
3.0741751194000244,5.525486946105957,9,7,452,11,female
-1.1894450187683105,1.5608004331588745,9,8,452,11,female
-3.9384677410125732,-1.824060320854187,9,9,452,11,female
15.780180931091309,12.110393524169922,9,0,453,2,female
15.582504272460938,12.813369750976562,9,1,453,2,female
14.663434028625488,12.796228408813477,9,2,453,2,female
14.092901229858398,12.442675590515137,9,3,453,2,female
15.182637214660645,9.59897232055664,9,4,453,2,female
13.59032917022705,8.090141296386719,9,5,453,2,female
12.543229103088379,8.241776466369629,9,6,453,2,female
8.621946334838867,7.4992570877075195,9,7,453,2,female
3.7350196838378906,5.40138578414917,9,8,453,2,female
-0.0778236836194992,2.013151168823242,9,9,453,2,female
18.299287796020508,6.781975269317627,9,0,454,0,male
19.132822036743164,5.836705207824707,9,1,454,0,male
16.19991683959961,-0.9819643497467041,9,2,454,0,male
15.881712913513184,-0.17564085125923157,9,3,454,0,male
16.720712661743164,8.530206680297852,9,4,454,0,male
14.151082038879395,9.8170166015625,9,5,454,0,male
11.470810890197754,9.602587699890137,9,6,454,0,male
7.031443119049072,9.10234260559082,9,7,454,0,male
2.2750918865203857,6.202023506164551,9,8,454,0,male
-2.180079221725464,1.8845696449279785,9,9,454,0,male
15.462377548217773,12.714845657348633,9,0,455,2,female
15.265612602233887,12.808110237121582,9,1,455,2,female
14.90951919555664,12.738912582397461,9,2,455,2,female
15.692970275878906,10.262195587158203,9,3,455,2,female
15.974138259887695,8.118138313293457,9,4,455,2,female
15.639406204223633,8.119707107543945,9,5,455,2,female
12.806583404541016,8.201725959777832,9,6,455,2,female
8.54861831665039,7.593776702880859,9,7,455,2,female
3.5132439136505127,5.211884021759033,9,8,455,2,female
-0.5584503412246704,1.7825531959533691,9,9,455,2,female
11.200418472290039,-2.637763023376465,9,0,456,8,male
10.487253189086914,-5.713828086853027,9,1,456,8,male
10.423691749572754,-5.708958148956299,9,2,456,8,male
10.57610034942627,-4.390984058380127,9,3,456,8,male
11.887239456176758,-1.4147727489471436,9,4,456,8,male
10.629768371582031,2.391655683517456,9,5,456,8,male
6.8688154220581055,3.504722833633423,9,6,456,8,male
2.4403693675994873,2.295893430709839,9,7,456,8,male
-1.4451731443405151,-0.13879118859767914,9,8,456,8,male
-5.96840238571167,-3.630091428756714,9,9,456,8,male
11.050960540771484,-4.715322494506836,9,0,457,9,male
11.512421607971191,-7.19066047668457,9,1,457,9,male
11.460715293884277,-7.155166149139404,9,2,457,9,male
10.247244834899902,-4.798810958862305,9,3,457,9,male
11.230393409729004,-2.8242082595825195,9,4,457,9,male
13.223018646240234,0.9229356646537781,9,5,457,9,male
9.607643127441406,3.2391464710235596,9,6,457,9,male
5.921683311462402,3.3614397048950195,9,7,457,9,male
1.1924384832382202,1.4387239217758179,9,8,457,9,male
-2.4905545711517334,-1.5093045234680176,9,9,457,9,male
17.263286590576172,8.81635856628418,9,0,458,6,female
17.111940383911133,8.635702133178711,9,1,458,6,female
16.869449615478516,8.373958587646484,9,2,458,6,female
16.57062339782715,8.099459648132324,9,3,458,6,female
16.026098251342773,8.007871627807617,9,4,458,6,female
13.316875457763672,8.067937850952148,9,5,458,6,female
8.695097923278809,7.795280933380127,9,6,458,6,female
3.514357805252075,5.4159770011901855,9,7,458,6,female
-0.7784764170646667,1.7906978130340576,9,8,458,6,female
-3.734733819961548,-1.3058812618255615,9,9,458,6,female
11.348196029663086,-2.677433490753174,9,0,459,8,male
10.564482688903809,-5.268374919891357,9,1,459,8,male
10.519186973571777,-5.144114017486572,9,2,459,8,male
11.40378475189209,-2.6872305870056152,9,3,459,8,male
13.275404930114746,0.9261924028396606,9,4,459,8,male
9.576345443725586,3.254185199737549,9,5,459,8,male
5.716789245605469,3.37825345993042,9,6,459,8,male
1.2034978866577148,1.4855738878250122,9,7,459,8,male
-2.6400272846221924,-1.319176435470581,9,8,459,8,male
-4.937921047210693,-3.9168550968170166,9,9,459,8,male
11.055135726928711,-4.784069538116455,9,0,460,9,male
11.557682037353516,-7.161005973815918,9,1,460,9,male
11.502509117126465,-7.171217918395996,9,2,460,9,male
10.341626167297363,-4.658605575561523,9,3,460,9,male
11.175057411193848,-2.8244736194610596,9,4,460,9,male
13.099306106567383,0.9061353206634521,9,5,460,9,male
9.810188293457031,3.3849668502807617,9,6,460,9,male
5.962801933288574,3.422773599624634,9,7,460,9,male
1.6457728147506714,1.7736963033676147,9,8,460,9,male
-1.9718161821365356,-0.66117924451828,9,9,460,9,male
19.859683990478516,7.698045253753662,9,0,461,10,female
20.243431091308594,6.702171802520752,9,1,461,10,female
19.945764541625977,6.722365379333496,9,2,461,10,female
18.441225051879883,7.150001049041748,9,3,461,10,female
16.79184341430664,7.527497291564941,9,4,461,10,female
13.250198364257812,8.359376907348633,9,5,461,10,female
7.90395450592041,7.96497106552124,9,6,461,10,female
2.3495540618896484,5.134445667266846,9,7,461,10,female
-2.6288444995880127,0.6131940484046936,9,8,461,10,female
-6.71086311340332,-3.289421558380127,9,9,461,10,female
13.958029747009277,-3.244462013244629,9,0,462,1,male
15.063836097717285,-3.248037099838257,9,1,462,1,male
15.224884033203125,-3.1122851371765137,9,2,462,1,male
14.968500137329102,-2.4525485038757324,9,3,462,1,male
13.935955047607422,-0.7227022647857666,9,4,462,1,male
12.446537017822266,3.423999547958374,9,5,462,1,male
7.057260513305664,4.989471435546875,9,6,462,1,male
2.3838601112365723,3.945052146911621,9,7,462,1,male
-1.9037615060806274,0.4827449917793274,9,8,462,1,male
-4.652364253997803,-2.9091079235076904,9,9,462,1,male
10.829639434814453,-4.749281883239746,9,0,463,9,male
11.511603355407715,-7.156803131103516,9,1,463,9,male
11.283684730529785,-7.0845770835876465,9,2,463,9,male
10.23043155670166,-4.742444038391113,9,3,463,9,male
11.150094985961914,-2.8514938354492188,9,4,463,9,male
13.206766128540039,0.9331264495849609,9,5,463,9,male
9.583569526672363,3.2430570125579834,9,6,463,9,male
5.818098068237305,3.3436920642852783,9,7,463,9,male
1.2943238019943237,1.4840788841247559,9,8,463,9,male
-2.5153489112854004,-1.4495207071304321,9,9,463,9,male
19.17957305908203,5.936868667602539,9,0,464,11,female
19.476806640625,5.540696620941162,9,1,464,11,female
19.34782600402832,5.73728609085083,9,2,464,11,female
18.59501838684082,6.7421441078186035,9,3,464,11,female
17.85904312133789,7.3124613761901855,9,4,464,11,female
15.3695650100708,8.508737564086914,9,5,464,11,female
11.778053283691406,8.665919303894043,9,6,464,11,female
6.1454362869262695,7.727184295654297,9,7,464,11,female
0.5133248567581177,4.44952392578125,9,8,464,11,female
-3.11663818359375,-0.07057163864374161,9,9,464,11,female
19.593826293945312,6.232298851013184,9,0,465,11,female
20.26114273071289,5.802925109863281,9,1,465,11,female
19.496410369873047,6.161334991455078,9,2,465,11,female
17.547313690185547,7.337398529052734,9,3,465,11,female
13.75561237335205,8.239739418029785,9,4,465,11,female
8.383477210998535,8.831764221191406,9,5,465,11,female
3.222867965698242,6.995560646057129,9,6,465,11,female
-1.9578226804733276,2.595442771911621,9,7,465,11,female
-4.595965385437012,-0.6393110156059265,9,8,465,11,female
-5.709023475646973,-2.5972273349761963,9,9,465,11,female
15.976557731628418,11.731931686401367,9,0,466,2,female
15.069958686828613,12.631772994995117,9,1,466,2,female
14.815794944763184,12.711438179016113,9,2,466,2,female
15.345816612243652,10.034656524658203,9,3,466,2,female
15.012009620666504,8.936980247497559,9,4,466,2,female
14.86606216430664,8.432904243469238,9,5,466,2,female
13.470147132873535,8.114508628845215,9,6,466,2,female
9.17181396484375,7.549354076385498,9,7,466,2,female
5.626981258392334,7.004110813140869,9,8,466,2,female
0.9388250708580017,4.292108535766602,9,9,466,2,female
15.805458068847656,12.204553604125977,9,0,467,2,female
15.55850601196289,12.84665298461914,9,1,467,2,female
14.534529685974121,12.866694450378418,9,2,467,2,female
13.835662841796875,12.483049392700195,9,3,467,2,female
15.217238426208496,9.744083404541016,9,4,467,2,female
14.832533836364746,8.491413116455078,9,5,467,2,female
12.49970531463623,8.38717269897461,9,6,467,2,female
8.966450691223145,7.721351146697998,9,7,467,2,female
4.138801097869873,5.750635147094727,9,8,467,2,female
-0.22131994366645813,2.656907558441162,9,9,467,2,female
11.133381843566895,-2.416470527648926,9,0,468,8,male
10.372478485107422,-5.610144138336182,9,1,468,8,male
10.416607856750488,-5.471010208129883,9,2,468,8,male
10.723816871643066,-3.730469226837158,9,3,468,8,male
11.919824600219727,-1.3465940952301025,9,4,468,8,male
10.792937278747559,2.2417123317718506,9,5,468,8,male
7.114015102386475,3.524440050125122,9,6,468,8,male
2.6247315406799316,2.555203914642334,9,7,468,8,male
-1.7327388525009155,-0.38198786973953247,9,8,468,8,male
-4.9910149574279785,-3.207366704940796,9,9,468,8,male
19.789880752563477,7.873815059661865,9,0,469,10,female
20.154083251953125,6.871714115142822,9,1,469,10,female
20.08423614501953,7.02467155456543,9,2,469,10,female
18.29654312133789,7.199893474578857,9,3,469,10,female
16.668659210205078,7.616186618804932,9,4,469,10,female
13.13262939453125,8.341897964477539,9,5,469,10,female
7.738406658172607,7.974296569824219,9,6,469,10,female
2.1579549312591553,5.002511501312256,9,7,469,10,female
-2.5451347827911377,0.5212349891662598,9,8,469,10,female
-5.716089248657227,-4.372579574584961,9,9,469,10,female
16.096750259399414,12.35585880279541,9,0,470,2,female
15.829477310180664,13.133759498596191,9,1,470,2,female
14.763766288757324,12.852450370788574,9,2,470,2,female
14.150148391723633,12.551898956298828,9,3,470,2,female
15.255350112915039,9.774121284484863,9,4,470,2,female
15.12185287475586,8.36634635925293,9,5,470,2,female
13.043143272399902,8.136449813842773,9,6,470,2,female
8.907987594604492,7.569849014282227,9,7,470,2,female
4.746133804321289,5.5315728187561035,9,8,470,2,female
0.6916917562484741,2.275880813598633,9,9,470,2,female
19.3961124420166,6.173800945281982,9,0,471,11,female
20.07230567932129,5.770716667175293,9,1,471,11,female
19.30775260925293,5.938663959503174,9,2,471,11,female
18.443418502807617,6.337831497192383,9,3,471,11,female
17.574682235717773,7.366276264190674,9,4,471,11,female
15.355660438537598,8.599237442016602,9,5,471,11,female
12.028623580932617,8.782273292541504,9,6,471,11,female
6.692686080932617,7.845168590545654,9,7,471,11,female
0.7457287311553955,4.409483432769775,9,8,471,11,female
-3.0208756923675537,0.2987616956233978,9,9,471,11,female
11.35002326965332,-2.592341184616089,9,0,472,8,male
10.459681510925293,-5.335789203643799,9,1,472,8,male
10.560691833496094,-5.212218761444092,9,2,472,8,male
11.259716033935547,-2.8736045360565186,9,3,472,8,male
13.233451843261719,0.9593946933746338,9,4,472,8,male
9.652475357055664,3.2491257190704346,9,5,472,8,male
5.760671615600586,3.3671202659606934,9,6,472,8,male
1.231685996055603,1.5099666118621826,9,7,472,8,male
-2.1889853477478027,-1.004815936088562,9,8,472,8,male
-5.5744757652282715,-3.558253526687622,9,9,472,8,male
19.204992294311523,5.881049156188965,9,0,473,11,female
19.43313980102539,5.560220241546631,9,1,473,11,female
19.41912078857422,5.588379859924316,9,2,473,11,female
18.469270706176758,6.414997577667236,9,3,473,11,female
17.912561416625977,7.234243392944336,9,4,473,11,female
15.55772876739502,8.509963035583496,9,5,473,11,female
12.381319999694824,8.705338478088379,9,6,473,11,female
7.162983417510986,7.973409652709961,9,7,473,11,female
1.202994465827942,4.631083011627197,9,8,473,11,female
-2.844028949737549,0.2940627336502075,9,9,473,11,female
13.802496910095215,-3.2969677448272705,9,0,474,1,male
14.911285400390625,-3.3490984439849854,9,1,474,1,male
15.010727882385254,-3.2527973651885986,9,2,474,1,male
14.881122589111328,-3.016585111618042,9,3,474,1,male
14.409164428710938,-1.006291389465332,9,4,474,1,male
13.023067474365234,2.2498254776000977,9,5,474,1,male
9.988690376281738,5.131543159484863,9,6,474,1,male
4.645773410797119,5.007071495056152,9,7,474,1,male
0.31195223331451416,1.888100028038025,9,8,474,1,male
-2.8551383018493652,-1.098274827003479,9,9,474,1,male
10.401870727539062,-4.294943809509277,9,0,475,7,male
10.411250114440918,-6.221375942230225,9,1,475,7,male
10.485671043395996,-6.291826248168945,9,2,475,7,male
10.441484451293945,-6.186471462249756,9,3,475,7,male
12.604471206665039,-4.3361616134643555,9,4,475,7,male
13.44786548614502,-2.3226757049560547,9,5,475,7,male
12.382485389709473,1.667454481124878,9,6,475,7,male
9.917862892150879,4.996312141418457,9,7,475,7,male
4.678317546844482,5.040724754333496,9,8,475,7,male
0.3791688084602356,1.9274152517318726,9,9,475,7,male
19.274045944213867,6.024741172790527,9,0,476,11,female
19.30231285095215,5.670620918273926,9,1,476,11,female
19.05474281311035,5.951635360717773,9,2,476,11,female
18.645456314086914,6.277213096618652,9,3,476,11,female
17.8286190032959,7.322933197021484,9,4,476,11,female
15.384511947631836,8.64237117767334,9,5,476,11,female
12.026220321655273,8.904459953308105,9,6,476,11,female
6.972782135009766,7.922332286834717,9,7,476,11,female
0.9441558122634888,4.561451435089111,9,8,476,11,female
-2.790579319000244,0.33740928769111633,9,9,476,11,female
10.311448097229004,-4.153628349304199,9,0,477,7,male
10.452302932739258,-6.175090789794922,9,1,477,7,male
10.510028839111328,-6.22316837310791,9,2,477,7,male
10.432876586914062,-5.957457065582275,9,3,477,7,male
12.658960342407227,-3.832576036453247,9,4,477,7,male
12.691489219665527,-1.3443694114685059,9,5,477,7,male
10.875187873840332,2.646151542663574,9,6,477,7,male
7.851332187652588,4.002298355102539,9,7,477,7,male
3.2218377590179443,3.381626844406128,9,8,477,7,male
-0.8402087092399597,0.7169266939163208,9,9,477,7,male
14.931926727294922,-1.2757457494735718,9,0,478,0,male
16.140056610107422,-1.2155801057815552,9,1,478,0,male
16.213788986206055,-1.1018342971801758,9,2,478,0,male
16.019634246826172,-0.22605977952480316,9,3,478,0,male
16.661380767822266,8.563457489013672,9,4,478,0,male
14.126975059509277,10.056548118591309,9,5,478,0,male
11.392836570739746,9.753353118896484,9,6,478,0,male
7.001728057861328,9.087081909179688,9,7,478,0,male
1.7212427854537964,5.87799596786499,9,8,478,0,male
-2.4240424633026123,1.3624293804168701,9,9,478,0,male
17.096893310546875,8.64364242553711,9,0,479,6,female
17.0217227935791,8.496752738952637,9,1,479,6,female
16.883512496948242,8.339117050170898,9,2,479,6,female
16.70133399963379,8.147771835327148,9,3,479,6,female
16.275962829589844,7.923121929168701,9,4,479,6,female
13.425458908081055,8.048299789428711,9,5,479,6,female
8.877326965332031,7.82177734375,9,6,479,6,female
3.9164581298828125,5.562581539154053,9,7,479,6,female
-0.5936137437820435,2.026150703430176,9,8,479,6,female
-3.6450207233428955,-1.099233865737915,9,9,479,6,female
19.254676818847656,5.8999128341674805,9,0,480,11,female
19.380531311035156,5.5982890129089355,9,1,480,11,female
19.25434112548828,5.709819793701172,9,2,480,11,female
18.482877731323242,6.316654205322266,9,3,480,11,female
17.181428909301758,7.449324131011963,9,4,480,11,female
13.582269668579102,8.277079582214355,9,5,480,11,female
8.227221488952637,7.922934055328369,9,6,480,11,female
2.5353145599365234,5.273609638214111,9,7,480,11,female
-3.2348272800445557,0.7664017677307129,9,8,480,11,female
-5.190252780914307,-1.8022586107254028,9,9,480,11,female
13.837700843811035,-3.2892377376556396,9,0,481,1,male
15.007814407348633,-3.2524638175964355,9,1,481,1,male
15.042851448059082,-3.2281150817871094,9,2,481,1,male
14.766264915466309,-3.0342111587524414,9,3,481,1,male
14.422248840332031,-1.16861891746521,9,4,481,1,male
13.079264640808105,2.1418402194976807,9,5,481,1,male
10.01071834564209,5.004210472106934,9,6,481,1,male
4.802471160888672,5.038359642028809,9,7,481,1,male
0.5525386929512024,2.1077890396118164,9,8,481,1,male
-2.667539119720459,-1.0243778228759766,9,9,481,1,male
11.14533805847168,-4.668830871582031,9,0,482,9,male
11.56851863861084,-7.182352066040039,9,1,482,9,male
11.546867370605469,-7.185441493988037,9,2,482,9,male
10.25265121459961,-5.329406261444092,9,3,482,9,male
11.217666625976562,-2.929075241088867,9,4,482,9,male
13.247759819030762,0.9353724122047424,9,5,482,9,male
9.706158638000488,3.271082878112793,9,6,482,9,male
6.165566921234131,3.3449268341064453,9,7,482,9,male
1.856234073638916,1.9011602401733398,9,8,482,9,male
-1.9451879262924194,-0.38721147179603577,9,9,482,9,male
14.718480110168457,-1.0875771045684814,9,0,483,0,male
16.186460494995117,-1.1974985599517822,9,1,483,0,male
16.23082160949707,-1.0908795595169067,9,2,483,0,male
16.085205078125,-0.06583051383495331,9,3,483,0,male
15.052571296691895,9.648616790771484,9,4,483,0,male
12.090662002563477,8.995024681091309,9,5,483,0,male
8.078705787658691,9.261528015136719,9,6,483,0,male
3.1622605323791504,6.98831844329834,9,7,483,0,male
-1.7364352941513062,2.6371798515319824,9,8,483,0,male
-3.9218151569366455,-0.482237845659256,9,9,483,0,male
13.97955322265625,-2.431239128112793,9,0,484,1,male
15.13105583190918,-3.14058780670166,9,1,484,1,male
15.094852447509766,-3.1329152584075928,9,2,484,1,male
15.227401733398438,-2.9923388957977295,9,3,484,1,male
14.220147132873535,-0.7262915968894958,9,4,484,1,male
13.019577026367188,2.216949939727783,9,5,484,1,male
10.166454315185547,5.121759414672852,9,6,484,1,male
5.29734468460083,5.118685722351074,9,7,484,1,male
0.9250627160072327,2.448333978652954,9,8,484,1,male
-2.39685320854187,-0.48134374618530273,9,9,484,1,male
15.813030242919922,12.322041511535645,9,0,485,2,female
15.585893630981445,12.939875602722168,9,1,485,2,female
14.586185455322266,12.811480522155762,9,2,485,2,female
14.157011985778809,12.57593822479248,9,3,485,2,female
15.22026252746582,9.6517972946167,9,4,485,2,female
14.231532096862793,8.296483993530273,9,5,485,2,female
12.473126411437988,8.259209632873535,9,6,485,2,female
8.491004943847656,7.590104103088379,9,7,485,2,female
3.7690012454986572,5.481446266174316,9,8,485,2,female
-0.5211477875709534,2.032163381576538,9,9,485,2,female
14.2029390335083,-3.2169606685638428,9,0,486,1,male
15.037090301513672,-3.2281925678253174,9,1,486,1,male
15.052740097045898,-3.073422431945801,9,2,486,1,male
14.415741920471191,-1.1641228199005127,9,3,486,1,male
12.892643928527832,2.118551015853882,9,4,486,1,male
10.238429069519043,5.165791988372803,9,5,486,1,male
5.269269943237305,5.043226718902588,9,6,486,1,male
0.9088271856307983,2.348839044570923,9,7,486,1,male
-2.831263542175293,-0.923352062702179,9,8,486,1,male
-5.889368534088135,-2.522615432739258,9,9,486,1,male
19.69218635559082,6.450965404510498,9,0,487,11,female
20.151996612548828,6.0102996826171875,9,1,487,11,female
18.997556686401367,6.570589065551758,9,2,487,11,female
15.320441246032715,8.174154281616211,9,3,487,11,female
10.24100399017334,7.2423295974731445,9,4,487,11,female
3.9838085174560547,6.6493144035339355,9,5,487,11,female
-1.1467106342315674,3.601778507232666,9,6,487,11,female
-3.3109848499298096,-1.294171929359436,9,7,487,11,female
-4.805808067321777,-3.3368382453918457,9,8,487,11,female
-6.105257987976074,-3.2118091583251953,9,9,487,11,female
16.033174514770508,-0.7472954988479614,9,0,488,3,female
16.054548263549805,-0.8890572190284729,9,1,488,3,female
14.974081993103027,-1.4451085329055786,9,2,488,3,female
13.867354393005371,-1.0119048357009888,9,3,488,3,female
13.215567588806152,2.026154041290283,9,4,488,3,female
11.101133346557617,4.180790424346924,9,5,488,3,female
6.207650661468506,4.8142409324646,9,6,488,3,female
1.8060375452041626,3.2833969593048096,9,7,488,3,female
-1.8045896291732788,0.10561606287956238,9,8,488,3,female
-6.492981910705566,-3.41968035697937,9,9,488,3,female
14.447449684143066,-1.112969994544983,9,0,489,0,male
16.02727699279785,-1.3810495138168335,9,1,489,0,male
16.190082550048828,-1.0357946157455444,9,2,489,0,male
15.982242584228516,-0.4688488841056824,9,3,489,0,male
14.103616714477539,-0.22374877333641052,9,4,489,0,male
15.209379196166992,8.866971969604492,9,5,489,0,male
12.313036918640137,9.34521770477295,9,6,489,0,male
8.48104476928711,9.305221557617188,9,7,489,0,male
3.254840850830078,7.052138805389404,9,8,489,0,male
-1.7023561000823975,2.7548625469207764,9,9,489,0,male
17.170419692993164,8.847986221313477,9,0,490,6,female
17.106658935546875,8.66322135925293,9,1,490,6,female
16.925945281982422,8.511834144592285,9,2,490,6,female
16.560657501220703,8.124138832092285,9,3,490,6,female
15.836240768432617,8.038829803466797,9,4,490,6,female
12.873093605041504,8.251410484313965,9,5,490,6,female
8.269344329833984,7.684171199798584,9,6,490,6,female
3.2592525482177734,5.318113803863525,9,7,490,6,female
-0.9781156778335571,1.4918761253356934,9,8,490,6,female
-3.7094926834106445,-1.63489830493927,9,9,490,6,female
10.213977813720703,-4.313951015472412,9,0,491,7,male
10.184760093688965,-6.576877593994141,9,1,491,7,male
10.107075691223145,-6.476266860961914,9,2,491,7,male
10.286436080932617,-4.262439250946045,9,3,491,7,male
11.81008243560791,-2.6892964839935303,9,4,491,7,male
12.284503936767578,-0.1474861353635788,9,5,491,7,male
10.72917366027832,3.2522130012512207,9,6,491,7,male
6.396986961364746,4.053153038024902,9,7,491,7,male
2.142122745513916,2.726778745651245,9,8,491,7,male
-1.6520254611968994,-0.21358013153076172,9,9,491,7,male
17.068378448486328,8.561992645263672,9,0,492,6,female
16.949819564819336,8.447997093200684,9,1,492,6,female
16.872591018676758,8.284846305847168,9,2,492,6,female
16.7701358795166,8.035482406616211,9,3,492,6,female
15.765702247619629,8.05755615234375,9,4,492,6,female
12.265481948852539,8.399505615234375,9,5,492,6,female
6.441241264343262,7.528026580810547,9,6,492,6,female
0.8880173563957214,4.125427722930908,9,7,492,6,female
-2.678776264190674,0.0999622792005539,9,8,492,6,female
-5.600683212280273,-4.398741245269775,9,9,492,6,female
16.04142189025879,-0.7404924035072327,9,0,493,3,female
15.87756633758545,-0.8657116293907166,9,1,493,3,female
15.130570411682129,-1.1777570247650146,9,2,493,3,female
13.868807792663574,-0.8871946930885315,9,3,493,3,female
12.558732986450195,3.379045248031616,9,4,493,3,female
7.326960563659668,5.054226398468018,9,5,493,3,female
2.5175647735595703,3.9636969566345215,9,6,493,3,female
-1.8655108213424683,0.33389678597450256,9,7,493,3,female
-5.2925004959106445,-2.8619749546051025,9,8,493,3,female
-4.901905059814453,-3.752484083175659,9,9,493,3,female
11.061299324035645,-4.679731845855713,9,0,494,9,male
11.592817306518555,-7.069108963012695,9,1,494,9,male
11.56279468536377,-7.1129655838012695,9,2,494,9,male
10.238893508911133,-5.07313871383667,9,3,494,9,male
11.165120124816895,-2.886354684829712,9,4,494,9,male
13.206923484802246,0.9647310376167297,9,5,494,9,male
9.396245956420898,3.4229907989501953,9,6,494,9,male
5.3653483390808105,3.4492945671081543,9,7,494,9,male
0.827528178691864,1.3233400583267212,9,8,494,9,male
-2.742889404296875,-1.4396554231643677,9,9,494,9,male
10.21449089050293,-4.406573295593262,9,0,495,7,male
10.617644309997559,-6.745217800140381,9,1,495,7,male
10.244451522827148,-6.708813190460205,9,2,495,7,male
10.22992992401123,-4.433455467224121,9,3,495,7,male
11.429184913635254,-2.9353644847869873,9,4,495,7,male
11.908005714416504,-2.035149335861206,9,5,495,7,male
12.397706985473633,0.6379107236862183,9,6,495,7,male
9.323569297790527,3.626394510269165,9,7,495,7,male
5.045705795288086,3.5227484703063965,9,8,495,7,male
0.43691137433052063,1.2669543027877808,9,9,495,7,male
11.75621509552002,-4.2313456535339355,9,0,496,9,male
12.018119812011719,-5.592767715454102,9,1,496,9,male
11.763165473937988,-6.636843204498291,9,2,496,9,male
10.329303741455078,-5.000330448150635,9,3,496,9,male
11.174675941467285,-2.8389360904693604,9,4,496,9,male
13.118046760559082,0.9088218808174133,9,5,496,9,male
9.194134712219238,3.532090902328491,9,6,496,9,male
5.249538421630859,3.456829309463501,9,7,496,9,male
0.5059773325920105,1.2469866275787354,9,8,496,9,male
-2.9779345989227295,-1.646030306816101,9,9,496,9,male
16.235023498535156,12.325467109680176,9,0,497,2,female
16.204099655151367,13.15310287475586,9,1,497,2,female
15.072917938232422,12.784120559692383,9,2,497,2,female
14.534076690673828,12.71653938293457,9,3,497,2,female
15.454639434814453,10.048688888549805,9,4,497,2,female
15.395339965820312,8.492449760437012,9,5,497,2,female
15.218945503234863,8.32471752166748,9,6,497,2,female
12.733368873596191,8.218682289123535,9,7,497,2,female
8.354594230651855,7.5485920906066895,9,8,497,2,female
3.5505411624908447,5.337925910949707,9,9,497,2,female
19.81366539001465,7.856303691864014,9,0,498,10,female
20.152034759521484,6.951274871826172,9,1,498,10,female
20.08324432373047,6.985749244689941,9,2,498,10,female
18.46487808227539,7.24461030960083,9,3,498,10,female
16.908700942993164,7.480835914611816,9,4,498,10,female
13.451314926147461,8.268681526184082,9,5,498,10,female
8.097970008850098,7.940250873565674,9,6,498,10,female
2.424123764038086,5.22483491897583,9,7,498,10,female
-2.565840244293213,0.5873704552650452,9,8,498,10,female
-5.193323612213135,-3.2654829025268555,9,9,498,10,female
14.716901779174805,-1.1743892431259155,9,0,499,0,male
16.12201690673828,-1.548264980316162,9,1,499,0,male
16.235666275024414,-1.163942575454712,9,2,499,0,male
16.024934768676758,-0.3346859812736511,9,3,499,0,male
17.030641555786133,8.49761962890625,9,4,499,0,male
15.062005996704102,9.086394309997559,9,5,499,0,male
11.930001258850098,9.510316848754883,9,6,499,0,male
8.192259788513184,9.284270286560059,9,7,499,0,male
2.744938373565674,6.480960369110107,9,8,499,0,male
-1.9004944562911987,2.559183359146118,9,9,499,0,male
