UMAP1,UMAP2,label,time_bin,sample_index,speaker_id,gender
-1.2005451917648315,-10.0055570602417,0,0,0,9,male
-1.1791173219680786,-12.177983283996582,0,1,0,9,male
-1.6379342079162598,-12.720417022705078,0,2,0,9,male
-1.7185083627700806,-12.857244491577148,0,3,0,9,male
-1.6077769994735718,-12.03532886505127,0,4,0,9,male
-1.9113788604736328,-10.757046699523926,0,5,0,9,male
-2.431286573410034,-8.864887237548828,0,6,0,9,male
-3.2738258838653564,-6.671858310699463,0,7,0,9,male
-2.3996174335479736,-1.6768598556518555,0,8,0,9,male
1.2018945217132568,3.1168744564056396,0,9,0,9,male
-0.8316062688827515,-10.143385887145996,0,0,1,9,male
-1.0017296075820923,-12.490312576293945,0,1,1,9,male
-1.2720768451690674,-12.907122611999512,0,2,1,9,male
-1.4322752952575684,-12.98143482208252,0,3,1,9,male
-1.1226811408996582,-11.890419006347656,0,4,1,9,male
-1.2520185708999634,-10.165019989013672,0,5,1,9,male
-2.0509166717529297,-8.472996711730957,0,6,1,9,male
-2.9700911045074463,-6.195950984954834,0,7,1,9,male
-1.764483094215393,-0.9255384206771851,0,8,1,9,male
2.0215041637420654,3.900923013687134,0,9,1,9,male
-1.0894830226898193,-10.248006820678711,0,0,2,9,male
-1.2439615726470947,-12.570759773254395,0,1,2,9,male
-1.3561766147613525,-12.971015930175781,0,2,2,9,male
-1.4498735666275024,-13.072054862976074,0,3,2,9,male
-1.5966956615447998,-11.644013404846191,0,4,2,9,male
-1.5294663906097412,-9.443826675415039,0,5,2,9,male
-2.682518243789673,-7.143779277801514,0,6,2,9,male
-2.6864705085754395,-3.0996127128601074,0,7,2,9,male
0.6400864124298096,2.4404008388519287,0,8,2,9,male
3.705230951309204,5.701638221740723,0,9,2,9,male
-7.190131664276123,-7.874929904937744,0,0,3,2,female
-8.807104110717773,-9.3486328125,0,1,3,2,female
-10.562200546264648,-8.297035217285156,0,2,3,2,female
-10.480853080749512,-8.299894332885742,0,3,3,2,female
-9.173348426818848,-8.837894439697266,0,4,3,2,female
-7.513745307922363,-8.62486457824707,0,5,3,2,female
-7.058663368225098,-7.6457085609436035,0,6,3,2,female
-5.968780994415283,-6.3788228034973145,0,7,3,2,female
-4.886670112609863,-3.2010748386383057,0,8,3,2,female
-0.3955748379230499,2.7269599437713623,0,9,3,2,female
-1.487579584121704,-8.02914047241211,0,0,4,7,male
0.051216065883636475,-11.277666091918945,0,1,4,7,male
0.862278163433075,-13.13876724243164,0,2,4,7,male
0.846271276473999,-13.210020065307617,0,3,4,7,male
-0.12284009903669357,-12.076131820678711,0,4,4,7,male
-1.2289562225341797,-10.119827270507812,0,5,4,7,male
-2.1933248043060303,-8.269987106323242,0,6,4,7,male
-2.6939570903778076,-6.122554779052734,0,7,4,7,male
-1.6569643020629883,-0.9783884882926941,0,8,4,7,male
2.0341131687164307,3.5832107067108154,0,9,4,7,male
-2.7253246307373047,-6.0650787353515625,0,0,5,7,male
-0.7095797061920166,-9.42615795135498,0,1,5,7,male
0.5689190626144409,-12.672457695007324,0,2,5,7,male
0.7564211487770081,-13.12779426574707,0,3,5,7,male
0.28334587812423706,-12.751863479614258,0,4,5,7,male
-1.0725727081298828,-11.519001960754395,0,5,5,7,male
-2.772719621658325,-10.012436866760254,0,6,5,7,male
-3.640899181365967,-8.24897575378418,0,7,5,7,male
-5.078080177307129,-5.602146625518799,0,8,5,7,male
-1.273801326751709,1.761966586112976,0,9,5,7,male
-8.18126392364502,-5.928624153137207,0,0,6,2,female
-9.636931419372559,-7.125120639801025,0,1,6,2,female
-10.591042518615723,-8.165802955627441,0,2,6,2,female
-10.285876274108887,-8.266745567321777,0,3,6,2,female
-8.67572021484375,-8.986005783081055,0,4,6,2,female
-7.40109920501709,-8.274916648864746,0,5,6,2,female
-6.413135528564453,-6.928785800933838,0,6,6,2,female
-5.527153491973877,-5.380897521972656,0,7,6,2,female
-1.1347899436950684,1.9588005542755127,0,8,6,2,female
1.7397041320800781,4.771693706512451,0,9,6,2,female
-1.417497992515564,-10.066770553588867,0,0,7,1,male
-1.7511217594146729,-12.151684761047363,0,1,7,1,male
-2.9721381664276123,-12.202902793884277,0,2,7,1,male
-3.1527276039123535,-12.031900405883789,0,3,7,1,male
-3.1885528564453125,-10.952757835388184,0,4,7,1,male
-3.0051918029785156,-9.641200065612793,0,5,7,1,male
-3.4483730792999268,-7.77454948425293,0,6,7,1,male
-4.348108768463135,-4.722925186157227,0,7,7,1,male
-0.8112165331840515,2.2297229766845703,0,8,7,1,male
2.2847509384155273,5.1147260665893555,0,9,7,1,male
-6.242983341217041,-9.573576927185059,0,0,8,11,female
-6.274359226226807,-12.748868942260742,0,1,8,11,female
-6.237495422363281,-13.045964241027832,0,2,8,11,female
-6.059509754180908,-12.437525749206543,0,3,8,11,female
-6.145687580108643,-11.559517860412598,0,4,8,11,female
-6.331496715545654,-10.486285209655762,0,5,8,11,female
-6.994043827056885,-8.50030517578125,0,6,8,11,female
-6.8893866539001465,-6.313022136688232,0,7,8,11,female
-5.167365074157715,-2.21980357170105,0,8,8,11,female
0.34020552039146423,4.80525016784668,0,9,8,11,female
-7.15354061126709,-7.878136157989502,0,0,9,2,female
-8.886642456054688,-9.137686729431152,0,1,9,2,female
-10.533446311950684,-8.346896171569824,0,2,9,2,female
-10.283699035644531,-8.413125038146973,0,3,9,2,female
-8.283214569091797,-9.285609245300293,0,4,9,2,female
-7.361382484436035,-8.253220558166504,0,5,9,2,female
-6.463723182678223,-7.001983642578125,0,6,9,2,female
-5.513445854187012,-5.49687385559082,0,7,9,2,female
-4.650450706481934,-2.57301926612854,0,8,9,2,female
0.3596263825893402,3.8422658443450928,0,9,9,2,female
-7.788447856903076,-7.778084754943848,0,0,10,10,female
-9.45403003692627,-10.222894668579102,0,1,10,10,female
-9.98293685913086,-11.031577110290527,0,2,10,10,female
-9.810321807861328,-9.963990211486816,0,3,10,10,female
-9.506964683532715,-9.267302513122559,0,4,10,10,female
-9.081367492675781,-8.845051765441895,0,5,10,10,female
-8.258952140808105,-7.877076148986816,0,6,10,10,female
-8.038305282592773,-5.928486347198486,0,7,10,10,female
-5.735730171203613,-1.9585387706756592,0,8,10,10,female
0.07937278598546982,5.198306083679199,0,9,10,10,female
-6.528876781463623,-4.206934928894043,0,0,11,6,female
-7.961404323577881,-7.771786689758301,0,1,11,6,female
-9.41143798828125,-9.901368141174316,0,2,11,6,female
-9.67487907409668,-9.628854751586914,0,3,11,6,female
-9.725320816040039,-8.944570541381836,0,4,11,6,female
-9.433788299560547,-8.03554916381836,0,5,11,6,female
-9.009676933288574,-7.447668552398682,0,6,11,6,female
-8.25340747833252,-6.339822769165039,0,7,11,6,female
-5.843076705932617,-5.947190761566162,0,8,11,6,female
-5.489807605743408,-5.053587913513184,0,9,11,6,female
-6.623725414276123,-4.322406768798828,0,0,12,6,female
-8.05408000946045,-7.624448299407959,0,1,12,6,female
-9.524456977844238,-9.488394737243652,0,2,12,6,female
-9.826491355895996,-9.25574779510498,0,3,12,6,female
-9.776227951049805,-8.77914047241211,0,4,12,6,female
-9.340788841247559,-7.887838840484619,0,5,12,6,female
-8.730180740356445,-7.232661724090576,0,6,12,6,female
-8.037436485290527,-5.870694160461426,0,7,12,6,female
-6.10426139831543,-2.541452169418335,0,8,12,6,female
-0.9293178915977478,3.775167942047119,0,9,12,6,female
-8.39383602142334,-5.870644569396973,0,0,13,2,female
-9.923602104187012,-6.902878284454346,0,1,13,2,female
-10.103010177612305,-7.089775562286377,0,2,13,2,female
-9.688053131103516,-7.424605369567871,0,3,13,2,female
-8.449739456176758,-8.13197135925293,0,4,13,2,female
-7.859591007232666,-7.369397163391113,0,5,13,2,female
-6.192519664764404,-6.145642280578613,0,6,13,2,female
-4.978555679321289,-3.144798994064331,0,7,13,2,female
-0.5668748617172241,3.119398355484009,0,8,13,2,female
2.611610174179077,5.483402729034424,0,9,13,2,female
-2.1117970943450928,-7.003864765167236,0,0,14,7,male
-0.45673882961273193,-10.108464241027832,0,1,14,7,male
0.7239125967025757,-13.05286693572998,0,2,14,7,male
0.6939588189125061,-13.16130256652832,0,3,14,7,male
-0.46512678265571594,-12.706588745117188,0,4,14,7,male
-1.5829076766967773,-10.888177871704102,0,5,14,7,male
-2.7191364765167236,-9.233014106750488,0,6,14,7,male
-3.414639949798584,-7.058523178100586,0,7,14,7,male
-2.7284679412841797,-2.0008063316345215,0,8,14,7,male
0.739237368106842,3.0091917514801025,0,9,14,7,male
-6.036106109619141,-8.471611976623535,0,0,15,11,female
-6.201138496398926,-11.717549324035645,0,1,15,11,female
-6.654745578765869,-13.03271198272705,0,2,15,11,female
-6.598402500152588,-13.005468368530273,0,3,15,11,female
-6.424395561218262,-12.644213676452637,0,4,15,11,female
-6.411915302276611,-11.77735424041748,0,5,15,11,female
-6.312345504760742,-10.498269081115723,0,6,15,11,female
-6.455694675445557,-8.57116413116455,0,7,15,11,female
-6.177051067352295,-6.303318500518799,0,8,15,11,female
-4.884002208709717,-2.169280529022217,0,9,15,11,female
-8.462923049926758,-8.555598258972168,0,0,16,2,female
-10.017440795898438,-8.940937042236328,0,1,16,2,female
-10.316893577575684,-8.506608009338379,0,2,16,2,female
-9.74329662322998,-8.480088233947754,0,3,16,2,female
-7.621557235717773,-8.779034614562988,0,4,16,2,female
-7.2961106300354,-7.72945499420166,0,5,16,2,female
-6.139273643493652,-6.488942623138428,0,6,16,2,female
-5.005989074707031,-3.5119495391845703,0,7,16,2,female
-0.5990868806838989,2.7503771781921387,0,8,16,2,female
2.582793712615967,5.46383810043335,0,9,16,2,female
-7.911627769470215,-7.747747898101807,0,0,17,10,female
-9.585808753967285,-10.362160682678223,0,1,17,10,female
-10.000420570373535,-11.217259407043457,0,2,17,10,female
-9.945845603942871,-10.914666175842285,0,3,17,10,female
-9.638825416564941,-9.784914016723633,0,4,17,10,female
-9.183357238769531,-9.064788818359375,0,5,17,10,female
-8.27450180053711,-7.925448417663574,0,6,17,10,female
-7.996606349945068,-5.900335788726807,0,7,17,10,female
-5.785790920257568,-1.9681892395019531,0,8,17,10,female
0.00386531138792634,5.124061107635498,0,9,17,10,female
-1.3269333839416504,-9.781229972839355,0,0,18,8,male
-1.2666696310043335,-12.307421684265137,0,1,18,8,male
-1.6276170015335083,-12.598933219909668,0,2,18,8,male
-1.7619105577468872,-12.390220642089844,0,3,18,8,male
-1.9386991262435913,-12.111494064331055,0,4,18,8,male
-2.433690309524536,-10.413617134094238,0,5,18,8,male
-2.841613531112671,-8.324588775634766,0,6,18,8,male
-3.2246670722961426,-5.288570880889893,0,7,18,8,male
-0.22109895944595337,1.4614986181259155,0,8,18,8,male
3.1289894580841064,5.3000311851501465,0,9,18,8,male
-8.309484481811523,-8.93302059173584,0,0,19,3,female
-9.129091262817383,-10.272764205932617,0,1,19,3,female
-9.378484725952148,-9.46924114227295,0,2,19,3,female
-9.444642066955566,-8.009544372558594,0,3,19,3,female
-9.212141990661621,-7.140511989593506,0,4,19,3,female
-8.635130882263184,-6.229801654815674,0,5,19,3,female
-7.865296363830566,-5.307656288146973,0,6,19,3,female
-5.569424629211426,-1.4533878564834595,0,7,19,3,female
0.5873134136199951,5.61117696762085,0,8,19,3,female
3.5632224082946777,7.479693412780762,0,9,19,3,female
-5.562241077423096,-5.343973636627197,0,0,20,0,male
-6.53952693939209,-8.757430076599121,0,1,20,0,male
-7.371814250946045,-11.7612886428833,0,2,20,0,male
-7.72187614440918,-11.859318733215332,0,3,20,0,male
-8.537038803100586,-10.623785972595215,0,4,20,0,male
-8.175745010375977,-8.51804256439209,0,5,20,0,male
-8.157280921936035,-6.664588451385498,0,6,20,0,male
-6.547811508178711,-4.067500591278076,0,7,20,0,male
-1.99619722366333,2.6859686374664307,0,8,20,0,male
1.4488131999969482,5.979170322418213,0,9,20,0,male
-7.201261043548584,-6.177209377288818,0,0,21,6,female
-8.708186149597168,-8.682337760925293,0,1,21,6,female
-9.7352933883667,-9.659873008728027,0,2,21,6,female
-9.854299545288086,-9.155037879943848,0,3,21,6,female
-9.630436897277832,-8.207405090332031,0,4,21,6,female
-9.261012077331543,-7.591924667358398,0,5,21,6,female
-8.4391450881958,-6.461490154266357,0,6,21,6,female
-6.5352325439453125,-5.600889682769775,0,7,21,6,female
-5.362453460693359,-4.939262390136719,0,8,21,6,female
-5.080987930297852,-3.648125171661377,0,9,21,6,female
-7.630398273468018,-6.803849697113037,0,0,22,10,female
-9.306575775146484,-9.725178718566895,0,1,22,10,female
-9.975031852722168,-11.04298210144043,0,2,22,10,female
-9.913901329040527,-10.438237190246582,0,3,22,10,female
-9.5875244140625,-9.399636268615723,0,4,22,10,female
-9.146103858947754,-8.927629470825195,0,5,22,10,female
-8.196944236755371,-7.8239617347717285,0,6,22,10,female
-7.9715495109558105,-5.81844425201416,0,7,22,10,female
-5.714349746704102,-1.913394808769226,0,8,22,10,female
0.08536835759878159,5.146364688873291,0,9,22,10,female
-7.933639049530029,-7.790776252746582,0,0,23,2,female
-9.825215339660645,-8.3355131149292,0,1,23,2,female
-10.42374038696289,-8.207975387573242,0,2,23,2,female
-9.847797393798828,-8.245301246643066,0,3,23,2,female
-7.935386657714844,-9.29984188079834,0,4,23,2,female
-7.2672295570373535,-8.14255142211914,0,5,23,2,female
-6.2116804122924805,-6.53040075302124,0,6,23,2,female
-5.182448863983154,-4.253390789031982,0,7,23,2,female
-0.8090802431106567,2.4655654430389404,0,8,23,2,female
2.37697696685791,5.195083141326904,0,9,23,2,female
-5.4429426193237305,-5.33635950088501,0,0,24,0,male
-6.282803058624268,-8.635919570922852,0,1,24,0,male
-6.990528583526611,-11.642843246459961,0,2,24,0,male
-7.404512882232666,-11.587578773498535,0,3,24,0,male
-8.39024543762207,-10.656749725341797,0,4,24,0,male
-8.192036628723145,-8.31320858001709,0,5,24,0,male
-8.261590957641602,-6.3669586181640625,0,6,24,0,male
-6.20871639251709,-2.8379995822906494,0,7,24,0,male
-1.0620648860931396,3.7829911708831787,0,8,24,0,male
2.0494747161865234,6.337668418884277,0,9,24,0,male
-7.804228782653809,-7.482483386993408,0,0,25,10,female
-9.515759468078613,-10.135493278503418,0,1,25,10,female
-10.005475997924805,-11.115325927734375,0,2,25,10,female
-9.919118881225586,-10.641146659851074,0,3,25,10,female
-9.63036823272705,-9.910423278808594,0,4,25,10,female
-9.13744831085205,-9.083300590515137,0,5,25,10,female
-8.019081115722656,-7.855541229248047,0,6,25,10,female
-7.617989540100098,-5.606505393981934,0,7,25,10,female
-5.523620128631592,-1.6800168752670288,0,8,25,10,female
0.34848639369010925,5.336506366729736,0,9,25,10,female
-6.574059963226318,-4.319893836975098,0,0,26,6,female
-8.04702091217041,-7.793420314788818,0,1,26,6,female
-9.595149993896484,-9.94589900970459,0,2,26,6,female
-9.770221710205078,-9.499306678771973,0,3,26,6,female
-9.816871643066406,-9.05648422241211,0,4,26,6,female
-9.57038688659668,-8.318253517150879,0,5,26,6,female
-8.649733543395996,-7.472588062286377,0,6,26,6,female
-8.143156051635742,-5.810480117797852,0,7,26,6,female
-5.913208961486816,-2.163862466812134,0,8,26,6,female
0.0014288952806964517,5.068787574768066,0,9,26,6,female
-2.018928289413452,-8.04251480102539,0,0,27,8,male
-1.1694681644439697,-10.858269691467285,0,1,27,8,male
-1.4524892568588257,-12.50997257232666,0,2,27,8,male
-1.6314622163772583,-12.529088973999023,0,3,27,8,male
-1.7691470384597778,-12.249702453613281,0,4,27,8,male
-1.8518046140670776,-10.683798789978027,0,5,27,8,male
-2.5837769508361816,-8.559104919433594,0,6,27,8,male
-3.3545403480529785,-5.746861934661865,0,7,27,8,male
-1.1239322423934937,0.12942500412464142,0,8,27,8,male
2.5408060550689697,4.399659156799316,0,9,27,8,male
-7.525777339935303,-8.201333045959473,0,0,28,2,female
-9.258260726928711,-9.00320053100586,0,1,28,2,female
-10.476896286010742,-8.308696746826172,0,2,28,2,female
-10.023696899414062,-8.351630210876465,0,3,28,2,female
-7.921053409576416,-9.105721473693848,0,4,28,2,female
-7.343667030334473,-8.104040145874023,0,5,28,2,female
-6.278828144073486,-6.475832462310791,0,6,28,2,female
-5.168807029724121,-3.924659490585327,0,7,28,2,female
-0.7524086236953735,2.576049566268921,0,8,28,2,female
2.305941343307495,5.205236911773682,0,9,28,2,female
-1.7362865209579468,-9.198216438293457,0,0,29,9,male
-1.2000224590301514,-11.411221504211426,0,1,29,9,male
-1.769803524017334,-12.725926399230957,0,2,29,9,male
-1.8528687953948975,-12.90061092376709,0,3,29,9,male
-1.6966218948364258,-12.105643272399902,0,4,29,9,male
-1.6385294198989868,-10.499911308288574,0,5,29,9,male
-2.297161817550659,-8.641694068908691,0,6,29,9,male
-2.9434924125671387,-6.441000938415527,0,7,29,9,male
-1.988190770149231,-1.2980883121490479,0,8,29,9,male
1.4148368835449219,3.2366762161254883,0,9,29,9,male
-8.418017387390137,-9.38390827178955,0,0,30,3,female
-9.52730941772461,-10.842744827270508,0,1,30,3,female
-9.721162796020508,-9.535943031311035,0,2,30,3,female
-9.558902740478516,-8.286208152770996,0,3,30,3,female
-9.285848617553711,-7.445163726806641,0,4,30,3,female
-8.741229057312012,-6.555819511413574,0,5,30,3,female
-8.134486198425293,-5.645232200622559,0,6,30,3,female
-5.837048530578613,-1.867908239364624,0,7,30,3,female
0.12880977988243103,5.306960105895996,0,8,30,3,female
3.411914587020874,7.435933589935303,0,9,30,3,female
-7.564653396606445,-7.815009117126465,0,0,31,2,female
-9.279829025268555,-8.734528541564941,0,1,31,2,female
-10.461339950561523,-8.249645233154297,0,2,31,2,female
-9.863748550415039,-8.43605899810791,0,3,31,2,female
-7.820814609527588,-8.896660804748535,0,4,31,2,female
-7.259738922119141,-7.793182373046875,0,5,31,2,female
-6.136823654174805,-6.671812057495117,0,6,31,2,female
-5.1744537353515625,-4.018987655639648,0,7,31,2,female
-0.7315202951431274,2.6786022186279297,0,8,31,2,female
2.431814193725586,5.255355358123779,0,9,31,2,female
-6.5330095291137695,-6.995533466339111,0,0,32,3,female
-7.84701681137085,-9.088696479797363,0,1,32,3,female
-8.410242080688477,-10.48593521118164,0,2,32,3,female
-9.059926986694336,-9.346734046936035,0,3,32,3,female
-9.41702938079834,-7.805293560028076,0,4,32,3,female
-9.159585952758789,-7.118926525115967,0,5,32,3,female
-8.26500415802002,-5.948364734649658,0,6,32,3,female
-6.2835307121276855,-2.7002155780792236,0,7,32,3,female
-1.3091305494308472,3.118558168411255,0,8,32,3,female
1.9663336277008057,6.259833335876465,0,9,32,3,female
-2.7609617710113525,-6.0626115798950195,0,0,33,7,male
-0.7404530644416809,-9.36396598815918,0,1,33,7,male
0.5312528014183044,-12.483991622924805,0,2,33,7,male
0.7009458541870117,-13.092912673950195,0,3,33,7,male
0.29969972372055054,-12.940227508544922,0,4,33,7,male
-1.011702537536621,-11.381940841674805,0,5,33,7,male
-2.3923652172088623,-9.44331169128418,0,6,33,7,male
-3.184468984603882,-7.459667205810547,0,7,33,7,male
-3.425218343734741,-3.2509145736694336,0,8,33,7,male
0.31062382459640503,2.6936864852905273,0,9,33,7,male
-5.3127875328063965,-5.150670528411865,0,0,34,0,male
-6.160844326019287,-8.477116584777832,0,1,34,0,male
-6.5186262130737305,-11.451268196105957,0,2,34,0,male
-7.113673210144043,-12.020292282104492,0,3,34,0,male
-7.731170177459717,-11.069329261779785,0,4,34,0,male
-8.593461036682129,-9.491969108581543,0,5,34,0,male
-8.170347213745117,-7.628962516784668,0,6,34,0,male
-7.574147701263428,-5.708014965057373,0,7,34,0,male
-5.363872051239014,-1.7111153602600098,0,8,34,0,male
0.22894881665706635,5.0885772705078125,0,9,34,0,male
-2.4039647579193115,-6.47011661529541,0,0,35,7,male
-0.5477123260498047,-9.827829360961914,0,1,35,7,male
0.7035756707191467,-13.002972602844238,0,2,35,7,male
0.7984064221382141,-13.221182823181152,0,3,35,7,male
0.21911786496639252,-11.905261993408203,0,4,35,7,male
-1.0376137495040894,-10.230195045471191,0,5,35,7,male
-2.225924015045166,-8.379828453063965,0,6,35,7,male
-2.9345805644989014,-6.106566429138184,0,7,35,7,male
-1.7195568084716797,-0.954433798789978,0,8,35,7,male
1.8713271617889404,3.606449604034424,0,9,35,7,male
-6.885221004486084,-5.031309127807617,0,0,36,6,female
-8.09211540222168,-7.967926979064941,0,1,36,6,female
-9.432283401489258,-9.710074424743652,0,2,36,6,female
-9.584704399108887,-9.449310302734375,0,3,36,6,female
-9.463924407958984,-8.238801002502441,0,4,36,6,female
-9.199724197387695,-7.791079521179199,0,5,36,6,female
-8.492108345031738,-6.827024936676025,0,6,36,6,female
-7.89066743850708,-5.52793550491333,0,7,36,6,female
-5.658565998077393,-1.7727200984954834,0,8,36,6,female
0.1506943702697754,5.224496841430664,0,9,36,6,female
-7.149633884429932,-5.277954578399658,0,0,37,6,female
-8.603766441345215,-8.207086563110352,0,1,37,6,female
-9.807450294494629,-9.434566497802734,0,2,37,6,female
-9.879621505737305,-9.109976768493652,0,3,37,6,female
-9.634421348571777,-8.309488296508789,0,4,37,6,female
-9.117003440856934,-7.821552753448486,0,5,37,6,female
-8.374409675598145,-6.862295150756836,0,6,37,6,female
-7.8551177978515625,-5.488847255706787,0,7,37,6,female
-5.581976890563965,-1.6920143365859985,0,8,37,6,female
0.14480865001678467,5.207509517669678,0,9,37,6,female
-5.494821071624756,-5.244129657745361,0,0,38,0,male
-6.4203596115112305,-8.678274154663086,0,1,38,0,male
-7.153963088989258,-11.58094596862793,0,2,38,0,male
-7.612017631530762,-11.513856887817383,0,3,38,0,male
-8.538656234741211,-10.405693054199219,0,4,38,0,male
-8.688591003417969,-8.245805740356445,0,5,38,0,male
-8.080291748046875,-6.352044105529785,0,6,38,0,male
-6.335337162017822,-3.2833163738250732,0,7,38,0,male
-1.1371515989303589,3.6409478187561035,0,8,38,0,male
1.795815348625183,6.130979061126709,0,9,38,0,male
-1.1295138597488403,-10.001870155334473,0,0,39,9,male
-1.2957510948181152,-12.084518432617188,0,1,39,9,male
-1.551433801651001,-12.761030197143555,0,2,39,9,male
-1.6883548498153687,-12.922926902770996,0,3,39,9,male
-1.4880672693252563,-12.2417631149292,0,4,39,9,male
-1.6937905550003052,-10.790678024291992,0,5,39,9,male
-2.6489439010620117,-8.696890830993652,0,6,39,9,male
-3.5887606143951416,-6.270751953125,0,7,39,9,male
-2.3089451789855957,-1.0238932371139526,0,8,39,9,male
1.61295747756958,3.8072333335876465,0,9,39,9,male
-2.0020291805267334,-9.347643852233887,0,0,40,1,male
-1.4472956657409668,-11.726482391357422,0,1,40,1,male
-1.8680111169815063,-12.569644927978516,0,2,40,1,male
-2.7695159912109375,-12.269195556640625,0,3,40,1,male
-3.203841209411621,-11.700078010559082,0,4,40,1,male
-3.2397711277008057,-10.4229097366333,0,5,40,1,male
-3.2142200469970703,-8.559712409973145,0,6,40,1,male
-3.9148781299591064,-6.162866115570068,0,7,40,1,male
-2.390799045562744,-0.7454894781112671,0,8,40,1,male
1.5705829858779907,3.9440672397613525,0,9,40,1,male
-7.358693599700928,-8.155858039855957,0,0,41,2,female
-8.804413795471191,-8.856054306030273,0,1,41,2,female
-10.511966705322266,-7.9942145347595215,0,2,41,2,female
-10.413272857666016,-8.070405006408691,0,3,41,2,female
-9.576292037963867,-8.390801429748535,0,4,41,2,female
-7.777242183685303,-8.698537826538086,0,5,41,2,female
-7.3645100593566895,-7.587681293487549,0,6,41,2,female
-6.113905906677246,-6.246642589569092,0,7,41,2,female
-4.908601760864258,-3.0450174808502197,0,8,41,2,female
-0.3712731599807739,3.2669286727905273,0,9,41,2,female
-2.3410255908966064,-7.433246612548828,0,0,42,8,male
-1.4774028062820435,-10.286487579345703,0,1,42,8,male
-1.7930750846862793,-12.507963180541992,0,2,42,8,male
-2.128218412399292,-12.528427124023438,0,3,42,8,male
-2.7475569248199463,-11.930618286132812,0,4,42,8,male
-2.9434804916381836,-11.08212947845459,0,5,42,8,male
-2.9516870975494385,-9.61965560913086,0,6,42,8,male
-3.392160654067993,-7.586343765258789,0,7,42,8,male
-3.4782958030700684,-3.280102252960205,0,8,42,8,male
0.46622148156166077,2.798231363296509,0,9,42,8,male
-5.952147483825684,-3.239725351333618,0,0,43,6,female
-7.427908420562744,-6.752163887023926,0,1,43,6,female
-8.756585121154785,-9.098445892333984,0,2,43,6,female
-9.684810638427734,-9.512656211853027,0,3,43,6,female
-9.784024238586426,-8.958852767944336,0,4,43,6,female
-9.548666954040527,-7.992132186889648,0,5,43,6,female
-9.224481582641602,-7.445700645446777,0,6,43,6,female
-8.278270721435547,-6.953388690948486,0,7,43,6,female
-6.476698398590088,-6.946963787078857,0,8,43,6,female
-6.036017894744873,-6.524281978607178,0,9,43,6,female
-2.5455729961395264,-6.139186382293701,0,0,44,7,male
-0.7306072115898132,-9.449666023254395,0,1,44,7,male
0.5557522177696228,-12.643471717834473,0,2,44,7,male
0.39263537526130676,-13.153541564941406,0,3,44,7,male
-0.9430314302444458,-12.887968063354492,0,4,44,7,male
-2.336878538131714,-11.020745277404785,0,5,44,7,male
-2.8491196632385254,-9.465912818908691,0,6,44,7,male
-3.501225471496582,-7.483466148376465,0,7,44,7,male
-3.491319417953491,-3.276670455932617,0,8,44,7,male
0.4640919864177704,2.8781538009643555,0,9,44,7,male
-5.450984954833984,-5.365476131439209,0,0,45,0,male
-6.256646156311035,-8.73654842376709,0,1,45,0,male
-6.77446985244751,-11.863668441772461,0,2,45,0,male
-6.23614501953125,-12.641202926635742,0,3,45,0,male
-3.1670944690704346,-11.645136833190918,0,4,45,0,male
-3.420956611633301,-10.768439292907715,0,5,45,0,male
-6.23953104019165,-9.050125122070312,0,6,45,0,male
-6.38555383682251,-6.862120628356934,0,7,45,0,male
-5.195756912231445,-3.4554927349090576,0,8,45,0,male
-0.2944360375404358,3.6935341358184814,0,9,45,0,male
-8.482780456542969,-6.236942768096924,0,0,46,2,female
-9.940561294555664,-7.629940509796143,0,1,46,2,female
-10.35153579711914,-8.234159469604492,0,2,46,2,female
-9.71364688873291,-8.337652206420898,0,3,46,2,female
-7.9297661781311035,-8.687747955322266,0,4,46,2,female
-7.361124515533447,-7.560800552368164,0,5,46,2,female
-6.1095452308654785,-6.279422760009766,0,6,46,2,female
-4.977565765380859,-3.1978163719177246,0,7,46,2,female
-0.5838462710380554,2.990833282470703,0,8,46,2,female
2.3526132106781006,5.357044696807861,0,9,46,2,female
-7.547731399536133,-3.655935287475586,0,0,47,11,female
-6.368030548095703,-8.590476036071777,0,1,47,11,female
-6.71567964553833,-11.6078462600708,0,2,47,11,female
-6.4639153480529785,-12.96854305267334,0,3,47,11,female
-6.128504753112793,-12.769594192504883,0,4,47,11,female
-6.011335372924805,-12.21214485168457,0,5,47,11,female
-5.966075897216797,-11.726749420166016,0,6,47,11,female
-6.163475036621094,-10.405811309814453,0,7,47,11,female
-6.050417900085449,-8.60058307647705,0,8,47,11,female
-6.0682854652404785,-6.6501898765563965,0,9,47,11,female
-1.4686484336853027,-9.55880355834961,0,0,48,9,male
-1.3717812299728394,-12.473845481872559,0,1,48,9,male
-1.4746323823928833,-12.864592552185059,0,2,48,9,male
-1.2379454374313354,-12.979012489318848,0,3,48,9,male
-0.8378733396530151,-11.783014297485352,0,4,48,9,male
-0.9527968168258667,-10.42544937133789,0,5,48,9,male
-1.814480185508728,-8.225470542907715,0,6,48,9,male
-2.7191555500030518,-6.00811767578125,0,7,48,9,male
-1.350261926651001,-0.5334640145301819,0,8,48,9,male
2.30513072013855,3.9096248149871826,0,9,48,9,male
-5.72670316696167,-6.079477310180664,0,0,49,11,female
-6.499386787414551,-9.910699844360352,0,1,49,11,female
-6.628048419952393,-12.833584785461426,0,2,49,11,female
-6.513804912567139,-13.001530647277832,0,3,49,11,female
-6.388199806213379,-12.619537353515625,0,4,49,11,female
-6.307559013366699,-12.098119735717773,0,5,49,11,female
-6.342870712280273,-11.529828071594238,0,6,49,11,female
-6.202889442443848,-10.20218276977539,0,7,49,11,female
-6.045462608337402,-8.207873344421387,0,8,49,11,female
-5.474836826324463,-5.547356605529785,0,9,49,11,female
-9.207255363464355,-6.888312816619873,1,0,50,2,female
-9.309124946594238,-7.225236415863037,1,1,50,2,female
-8.985445976257324,-7.657708168029785,1,2,50,2,female
-7.393582820892334,-8.338129997253418,1,3,50,2,female
-6.761085510253906,-7.031710147857666,1,4,50,2,female
-5.646839141845703,-4.904285430908203,1,5,50,2,female
-1.2938488721847534,2.255825996398926,1,6,50,2,female
1.7842270135879517,5.1313700675964355,1,7,50,2,female
4.476726055145264,7.074955940246582,1,8,50,2,female
66.77159881591797,-13.127405166625977,1,9,50,2,female
-1.6732226610183716,-11.667360305786133,1,0,51,1,male
-2.2609519958496094,-12.661723136901855,1,1,51,1,male
-3.0473108291625977,-12.042783737182617,1,2,51,1,male
-3.0924630165100098,-10.58066463470459,1,3,51,1,male
-3.037838935852051,-9.002629280090332,1,4,51,1,male
-3.741131544113159,-6.639880180358887,1,5,51,1,male
-2.554656982421875,-1.2420731782913208,1,6,51,1,male
1.326187014579773,3.624831438064575,1,7,51,1,male
4.193536758422852,6.2589311599731445,1,8,51,1,male
66.72303771972656,-13.16337776184082,1,9,51,1,male
-9.38803768157959,-7.827277660369873,1,0,52,2,female
-9.564167976379395,-8.172078132629395,1,1,52,2,female
-8.001603126525879,-9.045989990234375,1,2,52,2,female
-6.861295700073242,-8.531468391418457,1,3,52,2,female
-6.263099193572998,-6.829232692718506,1,4,52,2,female
-5.220649719238281,-3.9580376148223877,1,5,52,2,female
-0.4581374228000641,2.9869420528411865,1,6,52,2,female
2.9918272495269775,5.629025936126709,1,7,52,2,female
4.876312732696533,6.83988094329834,1,8,52,2,female
67.22943115234375,-13.139389991760254,1,9,52,2,female
-5.912868499755859,-12.159147262573242,1,0,53,11,female
-6.092741012573242,-13.042778968811035,1,1,53,11,female
-5.970474720001221,-12.91110897064209,1,2,53,11,female
-5.884922504425049,-12.430642127990723,1,3,53,11,female
-6.023809432983398,-11.939270973205566,1,4,53,11,female
-6.248485565185547,-11.2073974609375,1,5,53,11,female
-6.593599796295166,-8.822675704956055,1,6,53,11,female
-6.55044412612915,-6.482800483703613,1,7,53,11,female
-5.145552635192871,-2.252279758453369,1,8,53,11,female
0.5078759789466858,5.177713394165039,1,9,53,11,female
-0.7052404284477234,-10.209686279296875,1,0,54,8,male
-0.6379374265670776,-12.955456733703613,1,1,54,8,male
-1.4866541624069214,-12.710761070251465,1,2,54,8,male
-1.6267942190170288,-12.137584686279297,1,3,54,8,male
-1.9051687717437744,-10.32022476196289,1,4,54,8,male
-2.5672080516815186,-7.741640090942383,1,5,54,8,male
-2.9864091873168945,-4.183527946472168,1,6,54,8,male
0.34965136647224426,2.2085208892822266,1,7,54,8,male
3.5293681621551514,5.663867950439453,1,8,54,8,male
66.86642456054688,-13.08665657043457,1,9,54,8,male
-0.6596636772155762,-10.232089042663574,1,0,55,8,male
-0.40553992986679077,-12.872241020202637,1,1,55,8,male
-1.297735333442688,-12.713245391845703,1,2,55,8,male
-1.5436630249023438,-11.85986328125,1,3,55,8,male
-2.155463933944702,-9.500134468078613,1,4,55,8,male
-2.680087089538574,-7.042159557342529,1,5,55,8,male
-2.47039794921875,-2.418417453765869,1,6,55,8,male
1.0869816541671753,2.7557239532470703,1,7,55,8,male
4.030111789703369,6.140676975250244,1,8,55,8,male
66.95755767822266,-12.893228530883789,1,9,55,8,male
-2.402477979660034,-11.418875694274902,1,0,56,1,male
-2.9916303157806396,-12.184948921203613,1,1,56,1,male
-3.2179391384124756,-11.944358825683594,1,2,56,1,male
-2.9915082454681396,-10.673796653747559,1,3,56,1,male
-2.9203925132751465,-9.163324356079102,1,4,56,1,male
-3.50844144821167,-7.055537223815918,1,5,56,1,male
-2.69974422454834,-1.9551670551300049,1,6,56,1,male
0.9314152002334595,3.09725022315979,1,7,56,1,male
4.011140823364258,6.083147048950195,1,8,56,1,male
66.94950866699219,-12.639256477355957,1,9,56,1,male
-7.988523960113525,-9.710675239562988,1,0,57,6,female
-8.122868537902832,-9.82941722869873,1,1,57,6,female
-8.841221809387207,-9.53856372833252,1,2,57,6,female
-8.704317092895508,-9.067728996276855,1,3,57,6,female
-7.546005725860596,-7.0414204597473145,1,4,57,6,female
-6.555157661437988,-4.283020973205566,1,5,57,6,female
-1.5853662490844727,3.123450994491577,1,6,57,6,female
1.984747290611267,6.219576835632324,1,7,57,6,female
4.496361255645752,7.662754535675049,1,8,57,6,female
66.91357421875,-13.575980186462402,1,9,57,6,female
-2.913755416870117,-10.898547172546387,1,0,58,1,male
-3.213176727294922,-11.93853759765625,1,1,58,1,male
-3.5592501163482666,-11.634443283081055,1,2,58,1,male
-3.2878332138061523,-10.382539749145508,1,3,58,1,male
-3.203892469406128,-8.663917541503906,1,4,58,1,male
-3.828856945037842,-6.435328960418701,1,5,58,1,male
-2.6511175632476807,-1.5257683992385864,1,6,58,1,male
0.4853075444698334,2.913228750228882,1,7,58,1,male
3.299408435821533,5.671311378479004,1,8,58,1,male
5.144845008850098,6.948836803436279,1,9,58,1,male
0.28081467747688293,-11.597355842590332,1,0,59,7,male
0.9495441913604736,-13.17501163482666,1,1,59,7,male
0.6727858185768127,-12.51226806640625,1,2,59,7,male
-0.12111788243055344,-10.521986961364746,1,3,59,7,male
-1.9781444072723389,-8.952737808227539,1,4,59,7,male
-2.5810306072235107,-6.838099479675293,1,5,59,7,male
-2.2434659004211426,-2.1426589488983154,1,6,59,7,male
1.3142355680465698,2.8746397495269775,1,7,59,7,male
4.2297444343566895,5.922329902648926,1,8,59,7,male
67.30479431152344,-12.928173065185547,1,9,59,7,male
-8.265012741088867,-10.486917495727539,1,0,60,10,female
-8.385910987854004,-11.15550422668457,1,1,60,10,female
-8.826055526733398,-11.10170841217041,1,2,60,10,female
-9.623114585876465,-10.480405807495117,1,3,60,10,female
-9.071744918823242,-9.319494247436523,1,4,60,10,female
-7.906548023223877,-6.584188938140869,1,5,60,10,female
-6.194682598114014,-2.986060380935669,1,6,60,10,female
-0.552678644657135,4.377795696258545,1,7,60,10,female
3.2001149654388428,7.173643112182617,1,8,60,10,female
67.26885223388672,-13.083687782287598,1,9,60,10,female
-6.1889801025390625,-12.303814888000488,1,0,61,11,female
-6.300361156463623,-13.070013999938965,1,1,61,11,female
-6.177330493927002,-13.04666519165039,1,2,61,11,female
-5.921574115753174,-12.38282585144043,1,3,61,11,female
-5.893062114715576,-11.826522827148438,1,4,61,11,female
-6.126876354217529,-10.274455070495605,1,5,61,11,female
-5.991865634918213,-7.645838737487793,1,6,61,11,female
-5.319408893585205,-5.160837173461914,1,7,61,11,female
-0.8434157371520996,2.554626703262329,1,8,61,11,female
2.4837985038757324,5.520959377288818,1,9,61,11,female
-0.5848500728607178,-10.499018669128418,1,0,62,8,male
-0.6028441786766052,-13.245702743530273,1,1,62,8,male
-1.4002559185028076,-12.779071807861328,1,2,62,8,male
-1.7339818477630615,-10.860969543457031,1,3,62,8,male
-2.857449531555176,-8.689982414245605,1,4,62,8,male
-3.5975968837738037,-5.851403713226318,1,5,62,8,male
-1.6488642692565918,-0.13508102297782898,1,6,62,8,male
2.2060039043426514,4.360079288482666,1,7,62,8,male
4.662342071533203,6.8603515625,1,8,62,8,male
66.66758728027344,-12.913671493530273,1,9,62,8,male
0.1690824329853058,-11.29828929901123,1,0,63,7,male
1.0733354091644287,-12.982000350952148,1,1,63,7,male
0.9184935688972473,-12.967242240905762,1,2,63,7,male
-0.4964931607246399,-11.67523193359375,1,3,63,7,male
-1.6612628698349,-9.956537246704102,1,4,63,7,male
-2.6699020862579346,-8.14546012878418,1,5,63,7,male
-3.764430522918701,-5.9857869148254395,1,6,63,7,male
-2.223123550415039,-0.6435006856918335,1,7,63,7,male
1.684981107711792,4.076953411102295,1,8,63,7,male
4.377727508544922,6.427525520324707,1,9,63,7,male
-8.5397310256958,-8.265910148620605,1,0,64,2,female
-9.622148513793945,-8.259809494018555,1,1,64,2,female
-9.469860076904297,-8.09096908569336,1,2,64,2,female
-7.810146331787109,-8.896591186523438,1,3,64,2,female
-6.534923553466797,-8.586493492126465,1,4,64,2,female
-6.032324314117432,-7.089221954345703,1,5,64,2,female
-5.198765277862549,-4.337214946746826,1,6,64,2,female
-0.4218081533908844,2.6779985427856445,1,7,64,2,female
2.887819766998291,5.450761318206787,1,8,64,2,female
4.884260654449463,6.848037242889404,1,9,64,2,female
-6.43347692489624,-12.453837394714355,1,0,65,11,female
-6.421992778778076,-13.085810661315918,1,1,65,11,female
-6.117855548858643,-12.94162654876709,1,2,65,11,female
-5.87277364730835,-12.310128211975098,1,3,65,11,female
-5.993240833282471,-11.52946662902832,1,4,65,11,female
-6.169315338134766,-10.038959503173828,1,5,65,11,female
-6.144362449645996,-7.265380382537842,1,6,65,11,female
-5.251501560211182,-3.6883978843688965,1,7,65,11,female
-0.31101396679878235,3.6448872089385986,1,8,65,11,female
3.3083267211914062,6.632928371429443,1,9,65,11,female
-2.917379140853882,-9.53137493133545,1,0,66,0,male
-3.197972297668457,-11.29574966430664,1,1,66,0,male
-5.474981307983398,-11.709423065185547,1,2,66,0,male
-6.588072776794434,-11.395490646362305,1,3,66,0,male
-8.138134002685547,-9.855704307556152,1,4,66,0,male
-7.184788703918457,-7.663719654083252,1,5,66,0,male
-6.519866943359375,-4.479605197906494,1,6,66,0,male
-1.8620715141296387,2.86798357963562,1,7,66,0,male
1.6834663152694702,6.080726146697998,1,8,66,0,male
4.535797119140625,7.709649562835693,1,9,66,0,male
-8.410491943359375,-10.683736801147461,1,0,67,10,female
-8.620086669921875,-11.12518310546875,1,1,67,10,female
-9.405263900756836,-11.26142692565918,1,2,67,10,female
-9.53476333618164,-10.331490516662598,1,3,67,10,female
-8.895538330078125,-8.752484321594238,1,4,67,10,female
-7.957712173461914,-6.289247512817383,1,5,67,10,female
-5.894818305969238,-2.374058723449707,1,6,67,10,female
-0.07836189866065979,4.973075866699219,1,7,67,10,female
3.403597831726074,7.365720748901367,1,8,67,10,female
67.21795654296875,-12.880277633666992,1,9,67,10,female
-2.7491893768310547,-11.567460060119629,1,0,68,1,male
-3.085157871246338,-12.076339721679688,1,1,68,1,male
-3.2780747413635254,-11.842510223388672,1,2,68,1,male
-3.1601617336273193,-10.228017807006836,1,3,68,1,male
-3.2642505168914795,-8.075542449951172,1,4,68,1,male
-3.7531723976135254,-4.715092182159424,1,5,68,1,male
-0.2909467816352844,2.018789529800415,1,6,68,1,male
2.7112550735473633,4.887539863586426,1,7,68,1,male
5.013891696929932,6.6086859703063965,1,8,68,1,male
67.54370880126953,-13.302669525146484,1,9,68,1,male
0.2927218973636627,-11.483716011047363,1,0,69,7,male
0.865028977394104,-13.210234642028809,1,1,69,7,male
0.6959013938903809,-13.27407455444336,1,2,69,7,male
-0.4445955455303192,-12.221282005310059,1,3,69,7,male
-2.0921387672424316,-10.20686149597168,1,4,69,7,male
-3.0615334510803223,-8.509397506713867,1,5,69,7,male
-4.004079818725586,-5.903315544128418,1,6,69,7,male
-1.9476072788238525,-0.16663490235805511,1,7,69,7,male
2.056178569793701,4.65436315536499,1,8,69,7,male
4.632557392120361,6.715115070343018,1,9,69,7,male
-0.6599668860435486,-10.77721118927002,1,0,70,9,male
-0.6915047764778137,-13.342389106750488,1,1,70,9,male
-0.9283204674720764,-13.399680137634277,1,2,70,9,male
-0.8273710012435913,-12.54749870300293,1,3,70,9,male
-1.2514742612838745,-10.938416481018066,1,4,70,9,male
-2.021359920501709,-8.977036476135254,1,5,70,9,male
-2.6927731037139893,-6.495923042297363,1,6,70,9,male
-1.8903337717056274,-1.4507616758346558,1,7,70,9,male
1.6851860284805298,3.2406699657440186,1,8,70,9,male
4.390897274017334,6.151799201965332,1,9,70,9,male
0.202273890376091,-11.34321117401123,1,0,71,7,male
0.9836686849594116,-13.138540267944336,1,1,71,7,male
0.37997618317604065,-12.318191528320312,1,2,71,7,male
-0.9644812941551208,-10.26433277130127,1,3,71,7,male
-2.225299119949341,-8.058741569519043,1,4,71,7,male
-2.880906105041504,-5.14490270614624,1,5,71,7,male
-0.7084071636199951,0.6496154069900513,1,6,71,7,male
2.860886812210083,4.791569709777832,1,7,71,7,male
5.112441539764404,6.669492244720459,1,8,71,7,male
67.2031021118164,-13.603797912597656,1,9,71,7,male
-2.788200616836548,-9.414813995361328,1,0,72,0,male
-3.0440335273742676,-10.885705947875977,1,1,72,0,male
-5.5100579261779785,-11.64486312866211,1,2,72,0,male
-6.775872230529785,-11.10439395904541,1,3,72,0,male
-7.683324337005615,-9.552638053894043,1,4,72,0,male
-7.1566948890686035,-7.557697772979736,1,5,72,0,male
-6.741672039031982,-4.83112096786499,1,6,72,0,male
-4.840132713317871,-1.1132029294967651,1,7,72,0,male
1.0246148109436035,5.6578850746154785,1,8,72,0,male
4.313220977783203,7.4854302406311035,1,9,72,0,male
0.21567285060882568,-11.381278991699219,1,0,73,7,male
1.07545804977417,-12.868270874023438,1,1,73,7,male
0.677402138710022,-12.440067291259766,1,2,73,7,male
-0.738000214099884,-10.529950141906738,1,3,73,7,male
-2.081707000732422,-8.650979042053223,1,4,73,7,male
-2.6959993839263916,-6.280336856842041,1,5,73,7,male
-1.730796217918396,-1.10923433303833,1,6,73,7,male
1.8254598379135132,3.4697439670562744,1,7,73,7,male
4.378420829772949,6.14310359954834,1,8,73,7,male
67.38221740722656,-12.798782348632812,1,9,73,7,male
-8.823600769042969,-7.706519603729248,1,0,74,2,female
-9.555069923400879,-8.025914192199707,1,1,74,2,female
-9.41333293914795,-8.145133972167969,1,2,74,2,female
-8.090849876403809,-9.170488357543945,1,3,74,2,female
-6.712143421173096,-8.779634475708008,1,4,74,2,female
-6.13131856918335,-7.253211498260498,1,5,74,2,female
-5.27117395401001,-4.455082893371582,1,6,74,2,female
-0.46448367834091187,2.7958014011383057,1,7,74,2,female
2.964801549911499,5.571967124938965,1,8,74,2,female
5.061457633972168,6.736934185028076,1,9,74,2,female
-8.033306121826172,-10.471678733825684,1,0,75,6,female
-8.345709800720215,-10.847965240478516,1,1,75,6,female
-9.077495574951172,-10.014730453491211,1,2,75,6,female
-9.109400749206543,-9.283857345581055,1,3,75,6,female
-8.013969421386719,-7.746313095092773,1,4,75,6,female
-7.444491863250732,-5.369810104370117,1,5,75,6,female
-5.22147274017334,-1.2326990365982056,1,6,75,6,female
1.1588332653045654,5.849952697753906,1,7,75,6,female
4.147776126861572,7.612642765045166,1,8,75,6,female
67.15034484863281,-13.6693754196167,1,9,75,6,female
-7.843119144439697,-10.635246276855469,1,0,76,6,female
-8.424858093261719,-11.043669700622559,1,1,76,6,female
-8.895200729370117,-10.028362274169922,1,2,76,6,female
-8.739901542663574,-8.908414840698242,1,3,76,6,female
-7.775166988372803,-6.543139457702637,1,4,76,6,female
-6.193532943725586,-3.0634467601776123,1,5,76,6,female
-1.0699350833892822,3.687405586242676,1,6,76,6,female
2.278209924697876,6.43062686920166,1,7,76,6,female
4.797070026397705,7.8326945304870605,1,8,76,6,female
67.07304382324219,-13.314316749572754,1,9,76,6,female
0.2727521061897278,-11.456178665161133,1,0,77,7,male
0.953576385974884,-13.140204429626465,1,1,77,7,male
0.6326329708099365,-12.524624824523926,1,2,77,7,male
-0.22701507806777954,-10.460230827331543,1,3,77,7,male
-2.0534801483154297,-8.511568069458008,1,4,77,7,male
-2.499108076095581,-6.0951924324035645,1,5,77,7,male
-1.4630457162857056,-0.8092609643936157,1,6,77,7,male
2.277642250061035,3.8604483604431152,1,7,77,7,male
4.553124904632568,6.44528865814209,1,8,77,7,male
66.71222686767578,-12.446932792663574,1,9,77,7,male
-1.0583138465881348,-10.942207336425781,1,0,78,9,male
-1.4213329553604126,-13.175822257995605,1,1,78,9,male
-1.7022454738616943,-13.11057186126709,1,2,78,9,male
-1.5016396045684814,-12.306286811828613,1,3,78,9,male
-1.3795973062515259,-10.854628562927246,1,4,78,9,male
-2.109506130218506,-9.1006441116333,1,5,78,9,male
-2.6000149250030518,-6.731722354888916,1,6,78,9,male
-2.141371488571167,-2.18380069732666,1,7,78,9,male
1.287445306777954,2.800320863723755,1,8,78,9,male
4.250105857849121,5.856653690338135,1,9,78,9,male
-6.984498023986816,-12.171996116638184,1,0,79,11,female
-7.073221206665039,-12.915624618530273,1,1,79,11,female
-6.992311000823975,-12.889018058776855,1,2,79,11,female
-6.8500494956970215,-11.968396186828613,1,3,79,11,female
-6.3018012046813965,-10.294098854064941,1,4,79,11,female
-6.338045597076416,-7.638449192047119,1,5,79,11,female
-5.5797295570373535,-4.22612190246582,1,6,79,11,female
-0.823736310005188,3.334019899368286,1,7,79,11,female
2.507150650024414,6.324843406677246,1,8,79,11,female
4.859642505645752,7.82765007019043,1,9,79,11,female
-2.843205213546753,-9.755621910095215,1,0,80,0,male
-3.0911731719970703,-11.379107475280762,1,1,80,0,male
-5.560135364532471,-11.74622917175293,1,2,80,0,male
-6.740668773651123,-11.205109596252441,1,3,80,0,male
-8.099367141723633,-9.440524101257324,1,4,80,0,male
-7.291507244110107,-7.356015682220459,1,5,80,0,male
-6.5736260414123535,-4.452635765075684,1,6,80,0,male
-1.8469481468200684,2.816857099533081,1,7,80,0,male
1.5881599187850952,6.080125331878662,1,8,80,0,male
4.312159538269043,7.725235462188721,1,9,80,0,male
0.3293023109436035,-11.478265762329102,1,0,81,7,male
0.9986646175384521,-13.04944133758545,1,1,81,7,male
0.9980409145355225,-12.678254127502441,1,2,81,7,male
-0.17574696242809296,-10.392871856689453,1,3,81,7,male
-1.9763097763061523,-8.610213279724121,1,4,81,7,male
-2.7260661125183105,-6.3027567863464355,1,5,81,7,male
-1.9543625116348267,-1.4073983430862427,1,6,81,7,male
1.5154991149902344,3.2938098907470703,1,7,81,7,male
4.2753119468688965,6.26031494140625,1,8,81,7,male
67.33313751220703,-13.250844955444336,1,9,81,7,male
-0.8675516843795776,-11.364861488342285,1,0,82,9,male
-0.9434318542480469,-13.242231369018555,1,1,82,9,male
-1.0142345428466797,-13.404366493225098,1,2,82,9,male
-1.038305640220642,-12.880975723266602,1,3,82,9,male
-1.3531583547592163,-11.141448974609375,1,4,82,9,male
-2.082974433898926,-9.214634895324707,1,5,82,9,male
-2.730403423309326,-6.9005656242370605,1,6,82,9,male
-2.27850079536438,-1.8876605033874512,1,7,82,9,male
1.3241007328033447,3.065424680709839,1,8,82,9,male
4.170692443847656,6.075155735015869,1,9,82,9,male
-9.37246036529541,-7.173825263977051,1,0,83,2,female
-9.397209167480469,-7.533391952514648,1,1,83,2,female
-8.314213752746582,-8.354734420776367,1,2,83,2,female
-7.046597003936768,-8.503887176513672,1,3,83,2,female
-6.498653411865234,-7.2874369621276855,1,4,83,2,female
-5.53951358795166,-5.138413429260254,1,5,83,2,female
-1.22093665599823,2.155259609222412,1,6,83,2,female
1.7564423084259033,5.039923191070557,1,7,83,2,female
4.504439830780029,6.886530876159668,1,8,83,2,female
66.8243408203125,-12.3907470703125,1,9,83,2,female
-7.792910099029541,-10.059269905090332,1,0,84,6,female
-7.99558162689209,-10.309127807617188,1,1,84,6,female
-8.91369915008545,-9.786264419555664,1,2,84,6,female
-9.141944885253906,-9.346556663513184,1,3,84,6,female
-8.393353462219238,-8.180550575256348,1,4,84,6,female
-8.03342056274414,-6.2574310302734375,1,5,84,6,female
-6.423787593841553,-3.457301616668701,1,6,84,6,female
-1.764428734779358,2.9455325603485107,1,7,84,6,female
1.3995282649993896,5.996354579925537,1,8,84,6,female
4.291158199310303,7.810622692108154,1,9,84,6,female
-2.143528699874878,-11.446635246276855,1,0,85,1,male
-2.226956605911255,-12.73642349243164,1,1,85,1,male
-3.1696150302886963,-12.050050735473633,1,2,85,1,male
-3.2448081970214844,-10.994647026062012,1,3,85,1,male
-2.9899284839630127,-9.590372085571289,1,4,85,1,male
-3.4290611743927,-7.578126907348633,1,5,85,1,male
-3.5472466945648193,-3.442505359649658,1,6,85,1,male
0.2393602728843689,2.883044719696045,1,7,85,1,male
3.4032528400421143,6.0860395431518555,1,8,85,1,male
66.66218566894531,-12.311984062194824,1,9,85,1,male
-6.4199137687683105,-12.08052921295166,1,0,86,11,female
-6.409708023071289,-12.95461654663086,1,1,86,11,female
-5.945582866668701,-12.48000717163086,1,2,86,11,female
-5.8950066566467285,-11.525142669677734,1,3,86,11,female
-6.232609748840332,-9.673458099365234,1,4,86,11,female
-6.196377754211426,-7.265466213226318,1,5,86,11,female
-5.389856815338135,-4.081465721130371,1,6,86,11,female
-0.5344180464744568,3.4167845249176025,1,7,86,11,female
3.1086082458496094,6.5217814445495605,1,8,86,11,female
66.5555419921875,-12.45393180847168,1,9,86,11,female
0.17865590751171112,-11.322656631469727,1,0,87,7,male
0.8602210283279419,-13.156988143920898,1,1,87,7,male
-0.21266449987888336,-13.072904586791992,1,2,87,7,male
-1.3251253366470337,-11.005439758300781,1,3,87,7,male
-2.552325487136841,-8.990748405456543,1,4,87,7,male
-3.6626012325286865,-6.420139312744141,1,5,87,7,male
-2.420086622238159,-1.0038188695907593,1,6,87,7,male
1.582098364830017,3.7961504459381104,1,7,87,7,male
4.519323348999023,6.384598255157471,1,8,87,7,male
67.21537780761719,-13.056689262390137,1,9,87,7,male
-7.012532711029053,-10.44033145904541,1,0,88,3,female
-7.7349395751953125,-11.24668025970459,1,1,88,3,female
-8.123493194580078,-11.306158065795898,1,2,88,3,female
-8.515328407287598,-10.100253105163574,1,3,88,3,female
-7.338817119598389,-7.981480121612549,1,4,88,3,female
-6.595252513885498,-4.885097980499268,1,5,88,3,female
-1.8899574279785156,2.7594709396362305,1,6,88,3,female
1.711194634437561,6.083402156829834,1,7,88,3,female
4.530665874481201,7.652613639831543,1,8,88,3,female
67.27653503417969,-13.524617195129395,1,9,88,3,female
-2.523730754852295,-9.613569259643555,1,0,89,0,male
-2.6862080097198486,-11.208338737487793,1,1,89,0,male
-3.782938003540039,-11.480142593383789,1,2,89,0,male
-6.3199591636657715,-10.683490753173828,1,3,89,0,male
-7.368657112121582,-8.965373039245605,1,4,89,0,male
-6.839004993438721,-7.104857921600342,1,5,89,0,male
-6.348946571350098,-4.214526176452637,1,6,89,0,male
-1.7488933801651,2.9456746578216553,1,7,89,0,male
1.8423516750335693,6.211975574493408,1,8,89,0,male
4.4579973220825195,7.652392864227295,1,9,89,0,male
-0.5433875918388367,-10.115741729736328,1,0,90,8,male
-0.06491991877555847,-12.929847717285156,1,1,90,8,male
-0.3559589982032776,-13.019049644470215,1,2,90,8,male
-1.3989472389221191,-12.10180377960205,1,3,90,8,male
-1.742688775062561,-10.077240943908691,1,4,90,8,male
-2.4126808643341064,-7.625955581665039,1,5,90,8,male
-2.8482255935668945,-3.903672695159912,1,6,90,8,male
0.4142870306968689,2.084463357925415,1,7,90,8,male
3.5174853801727295,5.6453633308410645,1,8,90,8,male
66.64972686767578,-13.10734748840332,1,9,90,8,male
-1.179258942604065,-11.208985328674316,1,0,91,9,male
-1.185105562210083,-13.160965919494629,1,1,91,9,male
-1.0928199291229248,-13.366463661193848,1,2,91,9,male
-0.9723404049873352,-13.00039291381836,1,3,91,9,male
-1.1480071544647217,-11.48413372039795,1,4,91,9,male
-1.4209848642349243,-9.957629203796387,1,5,91,9,male
-2.2844793796539307,-7.474737644195557,1,6,91,9,male
-2.761455774307251,-4.401564598083496,1,7,91,9,male
0.35359135270118713,1.9474196434020996,1,8,91,9,male
3.4395182132720947,5.697771072387695,1,9,91,9,male
-6.731749534606934,-12.208630561828613,1,0,92,11,female
-6.689444065093994,-13.050081253051758,1,1,92,11,female
-6.612593173980713,-13.004961013793945,1,2,92,11,female
-6.36266565322876,-12.539754867553711,1,3,92,11,female
-6.307663440704346,-11.817286491394043,1,4,92,11,female
-6.2150492668151855,-10.514118194580078,1,5,92,11,female
-6.119448184967041,-7.8563971519470215,1,6,92,11,female
-5.597781181335449,-5.068562030792236,1,7,92,11,female
-1.1320264339447021,2.6693179607391357,1,8,92,11,female
2.160972833633423,5.758753776550293,1,9,92,11,female
-0.5522977709770203,-10.192605018615723,1,0,93,8,male
-0.40316319465637207,-13.149770736694336,1,1,93,8,male
-0.8098729848861694,-12.880572319030762,1,2,93,8,male
-1.5574158430099487,-11.71988582611084,1,3,93,8,male
-2.3678345680236816,-9.388995170593262,1,4,93,8,male
-3.17500901222229,-6.933821201324463,1,5,93,8,male
-2.5585122108459473,-2.004051923751831,1,6,93,8,male
1.1493916511535645,3.129835605621338,1,7,93,8,male
3.91176176071167,5.983144760131836,1,8,93,8,male
66.5315933227539,-12.576643943786621,1,9,93,8,male
-8.215578079223633,-10.48682975769043,1,0,94,10,female
-8.467299461364746,-11.161434173583984,1,1,94,10,female
-8.99111557006836,-11.160202980041504,1,2,94,10,female
-9.46495532989502,-10.719017028808594,1,3,94,10,female
-9.242398262023926,-9.73919677734375,1,4,94,10,female
-8.109211921691895,-7.855807781219482,1,5,94,10,female
-7.307778835296631,-5.114615440368652,1,6,94,10,female
-4.954939365386963,-0.8819814920425415,1,7,94,10,female
1.5228290557861328,6.045774459838867,1,8,94,10,female
4.4246721267700195,7.642088890075684,1,9,94,10,female
-2.5133473873138428,-11.35448932647705,1,0,95,1,male
-3.0593042373657227,-12.154106140136719,1,1,95,1,male
-3.327035427093506,-11.912693977355957,1,2,95,1,male
-3.321892738342285,-10.621912956237793,1,3,95,1,male
-3.1025750637054443,-8.868386268615723,1,4,95,1,male
-3.6999237537384033,-6.741172790527344,1,5,95,1,male
-2.9822752475738525,-2.26259183883667,1,6,95,1,male
0.19554230570793152,2.674929618835449,1,7,95,1,male
3.258969783782959,5.416922092437744,1,8,95,1,male
5.033880710601807,6.619067192077637,1,9,95,1,male
-2.4971446990966797,-11.042366981506348,1,0,96,1,male
-3.0475542545318604,-12.126842498779297,1,1,96,1,male
-3.271103858947754,-11.955252647399902,1,2,96,1,male
-3.3347585201263428,-10.780823707580566,1,3,96,1,male
-3.1015079021453857,-8.930887222290039,1,4,96,1,male
-3.6622886657714844,-6.7388014793396,1,5,96,1,male
-2.8384716510772705,-2.0229125022888184,1,6,96,1,male
0.6337361931800842,2.9134058952331543,1,7,96,1,male
3.3031954765319824,5.3807373046875,1,8,96,1,male
5.181649684906006,6.526260852813721,1,9,96,1,male
0.23097500205039978,-11.47249698638916,1,0,97,7,male
0.9489191770553589,-13.22046947479248,1,1,97,7,male
0.3811565935611725,-12.867051124572754,1,2,97,7,male
-1.2058799266815186,-11.123433113098145,1,3,97,7,male
-2.5235564708709717,-9.170453071594238,1,4,97,7,male
-3.6130146980285645,-6.8532233238220215,1,5,97,7,male
-2.6307294368743896,-1.4468531608581543,1,6,97,7,male
1.1357831954956055,3.458393096923828,1,7,97,7,male
3.9815359115600586,6.304948329925537,1,8,97,7,male
67.03691864013672,-12.299105644226074,1,9,97,7,male
-7.2602152824401855,-10.589953422546387,1,0,98,3,female
-8.020000457763672,-11.193927764892578,1,1,98,3,female
-8.219799041748047,-11.055802345275879,1,2,98,3,female
-8.60361099243164,-9.898723602294922,1,3,98,3,female
-7.50184440612793,-7.926384925842285,1,4,98,3,female
-7.101475715637207,-5.461945533752441,1,5,98,3,female
-5.110315799713135,-1.4047085046768188,1,6,98,3,female
0.6431310176849365,5.446176052093506,1,7,98,3,female
3.9123716354370117,7.567065715789795,1,8,98,3,female
66.67521667480469,-13.425540924072266,1,9,98,3,female
-6.873602867126465,-12.04133415222168,1,0,99,11,female
-6.889150619506836,-12.989580154418945,1,1,99,11,female
-6.747902870178223,-12.988849639892578,1,2,99,11,female
-6.873952865600586,-12.184917449951172,1,3,99,11,female
-6.464865207672119,-10.589191436767578,1,4,99,11,female
-6.960503101348877,-7.706735610961914,1,5,99,11,female
-6.302279949188232,-4.265077114105225,1,6,99,11,female
-1.1897534132003784,3.4948174953460693,1,7,99,11,female
2.254129409790039,6.346746444702148,1,8,99,11,female
4.7453837394714355,7.900954246520996,1,9,99,11,female
-1.5597680807113647,-9.25706958770752,2,0,100,9,male
-1.7336937189102173,-12.403407096862793,2,1,100,9,male
-1.6337326765060425,-12.72309684753418,2,2,100,9,male
-1.5654001235961914,-12.428438186645508,2,3,100,9,male
-1.4167211055755615,-10.701272010803223,2,4,100,9,male
-2.2603015899658203,-8.67889404296875,2,5,100,9,male
-2.730071783065796,-6.259281158447266,2,6,100,9,male
-1.5898690223693848,-0.9124315977096558,2,7,100,9,male
2.120784282684326,3.7107152938842773,2,8,100,9,male
4.62252950668335,6.263101100921631,2,9,100,9,male
-1.339324951171875,-9.113500595092773,2,0,101,9,male
-0.9787001609802246,-12.468345642089844,2,1,101,9,male
-0.6543851494789124,-12.904995918273926,2,2,101,9,male
-0.9622142910957336,-12.416694641113281,2,3,101,9,male
-1.1664828062057495,-10.549760818481445,2,4,101,9,male
-2.1006479263305664,-8.074040412902832,2,5,101,9,male
-2.940505027770996,-5.227989673614502,2,6,101,9,male
-0.596964955329895,0.7892233729362488,2,7,101,9,male
2.9897563457489014,4.938011646270752,2,8,101,9,male
4.958386421203613,6.680885314941406,2,9,101,9,male
-1.532877802848816,-8.26165771484375,2,0,102,8,male
-1.0936925411224365,-11.058379173278809,2,1,102,8,male
-1.1945922374725342,-12.31395149230957,2,2,102,8,male
-1.3775537014007568,-11.556071281433105,2,3,102,8,male
-2.0957372188568115,-9.15846061706543,2,4,102,8,male
-2.5036227703094482,-6.22784423828125,2,5,102,8,male
-1.4667876958847046,-0.9213283061981201,2,6,102,8,male
2.2149698734283447,3.767782688140869,2,7,102,8,male
4.635647296905518,6.315936088562012,2,8,102,8,male
66.715087890625,-12.977245330810547,2,9,102,8,male
-1.243391752243042,-8.584113121032715,2,0,103,7,male
0.13466776907444,-11.733317375183105,2,1,103,7,male
0.5298570990562439,-12.788331031799316,2,2,103,7,male
0.4250333607196808,-12.259852409362793,2,3,103,7,male
-0.3185538947582245,-10.371071815490723,2,4,103,7,male
-1.9733933210372925,-8.555872917175293,2,5,103,7,male
-2.480962038040161,-6.214731216430664,2,6,103,7,male
-1.6582423448562622,-1.1988275051116943,2,7,103,7,male
1.9312063455581665,3.366440534591675,2,8,103,7,male
4.503475666046143,6.04118013381958,2,9,103,7,male
-2.0532186031341553,-7.723940849304199,2,0,104,8,male
-1.2606035470962524,-10.564766883850098,2,1,104,8,male
-1.4552594423294067,-12.326416969299316,2,2,104,8,male
-1.4864250421524048,-11.984808921813965,2,3,104,8,male
-1.9312444925308228,-9.579668998718262,2,4,104,8,male
-2.4475369453430176,-7.016783714294434,2,5,104,8,male
-2.1915483474731445,-2.2632219791412354,2,6,104,8,male
1.4271516799926758,2.828991174697876,2,7,104,8,male
4.33753776550293,5.888060092926025,2,8,104,8,male
66.83499908447266,-13.339797019958496,2,9,104,8,male
-8.381156921386719,-8.918068885803223,2,0,105,6,female
-9.856329917907715,-11.280632972717285,2,1,105,6,female
-9.877983093261719,-11.065933227539062,2,2,105,6,female
-8.741673469543457,-8.865730285644531,2,3,105,6,female
-7.9676513671875,-6.247219085693359,2,4,105,6,female
-5.761887073516846,-2.212613344192505,2,5,105,6,female
0.05214770883321762,5.0512189865112305,2,6,105,6,female
3.5007259845733643,7.352902412414551,2,7,105,6,female
67.22674560546875,-13.686417579650879,2,8,105,6,female
67.19231414794922,-13.567645072937012,2,9,105,6,female
-2.9963035583496094,-9.676831245422363,2,0,106,1,male
-2.766918897628784,-11.96260929107666,2,1,106,1,male
-2.620342969894409,-12.023028373718262,2,2,106,1,male
-2.712401866912842,-10.245696067810059,2,3,106,1,male
-3.2016000747680664,-8.014973640441895,2,4,106,1,male
-3.7001709938049316,-4.0634260177612305,2,5,106,1,male
-0.09424775093793869,2.4336109161376953,2,6,106,1,male
3.0968551635742188,5.3779778480529785,2,7,106,1,male
4.849139213562012,7.037837982177734,2,8,106,1,male
66.70616912841797,-12.912906646728516,2,9,106,1,male
-6.700097560882568,-9.00681209564209,2,0,107,0,male
-7.892648220062256,-12.124369621276855,2,1,107,0,male
-9.595259666442871,-11.600675582885742,2,2,107,0,male
-9.018321990966797,-9.168851852416992,2,3,107,0,male
-8.020647048950195,-6.2521586418151855,2,4,107,0,male
-5.972886562347412,-2.3798675537109375,2,5,107,0,male
-0.017584694549441338,5.0658416748046875,2,6,107,0,male
3.526031732559204,7.381605625152588,2,7,107,0,male
67.11912536621094,-12.961892127990723,2,8,107,0,male
66.7001953125,-13.61707592010498,2,9,107,0,male
-8.494842529296875,-9.015884399414062,2,0,108,10,female
-9.860689163208008,-11.633265495300293,2,1,108,10,female
-9.909319877624512,-11.732324600219727,2,2,108,10,female
-9.685914039611816,-10.750289916992188,2,3,108,10,female
-8.61159896850586,-8.520268440246582,2,4,108,10,female
-7.421698093414307,-5.985031604766846,2,5,108,10,female
-5.407638072967529,-1.6717954874038696,2,6,108,10,female
0.5376685857772827,5.428112506866455,2,7,108,10,female
3.8659310340881348,7.596808433532715,2,8,108,10,female
67.14488220214844,-13.090298652648926,2,9,108,10,female
-9.722835540771484,-6.71685791015625,2,0,109,2,female
-10.623479843139648,-7.892564296722412,2,1,109,2,female
-10.490565299987793,-8.306812286376953,2,2,109,2,female
-8.355278015136719,-9.292909622192383,2,3,109,2,female
-6.817204475402832,-7.377437591552734,2,4,109,2,female
-5.42393159866333,-4.881170749664307,2,5,109,2,female
-0.8232752084732056,2.4290988445281982,2,6,109,2,female
2.27679181098938,5.21408224105835,2,7,109,2,female
4.711126804351807,6.967689037322998,2,8,109,2,female
67.2404556274414,-12.733627319335938,2,9,109,2,female
-6.533102512359619,-9.129379272460938,2,0,110,0,male
-7.50369119644165,-12.275139808654785,2,1,110,0,male
-7.920078277587891,-12.282975196838379,2,2,110,0,male
-8.852522850036621,-9.50949764251709,2,3,110,0,male
-7.865234851837158,-6.4689507484436035,2,4,110,0,male
-5.971442222595215,-2.5261178016662598,2,5,110,0,male
-0.15427032113075256,4.955939769744873,2,6,110,0,male
3.432281732559204,7.371012210845947,2,7,110,0,male
66.81671142578125,-13.391227722167969,2,8,110,0,male
66.76815032958984,-13.39655590057373,2,9,110,0,male
-8.333569526672363,-8.681021690368652,2,0,111,10,female
-9.89283275604248,-11.442142486572266,2,1,111,10,female
-9.958342552185059,-11.70693588256836,2,2,111,10,female
-9.98017406463623,-11.538812637329102,2,3,111,10,female
-9.217650413513184,-9.748092651367188,2,4,111,10,female
-7.768773078918457,-7.195831298828125,2,5,111,10,female
-6.511652946472168,-3.9558374881744385,2,6,111,10,female
-1.0056029558181763,3.7997043132781982,2,7,111,10,female
2.55202317237854,6.593721389770508,2,8,111,10,female
67.40900421142578,-12.443931579589844,2,9,111,10,female
-0.713491678237915,-10.325776100158691,2,0,112,7,male
-0.5778758525848389,-12.839120864868164,2,1,112,7,male
-1.4465702772140503,-12.630476951599121,2,2,112,7,male
-2.206594944000244,-11.89501667022705,2,3,112,7,male
-2.8285884857177734,-10.138153076171875,2,4,112,7,male
-3.2564775943756104,-8.195878028869629,2,5,112,7,male
-3.831620693206787,-4.908355712890625,2,6,112,7,male
-0.44444260001182556,1.9420363903045654,2,7,112,7,male
2.5751450061798096,5.054645538330078,2,8,112,7,male
4.963368892669678,6.730806350708008,2,9,112,7,male
-6.727328777313232,-8.735584259033203,2,0,113,3,female
-7.596838474273682,-11.895149230957031,2,1,113,3,female
-7.811039924621582,-12.34927749633789,2,2,113,3,female
-9.322057723999023,-11.248042106628418,2,3,113,3,female
-8.454567909240723,-8.990403175354004,2,4,113,3,female
-7.312821388244629,-6.521838665008545,2,5,113,3,female
-5.672933578491211,-2.6469876766204834,2,6,113,3,female
-0.11346269398927689,4.705560684204102,2,7,113,3,female
3.4352447986602783,7.227292537689209,2,8,113,3,female
66.92955017089844,-13.771675109863281,2,9,113,3,female
-9.783292770385742,-6.869191646575928,2,0,114,2,female
-10.615204811096191,-7.909542083740234,2,1,114,2,female
-10.25488567352295,-8.240257263183594,2,2,114,2,female
-8.03695297241211,-7.598995208740234,2,3,114,2,female
-6.519665718078613,-5.062695026397705,2,4,114,2,female
-1.4029958248138428,2.468668222427368,2,5,114,2,female
1.6312954425811768,5.227344989776611,2,6,114,2,female
4.569760799407959,7.016574859619141,2,7,114,2,female
66.65604400634766,-12.431525230407715,2,8,114,2,female
66.82371520996094,-13.68898868560791,2,9,114,2,female
-8.492910385131836,-9.116896629333496,2,0,115,10,female
-9.929304122924805,-11.66903018951416,2,1,115,10,female
-10.007415771484375,-11.70793628692627,2,2,115,10,female
-9.720321655273438,-10.712725639343262,2,3,115,10,female
-8.6041898727417,-8.520654678344727,2,4,115,10,female
-7.574233055114746,-5.948248386383057,2,5,115,10,female
-5.51018762588501,-1.7464938163757324,2,6,115,10,female
0.4005509614944458,5.331779479980469,2,7,115,10,female
3.8449790477752686,7.556760311126709,2,8,115,10,female
67.3343276977539,-13.542959213256836,2,9,115,10,female
-6.738790988922119,-9.052839279174805,2,0,116,3,female
-7.624750137329102,-12.198604583740234,2,1,116,3,female
-7.79769229888916,-12.46734619140625,2,2,116,3,female
-9.384725570678711,-11.0768461227417,2,3,116,3,female
-8.309409141540527,-8.594857215881348,2,4,116,3,female
-7.376251220703125,-6.150022983551025,2,5,116,3,female
-5.421562194824219,-1.8188987970352173,2,6,116,3,female
0.3669152557849884,5.187702655792236,2,7,116,3,female
3.6990737915039062,7.439120292663574,2,8,116,3,female
67.4408950805664,-13.540990829467773,2,9,116,3,female
-1.4043340682983398,-9.162834167480469,2,0,117,9,male
-1.6186589002609253,-12.458685874938965,2,1,117,9,male
-1.4556154012680054,-12.76203727722168,2,2,117,9,male
-1.1776541471481323,-12.383520126342773,2,3,117,9,male
-1.3536242246627808,-10.084486961364746,2,4,117,9,male
-2.2965455055236816,-7.487768173217773,2,5,117,9,male
-2.795785665512085,-3.811784505844116,2,6,117,9,male
0.4991963803768158,2.1086065769195557,2,7,117,9,male
3.4049301147460938,5.515688419342041,2,8,117,9,male
67.53319549560547,-12.86983585357666,2,9,117,9,male
-8.179170608520508,-8.816779136657715,2,0,118,10,female
-9.698992729187012,-11.508411407470703,2,1,118,10,female
-9.879992485046387,-11.766639709472656,2,2,118,10,female
-9.619721412658691,-11.03927993774414,2,3,118,10,female
-8.371086120605469,-8.714799880981445,2,4,118,10,female
-7.340007305145264,-6.140264511108398,2,5,118,10,female
-5.396701335906982,-1.8117660284042358,2,6,118,10,female
0.3581143021583557,5.1687421798706055,2,7,118,10,female
3.6829071044921875,7.397050380706787,2,8,118,10,female
66.88975524902344,-13.655068397521973,2,9,118,10,female
-8.540945053100586,-9.182676315307617,2,0,119,10,female
-9.904363632202148,-11.670852661132812,2,1,119,10,female
-9.92534065246582,-11.717604637145996,2,2,119,10,female
-9.597283363342285,-10.877523422241211,2,3,119,10,female
-8.306571960449219,-8.514607429504395,2,4,119,10,female
-7.192742824554443,-5.705237865447998,2,5,119,10,female
-5.100858211517334,-1.4001200199127197,2,6,119,10,female
0.9312493205070496,5.645915985107422,2,7,119,10,female
4.131389141082764,7.568648815155029,2,8,119,10,female
67.0881576538086,-13.803444862365723,2,9,119,10,female
-6.2999725341796875,-8.096468925476074,2,0,120,11,female
-6.557458400726318,-11.446995735168457,2,1,120,11,female
-6.463868618011475,-12.798666000366211,2,2,120,11,female
-6.136446952819824,-12.397202491760254,2,3,120,11,female
-6.071014881134033,-11.498644828796387,2,4,120,11,female
-6.0977630615234375,-10.080279350280762,2,5,120,11,female
-5.975142478942871,-7.694595813751221,2,6,120,11,female
-5.337137699127197,-5.152346134185791,2,7,120,11,female
-1.0746442079544067,2.4265189170837402,2,8,120,11,female
1.7188516855239868,5.894371509552002,2,9,120,11,female
-7.891605854034424,-8.240241050720215,2,0,121,6,female
-9.594797134399414,-11.00618839263916,2,1,121,6,female
-9.9762601852417,-11.18610954284668,2,2,121,6,female
-9.64141845703125,-10.225701332092285,2,3,121,6,female
-8.694969177246094,-8.330406188964844,2,4,121,6,female
-8.07431697845459,-5.861950874328613,2,5,121,6,female
-5.64442777633667,-1.758314609527588,2,6,121,6,female
0.21071720123291016,5.293145179748535,2,7,121,6,female
3.690732717514038,7.523623943328857,2,8,121,6,female
66.9126205444336,-13.245375633239746,2,9,121,6,female
-1.4930615425109863,-9.294421195983887,2,0,122,9,male
-1.7496352195739746,-12.57341480255127,2,1,122,9,male
-1.6362735033035278,-12.65930461883545,2,2,122,9,male
-1.7246370315551758,-12.446576118469238,2,3,122,9,male
-1.604152798652649,-10.507086753845215,2,4,122,9,male
-2.4261670112609863,-8.217182159423828,2,5,122,9,male
-3.1081204414367676,-5.313919544219971,2,6,122,9,male
-0.7566316723823547,0.6038392186164856,2,7,122,9,male
2.7429418563842773,4.591001510620117,2,8,122,9,male
4.909812927246094,6.553142070770264,2,9,122,9,male
-2.0625381469726562,-7.71411657333374,2,0,123,8,male
-1.239904761314392,-10.314051628112793,2,1,123,8,male
-1.2922399044036865,-12.104395866394043,2,2,123,8,male
-1.390095591545105,-11.605680465698242,2,3,123,8,male
-1.9206538200378418,-9.400745391845703,2,4,123,8,male
-2.431938409805298,-6.802143096923828,2,5,123,8,male
-2.0346157550811768,-2.181321382522583,2,6,123,8,male
1.4785722494125366,2.8632638454437256,2,7,123,8,male
4.319392204284668,5.867345809936523,2,8,123,8,male
66.98358154296875,-13.725764274597168,2,9,123,8,male
-6.413724899291992,-8.70582389831543,2,0,124,11,female
-6.551794052124023,-11.774415016174316,2,1,124,11,female
-6.386787414550781,-12.728930473327637,2,2,124,11,female
-6.260964870452881,-11.811259269714355,2,3,124,11,female
-6.137815475463867,-10.269026756286621,2,4,124,11,female
-6.1589250564575195,-8.304362297058105,2,5,124,11,female
-5.99031400680542,-6.1877055168151855,2,6,124,11,female
-4.733968257904053,-2.100395441055298,2,7,124,11,female
0.9571835994720459,4.840586185455322,2,8,124,11,female
4.216702938079834,6.7859368324279785,2,9,124,11,female
-9.740970611572266,-6.778897285461426,2,0,125,2,female
-10.643023490905762,-7.944790363311768,2,1,125,2,female
-10.481149673461914,-8.259647369384766,2,2,125,2,female
-7.6303391456604,-8.477076530456543,2,3,125,2,female
-6.342076778411865,-6.556224822998047,2,4,125,2,female
-4.895857810974121,-2.9346799850463867,2,5,125,2,female
0.5560974478721619,4.28020715713501,2,6,125,2,female
3.834116220474243,6.61358118057251,2,7,125,2,female
66.59163665771484,-12.56673526763916,2,8,125,2,female
67.49915313720703,-13.376259803771973,2,9,125,2,female
-1.6211905479431152,-8.51793098449707,2,0,126,8,male
-1.4362609386444092,-11.19028091430664,2,1,126,8,male
-1.5345871448516846,-12.295317649841309,2,2,126,8,male
-1.5097033977508545,-11.260698318481445,2,3,126,8,male
-2.333589792251587,-8.984482765197754,2,4,126,8,male
-3.011237859725952,-5.860785007476807,2,5,126,8,male
-1.1809393167495728,-0.061170704662799835,2,6,126,8,male
2.4971706867218018,4.293175220489502,2,7,126,8,male
4.826931953430176,6.494889736175537,2,8,126,8,male
66.81473541259766,-13.283791542053223,2,9,126,8,male
-9.738602638244629,-6.7781267166137695,2,0,127,2,female
-10.625044822692871,-8.002792358398438,2,1,127,2,female
-10.260931968688965,-8.398335456848145,2,2,127,2,female
-7.678779602050781,-7.877926349639893,2,3,127,2,female
-6.062083721160889,-5.540547847747803,2,4,127,2,female
-1.3400378227233887,2.1727845668792725,2,5,127,2,female
1.7069052457809448,5.0240607261657715,2,6,127,2,female
4.491311550140381,6.868452072143555,2,7,127,2,female
67.20886993408203,-13.646818161010742,2,8,127,2,female
67.1572036743164,-13.222935676574707,2,9,127,2,female
-8.428338050842285,-8.993738174438477,2,0,128,10,female
-9.864171981811523,-11.672039031982422,2,1,128,10,female
-9.909510612487793,-11.786247253417969,2,2,128,10,female
-9.897012710571289,-11.358213424682617,2,3,128,10,female
-8.727778434753418,-9.204675674438477,2,4,128,10,female
-7.623213768005371,-6.562848091125488,2,5,128,10,female
-5.84084415435791,-2.7020833492279053,2,6,128,10,female
-0.25290530920028687,4.666102409362793,2,7,128,10,female
3.3349578380584717,7.278100490570068,2,8,128,10,female
67.08224487304688,-12.901629447937012,2,9,128,10,female
-8.365716934204102,-8.949039459228516,2,0,129,10,female
-9.860520362854004,-11.580971717834473,2,1,129,10,female
-9.980144500732422,-11.741336822509766,2,2,129,10,female
-9.870699882507324,-11.101486206054688,2,3,129,10,female
-8.735799789428711,-8.885200500488281,2,4,129,10,female
-7.694263458251953,-6.35439395904541,2,5,129,10,female
-5.691215991973877,-2.2837166786193848,2,6,129,10,female
0.049865979701280594,4.947043418884277,2,7,129,10,female
3.508096933364868,7.1980791091918945,2,8,129,10,female
66.78936767578125,-12.83569622039795,2,9,129,10,female
-1.7697674036026,-8.301350593566895,2,0,130,8,male
-1.2541698217391968,-11.056538581848145,2,1,130,8,male
-1.45401132106781,-12.173040390014648,2,2,130,8,male
-1.4235625267028809,-11.279167175292969,2,3,130,8,male
-2.125210762023926,-9.11115837097168,2,4,130,8,male
-2.4298720359802246,-6.150519371032715,2,5,130,8,male
-1.4486757516860962,-0.840495765209198,2,6,130,8,male
2.2020764350891113,3.6821341514587402,2,7,130,8,male
4.533872127532959,6.166370868682861,2,8,130,8,male
67.17671966552734,-12.893349647521973,2,9,130,8,male
-8.320802688598633,-9.076272964477539,2,0,131,6,female
-9.738149642944336,-11.206052780151367,2,1,131,6,female
-9.714056968688965,-10.77215576171875,2,2,131,6,female
-8.592720031738281,-8.575055122375488,2,3,131,6,female
-7.482714653015137,-5.749828338623047,2,4,131,6,female
-5.238144397735596,-1.3448084592819214,2,5,131,6,female
0.8739383220672607,5.6195173263549805,2,6,131,6,female
4.004520893096924,7.613764762878418,2,7,131,6,female
67.1592788696289,-13.1239013671875,2,8,131,6,female
66.94448852539062,-13.338067054748535,2,9,131,6,female
-9.915308952331543,-6.927420616149902,2,0,132,2,female
-10.586618423461914,-7.854642868041992,2,1,132,2,female
-10.409337997436523,-8.100984573364258,2,2,132,2,female
-8.144732475280762,-8.7747802734375,2,3,132,2,female
-6.723503589630127,-6.867862701416016,2,4,132,2,female
-5.553778648376465,-4.5300469398498535,2,5,132,2,female
-1.0101321935653687,2.657148838043213,2,6,132,2,female
2.0774412155151367,5.285656929016113,2,7,132,2,female
4.725892543792725,7.031711578369141,2,8,132,2,female
67.38705444335938,-12.858010292053223,2,9,132,2,female
-1.5531355142593384,-8.09938907623291,2,0,133,7,male
-0.3174244463443756,-11.319709777832031,2,1,133,7,male
-0.13693241775035858,-13.02934741973877,2,2,133,7,male
-0.7321226000785828,-12.625288009643555,2,3,133,7,male
-1.5393848419189453,-11.002944946289062,2,4,133,7,male
-2.620652914047241,-9.293261528015137,2,5,133,7,male
-3.5699057579040527,-6.850156307220459,2,6,133,7,male
-2.7179527282714844,-1.8288371562957764,2,7,133,7,male
0.8696905374526978,3.1498517990112305,2,8,133,7,male
3.9242215156555176,6.156431198120117,2,9,133,7,male
-6.110664367675781,-7.465149402618408,2,0,134,11,female
-6.572982311248779,-10.871438980102539,2,1,134,11,female
-6.601273059844971,-12.955045700073242,2,2,134,11,female
-6.490692615509033,-12.912930488586426,2,3,134,11,female
-6.198861122131348,-11.931602478027344,2,4,134,11,female
-6.203039646148682,-10.57012939453125,2,5,134,11,female
-6.115501880645752,-8.510485649108887,2,6,134,11,female
-5.828296661376953,-6.184177398681641,2,7,134,11,female
-4.6075263023376465,-1.9035946130752563,2,8,134,11,female
1.1722544431686401,5.180295944213867,2,9,134,11,female
-7.867321491241455,-8.541967391967773,2,0,135,6,female
-9.545614242553711,-11.061498641967773,2,1,135,6,female
-9.99371337890625,-11.313657760620117,2,2,135,6,female
-9.76408576965332,-10.36974811553955,2,3,135,6,female
-8.85660457611084,-8.534440994262695,2,4,135,6,female
-8.103233337402344,-6.061311721801758,2,5,135,6,female
-5.775425910949707,-2.046211004257202,2,6,135,6,female
0.15015418827533722,5.2693772315979,2,7,135,6,female
3.481560468673706,7.414488315582275,2,8,135,6,female
67.3121109008789,-13.399507522583008,2,9,135,6,female
-0.9817236661911011,-8.994158744812012,2,0,136,7,male
0.25228628516197205,-12.269889831542969,2,1,136,7,male
-0.03155883401632309,-12.898943901062012,2,2,136,7,male
-1.192431926727295,-11.279070854187012,2,3,136,7,male
-2.253161907196045,-9.267765998840332,2,4,136,7,male
-3.0446419715881348,-6.9293060302734375,2,5,136,7,male
-2.5656814575195312,-2.067925214767456,2,6,136,7,male
0.8016288876533508,2.9786810874938965,2,7,136,7,male
3.9902286529541016,5.958702087402344,2,8,136,7,male
67.10792541503906,-12.428990364074707,2,9,136,7,male
-6.272364139556885,-8.697617530822754,2,0,137,0,male
-7.031933307647705,-11.852871894836426,2,1,137,0,male
-7.618343353271484,-12.544709205627441,2,2,137,0,male
-9.39633560180664,-11.246724128723145,2,3,137,0,male
-8.401273727416992,-8.428558349609375,2,4,137,0,male
-7.307063579559326,-5.351770401000977,2,5,137,0,male
-4.984224319458008,-1.0086957216262817,2,6,137,0,male
1.4049293994903564,6.07647180557251,2,7,137,0,male
4.293112754821777,7.797452926635742,2,8,137,0,male
67.15673065185547,-13.43381404876709,2,9,137,0,male
-2.159311532974243,-7.403294563293457,2,0,138,8,male
-1.1560403108596802,-10.326504707336426,2,1,138,8,male
-1.4505360126495361,-12.348271369934082,2,2,138,8,male
-1.543631911277771,-12.062270164489746,2,3,138,8,male
-1.7807772159576416,-9.92230224609375,2,4,138,8,male
-2.416837692260742,-7.115262031555176,2,5,138,8,male
-2.38503098487854,-2.7639224529266357,2,6,138,8,male
1.0299330949783325,2.488621234893799,2,7,138,8,male
3.9167492389678955,5.657714366912842,2,8,138,8,male
67.1447982788086,-13.042031288146973,2,9,138,8,male
-6.10659122467041,-7.5685014724731445,2,0,139,11,female
-6.538061141967773,-11.024687767028809,2,1,139,11,female
-6.488767147064209,-13.006914138793945,2,2,139,11,female
-6.458685874938965,-13.032674789428711,2,3,139,11,female
-6.232837677001953,-12.287820816040039,2,4,139,11,female
-6.235835075378418,-10.715078353881836,2,5,139,11,female
-6.100245952606201,-8.61699104309082,2,6,139,11,female
-6.002391338348389,-6.439652442932129,2,7,139,11,female
-4.850846290588379,-2.4552371501922607,2,8,139,11,female
0.48668909072875977,4.525944709777832,2,9,139,11,female
-9.69493293762207,-6.813502788543701,2,0,140,2,female
-10.67060661315918,-8.026226997375488,2,1,140,2,female
-10.463851928710938,-8.31875991821289,2,2,140,2,female
-8.09381103515625,-8.90253734588623,2,3,140,2,female
-6.7146148681640625,-7.026585102081299,2,4,140,2,female
-5.229242324829102,-3.516820192337036,2,5,140,2,female
-0.2932598292827606,3.450774669647217,2,6,140,2,female
3.330986499786377,6.152473449707031,2,7,140,2,female
5.162130355834961,6.872000217437744,2,8,140,2,female
67.14529418945312,-13.345985412597656,2,9,140,2,female
-3.389073371887207,-9.892912864685059,2,0,141,1,male
-3.4077045917510986,-12.123745918273926,2,1,141,1,male
-3.1920881271362305,-12.065762519836426,2,2,141,1,male
-3.005246639251709,-10.07362174987793,2,3,141,1,male
-3.4337430000305176,-7.699204921722412,2,4,141,1,male
-3.568906307220459,-3.4729416370391846,2,5,141,1,male
0.17076976597309113,2.7517523765563965,2,6,141,1,male
3.241854190826416,5.816653728485107,2,7,141,1,male
66.48609924316406,-12.222867012023926,2,8,141,1,male
66.85432434082031,-13.74323558807373,2,9,141,1,male
-9.907403945922852,-6.837000370025635,2,0,142,2,female
-10.578071594238281,-7.902315616607666,2,1,142,2,female
-9.584427833557129,-8.635143280029297,2,2,142,2,female
-7.86159610748291,-7.648818016052246,2,3,142,2,female
-6.328000545501709,-5.148220062255859,2,4,142,2,female
-1.3141483068466187,2.300734519958496,2,5,142,2,female
1.7419465780258179,5.156955718994141,2,6,142,2,female
4.611352443695068,6.966663837432861,2,7,142,2,female
67.36552429199219,-12.960281372070312,2,8,142,2,female
66.63347625732422,-13.351679801940918,2,9,142,2,female
-1.4802367687225342,-8.514559745788574,2,0,143,8,male
-0.96401047706604,-11.37294864654541,2,1,143,8,male
-1.3972039222717285,-12.293614387512207,2,2,143,8,male
-1.4478400945663452,-11.41162109375,2,3,143,8,male
-2.2266414165496826,-9.134589195251465,2,4,143,8,male
-2.731233596801758,-6.10923957824707,2,5,143,8,male
-1.4484319686889648,-0.6661343574523926,2,6,143,8,male
2.289484739303589,3.8931093215942383,2,7,143,8,male
4.6698431968688965,6.25618314743042,2,8,143,8,male
66.51348876953125,-13.430643081665039,2,9,143,8,male
-9.938199996948242,-6.901202201843262,2,0,144,2,female
-10.585429191589355,-7.857512950897217,2,1,144,2,female
-10.045955657958984,-8.29524040222168,2,2,144,2,female
-8.037919044494629,-7.752572536468506,2,3,144,2,female
-6.526125907897949,-5.359572410583496,2,4,144,2,female
-4.67290735244751,-1.7278722524642944,2,5,144,2,female
1.079703688621521,5.042425155639648,2,6,144,2,female
4.2434282302856445,7.183441162109375,2,7,144,2,female
66.7264175415039,-12.62560749053955,2,8,144,2,female
67.45723724365234,-13.347786903381348,2,9,144,2,female
-1.3961353302001953,-9.514989852905273,2,0,145,9,male
-1.593543291091919,-12.656256675720215,2,1,145,9,male
-1.3577706813812256,-12.828103065490723,2,2,145,9,male
-1.139506459236145,-12.463017463684082,2,3,145,9,male
-1.2196130752563477,-10.954375267028809,2,4,145,9,male
-2.0296671390533447,-8.931724548339844,2,5,145,9,male
-2.850785732269287,-6.5091423988342285,2,6,145,9,male
-1.9649672508239746,-1.4281023740768433,2,7,145,9,male
1.6791496276855469,3.289088487625122,2,8,145,9,male
4.482863426208496,6.227806568145752,2,9,145,9,male
-1.4642066955566406,-9.079602241516113,2,0,146,9,male
-1.4089491367340088,-12.475404739379883,2,1,146,9,male
-1.2893661260604858,-12.885958671569824,2,2,146,9,male
-1.100493311882019,-12.499406814575195,2,3,146,9,male
-1.2580128908157349,-10.47523021697998,2,4,146,9,male
-2.204667091369629,-8.039270401000977,2,5,146,9,male
-2.9888854026794434,-5.198469638824463,2,6,146,9,male
-0.6256629824638367,0.7657148838043213,2,7,146,9,male
2.909785509109497,4.835212230682373,2,8,146,9,male
5.098520278930664,6.636224746704102,2,9,146,9,male
-6.381073951721191,-8.64643669128418,2,0,147,11,female
-6.837948799133301,-12.043804168701172,2,1,147,11,female
-6.93527364730835,-12.946688652038574,2,2,147,11,female
-7.061105728149414,-12.633824348449707,2,3,147,11,female
-6.485757350921631,-11.237133979797363,2,4,147,11,female
-6.546906471252441,-8.803781509399414,2,5,147,11,female
-6.244348526000977,-6.439018726348877,2,6,147,11,female
-4.958677768707275,-2.366029739379883,2,7,147,11,female
0.6426882743835449,4.980919361114502,2,8,147,11,female
3.895181655883789,7.133719444274902,2,9,147,11,female
-7.838078022003174,-9.227631568908691,2,0,148,3,female
-8.135224342346191,-12.122796058654785,2,1,148,3,female
-9.494562149047852,-11.881915092468262,2,2,148,3,female
-9.513802528381348,-10.852697372436523,2,3,148,3,female
-8.375422477722168,-8.599449157714844,2,4,148,3,female
-7.233758926391602,-6.082144260406494,2,5,148,3,female
-5.464003086090088,-2.1937124729156494,2,6,148,3,female
0.20610566437244415,4.913039207458496,2,7,148,3,female
3.6285898685455322,7.331048488616943,2,8,148,3,female
66.7685775756836,-13.564740180969238,2,9,148,3,female
-9.831816673278809,-6.73607873916626,2,0,149,2,female
-10.618096351623535,-7.82174015045166,2,1,149,2,female
-10.441332817077637,-8.139750480651855,2,2,149,2,female
-8.225930213928223,-8.355972290039062,2,3,149,2,female
-6.781651020050049,-6.144598960876465,2,4,149,2,female
-4.963202476501465,-2.4595682621002197,2,5,149,2,female
0.6799251437187195,4.559734344482422,2,6,149,2,female
3.9805874824523926,6.848759174346924,2,7,149,2,female
66.9909896850586,-12.588909149169922,2,8,149,2,female
67.154541015625,-13.220829010009766,2,9,149,2,female
-6.119844913482666,-6.98405647277832,3,0,150,0,male
-6.519808769226074,-10.2514066696167,3,1,150,0,male
-7.506509780883789,-12.45300579071045,3,2,150,0,male
-8.002995491027832,-12.387736320495605,3,3,150,0,male
-9.890933990478516,-11.135972023010254,3,4,150,0,male
-9.048645973205566,-9.052264213562012,3,5,150,0,male
-8.017707824707031,-6.326845645904541,3,6,150,0,male
-6.146044731140137,-2.6871283054351807,3,7,150,0,male
-0.2836754322052002,4.806899547576904,3,8,150,0,male
3.3620784282684326,7.283517837524414,3,9,150,0,male
-2.5371155738830566,-6.137343883514404,3,0,151,7,male
-0.6436863541603088,-9.589864730834961,3,1,151,7,male
0.5155357122421265,-12.834610939025879,3,2,151,7,male
0.28465405106544495,-13.015731811523438,3,3,151,7,male
-1.2710477113723755,-12.266759872436523,3,4,151,7,male
-2.5972700119018555,-10.238642692565918,3,5,151,7,male
-3.237034320831299,-8.202948570251465,3,6,151,7,male
-3.864973306655884,-4.5339741706848145,3,7,151,7,male
-0.3047768175601959,2.2535958290100098,3,8,151,7,male
2.796168804168701,5.314184188842773,3,9,151,7,male
-6.028285026550293,-7.443312644958496,3,0,152,0,male
-6.280592441558838,-10.987223625183105,3,1,152,0,male
-6.291833877563477,-12.945150375366211,3,2,152,0,male
-6.752479553222656,-12.854235649108887,3,3,152,0,male
-9.145084381103516,-10.99930191040039,3,4,152,0,male
-8.613590240478516,-8.477714538574219,3,5,152,0,male
-7.932941913604736,-5.585758209228516,3,6,152,0,male
-5.428955554962158,-1.4409204721450806,3,7,152,0,male
0.8483373522758484,5.735718250274658,3,8,152,0,male
4.099355220794678,7.70625114440918,3,9,152,0,male
-6.648753643035889,-11.045190811157227,3,0,153,11,female
-7.161859512329102,-12.844390869140625,3,1,153,11,female
-7.1824727058410645,-12.894978523254395,3,2,153,11,female
-7.35543155670166,-12.609037399291992,3,3,153,11,female
-6.719615459442139,-11.078385353088379,3,4,153,11,female
-6.811230182647705,-8.802957534790039,3,5,153,11,female
-6.770174980163574,-6.619434356689453,3,6,153,11,female
-5.541306495666504,-2.9461071491241455,3,7,153,11,female
-0.1938581019639969,4.31509256362915,3,8,153,11,female
3.3263723850250244,7.152515411376953,3,9,153,11,female
-2.8000686168670654,-8.23906135559082,3,0,154,1,male
-2.5960981845855713,-11.226288795471191,3,1,154,1,male
-2.9098877906799316,-12.1724271774292,3,2,154,1,male
-2.9040138721466064,-11.784153938293457,3,3,154,1,male
-2.8400211334228516,-9.842025756835938,3,4,154,1,male
-3.4253106117248535,-7.588273525238037,3,5,154,1,male
-3.597590208053589,-3.528186559677124,3,6,154,1,male
-0.058655381202697754,2.80484938621521,3,7,154,1,male
3.0714147090911865,5.835021018981934,3,8,154,1,male
5.131542205810547,7.0496063232421875,3,9,154,1,male
-9.568922996520996,-11.153814315795898,3,0,155,10,female
-9.90635871887207,-11.696191787719727,3,1,155,10,female
-9.933904647827148,-11.472270011901855,3,2,155,10,female
-9.603182792663574,-10.353062629699707,3,3,155,10,female
-8.543667793273926,-8.41510009765625,3,4,155,10,female
-7.719786643981934,-5.96626091003418,3,5,155,10,female
-5.590091705322266,-1.8633105754852295,3,6,155,10,female
0.16909529268741608,5.1633405685424805,3,7,155,10,female
3.5856106281280518,7.422176361083984,3,8,155,10,female
66.94005584716797,-13.613101959228516,3,9,155,10,female
-6.281888484954834,-8.139528274536133,3,0,156,0,male
-6.8947224617004395,-11.40235424041748,3,1,156,0,male
-7.445641040802002,-12.649916648864746,3,2,156,0,male
-7.841811656951904,-12.375792503356934,3,3,156,0,male
-9.510697364807129,-10.595357894897461,3,4,156,0,male
-8.336543083190918,-8.117602348327637,3,5,156,0,male
-7.634511947631836,-5.5152459144592285,3,6,156,0,male
-5.316833972930908,-1.3488517999649048,3,7,156,0,male
0.8075574636459351,5.671633720397949,3,8,156,0,male
4.0523552894592285,7.680393218994141,3,9,156,0,male
-1.6197681427001953,-8.393939971923828,3,0,157,7,male
0.2105056196451187,-11.272650718688965,3,1,157,7,male
0.48193690180778503,-12.841142654418945,3,2,157,7,male
-0.5283299088478088,-12.279151916503906,3,3,157,7,male
-1.785206913948059,-10.512541770935059,3,4,157,7,male
-2.923065662384033,-8.434860229492188,3,5,157,7,male
-3.8270375728607178,-5.885641574859619,3,6,157,7,male
-1.835774540901184,-0.08842077106237411,3,7,157,7,male
2.2195937633514404,4.402320861816406,3,8,157,7,male
4.700801849365234,6.511173725128174,3,9,157,7,male
-9.526700019836426,-7.150290012359619,3,0,158,2,female
-10.615032196044922,-8.174771308898926,3,1,158,2,female
-10.581313133239746,-8.250006675720215,3,2,158,2,female
-8.869518280029297,-9.519445419311523,3,3,158,2,female
-6.934746742248535,-8.13459300994873,3,4,158,2,female
-5.993949890136719,-6.17142915725708,3,5,158,2,female
-4.759587287902832,-2.648421049118042,3,6,158,2,female
1.0541703701019287,4.447711944580078,3,7,158,2,female
4.304481029510498,6.650468349456787,3,8,158,2,female
66.87448120117188,-12.577942848205566,3,9,158,2,female
-1.385942816734314,-9.475628852844238,3,0,159,9,male
-1.681636929512024,-12.6003999710083,3,1,159,9,male
-1.6654495000839233,-12.711607933044434,3,2,159,9,male
-1.657838225364685,-12.350053787231445,3,3,159,9,male
-1.4248772859573364,-10.978139877319336,3,4,159,9,male
-2.0128231048583984,-9.299506187438965,3,5,159,9,male
-2.6329450607299805,-7.0457587242126465,3,6,159,9,male
-2.55361270904541,-2.5920803546905518,3,7,159,9,male
0.8316066861152649,2.760098457336426,3,8,159,9,male
3.881758689880371,5.940696716308594,3,9,159,9,male
-9.584188461303711,-6.669283866882324,3,0,160,2,female
-10.412690162658691,-7.543825149536133,3,1,160,2,female
-10.551006317138672,-7.870328426361084,3,2,160,2,female
-9.034378051757812,-8.779637336730957,3,3,160,2,female
-7.261538028717041,-7.724411964416504,3,4,160,2,female
-6.083623886108398,-6.005916118621826,3,5,160,2,female
-4.746437072753906,-2.301563024520874,3,6,160,2,female
1.0722548961639404,4.796390533447266,3,7,160,2,female
4.106772422790527,7.000118255615234,3,8,160,2,female
67.34823608398438,-13.011363983154297,3,9,160,2,female
-6.2863874435424805,-8.445611953735352,3,0,161,0,male
-6.970530033111572,-11.695560455322266,3,1,161,0,male
-7.422563076019287,-12.6687593460083,3,2,161,0,male
-7.782718658447266,-12.44601058959961,3,3,161,0,male
-9.542774200439453,-10.996706008911133,3,4,161,0,male
-8.896924018859863,-8.702098846435547,3,5,161,0,male
-7.969822406768799,-6.1472368240356445,3,6,161,0,male
-5.665891170501709,-1.897865891456604,3,7,161,0,male
0.19288012385368347,5.281216144561768,3,8,161,0,male
3.558011293411255,7.492608070373535,3,9,161,0,male
-6.5158796310424805,-9.229339599609375,3,0,162,11,female
-7.331202030181885,-12.601213455200195,3,1,162,11,female
-7.272726058959961,-12.840606689453125,3,2,162,11,female
-7.303040504455566,-12.797470092773438,3,3,162,11,female
-7.144179821014404,-12.253206253051758,3,4,162,11,female
-6.48569393157959,-11.05811882019043,3,5,162,11,female
-6.703391075134277,-8.633021354675293,3,6,162,11,female
-6.109647750854492,-6.014955997467041,3,7,162,11,female
-4.783672332763672,-1.651971697807312,3,8,162,11,female
0.9230543971061707,5.445312023162842,3,9,162,11,female
-9.514055252075195,-11.14743709564209,3,0,163,10,female
-9.934671401977539,-11.699869155883789,3,1,163,10,female
-9.757867813110352,-11.197220802307129,3,2,163,10,female
-9.156538009643555,-9.85969066619873,3,3,163,10,female
-7.966426849365234,-7.839995861053467,3,4,163,10,female
-7.1679463386535645,-5.605202674865723,3,5,163,10,female
-5.084253787994385,-1.5194576978683472,3,6,163,10,female
0.7677523493766785,5.480248928070068,3,7,163,10,female
4.003964900970459,7.523486137390137,3,8,163,10,female
66.54493713378906,-13.528404235839844,3,9,163,10,female
-2.6658308506011963,-8.46745777130127,3,0,164,1,male
-2.827089309692383,-11.309696197509766,3,1,164,1,male
-2.9453413486480713,-12.144083976745605,3,2,164,1,male
-2.807912826538086,-11.62347412109375,3,3,164,1,male
-2.955512523651123,-9.700907707214355,3,4,164,1,male
-3.4902868270874023,-7.421961307525635,3,5,164,1,male
-3.388847827911377,-2.994091033935547,3,6,164,1,male
0.6738726496696472,3.0487732887268066,3,7,164,1,male
3.9310896396636963,6.19403600692749,3,8,164,1,male
67.20687103271484,-12.907753944396973,3,9,164,1,male
-9.547293663024902,-6.724334716796875,3,0,165,2,female
-10.606485366821289,-8.007933616638184,3,1,165,2,female
-10.619413375854492,-8.195964813232422,3,2,165,2,female
-8.911182403564453,-9.498918533325195,3,3,165,2,female
-7.076600074768066,-8.273365020751953,3,4,165,2,female
-6.04013729095459,-6.174887657165527,3,5,165,2,female
-4.785876274108887,-2.7733588218688965,3,6,165,2,female
1.0346802473068237,4.605025291442871,3,7,165,2,female
4.1193342208862305,6.824496269226074,3,8,165,2,female
66.7337646484375,-13.086427688598633,3,9,165,2,female
-2.2039897441864014,-6.7295331954956055,3,0,166,7,male
-0.49630007147789,-10.065581321716309,3,1,166,7,male
0.34401991963386536,-12.828248977661133,3,2,166,7,male
0.10417512059211731,-12.644432067871094,3,3,166,7,male
-0.9847521781921387,-10.823190689086914,3,4,166,7,male
-2.076587438583374,-8.707695960998535,3,5,166,7,male
-2.399916172027588,-6.230076313018799,3,6,166,7,male
-1.5519825220108032,-1.1705433130264282,3,7,166,7,male
2.0548949241638184,3.4485230445861816,3,8,166,7,male
4.705855369567871,6.083561897277832,3,9,166,7,male
-3.0303707122802734,-8.954419136047363,3,0,167,1,male
-2.8394007682800293,-11.628951072692871,3,1,167,1,male
-2.967087507247925,-12.14840030670166,3,2,167,1,male
-2.8513526916503906,-11.787253379821777,3,3,167,1,male
-2.8689091205596924,-9.942131042480469,3,4,167,1,male
-3.3780107498168945,-7.755515098571777,3,5,167,1,male
-3.576179027557373,-3.450410842895508,3,6,167,1,male
0.419962078332901,2.7842509746551514,3,7,167,1,male
3.530317544937134,6.3949761390686035,3,8,167,1,male
66.63020324707031,-12.229483604431152,3,9,167,1,male
-9.420412063598633,-11.210853576660156,3,0,168,6,female
-9.393564224243164,-11.059700012207031,3,1,168,6,female
-8.204233169555664,-8.574087142944336,3,2,168,6,female
-7.1100287437438965,-5.597959041595459,3,3,168,6,female
-5.032804489135742,-1.277331829071045,3,4,168,6,female
1.094373345375061,5.786356449127197,3,5,168,6,female
4.249443531036377,7.6501336097717285,3,6,168,6,female
67.23735809326172,-13.394242286682129,3,7,168,6,female
67.08885955810547,-13.220565795898438,3,8,168,6,female
67.14865112304688,-13.727322578430176,3,9,168,6,female
-9.484644889831543,-11.114714622497559,3,0,169,6,female
-9.796570777893066,-11.542094230651855,3,1,169,6,female
-9.91556167602539,-10.987363815307617,3,2,169,6,female
-9.559270858764648,-10.032522201538086,3,3,169,6,female
-8.717440605163574,-8.475106239318848,3,4,169,6,female
-7.734274387359619,-6.227020740509033,3,5,169,6,female
-5.7104716300964355,-2.3326594829559326,3,6,169,6,female
-0.04961312189698219,4.854620933532715,3,7,169,6,female
3.3810226917266846,7.168132781982422,3,8,169,6,female
67.20851135253906,-12.906754493713379,3,9,169,6,female
-5.9690680503845215,-6.5248122215271,3,0,170,1,male
-3.4433908462524414,-7.954764366149902,3,1,170,1,male
-3.3432846069335938,-10.661627769470215,3,2,170,1,male
-3.2867848873138428,-12.21383285522461,3,3,170,1,male
-3.176889657974243,-12.156913757324219,3,4,170,1,male
-3.0200445652008057,-10.585858345031738,3,5,170,1,male
-3.1352336406707764,-8.924469947814941,3,6,170,1,male
-3.869518756866455,-6.324195861816406,3,7,170,1,male
-2.378649950027466,-0.8285088539123535,3,8,170,1,male
1.5836408138275146,3.906353712081909,3,9,170,1,male
-1.5819196701049805,-9.377647399902344,3,0,171,9,male
-1.915504813194275,-12.416746139526367,3,1,171,9,male
-1.9797433614730835,-12.620504379272461,3,2,171,9,male
-2.2523305416107178,-11.910292625427246,3,3,171,9,male
-1.7815334796905518,-9.956875801086426,3,4,171,9,male
-2.5171585083007812,-7.661679744720459,3,5,171,9,male
-3.0023415088653564,-4.2560224533081055,3,6,171,9,male
0.1779240369796753,1.794060230255127,3,7,171,9,male
3.18911075592041,5.171053886413574,3,8,171,9,male
5.062769412994385,6.6569132804870605,3,9,171,9,male
-2.871865749359131,-5.958813667297363,3,0,172,7,male
-0.8855728507041931,-9.065181732177734,3,1,172,7,male
0.6938165426254272,-12.824138641357422,3,2,172,7,male
0.2739441692829132,-13.079792976379395,3,3,172,7,male
-1.3409373760223389,-11.861567497253418,3,4,172,7,male
-2.714682102203369,-9.845646858215332,3,5,172,7,male
-3.376861810684204,-7.8078932762146,3,6,172,7,male
-3.6020147800445557,-3.658280372619629,3,7,172,7,male
0.0445626825094223,2.602625846862793,3,8,172,7,male
3.2630696296691895,5.51544713973999,3,9,172,7,male
-2.618565797805786,-6.828434467315674,3,0,173,8,male
-1.341606855392456,-10.098844528198242,3,1,173,8,male
-1.629766821861267,-12.604778289794922,3,2,173,8,male
-1.5707746744155884,-12.35642147064209,3,3,173,8,male
-1.3942010402679443,-10.825738906860352,3,4,173,8,male
-2.2276077270507812,-8.07177734375,3,5,173,8,male
-2.9755005836486816,-4.917520999908447,3,6,173,8,male
0.21743695437908173,1.8688106536865234,3,7,173,8,male
3.2308571338653564,6.106389045715332,3,8,173,8,male
66.77317810058594,-11.98290729522705,3,9,173,8,male
-6.202543258666992,-7.967652797698975,3,0,174,0,male
-6.8258376121521,-11.252423286437988,3,1,174,0,male
-7.419087886810303,-12.676488876342773,3,2,174,0,male
-7.755321025848389,-12.500748634338379,3,3,174,0,male
-9.603744506835938,-10.883535385131836,3,4,174,0,male
-8.38103199005127,-8.220623970031738,3,5,174,0,male
-7.535841464996338,-5.394461631774902,3,6,174,0,male
-5.187689781188965,-1.1525905132293701,3,7,174,0,male
1.1529651880264282,5.839888572692871,3,8,174,0,male
4.269816875457764,7.674890518188477,3,9,174,0,male
-9.575743675231934,-11.209232330322266,3,0,175,6,female
-10.034080505371094,-11.573112487792969,3,1,175,6,female
-9.85348892211914,-10.630290985107422,3,2,175,6,female
-8.954699516296387,-8.64887809753418,3,3,175,6,female
-8.116875648498535,-6.264459609985352,3,4,175,6,female
-6.229111194610596,-2.8883743286132812,3,5,175,6,female
-0.9454581141471863,3.9217593669891357,3,6,175,6,female
2.3460581302642822,6.472681045532227,3,7,175,6,female
4.601758003234863,7.895219326019287,3,8,175,6,female
67.33258056640625,-13.39461612701416,3,9,175,6,female
-9.586544036865234,-7.02854585647583,3,0,176,2,female
-10.648746490478516,-8.110441207885742,3,1,176,2,female
-10.639876365661621,-8.286012649536133,3,2,176,2,female
-8.784615516662598,-9.11478042602539,3,3,176,2,female
-6.938874244689941,-7.440179347991943,3,4,176,2,female
-5.521538734436035,-5.183262825012207,3,5,176,2,female
-1.1209560632705688,2.174274206161499,3,6,176,2,female
1.9960778951644897,5.020005226135254,3,7,176,2,female
4.657838821411133,6.738838195800781,3,8,176,2,female
66.54048919677734,-12.889148712158203,3,9,176,2,female
-6.121726036071777,-8.588370323181152,3,0,177,0,male
-6.567300796508789,-11.800515174865723,3,1,177,0,male
-7.154616355895996,-12.857307434082031,3,2,177,0,male
-7.578721523284912,-12.577412605285645,3,3,177,0,male
-9.512577056884766,-10.828356742858887,3,4,177,0,male
-8.531391143798828,-8.361749649047852,3,5,177,0,male
-7.545828342437744,-5.458970546722412,3,6,177,0,male
-5.302574634552002,-1.2749296426773071,3,7,177,0,male
1.01120126247406,5.743863105773926,3,8,177,0,male
4.185875415802002,7.693115711212158,3,9,177,0,male
-8.455227851867676,-11.594069480895996,3,0,178,3,female
-8.69819450378418,-11.895052909851074,3,1,178,3,female
-9.493154525756836,-10.55244255065918,3,2,178,3,female
-8.886110305786133,-8.62131118774414,3,3,178,3,female
-8.114496231079102,-6.217354774475098,3,4,178,3,female
-6.210657119750977,-2.848529815673828,3,5,178,3,female
-0.6848187446594238,4.2376251220703125,3,6,178,3,female
3.161858558654785,7.262134075164795,3,7,178,3,female
67.5747299194336,-12.494000434875488,3,8,178,3,female
67.26151275634766,-13.371072769165039,3,9,178,3,female
-1.2748005390167236,-10.316244125366211,3,0,179,8,male
-1.3149609565734863,-12.386736869812012,3,1,179,8,male
-1.4290392398834229,-12.262290954589844,3,2,179,8,male
-1.5683785676956177,-10.778100967407227,3,3,179,8,male
-2.5243771076202393,-8.290716171264648,3,4,179,8,male
-3.162952423095703,-5.004457950592041,3,5,179,8,male
-0.01149956975132227,1.8134771585464478,3,6,179,8,male
3.098295211791992,5.390523433685303,3,7,179,8,male
67.1675796508789,-12.236278533935547,3,8,179,8,male
66.89331817626953,-13.623594284057617,3,9,179,8,male
-8.863309860229492,-9.864449501037598,3,0,180,10,female
-9.886414527893066,-11.674960136413574,3,1,180,10,female
-9.993797302246094,-11.664134979248047,3,2,180,10,female
-9.76866626739502,-10.792926788330078,3,3,180,10,female
-8.694903373718262,-8.936219215393066,3,4,180,10,female
-7.8341145515441895,-6.4949049949646,3,5,180,10,female
-5.952420711517334,-2.706820249557495,3,6,180,10,female
-0.2922631800174713,4.665165424346924,3,7,180,10,female
3.24023699760437,7.239100456237793,3,8,180,10,female
67.28507995605469,-13.050470352172852,3,9,180,10,female
-2.7723069190979004,-11.533370971679688,3,0,181,1,male
-2.8678650856018066,-12.103292465209961,3,1,181,1,male
-2.775618076324463,-11.235435485839844,3,2,181,1,male
-2.945197820663452,-9.278314590454102,3,3,181,1,male
-3.6856870651245117,-6.745420455932617,3,4,181,1,male
-2.605004072189331,-1.4211268424987793,3,5,181,1,male
1.1505974531173706,3.4353818893432617,3,6,181,1,male
4.07175874710083,6.164834022521973,3,7,181,1,male
66.89039611816406,-12.629579544067383,3,8,181,1,male
67.16329956054688,-13.515734672546387,3,9,181,1,male
-9.941272735595703,-7.9435715675354,3,0,182,2,female
-10.66409969329834,-8.191089630126953,3,1,182,2,female
-10.497852325439453,-8.22931957244873,3,2,182,2,female
-8.769926071166992,-9.373135566711426,3,3,182,2,female
-7.192971706390381,-8.409104347229004,3,4,182,2,female
-6.355876922607422,-6.479548454284668,3,5,182,2,female
-4.94931173324585,-2.8968050479888916,3,6,182,2,female
0.5472526550292969,4.326296329498291,3,7,182,2,female
3.9404304027557373,6.694815635681152,3,8,182,2,female
66.65760040283203,-12.879060745239258,3,9,182,2,female
-9.518659591674805,-11.183917045593262,3,0,183,10,female
-9.72866439819336,-11.772073745727539,3,1,183,10,female
-9.635895729064941,-11.415199279785156,3,2,183,10,female
-8.912582397460938,-9.750541687011719,3,3,183,10,female
-7.724733352661133,-7.3865885734558105,3,4,183,10,female
-6.4854631423950195,-4.096085548400879,3,5,183,10,female
-0.9287784099578857,3.8098182678222656,3,6,183,10,female
2.6046414375305176,6.559293746948242,3,7,183,10,female
66.59009552001953,-12.734225273132324,3,8,183,10,female
67.12081909179688,-13.25185775756836,3,9,183,10,female
-9.627445220947266,-11.075294494628906,3,0,184,6,female
-10.0076904296875,-11.238310813903809,3,1,184,6,female
-9.687113761901855,-10.4155855178833,3,2,184,6,female
-8.805174827575684,-8.635764122009277,3,3,184,6,female
-8.030123710632324,-6.167673587799072,3,4,184,6,female
-5.82412052154541,-2.163116931915283,3,5,184,6,female
0.004046271089464426,5.109906196594238,3,6,184,6,female
3.4711012840270996,7.367856979370117,3,7,184,6,female
67.02753448486328,-13.419023513793945,3,8,184,6,female
67.50764465332031,-13.33862590789795,3,9,184,6,female
-1.5639618635177612,-10.556488037109375,3,0,185,8,male
-1.8058756589889526,-12.560859680175781,3,1,185,8,male
-1.7660459280014038,-12.12679672241211,3,2,185,8,male
-2.056835412979126,-9.718836784362793,3,3,185,8,male
-2.7844505310058594,-7.184607982635498,3,4,185,8,male
-2.62752366065979,-2.6201438903808594,3,5,185,8,male
0.9036418199539185,2.7701661586761475,3,6,185,8,male
3.9192681312561035,5.838927268981934,3,7,185,8,male
67.06403350830078,-13.270105361938477,3,8,185,8,male
67.32599639892578,-13.127374649047852,3,9,185,8,male
-9.533967018127441,-11.216960906982422,3,0,186,10,female
-9.884234428405762,-11.796046257019043,3,1,186,10,female
-9.916523933410645,-11.59323501586914,3,2,186,10,female
-9.371326446533203,-10.162870407104492,3,3,186,10,female
-7.987678050994873,-7.650876045227051,3,4,186,10,female
-6.876282691955566,-4.616578578948975,3,5,186,10,female
-1.2261217832565308,3.3921704292297363,3,6,186,10,female
2.3014090061187744,6.358860492706299,3,7,186,10,female
4.730550765991211,7.9111528396606445,3,8,186,10,female
67.17870330810547,-13.258254051208496,3,9,186,10,female
-2.883441209793091,-8.686980247497559,3,0,187,1,male
-2.828181028366089,-11.513679504394531,3,1,187,1,male
-2.9283483028411865,-12.098233222961426,3,2,187,1,male
-2.8364217281341553,-11.262889862060547,3,3,187,1,male
-2.983304977416992,-8.988213539123535,3,4,187,1,male
-3.85202956199646,-6.355934143066406,3,5,187,1,male
-2.3602139949798584,-0.8709267973899841,3,6,187,1,male
1.6797914505004883,3.8465354442596436,3,7,187,1,male
4.4814934730529785,6.300322532653809,3,8,187,1,male
66.90833282470703,-13.440546989440918,3,9,187,1,male
-9.422564506530762,-11.236907958984375,3,0,188,10,female
-9.878576278686523,-11.79544448852539,3,1,188,10,female
-9.93607234954834,-11.568665504455566,3,2,188,10,female
-9.610087394714355,-10.505928993225098,3,3,188,10,female
-8.546630859375,-8.624271392822266,3,4,188,10,female
-7.4714531898498535,-6.331338405609131,3,5,188,10,female
-5.6628737449646,-2.3732240200042725,3,6,188,10,female
-0.014455405995249748,4.8817219734191895,3,7,188,10,female
3.649723768234253,7.374933242797852,3,8,188,10,female
67.16354370117188,-12.542927742004395,3,9,188,10,female
-7.426046848297119,-11.774303436279297,3,0,189,11,female
-7.4289960861206055,-12.733556747436523,3,1,189,11,female
-7.290823459625244,-12.801434516906738,3,2,189,11,female
-7.0461835861206055,-12.260586738586426,3,3,189,11,female
-6.4462080001831055,-11.06624698638916,3,4,189,11,female
-6.657130241394043,-8.743122100830078,3,5,189,11,female
-6.360465049743652,-6.1631999015808105,3,6,189,11,female
-4.886634349822998,-1.7440751791000366,3,7,189,11,female
0.9353451132774353,5.452696323394775,3,8,189,11,female
3.9631359577178955,7.609084606170654,3,9,189,11,female
-9.664137840270996,-6.83612060546875,3,0,190,2,female
-10.659332275390625,-8.005228042602539,3,1,190,2,female
-10.614779472351074,-8.183188438415527,3,2,190,2,female
-8.682611465454102,-9.360004425048828,3,3,190,2,female
-6.591177940368652,-7.694945335388184,3,4,190,2,female
-5.54227352142334,-5.453400135040283,3,5,190,2,female
-1.1825870275497437,2.001368761062622,3,6,190,2,female
1.838100552558899,4.918726921081543,3,7,190,2,female
4.5225911140441895,6.672530651092529,3,8,190,2,female
66.61857604980469,-13.238945007324219,3,9,190,2,female
-7.530361175537109,-11.774332046508789,3,0,191,3,female
-7.960299491882324,-12.293062210083008,3,1,191,3,female
-9.298913955688477,-11.380714416503906,3,2,191,3,female
-8.806817054748535,-9.647024154663086,3,3,191,3,female
-7.758464336395264,-7.514761924743652,3,4,191,3,female
-6.6682610511779785,-4.628662109375,3,5,191,3,female
-1.8121250867843628,2.731703519821167,3,6,191,3,female
1.5922775268554688,5.923969268798828,3,7,191,3,female
4.5202836990356445,7.496330738067627,3,8,191,3,female
66.94419860839844,-13.439844131469727,3,9,191,3,female
-1.4973796606063843,-8.87791919708252,3,0,192,8,male
-1.258398175239563,-11.719317436218262,3,1,192,8,male
-1.4922077655792236,-12.256446838378906,3,2,192,8,male
-1.360445499420166,-11.571907043457031,3,3,192,8,male
-2.0685949325561523,-9.481846809387207,3,4,192,8,male
-2.550258159637451,-6.988482475280762,3,5,192,8,male
-2.297376871109009,-2.4319159984588623,3,6,192,8,male
1.2285808324813843,2.760303497314453,3,7,192,8,male
4.221435546875,5.838499546051025,3,8,192,8,male
67.3516616821289,-13.529023170471191,3,9,192,8,male
-6.69373893737793,-8.726444244384766,3,0,193,11,female
-7.263737678527832,-11.926774978637695,3,1,193,11,female
-7.105445384979248,-12.807917594909668,3,2,193,11,female
-6.9516191482543945,-12.35610580444336,3,3,193,11,female
-6.442200183868408,-11.340336799621582,3,4,193,11,female
-6.237124919891357,-10.456674575805664,3,5,193,11,female
-6.61614465713501,-8.684889793395996,3,6,193,11,female
-6.482769012451172,-6.707520961761475,3,7,193,11,female
-5.238062858581543,-2.8801233768463135,3,8,193,11,female
-0.02915756031870842,4.315729141235352,3,9,193,11,female
-1.3433892726898193,-8.284168243408203,3,0,194,7,male
0.15101739764213562,-11.483192443847656,3,1,194,7,male
0.6201809048652649,-13.125190734863281,3,2,194,7,male
-0.0018211044371128082,-12.750688552856445,3,3,194,7,male
-1.2270207405090332,-11.138821601867676,3,4,194,7,male
-2.215388774871826,-9.138072967529297,3,5,194,7,male
-2.8885955810546875,-6.878617763519287,3,6,194,7,male
-2.259568214416504,-1.862591028213501,3,7,194,7,male
1.2942270040512085,3.1600029468536377,3,8,194,7,male
4.196867942810059,6.068127632141113,3,9,194,7,male
-9.25776195526123,-11.189204216003418,3,0,195,6,female
-9.594367027282715,-11.335357666015625,3,1,195,6,female
-9.331000328063965,-10.047914505004883,3,2,195,6,female
-8.11812973022461,-7.888054370880127,3,3,195,6,female
-7.292239189147949,-5.263096809387207,3,4,195,6,female
-5.024023056030273,-1.0125141143798828,3,5,195,6,female
1.2230632305145264,5.883430004119873,3,6,195,6,female
4.20099401473999,7.695736408233643,3,7,195,6,female
66.8573226928711,-13.241816520690918,3,8,195,6,female
67.30648803710938,-13.445305824279785,3,9,195,6,female
-9.696073532104492,-6.6656718254089355,3,0,196,2,female
-10.567904472351074,-7.793900012969971,3,1,196,2,female
-10.575335502624512,-7.947417736053467,3,2,196,2,female
-9.031108856201172,-8.717229843139648,3,3,196,2,female
-7.3680806159973145,-6.847095012664795,3,4,196,2,female
-6.053142070770264,-4.226968288421631,3,5,196,2,female
-0.8741065263748169,2.772027015686035,3,6,196,2,female
2.3374040126800537,5.395134925842285,3,7,196,2,female
4.8119025230407715,6.916397571563721,3,8,196,2,female
66.78002166748047,-13.618646621704102,3,9,196,2,female
-1.4021873474121094,-8.910231590270996,3,0,197,9,male
-1.0779690742492676,-12.35304069519043,3,1,197,9,male
-0.8838334083557129,-12.913155555725098,3,2,197,9,male
-0.8029998540878296,-12.60256290435791,3,3,197,9,male
-1.0444440841674805,-11.410301208496094,3,4,197,9,male
-1.5776349306106567,-9.759300231933594,3,5,197,9,male
-2.4163365364074707,-7.349387168884277,3,6,197,9,male
-2.54948091506958,-3.175952434539795,3,7,197,9,male
0.5342393517494202,2.2336490154266357,3,8,197,9,male
3.3753113746643066,5.459259986877441,3,9,197,9,male
-9.4871826171875,-11.12544059753418,3,0,198,6,female
-10.073938369750977,-11.433250427246094,3,1,198,6,female
-9.922845840454102,-10.810037612915039,3,2,198,6,female
-9.031940460205078,-9.168797492980957,3,3,198,6,female
-8.22645378112793,-6.823551654815674,3,4,198,6,female
-7.010446071624756,-4.39817476272583,3,5,198,6,female
-1.2566356658935547,3.2455172538757324,3,6,198,6,female
2.3035168647766113,6.325538158416748,3,7,198,6,female
4.483926296234131,7.887391567230225,3,8,198,6,female
67.12208557128906,-13.2210693359375,3,9,198,6,female
-9.512795448303223,-6.598532676696777,3,0,199,2,female
-10.330302238464355,-7.3800458908081055,3,1,199,2,female
-10.487648010253906,-7.721958160400391,3,2,199,2,female
-8.89659595489502,-8.485389709472656,3,3,199,2,female
-7.546777248382568,-7.106546401977539,3,4,199,2,female
-6.334749698638916,-4.983855247497559,3,5,199,2,female
-1.535134196281433,2.3528339862823486,3,6,199,2,female
1.4835556745529175,5.130332946777344,3,7,199,2,female
4.296741962432861,7.292730808258057,3,8,199,2,female
67.23430633544922,-13.631490707397461,3,9,199,2,female
-6.002193927764893,-9.424111366271973,4,0,200,0,male
-6.390984535217285,-11.462699890136719,4,1,200,0,male
-6.544633388519287,-11.258280754089355,4,2,200,0,male
-7.310992240905762,-9.417542457580566,4,3,200,0,male
-7.637494087219238,-7.326474666595459,4,4,200,0,male
-6.739320278167725,-4.746893405914307,4,5,200,0,male
-1.4889248609542847,2.9336538314819336,4,6,200,0,male
1.4885700941085815,5.942981719970703,4,7,200,0,male
4.363178730010986,7.724002361297607,4,8,200,0,male
67.01093292236328,-13.707999229431152,4,9,200,0,male
-7.6396708488464355,-10.415525436401367,4,0,201,3,female
-7.827322959899902,-10.772220611572266,4,1,201,3,female
-8.007638931274414,-10.400217056274414,4,2,201,3,female
-7.782786846160889,-8.93955135345459,4,3,201,3,female
-7.207177639007568,-7.051746845245361,4,4,201,3,female
-6.518482208251953,-4.626303195953369,4,5,201,3,female
-1.8452924489974976,2.8207778930664062,4,6,201,3,female
1.4491978883743286,5.863072872161865,4,7,201,3,female
4.3902997970581055,7.542919635772705,4,8,201,3,female
66.67779541015625,-13.385198593139648,4,9,201,3,female
-2.6976029872894287,-6.52074670791626,4,0,202,9,male
-1.320296049118042,-9.667145729064941,4,1,202,9,male
-1.6497759819030762,-13.012744903564453,4,2,202,9,male
-1.5882856845855713,-13.167768478393555,4,3,202,9,male
-1.4556752443313599,-12.116617202758789,4,4,202,9,male
-1.59434974193573,-9.674288749694824,4,5,202,9,male
-2.7587738037109375,-7.403166770935059,4,6,202,9,male
-2.8523643016815186,-3.225022792816162,4,7,202,9,male
0.4521523118019104,2.555753231048584,4,8,202,9,male
3.470045566558838,5.71887731552124,4,9,202,9,male
-7.953727722167969,-9.706945419311523,4,0,203,6,female
-7.9718499183654785,-9.92678165435791,4,1,203,6,female
-7.853667736053467,-9.288424491882324,4,2,203,6,female
-8.156197547912598,-7.3566741943359375,4,3,203,6,female
-7.318783283233643,-5.412380695343018,4,4,203,6,female
-5.108304977416992,-1.358748197555542,4,5,203,6,female
0.9825044870376587,5.7161736488342285,4,6,203,6,female
4.299229145050049,7.305719375610352,4,7,203,6,female
67.21949005126953,-12.461237907409668,4,8,203,6,female
67.1052474975586,-13.619203567504883,4,9,203,6,female
-2.1447513103485107,-6.8316731452941895,4,0,204,8,male
-0.42818713188171387,-10.254485130310059,4,1,204,8,male
0.13303795456886292,-13.149832725524902,4,2,204,8,male
-0.35682612657546997,-12.83011245727539,4,3,204,8,male
-1.2884485721588135,-10.11888313293457,4,4,204,8,male
-2.4067511558532715,-7.190045356750488,4,5,204,8,male
-2.472989797592163,-2.864490270614624,4,6,204,8,male
0.8911836743354797,2.6129097938537598,4,7,204,8,male
4.063045024871826,5.885865211486816,4,8,204,8,male
66.93559265136719,-13.077249526977539,4,9,204,8,male
-7.070158004760742,-10.26365852355957,4,0,205,3,female
-7.593007564544678,-10.954453468322754,4,1,205,3,female
-7.940735340118408,-10.585663795471191,4,2,205,3,female
-8.000650405883789,-9.357547760009766,4,3,205,3,female
-7.791994571685791,-7.210994243621826,4,4,205,3,female
-6.752303123474121,-4.566000938415527,4,5,205,3,female
-4.738125801086426,-0.9457266330718994,4,6,205,3,female
1.128758430480957,5.737699031829834,4,7,205,3,female
4.24091911315918,7.6582207679748535,4,8,205,3,female
66.66032409667969,-13.47355842590332,4,9,205,3,female
-9.360565185546875,-7.047954559326172,4,0,206,2,female
-9.375782012939453,-7.178709030151367,4,1,206,2,female
-8.93175983428955,-6.9704179763793945,4,2,206,2,female
-7.9532389640808105,-6.957653045654297,4,3,206,2,female
-6.392587661743164,-5.736329078674316,4,4,206,2,female
-4.955239772796631,-3.2302210330963135,4,5,206,2,female
-0.5178703665733337,2.6869683265686035,4,6,206,2,female
2.527350425720215,5.290212154388428,4,7,206,2,female
4.638158798217773,6.63259744644165,4,8,206,2,female
67.066162109375,-12.767062187194824,4,9,206,2,female
-3.3873839378356934,-10.285127639770508,4,0,207,1,male
-2.887554407119751,-12.099428176879883,4,1,207,1,male
-2.5044877529144287,-11.836651802062988,4,2,207,1,male
-2.4439046382904053,-8.915891647338867,4,3,207,1,male
-3.797839403152466,-6.266313552856445,4,4,207,1,male
-2.3202240467071533,-1.0578213930130005,4,5,207,1,male
1.5887857675552368,3.7942698001861572,4,6,207,1,male
4.09413480758667,6.713497638702393,4,7,207,1,male
66.85623168945312,-12.940150260925293,4,8,207,1,male
67.57242584228516,-13.397466659545898,4,9,207,1,male
-1.4899457693099976,-8.033560752868652,4,0,208,7,male
-0.11426906287670135,-11.086410522460938,4,1,208,7,male
0.862403929233551,-12.957439422607422,4,2,208,7,male
0.7823933959007263,-12.61156177520752,4,3,208,7,male
0.19263924658298492,-10.960335731506348,4,4,208,7,male
-1.7110204696655273,-8.89232349395752,4,5,208,7,male
-2.1883058547973633,-6.684672832489014,4,6,208,7,male
-2.1639559268951416,-2.5474438667297363,4,7,208,7,male
1.2159333229064941,2.549243927001953,4,8,208,7,male
3.817261219024658,5.720437049865723,4,9,208,7,male
-1.4547115564346313,-8.09719467163086,4,0,209,8,male
-0.16716739535331726,-11.129008293151855,4,1,209,8,male
0.0018259999342262745,-13.042200088500977,4,2,209,8,male
-0.13858871161937714,-12.457794189453125,4,3,209,8,male
-1.0942167043685913,-9.770539283752441,4,4,209,8,male
-2.2299365997314453,-6.914028644561768,4,5,209,8,male
-2.099590539932251,-2.400062322616577,4,6,209,8,male
1.4808878898620605,2.7927887439727783,4,7,209,8,male
4.340789794921875,5.866520404815674,4,8,209,8,male
66.74079895019531,-13.746369361877441,4,9,209,8,male
-1.3431010246276855,-9.108977317810059,4,0,210,9,male
-1.6712477207183838,-12.544742584228516,4,1,210,9,male
-1.3868467807769775,-13.265999794006348,4,2,210,9,male
-1.0793789625167847,-12.596453666687012,4,3,210,9,male
-0.9406984448432922,-10.47026538848877,4,4,210,9,male
-1.9835683107376099,-8.231492042541504,4,5,210,9,male
-2.4732630252838135,-6.101273536682129,4,6,210,9,male
-1.584294319152832,-1.0954447984695435,4,7,210,9,male
2.09879469871521,3.485203742980957,4,8,210,9,male
4.456807613372803,6.129120826721191,4,9,210,9,male
-1.5346088409423828,-9.229981422424316,4,0,211,9,male
-2.028883695602417,-12.35326099395752,4,1,211,9,male
-1.7032444477081299,-12.975686073303223,4,2,211,9,male
-1.310791015625,-11.982576370239258,4,3,211,9,male
-1.227818489074707,-10.276236534118652,4,4,211,9,male
-2.158233880996704,-8.284769058227539,4,5,211,9,male
-2.7192556858062744,-5.700704097747803,4,6,211,9,male
-1.1849477291107178,-0.24383899569511414,4,7,211,9,male
2.520536422729492,4.23542594909668,4,8,211,9,male
4.894791603088379,6.52764368057251,4,9,211,9,male
-7.998276233673096,-9.988245010375977,4,0,212,6,female
-8.023083686828613,-10.030049324035645,4,1,212,6,female
-8.033708572387695,-9.523539543151855,4,2,212,6,female
-7.976846694946289,-7.558460712432861,4,3,212,6,female
-7.581902503967285,-5.784490585327148,4,4,212,6,female
-5.274616718292236,-1.5722371339797974,4,5,212,6,female
0.07749636471271515,5.132861137390137,4,6,212,6,female
3.0818521976470947,6.49299955368042,4,7,212,6,female
66.74987030029297,-11.966176986694336,4,8,212,6,female
67.26505279541016,-13.014827728271484,4,9,212,6,female
-1.3442143201828003,-8.160805702209473,4,0,213,7,male
0.11806757748126984,-11.365649223327637,4,1,213,7,male
0.9290411472320557,-13.09818172454834,4,2,213,7,male
0.6260276436805725,-12.423836708068848,4,3,213,7,male
-0.06871608644723892,-10.590442657470703,4,4,213,7,male
-1.9425526857376099,-9.226256370544434,4,5,213,7,male
-2.623088836669922,-7.10832405090332,4,6,213,7,male
-2.5646066665649414,-2.7548601627349854,4,7,213,7,male
0.7131672501564026,2.6193771362304688,4,8,213,7,male
3.767808437347412,5.752276420593262,4,9,213,7,male
-1.0462888479232788,-11.785880088806152,4,0,214,9,male
-1.1903612613677979,-13.231675148010254,4,1,214,9,male
-1.0012508630752563,-13.099152565002441,4,2,214,9,male
-0.8685957789421082,-11.429452896118164,4,3,214,9,male
-1.5244512557983398,-9.50590991973877,4,4,214,9,male
-2.3600730895996094,-7.210580825805664,4,5,214,9,male
-2.599029302597046,-3.2275471687316895,4,6,214,9,male
0.3619284927845001,2.0132713317871094,4,7,214,9,male
3.318065643310547,5.467651844024658,4,8,214,9,male
5.122253894805908,6.837098598480225,4,9,214,9,male
-6.104577541351318,-7.076714992523193,4,0,215,0,male
-6.37206506729126,-9.806251525878906,4,1,215,0,male
-6.74000883102417,-11.418439865112305,4,2,215,0,male
-6.976744651794434,-11.180463790893555,4,3,215,0,male
-7.843191146850586,-9.708098411560059,4,4,215,0,male
-7.840050220489502,-7.825985431671143,4,5,215,0,male
-7.288193225860596,-5.738708019256592,4,6,215,0,male
-5.572149753570557,-2.6114490032196045,4,7,215,0,male
-0.7753248810768127,3.8705992698669434,4,8,215,0,male
2.8308920860290527,6.294013023376465,4,9,215,0,male
-3.294245958328247,-11.732075691223145,4,0,216,1,male
-3.1167843341827393,-11.932435989379883,4,1,216,1,male
-2.9826667308807373,-10.458928108215332,4,2,216,1,male
-2.844378709793091,-7.992457866668701,4,3,216,1,male
-3.7581708431243896,-5.658959865570068,4,4,216,1,male
-1.7506871223449707,-0.06778154522180557,4,5,216,1,male
2.142667055130005,4.458561897277832,4,6,216,1,male
4.562051773071289,7.002676010131836,4,7,216,1,male
66.64684295654297,-13.148990631103516,4,8,216,1,male
67.08378601074219,-13.489579200744629,4,9,216,1,male
-7.668620586395264,-10.406822204589844,4,0,217,3,female
-7.764395713806152,-10.716400146484375,4,1,217,3,female
-7.986578941345215,-10.266295433044434,4,2,217,3,female
-7.856302738189697,-8.713109970092773,4,3,217,3,female
-7.3292975425720215,-6.700289249420166,4,4,217,3,female
-6.140310764312744,-3.571502208709717,4,5,217,3,female
-1.0822051763534546,3.6358935832977295,4,6,217,3,female
2.114659070968628,6.261262893676758,4,7,217,3,female
4.686638832092285,7.7307281494140625,4,8,217,3,female
66.74067687988281,-13.480531692504883,4,9,217,3,female
-1.1990772485733032,-9.594022750854492,4,0,218,9,male
-1.2320820093154907,-13.009897232055664,4,1,218,9,male
-1.0964577198028564,-13.357537269592285,4,2,218,9,male
-0.8696679472923279,-12.713152885437012,4,3,218,9,male
-0.918712317943573,-10.522465705871582,4,4,218,9,male
-2.0553975105285645,-8.266499519348145,4,5,218,9,male
-2.5809977054595947,-6.065418243408203,4,6,218,9,male
-1.5436989068984985,-0.9386725425720215,4,7,218,9,male
2.18565034866333,3.5993716716766357,4,8,218,9,male
4.844226837158203,6.328166484832764,4,9,218,9,male
-8.428102493286133,-10.758903503417969,4,0,219,10,female
-8.527336120605469,-10.898859977722168,4,1,219,10,female
-8.712442398071289,-10.25185489654541,4,2,219,10,female
-8.373956680297852,-8.729253768920898,4,3,219,10,female
-7.500856399536133,-6.9279351234436035,4,4,219,10,female
-6.536146640777588,-4.3554534912109375,4,5,219,10,female
-1.8826515674591064,2.7895967960357666,4,6,219,10,female
1.4840879440307617,5.976832389831543,4,7,219,10,female
4.437802314758301,7.697327136993408,4,8,219,10,female
67.19964599609375,-13.580022811889648,4,9,219,10,female
-7.774397850036621,-10.203123092651367,4,0,220,3,female
-7.880251884460449,-10.359878540039062,4,1,220,3,female
-8.118650436401367,-9.658675193786621,4,2,220,3,female
-8.14210319519043,-7.649146556854248,4,3,220,3,female
-7.512957572937012,-5.858946323394775,4,4,220,3,female
-5.455393314361572,-1.9396520853042603,4,5,220,3,female
-0.4544290602207184,4.3703131675720215,4,6,220,3,female
2.926631450653076,6.821265697479248,4,7,220,3,female
66.43465423583984,-12.478267669677734,4,8,220,3,female
67.01321411132812,-13.43433666229248,4,9,220,3,female
-8.5039644241333,-6.113839626312256,4,0,221,2,female
-9.564932823181152,-7.162781715393066,4,1,221,2,female
-9.558329582214355,-7.531792163848877,4,2,221,2,female
-9.082399368286133,-7.9149394035339355,4,3,221,2,female
-7.81506872177124,-7.91319465637207,4,4,221,2,female
-6.675106525421143,-6.558936595916748,4,5,221,2,female
-5.465381622314453,-3.8656890392303467,4,6,221,2,female
-0.9561925530433655,2.7891063690185547,4,7,221,2,female
2.2210030555725098,5.339693546295166,4,8,221,2,female
4.860585689544678,6.998682498931885,4,9,221,2,female
-1.5824663639068604,-8.540054321289062,4,0,222,9,male
-1.2707924842834473,-11.902280807495117,4,1,222,9,male
-1.4429937601089478,-13.2080717086792,4,2,222,9,male
-1.1981035470962524,-13.12822151184082,4,3,222,9,male
-1.1051135063171387,-11.301841735839844,4,4,222,9,male
-1.497194766998291,-8.971649169921875,4,5,222,9,male
-2.6246936321258545,-6.715023994445801,4,6,222,9,male
-2.2233150005340576,-2.0934741497039795,4,7,222,9,male
1.2254968881607056,2.7832894325256348,4,8,222,9,male
4.074905872344971,5.8734636306762695,4,9,222,9,male
-1.3263593912124634,-8.555006980895996,4,0,223,7,male
-0.42468807101249695,-11.548977851867676,4,1,223,7,male
0.6417636275291443,-12.832449913024902,4,2,223,7,male
0.2598341703414917,-11.281838417053223,4,3,223,7,male
-1.4598489999771118,-9.209651947021484,4,4,223,7,male
-2.2402567863464355,-7.131328582763672,4,5,223,7,male
-2.803513288497925,-4.7603020668029785,4,6,223,7,male
-0.768599271774292,0.5156605839729309,4,7,223,7,male
2.509931802749634,4.318943500518799,4,8,223,7,male
4.7402777671813965,6.398573875427246,4,9,223,7,male
-1.1569430828094482,-10.342950820922852,4,0,224,8,male
-1.6444213390350342,-13.115165710449219,4,1,224,8,male
-1.8594574928283691,-12.875222206115723,4,2,224,8,male
-2.2197558879852295,-11.000531196594238,4,3,224,8,male
-2.785660743713379,-8.354475975036621,4,4,224,8,male
-3.3061599731445312,-5.162257671356201,4,5,224,8,male
-0.13335464894771576,1.8530306816101074,4,6,224,8,male
3.104867458343506,5.495460510253906,4,7,224,8,male
5.1507086753845215,6.918132781982422,4,8,224,8,male
67.03035736083984,-13.118307113647461,4,9,224,8,male
-1.268149495124817,-8.501559257507324,4,0,225,8,male
-0.5066537261009216,-12.090538024902344,4,1,225,8,male
-0.6036227345466614,-13.323145866394043,4,2,225,8,male
-0.5432472825050354,-12.679581642150879,4,3,225,8,male
-1.5414904356002808,-9.693751335144043,4,4,225,8,male
-2.5010461807250977,-6.902157783508301,4,5,225,8,male
-2.241520404815674,-2.2818844318389893,4,6,225,8,male
1.2876795530319214,2.805223226547241,4,7,225,8,male
4.169295310974121,5.956696033477783,4,8,225,8,male
66.97970581054688,-13.102773666381836,4,9,225,8,male
-1.3493728637695312,-8.553473472595215,4,0,226,9,male
-0.9922634959220886,-11.875365257263184,4,1,226,9,male
-1.111891508102417,-13.322259902954102,4,2,226,9,male
-0.9133519530296326,-13.125932693481445,4,3,226,9,male
-0.8836381435394287,-10.97681713104248,4,4,226,9,male
-1.6800156831741333,-9.236798286437988,4,5,226,9,male
-2.3011019229888916,-6.950289726257324,4,6,226,9,male
-2.35516619682312,-2.793917417526245,4,7,226,9,male
1.0628397464752197,2.479261636734009,4,8,226,9,male
3.9559555053710938,5.661148548126221,4,9,226,9,male
-1.2771415710449219,-8.40462875366211,4,0,227,7,male
0.09733136743307114,-11.394097328186035,4,1,227,7,male
0.8523528575897217,-13.152718544006348,4,2,227,7,male
0.505473256111145,-12.601485252380371,4,3,227,7,male
-0.9889512658119202,-11.033702850341797,4,4,227,7,male
-2.23696231842041,-9.577902793884277,4,5,227,7,male
-3.3221590518951416,-7.825144290924072,4,6,227,7,male
-3.765960454940796,-4.409217834472656,4,7,227,7,male
-0.41305413842201233,2.248387336730957,4,8,227,7,male
2.739328145980835,5.3350629806518555,4,9,227,7,male
-7.953286647796631,-10.00619888305664,4,0,228,6,female
-8.161314964294434,-10.107460975646973,4,1,228,6,female
-8.402303695678711,-9.148629188537598,4,2,228,6,female
-8.274829864501953,-7.419634819030762,4,3,228,6,female
-7.833925247192383,-5.862524032592773,4,4,228,6,female
-5.976451873779297,-2.5280094146728516,4,5,228,6,female
-1.006428599357605,3.803011894226074,4,6,228,6,female
2.072275400161743,6.344686985015869,4,7,228,6,female
4.456515312194824,7.826493740081787,4,8,228,6,female
66.85916900634766,-13.183497428894043,4,9,228,6,female
-3.1861212253570557,-8.156678199768066,4,0,229,1,male
-3.8560173511505127,-11.107688903808594,4,1,229,1,male
-3.604383945465088,-11.767037391662598,4,2,229,1,male
-3.8095955848693848,-11.504839897155762,4,3,229,1,male
-3.542961835861206,-10.306878089904785,4,4,229,1,male
-3.20565128326416,-8.488187789916992,4,5,229,1,male
-3.9986629486083984,-6.251650333404541,4,6,229,1,male
-2.4543802738189697,-0.9900016188621521,4,7,229,1,male
1.5071922540664673,3.8497040271759033,4,8,229,1,male
4.2535786628723145,6.36720085144043,4,9,229,1,male
-8.037796020507812,-10.004425048828125,4,0,230,6,female
-8.413357734680176,-10.110896110534668,4,1,230,6,female
-8.720019340515137,-9.554373741149902,4,2,230,6,female
-8.479186058044434,-8.38616943359375,4,3,230,6,female
-7.667898654937744,-6.693786144256592,4,4,230,6,female
-6.659246444702148,-4.398170471191406,4,5,230,6,female
-2.07792329788208,2.6046385765075684,4,6,230,6,female
1.4560755491256714,5.9497456550598145,4,7,230,6,female
4.150840759277344,7.5971760749816895,4,8,230,6,female
67.22996520996094,-13.327033042907715,4,9,230,6,female
-9.302935600280762,-7.017986297607422,4,0,231,2,female
-9.449085235595703,-7.246399879455566,4,1,231,2,female
-9.281646728515625,-7.295300483703613,4,2,231,2,female
-8.124662399291992,-7.3555121421813965,4,3,231,2,female
-6.515141010284424,-6.774808883666992,4,4,231,2,female
-5.557699203491211,-5.3874616622924805,4,5,231,2,female
-1.2664000988006592,1.8963875770568848,4,6,231,2,female
1.8190604448318481,4.673309803009033,4,7,231,2,female
4.228450298309326,6.527736186981201,4,8,231,2,female
66.73065948486328,-12.589190483093262,4,9,231,2,female
-5.1153998374938965,-5.709141254425049,4,0,232,0,male
-6.092682361602783,-9.328218460083008,4,1,232,0,male
-6.5169806480407715,-11.368789672851562,4,2,232,0,male
-6.671628475189209,-11.343536376953125,4,3,232,0,male
-7.694639205932617,-10.233631134033203,4,4,232,0,male
-7.882462501525879,-8.249258041381836,4,5,232,0,male
-8.083357810974121,-6.183464050292969,4,6,232,0,male
-6.1664018630981445,-2.763448715209961,4,7,232,0,male
-0.9916015267372131,3.854254961013794,4,8,232,0,male
2.057187557220459,6.3292155265808105,4,9,232,0,male
-9.401708602905273,-7.188502311706543,4,0,233,2,female
-9.420873641967773,-7.187585830688477,4,1,233,2,female
-8.601099967956543,-7.107425689697266,4,2,233,2,female
-7.6636271476745605,-6.1922221183776855,4,3,233,2,female
-6.080986022949219,-4.254866600036621,4,4,233,2,female
-1.517063856124878,2.565519332885742,4,5,233,2,female
1.2891851663589478,5.127475738525391,4,6,233,2,female
3.9990546703338623,6.806694030761719,4,7,233,2,female
66.66971588134766,-12.353764533996582,4,8,233,2,female
67.15869140625,-13.069694519042969,4,9,233,2,female
-9.140493392944336,-6.902883052825928,4,0,234,2,female
-9.144440650939941,-6.9855241775512695,4,1,234,2,female
-8.740153312683105,-6.921527862548828,4,2,234,2,female
-7.819187641143799,-5.912356853485107,4,3,234,2,female
-6.273491859436035,-4.304809093475342,4,4,234,2,female
-4.532413959503174,-1.2852492332458496,4,5,234,2,female
0.7302427291870117,4.806177139282227,4,6,234,2,female
3.1191580295562744,6.516142845153809,4,7,234,2,female
67.00904083251953,-12.116409301757812,4,8,234,2,female
67.34825897216797,-13.501773834228516,4,9,234,2,female
-3.4907901287078857,-11.678550720214844,4,0,235,1,male
-3.3688771724700928,-11.957730293273926,4,1,235,1,male
-3.4792115688323975,-10.851653099060059,4,2,235,1,male
-3.031386613845825,-8.664016723632812,4,3,235,1,male
-3.988952159881592,-6.342225074768066,4,4,235,1,male
-2.488910436630249,-1.1374515295028687,4,5,235,1,male
1.3564207553863525,3.6231329441070557,4,6,235,1,male
4.246272563934326,6.379208564758301,4,7,235,1,male
66.63029479980469,-13.011066436767578,4,8,235,1,male
67.3302993774414,-13.158215522766113,4,9,235,1,male
-9.353250503540039,-7.108764171600342,4,0,236,2,female
-9.547486305236816,-7.411291122436523,4,1,236,2,female
-9.355300903320312,-7.390022277832031,4,2,236,2,female
-8.124445915222168,-7.076375961303711,4,3,236,2,female
-6.702600002288818,-5.427373886108398,4,4,236,2,female
-4.883352756500244,-2.758232593536377,4,5,236,2,female
-0.3459281027317047,3.5639030933380127,4,6,236,2,female
2.736218214035034,5.92454195022583,4,7,236,2,female
5.01369571685791,7.101820468902588,4,8,236,2,female
67.19635009765625,-13.470437049865723,4,9,236,2,female
-2.495530843734741,-6.370269298553467,4,0,237,7,male
-0.5606380701065063,-9.707679748535156,4,1,237,7,male
0.9208438992500305,-12.9279146194458,4,2,237,7,male
0.8859228491783142,-13.141697883605957,4,3,237,7,male
-0.08128821849822998,-11.150752067565918,4,4,237,7,male
-1.7742314338684082,-9.180380821228027,4,5,237,7,male
-2.4863717555999756,-7.150189399719238,4,6,237,7,male
-2.532130002975464,-2.875574827194214,4,7,237,7,male
0.4698551595211029,2.096285343170166,4,8,237,7,male
3.273702383041382,5.202723979949951,4,9,237,7,male
-3.814951181411743,-9.98112678527832,4,0,238,1,male
-3.436349630355835,-11.796795845031738,4,1,238,1,male
-3.3408656120300293,-11.890719413757324,4,2,238,1,male
-3.65118145942688,-10.380510330200195,4,3,238,1,male
-3.0766780376434326,-8.468637466430664,4,4,238,1,male
-3.905771493911743,-6.287478446960449,4,5,238,1,male
-2.5788094997406006,-1.3056679964065552,4,6,238,1,male
0.7646583914756775,3.0299947261810303,4,7,238,1,male
3.525768756866455,5.713542938232422,4,8,238,1,male
4.762619495391846,7.027896404266357,4,9,238,1,male
-6.260894775390625,-9.013409614562988,4,0,239,0,male
-6.649366855621338,-11.31483268737793,4,1,239,0,male
-6.846048831939697,-11.166915893554688,4,2,239,0,male
-7.8259172439575195,-9.95106029510498,4,3,239,0,male
-7.639919281005859,-7.74977445602417,4,4,239,0,male
-7.150669574737549,-5.458444118499756,4,5,239,0,male
-5.171356201171875,-1.3632711172103882,4,6,239,0,male
0.7285152077674866,5.52903413772583,4,7,239,0,male
3.8925905227661133,7.661964416503906,4,8,239,0,male
66.88419342041016,-12.610760688781738,4,9,239,0,male
-3.197496175765991,-5.4656195640563965,4,0,240,9,male
-1.3486169576644897,-8.772636413574219,4,1,240,9,male
-1.252396583557129,-12.351807594299316,4,2,240,9,male
-1.388950228691101,-13.287293434143066,4,3,240,9,male
-1.668028473854065,-12.96188735961914,4,4,240,9,male
-1.7120425701141357,-11.013648986816406,4,5,240,9,male
-2.150844097137451,-8.861215591430664,4,6,240,9,male
-2.6756319999694824,-6.72496223449707,4,7,240,9,male
-2.1876676082611084,-1.913529872894287,4,8,240,9,male
1.3304213285446167,2.89402437210083,4,9,240,9,male
-8.29153823852539,-9.889801025390625,4,0,241,6,female
-8.67503833770752,-9.798969268798828,4,1,241,6,female
-9.324196815490723,-8.45523738861084,4,2,241,6,female
-8.368319511413574,-7.318774223327637,4,3,241,6,female
-7.680757522583008,-5.647247791290283,4,4,241,6,female
-5.6090312004089355,-1.803514003753662,4,5,241,6,female
-0.26559892296791077,4.816229820251465,4,6,241,6,female
3.0367541313171387,7.0654191970825195,4,7,241,6,female
4.854743480682373,7.852686405181885,4,8,241,6,female
67.4974594116211,-13.516413688659668,4,9,241,6,female
-9.033482551574707,-6.747364521026611,4,0,242,2,female
-9.52847957611084,-7.224607944488525,4,1,242,2,female
-9.464296340942383,-7.28915548324585,4,2,242,2,female
-8.46286678314209,-6.970613956451416,4,3,242,2,female
-7.531867027282715,-5.749931812286377,4,4,242,2,female
-6.1826605796813965,-3.9082672595977783,4,5,242,2,female
-1.465287208557129,2.7901015281677246,4,6,242,2,female
1.7217968702316284,5.765426158905029,4,7,242,2,female
4.478310585021973,7.277339935302734,4,8,242,2,female
67.48477172851562,-13.465353965759277,4,9,242,2,female
-1.3968653678894043,-9.367688179016113,4,0,243,9,male
-1.663141131401062,-12.65876579284668,4,1,243,9,male
-1.7641558647155762,-13.016810417175293,4,2,243,9,male
-1.6084656715393066,-11.93163013458252,4,3,243,9,male
-1.5192418098449707,-10.17130184173584,4,4,243,9,male
-2.2725114822387695,-8.561758041381836,4,5,243,9,male
-2.8635647296905518,-6.382567882537842,4,6,243,9,male
-1.944665789604187,-1.4058573246002197,4,7,243,9,male
1.5747936964035034,3.1647465229034424,4,8,243,9,male
4.340628147125244,5.969702243804932,4,9,243,9,male
-9.429908752441406,-7.085151672363281,4,0,244,2,female
-9.472145080566406,-7.201503753662109,4,1,244,2,female
-9.145333290100098,-7.33741569519043,4,2,244,2,female
-8.166482925415039,-7.219135761260986,4,3,244,2,female
-7.3952813148498535,-5.9217529296875,4,4,244,2,female
-5.919098377227783,-4.0494890213012695,4,5,244,2,female
-1.227200984954834,2.669802665710449,4,6,244,2,female
1.7595950365066528,5.351964950561523,4,7,244,2,female
4.5737996101379395,6.940774440765381,4,8,244,2,female
67.12276458740234,-12.519307136535645,4,9,244,2,female
-7.982259273529053,-10.105318069458008,4,0,245,6,female
-8.23480224609375,-10.150167465209961,4,1,245,6,female
-8.62364673614502,-9.279156684875488,4,2,245,6,female
-8.355598449707031,-7.758670806884766,4,3,245,6,female
-7.801337718963623,-6.147241592407227,4,4,245,6,female
-6.080790042877197,-2.9793050289154053,4,5,245,6,female
-1.0090104341506958,3.771141767501831,4,6,245,6,female
2.0827717781066895,6.298476696014404,4,7,245,6,female
4.563950061798096,7.7399091720581055,4,8,245,6,female
67.30387878417969,-13.268088340759277,4,9,245,6,female
-8.577625274658203,-9.409708976745605,4,0,246,6,female
-8.667792320251465,-9.623433113098145,4,1,246,6,female
-8.79643440246582,-8.86551284790039,4,2,246,6,female
-8.401576042175293,-7.566456317901611,4,3,246,6,female
-8.07984447479248,-6.136898994445801,4,4,246,6,female
-6.160658836364746,-2.959876537322998,4,5,246,6,female
-1.0619562864303589,3.7207086086273193,4,6,246,6,female
2.026963949203491,6.309391498565674,4,7,246,6,female
4.515456199645996,7.747074127197266,4,8,246,6,female
67.46692657470703,-13.38896369934082,4,9,246,6,female
-1.512397289276123,-8.007332801818848,4,0,247,8,male
-0.4737868905067444,-11.029723167419434,4,1,247,8,male
-0.3033292293548584,-13.002285957336426,4,2,247,8,male
-0.44942498207092285,-12.698500633239746,4,3,247,8,male
-1.0508676767349243,-10.410943984985352,4,4,247,8,male
-2.1745734214782715,-7.630154609680176,4,5,247,8,male
-2.80245041847229,-4.0014543533325195,4,6,247,8,male
0.5386660695075989,2.0734901428222656,4,7,247,8,male
3.6928882598876953,5.63075590133667,4,8,247,8,male
66.75459289550781,-13.125425338745117,4,9,247,8,male
-3.741640567779541,-11.363751411437988,4,0,248,1,male
-3.735509157180786,-11.58957290649414,4,1,248,1,male
-3.9795784950256348,-10.591973304748535,4,2,248,1,male
-3.144073724746704,-8.601530075073242,4,3,248,1,male
-3.769796848297119,-6.587151050567627,4,4,248,1,male
-3.577622413635254,-3.444159984588623,4,5,248,1,male
-0.4999770522117615,2.426772356033325,4,6,248,1,male
2.411604881286621,5.145448684692383,4,7,248,1,male
4.7944536209106445,6.783226490020752,4,8,248,1,male
66.96697998046875,-13.101478576660156,4,9,248,1,male
-3.643763542175293,-10.63760757446289,4,0,249,1,male
-3.349250555038452,-11.834444999694824,4,1,249,1,male
-3.3744728565216064,-11.664304733276367,4,2,249,1,male
-3.4827277660369873,-9.943903923034668,4,3,249,1,male
-3.2993686199188232,-7.676032066345215,4,4,249,1,male
-3.573164701461792,-3.604257106781006,4,5,249,1,male
-0.257050484418869,2.4833004474639893,4,6,249,1,male
2.949899435043335,5.379907608032227,4,7,249,1,male
4.825762748718262,6.995608329772949,4,8,249,1,male
66.70523834228516,-12.934891700744629,4,9,249,1,male
-8.049328804016113,-6.9135355949401855,5,0,250,0,male
-6.975645065307617,-9.28758716583252,5,1,250,0,male
-6.7656660079956055,-9.665786743164062,5,2,250,0,male
-6.844908237457275,-9.357623100280762,5,3,250,0,male
-7.131049633026123,-8.344964981079102,5,4,250,0,male
-7.558387279510498,-6.672123908996582,5,5,250,0,male
-6.4611897468566895,-3.941840887069702,5,6,250,0,male
-1.2240331172943115,3.4784538745880127,5,7,250,0,male
1.9100791215896606,5.968260765075684,5,8,250,0,male
4.51602840423584,7.7155351638793945,5,9,250,0,male
-4.615816116333008,-6.1827239990234375,5,0,251,1,male
-4.713555812835693,-10.002711296081543,5,1,251,1,male
-4.481148719787598,-10.508808135986328,5,2,251,1,male
-4.590232849121094,-10.250128746032715,5,3,251,1,male
-3.494488477706909,-8.479204177856445,5,4,251,1,male
-3.9658608436584473,-6.383154392242432,5,5,251,1,male
-3.5113511085510254,-3.368408203125,5,6,251,1,male
-0.04695741832256317,2.524228811264038,5,7,251,1,male
2.752596139907837,5.284185886383057,5,8,251,1,male
4.878512859344482,6.766896724700928,5,9,251,1,male
-0.5037029385566711,-10.120406150817871,5,0,252,8,male
0.2693878412246704,-12.869661331176758,5,1,252,8,male
-0.46969062089920044,-12.413107872009277,5,2,252,8,male
-1.3031975030899048,-9.190030097961426,5,3,252,8,male
-2.626775026321411,-6.461856842041016,5,4,252,8,male
-1.6045634746551514,-0.9527597427368164,5,5,252,8,male
2.1338987350463867,3.7065136432647705,5,6,252,8,male
4.700831890106201,6.323949337005615,5,7,252,8,male
66.8664779663086,-13.509252548217773,5,8,252,8,male
66.66790008544922,-13.598464965820312,5,9,252,8,male
-9.05545425415039,-7.2403035163879395,5,0,253,2,female
-8.945685386657715,-7.453574180603027,5,1,253,2,female
-8.469839096069336,-7.564699649810791,5,2,253,2,female
-7.34353494644165,-7.520527362823486,5,3,253,2,female
-6.090714931488037,-6.453373432159424,5,4,253,2,female
-5.058734893798828,-3.6645584106445312,5,5,253,2,female
-0.5226652026176453,2.666722297668457,5,6,253,2,female
2.6301803588867188,5.1626176834106445,5,7,253,2,female
5.085470676422119,6.694385528564453,5,8,253,2,female
67.47400665283203,-13.238261222839355,5,9,253,2,female
-7.669584274291992,-9.439539909362793,5,0,254,6,female
-7.799351215362549,-9.389074325561523,5,1,254,6,female
-7.910632133483887,-8.726630210876465,5,2,254,6,female
-8.188342094421387,-7.794180870056152,5,3,254,6,female
-7.830485820770264,-6.277693748474121,5,4,254,6,female
-6.132772922515869,-3.0008151531219482,5,5,254,6,female
-0.9765444397926331,3.8595950603485107,5,6,254,6,female
2.2585859298706055,6.428458213806152,5,7,254,6,female
4.717404842376709,7.742848873138428,5,8,254,6,female
66.94115447998047,-13.475903511047363,5,9,254,6,female
-7.63174295425415,-9.558533668518066,5,0,255,6,female
-7.820623397827148,-9.825932502746582,5,1,255,6,female
-8.101994514465332,-9.203900337219238,5,2,255,6,female
-8.290321350097656,-8.577613830566406,5,3,255,6,female
-7.633302211761475,-6.753815650939941,5,4,255,6,female
-6.744960784912109,-4.422370910644531,5,5,255,6,female
-2.009695053100586,2.6224915981292725,5,6,255,6,female
1.428090214729309,5.954341888427734,5,7,255,6,female
4.299726486206055,7.789792537689209,5,8,255,6,female
67.05069732666016,-13.300707817077637,5,9,255,6,female
-1.3188207149505615,-9.467533111572266,5,0,256,9,male
-1.5710136890411377,-12.983840942382812,5,1,256,9,male
-1.2433630228042603,-13.388163566589355,5,2,256,9,male
-1.0798060894012451,-12.93729305267334,5,3,256,9,male
-1.2924965620040894,-10.57544994354248,5,4,256,9,male
-2.045527219772339,-7.983996391296387,5,5,256,9,male
-3.1397290229797363,-4.933673858642578,5,6,256,9,male
0.19815857708454132,1.896100640296936,5,7,256,9,male
3.5006816387176514,5.502345561981201,5,8,256,9,male
67.2933120727539,-12.520875930786133,5,9,256,9,male
-7.159994602203369,-8.718229293823242,5,0,257,0,male
-6.689070701599121,-9.977293968200684,5,1,257,0,male
-6.727891445159912,-10.03875732421875,5,2,257,0,male
-7.628489971160889,-8.875971794128418,5,3,257,0,male
-7.668246746063232,-7.125233173370361,5,4,257,0,male
-6.927734375,-4.793875694274902,5,5,257,0,male
-4.910567760467529,-0.9865680932998657,5,6,257,0,male
1.097604751586914,5.735468864440918,5,7,257,0,male
4.168481349945068,7.678698539733887,5,8,257,0,male
66.87816619873047,-12.94826889038086,5,9,257,0,male
-4.055318355560303,-10.338510513305664,5,0,258,1,male
-4.079575538635254,-10.595643043518066,5,1,258,1,male
-3.831652879714966,-10.241100311279297,5,2,258,1,male
-3.0487403869628906,-8.813758850097656,5,3,258,1,male
-3.367863416671753,-7.424893856048584,5,4,258,1,male
-3.461188554763794,-3.3967645168304443,5,5,258,1,male
0.23263651132583618,2.6301844120025635,5,6,258,1,male
3.025726795196533,5.278253555297852,5,7,258,1,male
4.848001003265381,6.979619979858398,5,8,258,1,male
67.31391143798828,-13.057374000549316,5,9,258,1,male
-3.256725549697876,-7.85411262512207,5,0,259,1,male
-4.094053268432617,-10.313753128051758,5,1,259,1,male
-4.028103828430176,-10.720702171325684,5,2,259,1,male
-3.9340364933013916,-10.493826866149902,5,3,259,1,male
-3.4269373416900635,-9.553668022155762,5,4,259,1,male
-3.256255626678467,-7.764779090881348,5,5,259,1,male
-3.602644920349121,-4.792335033416748,5,6,259,1,male
-0.3138144910335541,1.7027815580368042,5,7,259,1,male
2.7825100421905518,4.931911945343018,5,8,259,1,male
4.892602443695068,6.869478702545166,5,9,259,1,male
-1.2052770853042603,-8.794923782348633,5,0,260,9,male
-1.009445309638977,-12.687747955322266,5,1,260,9,male
-1.109641671180725,-13.44012451171875,5,2,260,9,male
-1.3214954137802124,-13.345410346984863,5,3,260,9,male
-1.1388052701950073,-11.849623680114746,5,4,260,9,male
-1.7284597158432007,-9.581713676452637,5,5,260,9,male
-2.4513626098632812,-7.096556663513184,5,6,260,9,male
-2.43593692779541,-2.7280566692352295,5,7,260,9,male
1.0550625324249268,2.675819158554077,5,8,260,9,male
4.056342601776123,5.850481033325195,5,9,260,9,male
-2.119197368621826,-6.773322105407715,5,0,261,8,male
-0.38149768114089966,-10.148714065551758,5,1,261,8,male
0.6905955672264099,-12.769442558288574,5,2,261,8,male
-0.07291409373283386,-11.949653625488281,5,3,261,8,male
-1.3717533349990845,-8.719605445861816,5,4,261,8,male
-3.132840394973755,-5.564009189605713,5,5,261,8,male
-0.21362654864788055,1.6083861589431763,5,6,261,8,male
3.253647565841675,5.450701713562012,5,7,261,8,male
66.85548400878906,-12.739487648010254,5,8,261,8,male
67.20510864257812,-13.270859718322754,5,9,261,8,male
-6.941577911376953,-9.709138870239258,5,0,262,3,female
-7.067771911621094,-9.77436351776123,5,1,262,3,female
-7.668769359588623,-9.325465202331543,5,2,262,3,female
-7.942056655883789,-8.130646705627441,5,3,262,3,female
-7.595520973205566,-6.491035461425781,5,4,262,3,female
-6.322868347167969,-3.669130563735962,5,5,262,3,female
-1.304085373878479,3.3831777572631836,5,6,262,3,female
2.02215576171875,6.309437274932861,5,7,262,3,female
4.51115083694458,7.760499000549316,5,8,262,3,female
67.64712524414062,-13.167743682861328,5,9,262,3,female
-6.117033004760742,-7.472662925720215,5,0,263,11,female
-6.689272880554199,-10.829998970031738,5,1,263,11,female
-6.054718017578125,-12.64742374420166,5,2,263,11,female
-5.815028667449951,-12.554121017456055,5,3,263,11,female
-5.871120452880859,-11.891176223754883,5,4,263,11,female
-6.1305975914001465,-10.485970497131348,5,5,263,11,female
-6.073109149932861,-7.934609889984131,5,6,263,11,female
-5.405673027038574,-5.160793781280518,5,7,263,11,female
-0.9666510224342346,2.831437110900879,5,8,263,11,female
2.7698287963867188,6.079769134521484,5,9,263,11,female
-5.547314643859863,-5.694365501403809,5,0,264,11,female
-6.421961307525635,-9.660396575927734,5,1,264,11,female
-6.6776652336120605,-12.837635040283203,5,2,264,11,female
-6.5543293952941895,-13.083393096923828,5,3,264,11,female
-6.402112007141113,-13.110363006591797,5,4,264,11,female
-6.431878089904785,-12.505243301391602,5,5,264,11,female
-6.482330322265625,-10.810600280761719,5,6,264,11,female
-6.260844707489014,-8.068364143371582,5,7,264,11,female
-5.544806480407715,-4.879568099975586,5,8,264,11,female
-0.8310122489929199,3.0978024005889893,5,9,264,11,female
-7.133633136749268,-9.380321502685547,5,0,265,3,female
-7.097433567047119,-9.498514175415039,5,1,265,3,female
-7.841410160064697,-8.734169960021973,5,2,265,3,female
-7.830252647399902,-7.000540256500244,5,3,265,3,female
-7.096933364868164,-5.061290740966797,5,4,265,3,female
-5.0290021896362305,-1.1264301538467407,5,5,265,3,female
0.9873967170715332,5.706979274749756,5,6,265,3,female
3.958035707473755,7.580016136169434,5,7,265,3,female
67.43153381347656,-13.605879783630371,5,8,265,3,female
67.08805084228516,-13.49821662902832,5,9,265,3,female
-6.30913782119751,-8.778548240661621,5,0,266,0,male
-5.11806058883667,-10.251849174499512,5,1,266,0,male
-4.786070346832275,-10.30207633972168,5,2,266,0,male
-5.396494388580322,-9.640948295593262,5,3,266,0,male
-7.320809364318848,-7.939630031585693,5,4,266,0,male
-6.84169340133667,-5.898078918457031,5,5,266,0,male
-5.467650413513184,-2.488286256790161,5,6,266,0,male
-0.06765155494213104,4.5847978591918945,5,7,266,0,male
3.239441394805908,6.849043846130371,5,8,266,0,male
66.7694320678711,-12.125983238220215,5,9,266,0,male
-1.0422338247299194,-8.821102142333984,5,0,267,7,male
0.7237436175346375,-12.078010559082031,5,1,267,7,male
1.0409289598464966,-12.567607879638672,5,2,267,7,male
-0.007344318553805351,-10.738615989685059,5,3,267,7,male
-1.6397522687911987,-8.771565437316895,5,4,267,7,male
-2.496736764907837,-6.415097713470459,5,5,267,7,male
-1.8083313703536987,-1.367759346961975,5,6,267,7,male
1.6456263065338135,3.1346187591552734,5,7,267,7,male
4.402103424072266,6.007959842681885,5,8,267,7,male
67.53404998779297,-12.973360061645508,5,9,267,7,male
-7.902146339416504,-10.116861343383789,5,0,268,10,female
-8.057501792907715,-11.05146598815918,5,1,268,10,female
-8.172794342041016,-11.141133308410645,5,2,268,10,female
-8.111014366149902,-9.27901554107666,5,3,268,10,female
-7.139557838439941,-6.839286804199219,5,4,268,10,female
-5.751404285430908,-3.251709222793579,5,5,268,10,female
-0.45212194323539734,4.097270488739014,5,6,268,10,female
3.138434886932373,6.869399547576904,5,7,268,10,female
67.57854461669922,-13.028708457946777,5,8,268,10,female
66.740478515625,-13.40369987487793,5,9,268,10,female
-3.3613548278808594,-8.130645751953125,5,0,269,1,male
-4.16895055770874,-10.547143936157227,5,1,269,1,male
-4.162905693054199,-10.646468162536621,5,2,269,1,male
-3.907738208770752,-10.11823844909668,5,3,269,1,male
-3.2117810249328613,-8.059539794921875,5,4,269,1,male
-4.063859939575195,-6.005161285400391,5,5,269,1,male
-2.2702560424804688,-0.7917287945747375,5,6,269,1,male
1.6571242809295654,3.9545950889587402,5,7,269,1,male
4.554265022277832,6.6591644287109375,5,8,269,1,male
67.4972152709961,-13.600076675415039,5,9,269,1,male
-9.08724308013916,-6.9624481201171875,5,0,270,2,female
-8.991567611694336,-7.135195255279541,5,1,270,2,female
-8.601410865783691,-7.387382507324219,5,2,270,2,female
-6.560810089111328,-6.83591890335083,5,3,270,2,female
-5.81840181350708,-5.856749534606934,5,4,270,2,female
-4.824676513671875,-2.951615333557129,5,5,270,2,female
-0.24497590959072113,3.1078405380249023,5,6,270,2,female
2.993368148803711,5.704969882965088,5,7,270,2,female
5.177098274230957,6.943640232086182,5,8,270,2,female
67.41900634765625,-13.185644149780273,5,9,270,2,female
-7.871847152709961,-7.007247447967529,5,0,271,0,male
-6.740235805511475,-9.463232040405273,5,1,271,0,male
-6.71567440032959,-9.717852592468262,5,2,271,0,male
-6.726128578186035,-9.523491859436035,5,3,271,0,male
-7.477555274963379,-8.146629333496094,5,4,271,0,male
-6.916005611419678,-6.390878677368164,5,5,271,0,male
-5.651779651641846,-2.756683349609375,5,6,271,0,male
-0.27522674202919006,4.481192588806152,5,7,271,0,male
2.9828476905822754,6.6501545906066895,5,8,271,0,male
66.5071029663086,-12.426535606384277,5,9,271,0,male
-9.096246719360352,-6.9892897605896,5,0,272,2,female
-9.057862281799316,-7.14578104019165,5,1,272,2,female
-8.852319717407227,-7.335909366607666,5,2,272,2,female
-8.093750953674316,-7.475739479064941,5,3,272,2,female
-6.970507621765137,-7.318064212799072,5,4,272,2,female
-5.877617359161377,-5.84708833694458,5,5,272,2,female
-4.727667808532715,-2.5699779987335205,5,6,272,2,female
1.1067378520965576,4.664647102355957,5,7,272,2,female
4.050874710083008,6.6940836906433105,5,8,272,2,female
66.97665405273438,-12.712372779846191,5,9,272,2,female
-1.5185033082962036,-7.841576099395752,5,0,273,7,male
-0.18842560052871704,-10.638876914978027,5,1,273,7,male
1.114971399307251,-12.597474098205566,5,2,273,7,male
1.114197015762329,-12.643744468688965,5,3,273,7,male
0.2349933534860611,-11.847697257995605,5,4,273,7,male
-1.4015979766845703,-11.003035545349121,5,5,273,7,male
-2.4011998176574707,-9.308318138122559,5,6,273,7,male
-3.2494258880615234,-6.916677951812744,5,7,273,7,male
-2.5344536304473877,-1.756049394607544,5,8,273,7,male
1.2834789752960205,3.313398838043213,5,9,273,7,male
-1.233445167541504,-9.09150218963623,5,0,274,9,male
-0.9764662384986877,-12.98770809173584,5,1,274,9,male
-0.8873701691627502,-13.465075492858887,5,2,274,9,male
-0.8852983117103577,-13.315573692321777,5,3,274,9,male
-0.683897078037262,-11.62761116027832,5,4,274,9,male
-1.3896080255508423,-8.946964263916016,5,5,274,9,male
-2.7004873752593994,-6.283491611480713,5,6,274,9,male
-1.5908106565475464,-0.8514816164970398,5,7,274,9,male
2.072916030883789,3.6863059997558594,5,8,274,9,male
4.633289813995361,6.380670070648193,5,9,274,9,male
-6.061089992523193,-9.385635375976562,5,0,275,11,female
-6.102400302886963,-12.415299415588379,5,1,275,11,female
-6.126771450042725,-13.12175178527832,5,2,275,11,female
-5.9686055183410645,-12.864747047424316,5,3,275,11,female
-5.960058689117432,-12.040178298950195,5,4,275,11,female
-6.254878044128418,-10.247151374816895,5,5,275,11,female
-6.177288055419922,-7.4560065269470215,5,6,275,11,female
-5.345368385314941,-3.8597095012664795,5,7,275,11,female
-0.4301120936870575,3.6052966117858887,5,8,275,11,female
3.1884076595306396,6.65058708190918,5,9,275,11,female
-8.05875301361084,-7.316826343536377,5,0,276,0,male
-5.624055862426758,-10.07568359375,5,1,276,0,male
-5.220355987548828,-10.322463035583496,5,2,276,0,male
-5.789714336395264,-9.64100170135498,5,3,276,0,male
-7.008534908294678,-8.155068397521973,5,4,276,0,male
-7.09941291809082,-6.045873641967773,5,5,276,0,male
-5.4432477951049805,-2.3296995162963867,5,6,276,0,male
0.11436537653207779,4.725718975067139,5,7,276,0,male
3.525803327560425,7.069685935974121,5,8,276,0,male
67.28009033203125,-13.277579307556152,5,9,276,0,male
-0.9514530301094055,-10.003801345825195,5,0,277,9,male
-0.9596880674362183,-13.313385009765625,5,1,277,9,male
-0.7937642931938171,-13.396209716796875,5,2,277,9,male
-0.5105962753295898,-13.001852035522461,5,3,277,9,male
-1.064915418624878,-10.903188705444336,5,4,277,9,male
-1.8164962530136108,-8.330612182617188,5,5,277,9,male
-3.147794723510742,-5.222950458526611,5,6,277,9,male
-0.09477879106998444,1.6406776905059814,5,7,277,9,male
3.204791784286499,5.381768226623535,5,8,277,9,male
5.124887943267822,6.698597431182861,5,9,277,9,male
-9.028621673583984,-7.00978422164917,5,0,278,2,female
-9.000767707824707,-7.124687194824219,5,1,278,2,female
-8.645476341247559,-7.2870635986328125,5,2,278,2,female
-7.650820255279541,-7.259190082550049,5,3,278,2,female
-6.303748607635498,-6.216364860534668,5,4,278,2,female
-5.015909671783447,-3.156010627746582,5,5,278,2,female
-0.686428964138031,3.173903703689575,5,6,278,2,female
2.7494335174560547,6.011910915374756,5,7,278,2,female
4.653209686279297,7.539943218231201,5,8,278,2,female
67.23118591308594,-13.277164459228516,5,9,278,2,female
-3.963141918182373,-6.362217426300049,5,0,279,1,male
-4.1825056076049805,-10.072325706481934,5,1,279,1,male
-4.122085094451904,-11.073925018310547,5,2,279,1,male
-4.041184425354004,-11.138823509216309,5,3,279,1,male
-3.5626471042633057,-10.394539833068848,5,4,279,1,male
-3.1607718467712402,-8.583154678344727,5,5,279,1,male
-4.118307590484619,-6.179125785827637,5,6,279,1,male
-2.4553825855255127,-1.129957914352417,5,7,279,1,male
1.4055759906768799,3.6292591094970703,5,8,279,1,male
4.237947940826416,6.460883140563965,5,9,279,1,male
-6.7324748039245605,-10.117055892944336,5,0,280,3,female
-6.9520978927612305,-10.5877103805542,5,1,280,3,female
-7.099946022033691,-10.476827621459961,5,2,280,3,female
-6.889709949493408,-8.457262992858887,5,3,280,3,female
-6.454422473907471,-6.461524963378906,5,4,280,3,female
-5.061800003051758,-2.6699934005737305,5,5,280,3,female
0.2841692566871643,4.439615249633789,5,6,280,3,female
3.6647186279296875,6.913448810577393,5,7,280,3,female
66.6605224609375,-13.337274551391602,5,8,280,3,female
67.06562042236328,-13.06736946105957,5,9,280,3,female
-1.0619192123413086,-9.70041561126709,5,0,281,9,male
-1.0855588912963867,-13.421481132507324,5,1,281,9,male
-1.0157071352005005,-13.39404296875,5,2,281,9,male
-1.156480073928833,-12.776739120483398,5,3,281,9,male
-1.3274328708648682,-9.704049110412598,5,4,281,9,male
-2.5341882705688477,-7.138083457946777,5,5,281,9,male
-2.59016752243042,-2.9892709255218506,5,6,281,9,male
0.8637635707855225,2.5210657119750977,5,7,281,9,male
3.910649538040161,5.7235798835754395,5,8,281,9,male
66.7400131225586,-12.527922630310059,5,9,281,9,male
-9.020559310913086,-7.022899150848389,5,0,282,2,female
-8.998266220092773,-7.110351085662842,5,1,282,2,female
-8.523055076599121,-7.286923885345459,5,2,282,2,female
-7.516009330749512,-7.382833480834961,5,3,282,2,female
-6.4666290283203125,-6.367481231689453,5,4,282,2,female
-5.346581935882568,-3.8618853092193604,5,5,282,2,female
-1.0129741430282593,2.611924648284912,5,6,282,2,female
1.9049257040023804,5.176810264587402,5,7,282,2,female
4.53751802444458,6.964195251464844,5,8,282,2,female
67.44937133789062,-12.503104209899902,5,9,282,2,female
-3.1342034339904785,-7.6137800216674805,5,0,283,1,male
-3.905503988265991,-10.31712532043457,5,1,283,1,male
-3.2882578372955322,-11.657114028930664,5,2,283,1,male
-3.1364006996154785,-11.502726554870605,5,3,283,1,male
-3.28893780708313,-9.958803176879883,5,4,283,1,male
-3.163339138031006,-7.7080864906311035,5,5,283,1,male
-3.28777813911438,-3.596358060836792,5,6,283,1,male
0.4440184235572815,2.616640090942383,5,7,283,1,male
3.54884934425354,6.0031418800354,5,8,283,1,male
66.88294219970703,-12.807838439941406,5,9,283,1,male
-6.831785678863525,-12.200772285461426,5,0,284,11,female
-6.688732147216797,-13.042791366577148,5,1,284,11,female
-6.392823696136475,-13.007706642150879,5,2,284,11,female
-6.461854457855225,-12.349174499511719,5,3,284,11,female
-6.78409481048584,-10.699504852294922,5,4,284,11,female
-6.431804656982422,-7.814059734344482,5,5,284,11,female
-5.721171855926514,-4.577207088470459,5,6,284,11,female
-0.8160794973373413,3.4568846225738525,5,7,284,11,female
2.8462166786193848,6.596686840057373,5,8,284,11,female
66.8067626953125,-12.349658966064453,5,9,284,11,female
-7.983434677124023,-10.332910537719727,5,0,285,10,female
-8.124356269836426,-10.814501762390137,5,1,285,10,female
-8.366740226745605,-10.402045249938965,5,2,285,10,female
-7.726156234741211,-8.60345458984375,5,3,285,10,female
-7.105824947357178,-6.436657905578613,5,4,285,10,female
-5.539716720581055,-2.5786986351013184,5,5,285,10,female
-0.03979813680052757,4.566277503967285,5,6,285,10,female
3.460165023803711,7.165234565734863,5,7,285,10,female
66.9961929321289,-12.941479682922363,5,8,285,10,female
67.41439819335938,-13.580412864685059,5,9,285,10,female
-1.0092430114746094,-11.867815971374512,5,0,286,9,male
-0.9238464832305908,-13.267777442932129,5,1,286,9,male
-0.856050431728363,-12.665428161621094,5,2,286,9,male
-1.0028114318847656,-10.279714584350586,5,3,286,9,male
-1.9872230291366577,-7.768679141998291,5,4,286,9,male
-2.9607954025268555,-4.668319225311279,5,5,286,9,male
0.2604217529296875,1.884826421737671,5,6,286,9,male
3.536973237991333,5.446384429931641,5,7,286,9,male
67.01166534423828,-13.101153373718262,5,8,286,9,male
66.78707122802734,-13.414226531982422,5,9,286,9,male
-8.191362380981445,-5.795971870422363,5,0,287,2,female
-9.087398529052734,-7.007754325866699,5,1,287,2,female
-9.036345481872559,-7.15997838973999,5,2,287,2,female
-8.282502174377441,-7.546225547790527,5,3,287,2,female
-7.487500190734863,-7.537955284118652,5,4,287,2,female
-6.385612487792969,-6.277925968170166,5,5,287,2,female
-5.093356132507324,-3.153259038925171,5,6,287,2,female
-0.3512536883354187,3.585284471511841,5,7,287,2,female
3.1990299224853516,6.244208812713623,5,8,287,2,female
5.15090274810791,7.052673816680908,5,9,287,2,female
-8.757802963256836,-7.398357391357422,5,0,288,3,female
-8.862284660339355,-7.403936862945557,5,1,288,3,female
-8.821148872375488,-7.298379898071289,5,2,288,3,female
-8.310319900512695,-6.317157745361328,5,3,288,3,female
-7.831021308898926,-5.422395706176758,5,4,288,3,female
-5.650290012359619,-1.506689429283142,5,5,288,3,female
0.3216753602027893,5.407060146331787,5,6,288,3,female
3.537073850631714,7.518520355224609,5,7,288,3,female
67.6442642211914,-12.735770225524902,5,8,288,3,female
67.25276947021484,-13.233358383178711,5,9,288,3,female
-6.700925350189209,-9.811447143554688,5,0,289,3,female
-6.89879846572876,-10.19191837310791,5,1,289,3,female
-7.234223365783691,-10.175433158874512,5,2,289,3,female
-7.119165897369385,-8.485006332397461,5,3,289,3,female
-6.762378692626953,-6.6775665283203125,5,4,289,3,female
-5.466301918029785,-2.8101425170898438,5,5,289,3,female
-0.08818070590496063,4.4845685958862305,5,6,289,3,female
3.4503488540649414,7.208679676055908,5,7,289,3,female
67.4993667602539,-13.123281478881836,5,8,289,3,female
67.01455688476562,-13.559502601623535,5,9,289,3,female
-7.6597418785095215,-8.944701194763184,5,0,290,10,female
-8.0404052734375,-10.577252388000488,5,1,290,10,female
-8.120240211486816,-10.838996887207031,5,2,290,10,female
-8.28858757019043,-9.641514778137207,5,3,290,10,female
-7.327399253845215,-7.416971683502197,5,4,290,10,female
-6.438479423522949,-4.43429708480835,5,5,290,10,female
-1.7544913291931152,2.8571345806121826,5,6,290,10,female
1.7743291854858398,5.925040245056152,5,7,290,10,female
4.676580905914307,7.226902961730957,5,8,290,10,female
67.3663330078125,-12.66319465637207,5,9,290,10,female
2.113424062728882,5.665653705596924,5,0,291,11,female
-1.116111397743225,2.554692029953003,5,1,291,11,female
-5.464789390563965,-5.880850791931152,5,2,291,11,female
-6.753312587738037,-10.173911094665527,5,3,291,11,female
-6.569406509399414,-12.972381591796875,5,4,291,11,female
-6.466671943664551,-13.012653350830078,5,5,291,11,female
-6.300041675567627,-12.72121810913086,5,6,291,11,female
-6.108136177062988,-11.598366737365723,5,7,291,11,female
-6.096031665802002,-9.861787796020508,5,8,291,11,female
-5.994992733001709,-7.27908992767334,5,9,291,11,female
-1.7172807455062866,-7.552743434906006,5,0,292,8,male
-0.33852654695510864,-10.619887351989746,5,1,292,8,male
-0.05905304476618767,-13.021283149719238,5,2,292,8,male
-0.34392422437667847,-11.949117660522461,5,3,292,8,male
-1.4678674936294556,-8.6651611328125,5,4,292,8,male
-3.1376774311065674,-5.372095584869385,5,5,292,8,male
-0.2829352915287018,1.4663368463516235,5,6,292,8,male
3.1527554988861084,5.309851169586182,5,7,292,8,male
66.94536590576172,-12.516528129577637,5,8,292,8,male
66.69904327392578,-13.290416717529297,5,9,292,8,male
-9.016566276550293,-7.060969352722168,5,0,293,2,female
-8.941275596618652,-7.147570610046387,5,1,293,2,female
-8.557741165161133,-7.258569240570068,5,2,293,2,female
-7.595944404602051,-7.484127998352051,5,3,293,2,female
-6.531793117523193,-6.50773286819458,5,4,293,2,female
-5.490420341491699,-4.30275297164917,5,5,293,2,female
-0.8705887198448181,2.624141216278076,5,6,293,2,female
2.1445302963256836,5.266513347625732,5,7,293,2,female
4.657892227172852,6.9117279052734375,5,8,293,2,female
66.91436767578125,-13.562178611755371,5,9,293,2,female
-5.829174041748047,-5.960180759429932,5,0,294,0,male
-7.009984493255615,-9.09725284576416,5,1,294,0,male
-6.697752952575684,-9.794906616210938,5,2,294,0,male
-6.924515724182129,-9.661407470703125,5,3,294,0,male
-7.411258697509766,-8.574908256530762,5,4,294,0,male
-7.556917190551758,-7.015417575836182,5,5,294,0,male
-7.022984504699707,-5.126857280731201,5,6,294,0,male
-4.980862617492676,-1.0827502012252808,5,7,294,0,male
0.9402300715446472,5.7133636474609375,5,8,294,0,male
4.117163181304932,7.645064830780029,5,9,294,0,male
-9.065579414367676,-7.033352375030518,5,0,295,2,female
-8.982497215270996,-7.1184773445129395,5,1,295,2,female
-8.428184509277344,-7.169872760772705,5,2,295,2,female
-7.777346134185791,-6.9310102462768555,5,3,295,2,female
-6.453551292419434,-5.27627420425415,5,4,295,2,female
-4.825186729431152,-1.4442404508590698,5,5,295,2,female
0.5471506714820862,4.692088603973389,5,6,295,2,female
3.4872207641601562,6.71906042098999,5,7,295,2,female
66.96562194824219,-12.568076133728027,5,8,295,2,female
66.96105194091797,-13.226585388183594,5,9,295,2,female
-1.2458043098449707,-8.455412864685059,5,0,296,7,male
0.0055292085744440556,-11.28123950958252,5,1,296,7,male
1.088550090789795,-12.74877643585205,5,2,296,7,male
0.7934267520904541,-12.454703330993652,5,3,296,7,male
0.19640031456947327,-11.159939765930176,5,4,296,7,male
-1.098311424255371,-9.926271438598633,5,5,296,7,male
-2.1921164989471436,-7.7646260261535645,5,6,296,7,male
-2.9082581996917725,-4.7136640548706055,5,7,296,7,male
0.19468680024147034,1.793775200843811,5,8,296,7,male
3.305882692337036,5.244630336761475,5,9,296,7,male
-4.426967620849609,-10.389318466186523,5,0,297,1,male
-4.312660217285156,-10.499619483947754,5,1,297,1,male
-4.060579776763916,-9.957509994506836,5,2,297,1,male
-3.3165526390075684,-7.954104423522949,5,3,297,1,male
-3.9142343997955322,-6.138236999511719,5,4,297,1,male
-2.3131532669067383,-0.8864272832870483,5,5,297,1,male
1.5383777618408203,3.793581008911133,5,6,297,1,male
4.307438850402832,6.293486595153809,5,7,297,1,male
67.18412017822266,-12.455120086669922,5,8,297,1,male
66.58589935302734,-13.452850341796875,5,9,297,1,male
-0.9629807472229004,-11.825798034667969,5,0,298,9,male
-0.9888476729393005,-13.350722312927246,5,1,298,9,male
-0.8328007459640503,-13.234847068786621,5,2,298,9,male
-0.7603205442428589,-12.087913513183594,5,3,298,9,male
-1.1687884330749512,-10.220277786254883,5,4,298,9,male
-2.140657663345337,-7.589114665985107,5,5,298,9,male
-2.889045476913452,-4.091130256652832,5,6,298,9,male
0.4854087233543396,2.092951774597168,5,7,298,9,male
3.71388578414917,5.612698554992676,5,8,298,9,male
66.74334716796875,-13.080939292907715,5,9,298,9,male
-1.4652259349822998,-8.014107704162598,5,0,299,7,male
-0.21210931241512299,-10.939873695373535,5,1,299,7,male
1.1243369579315186,-12.750130653381348,5,2,299,7,male
1.0910910367965698,-12.68307113647461,5,3,299,7,male
0.32924261689186096,-11.530369758605957,5,4,299,7,male
-1.0440454483032227,-10.166626930236816,5,5,299,7,male
-2.368011236190796,-8.054051399230957,5,6,299,7,male
-3.1075119972229004,-5.072605609893799,5,7,299,7,male
-0.11503614485263824,1.6865307092666626,5,8,299,7,male
3.154724359512329,5.3323211669921875,5,9,299,7,male
-3.502603530883789,-10.083978652954102,6,0,300,1,male
-3.5504047870635986,-11.140512466430664,6,1,300,1,male
-3.9188480377197266,-9.695406913757324,6,2,300,1,male
-4.716352939605713,-5.8968505859375,6,3,300,1,male
-1.2356611490249634,2.130594253540039,6,4,300,1,male
2.382120370864868,5.105857849121094,6,5,300,1,male
4.834600925445557,6.77095890045166,6,6,300,1,male
66.92327880859375,-13.223943710327148,6,7,300,1,male
66.9139175415039,-13.27602767944336,6,8,300,1,male
67.41415405273438,-13.767219543457031,6,9,300,1,male
-7.677032947540283,-3.4634032249450684,6,0,301,11,female
-7.440563201904297,-4.017584323883057,6,1,301,11,female
-6.5678887367248535,-9.653310775756836,6,2,301,11,female
-7.269632339477539,-11.530288696289062,6,3,301,11,female
-7.059942245483398,-9.569025039672852,6,4,301,11,female
-6.9118828773498535,-6.13283109664917,6,5,301,11,female
-7.711263656616211,-3.2677736282348633,6,6,301,11,female
-7.748185157775879,-3.1969635486602783,6,7,301,11,female
-7.7539963722229,-2.981117010116577,6,8,301,11,female
-7.697653770446777,-2.615978717803955,6,9,301,11,female
-1.256295919418335,-8.395212173461914,6,0,302,7,male
-0.032589469105005264,-11.248241424560547,6,1,302,7,male
-0.25097212195396423,-11.603059768676758,6,2,302,7,male
-1.1919924020767212,-8.825945854187012,6,3,302,7,male
-3.3447036743164062,-5.708939552307129,6,4,302,7,male
-7.727214813232422,-3.114372968673706,6,5,302,7,male
-7.801140785217285,-3.1777994632720947,6,6,302,7,male
-7.759891510009766,-2.924103260040283,6,7,302,7,male
-7.704290390014648,-2.4777605533599854,6,8,302,7,male
-7.609189510345459,-2.2766494750976562,6,9,302,7,male
-5.258256435394287,-5.115757942199707,6,0,303,0,male
-6.459690093994141,-8.256979942321777,6,1,303,0,male
-7.2244062423706055,-10.863466262817383,6,2,303,0,male
-7.748587608337402,-11.03176212310791,6,3,303,0,male
-7.955181121826172,-8.554671287536621,6,4,303,0,male
-6.948093414306641,-5.174431800842285,6,5,303,0,male
-1.2829983234405518,3.112555742263794,6,6,303,0,male
2.6170928478240967,6.522508144378662,6,7,303,0,male
67.48339080810547,-13.508637428283691,6,8,303,0,male
67.35538482666016,-13.231184959411621,6,9,303,0,male
-7.033890247344971,-6.886734962463379,6,0,304,10,female
-8.098856925964355,-10.178640365600586,6,1,304,10,female
-8.246145248413086,-11.02151870727539,6,2,304,10,female
-8.388664245605469,-10.244824409484863,6,3,304,10,female
-7.67669153213501,-7.000797748565674,6,4,304,10,female
-5.7946600914001465,-2.854218006134033,6,5,304,10,female
-0.20140394568443298,4.632139682769775,6,6,304,10,female
3.501336097717285,7.282718658447266,6,7,304,10,female
66.89127349853516,-13.758358001708984,6,8,304,10,female
67.27835083007812,-13.309825897216797,6,9,304,10,female
-2.742067575454712,-6.280680179595947,6,0,305,9,male
-1.1317956447601318,-9.584746360778809,6,1,305,9,male
-1.1512914896011353,-13.009788513183594,6,2,305,9,male
-1.0189235210418701,-12.26459789276123,6,3,305,9,male
-1.3661609888076782,-8.729750633239746,6,4,305,9,male
-3.381760835647583,-5.562929153442383,6,5,305,9,male
-0.23668327927589417,1.670684576034546,6,6,305,9,male
3.302016258239746,5.313949108123779,6,7,305,9,male
5.1753129959106445,6.561440944671631,6,8,305,9,male
67.474609375,-13.168734550476074,6,9,305,9,male
2.9378371238708496,5.717889308929443,6,0,306,1,male
-1.1817774772644043,2.2745699882507324,6,1,306,1,male
-4.406960487365723,-5.823214530944824,6,2,306,1,male
-3.84786057472229,-9.823761940002441,6,3,306,1,male
-3.462536334991455,-11.289722442626953,6,4,306,1,male
-3.420980453491211,-10.765338897705078,6,5,306,1,male
-3.2179839611053467,-7.858677387237549,6,6,306,1,male
-3.653165578842163,-3.5295469760894775,6,7,306,1,male
0.439047634601593,2.6700103282928467,6,8,306,1,male
3.9372596740722656,6.022086143493652,6,9,306,1,male
-1.8285648822784424,-7.755097389221191,6,0,307,7,male
-1.053113341331482,-9.848674774169922,6,1,307,7,male
-1.203068733215332,-10.704973220825195,6,2,307,7,male
-1.7370325326919556,-8.518692970275879,6,3,307,7,male
-3.2692348957061768,-5.778119087219238,6,4,307,7,male
-7.697216510772705,-2.95461106300354,6,5,307,7,male
-7.56112813949585,-2.7801735401153564,6,6,307,7,male
-7.487613677978516,-2.5960123538970947,6,7,307,7,male
-7.507488250732422,-2.3925483226776123,6,8,307,7,male
67.14875030517578,-12.684102058410645,6,9,307,7,male
-6.56240701675415,-6.286898612976074,6,0,308,0,male
-8.071224212646484,-9.536192893981934,6,1,308,0,male
-8.123324394226074,-10.898050308227539,6,2,308,0,male
-8.29068660736084,-9.02129077911377,6,3,308,0,male
-7.423086643218994,-5.636980056762695,6,4,308,0,male
-1.479590654373169,2.89654278755188,6,5,308,0,male
2.5565192699432373,6.309606075286865,6,6,308,0,male
4.751872539520264,7.592121601104736,6,7,308,0,male
66.66798400878906,-13.361154556274414,6,8,308,0,male
67.00482177734375,-13.766129493713379,6,9,308,0,male
-6.299244403839111,-6.500583648681641,6,0,309,0,male
-7.805540561676025,-9.301384925842285,6,1,309,0,male
-8.24633502960205,-10.775826454162598,6,2,309,0,male
-8.172311782836914,-8.766256332397461,6,3,309,0,male
-7.394226551055908,-5.467041492462158,6,4,309,0,male
-1.3177621364593506,3.1326193809509277,6,5,309,0,male
2.786768674850464,6.604595184326172,6,6,309,0,male
67.37736511230469,-13.573963165283203,6,7,309,0,male
66.9867172241211,-13.639396667480469,6,8,309,0,male
67.30984497070312,-13.316144943237305,6,9,309,0,male
-2.9808270931243896,-8.778843879699707,6,0,310,1,male
-3.3079919815063477,-11.087980270385742,6,1,310,1,male
-3.386500120162964,-10.632125854492188,6,2,310,1,male
-2.89235782623291,-8.05645751953125,6,3,310,1,male
-3.6124250888824463,-4.946260452270508,6,4,310,1,male
0.1213054284453392,2.436739206314087,6,5,310,1,male
3.1987123489379883,6.168182373046875,6,6,310,1,male
66.95264434814453,-13.622376441955566,6,7,310,1,male
67.39612579345703,-13.152425765991211,6,8,310,1,male
67.46141815185547,-13.429055213928223,6,9,310,1,male
-9.334349632263184,-6.590147972106934,6,0,311,2,female
-9.910503387451172,-7.049054145812988,6,1,311,2,female
-9.897814750671387,-6.845490455627441,6,2,311,2,female
-7.9541120529174805,-5.613649368286133,6,3,311,2,female
-6.196588516235352,-2.095913887023926,6,4,311,2,female
1.1680185794830322,6.017766952514648,6,5,311,2,female
3.766146183013916,7.6498026847839355,6,6,311,2,female
66.96678924560547,-13.326184272766113,6,7,311,2,female
67.1304931640625,-13.709906578063965,6,8,311,2,female
67.49906921386719,-13.497723579406738,6,9,311,2,female
-7.938712120056152,-8.158452987670898,6,0,312,6,female
-8.918116569519043,-9.736608505249023,6,1,312,6,female
-8.248688697814941,-8.327317237854004,6,2,312,6,female
-7.676762104034424,-5.791557788848877,6,3,312,6,female
-5.318885803222656,-1.4170746803283691,6,4,312,6,female
0.9233385324478149,5.6837944984436035,6,5,312,6,female
3.9470033645629883,7.628955841064453,6,6,312,6,female
66.50359344482422,-12.808670997619629,6,7,312,6,female
66.90103149414062,-13.334080696105957,6,8,312,6,female
67.2965316772461,-13.608173370361328,6,9,312,6,female
-8.85569953918457,-7.054131031036377,6,0,313,2,female
-10.043318748474121,-8.64836597442627,6,1,313,2,female
-10.253917694091797,-8.273333549499512,6,2,313,2,female
-9.303291320800781,-6.676638603210449,6,3,313,2,female
-7.541167736053467,-4.881011962890625,6,4,313,2,female
-0.7488449215888977,4.082268238067627,6,5,313,2,female
3.251662254333496,7.314228534698486,6,6,313,2,female
66.60175323486328,-13.253490447998047,6,7,313,2,female
67.13324737548828,-13.697134017944336,6,8,313,2,female
66.71514892578125,-13.620757102966309,6,9,313,2,female
-7.589954376220703,-3.626128673553467,6,0,314,11,female
-6.509346961975098,-8.748238563537598,6,1,314,11,female
-7.29457950592041,-11.564587593078613,6,2,314,11,female
-7.378236293792725,-11.256667137145996,6,3,314,11,female
-6.686437129974365,-8.228075981140137,6,4,314,11,female
-7.514213562011719,-3.6436612606048584,6,5,314,11,female
-7.792244911193848,-3.141132354736328,6,6,314,11,female
-7.761382579803467,-3.00476336479187,6,7,314,11,female
-7.794333457946777,-2.712238311767578,6,8,314,11,female
-7.7639875411987305,-2.393465518951416,6,9,314,11,female
-7.63343620300293,-7.970560073852539,6,0,315,10,female
-8.451626777648926,-10.595743179321289,6,1,315,10,female
-8.427746772766113,-10.76961612701416,6,2,315,10,female
-7.951409816741943,-8.658130645751953,6,3,315,10,female
-7.289153099060059,-5.854886054992676,6,4,315,10,female
-5.132915496826172,-1.3425273895263672,6,5,315,10,female
0.9818512201309204,5.697824478149414,6,6,315,10,female
4.091689586639404,7.506916522979736,6,7,315,10,female
67.0489730834961,-13.50137996673584,6,8,315,10,female
66.95423126220703,-13.6295804977417,6,9,315,10,female
-7.14439582824707,-8.562461853027344,6,0,316,3,female
-7.594426155090332,-11.166996955871582,6,1,316,3,female
-7.956725597381592,-10.906732559204102,6,2,316,3,female
-7.677560329437256,-8.041980743408203,6,3,316,3,female
-7.613690376281738,-3.526808977127075,6,4,316,3,female
-7.744377613067627,-3.336488723754883,6,5,316,3,female
-7.773458957672119,-3.108509063720703,6,6,316,3,female
-7.778580188751221,-2.8316144943237305,6,7,316,3,female
-7.742701053619385,-2.446650981903076,6,8,316,3,female
-7.629579544067383,-2.2963204383850098,6,9,316,3,female
-7.6092610359191895,-8.146564483642578,6,0,317,10,female
-8.22197437286377,-10.848466873168945,6,1,317,10,female
-8.25870132446289,-10.99402141571045,6,2,317,10,female
-8.007659912109375,-9.517166137695312,6,3,317,10,female
-7.32324743270874,-6.510890960693359,6,4,317,10,female
-5.626861095428467,-2.592398166656494,6,5,317,10,female
-0.059755682945251465,4.7838006019592285,6,6,317,10,female
3.5742475986480713,7.367768287658691,6,7,317,10,female
67.48994445800781,-13.475903511047363,6,8,317,10,female
67.04204559326172,-13.247459411621094,6,9,317,10,female
-1.7847362756729126,-7.7363762855529785,6,0,318,8,male
-0.7743248343467712,-9.793434143066406,6,1,318,8,male
-0.7000429630279541,-10.385967254638672,6,2,318,8,male
-1.4629908800125122,-8.293725967407227,6,3,318,8,male
-3.7291905879974365,-5.485300540924072,6,4,318,8,male
-1.0977811813354492,2.7252910137176514,6,5,318,8,male
2.7096049785614014,6.219577789306641,6,6,318,8,male
66.63479614257812,-12.539505958557129,6,7,318,8,male
66.82093048095703,-13.101173400878906,6,8,318,8,male
66.96267700195312,-13.29036808013916,6,9,318,8,male
-7.581117630004883,-7.376718997955322,6,0,319,10,female
-8.396507263183594,-10.402008056640625,6,1,319,10,female
-8.40257453918457,-10.876559257507324,6,2,319,10,female
-8.440080642700195,-10.02952766418457,6,3,319,10,female
-7.627976417541504,-6.994602203369141,6,4,319,10,female
-5.958379745483398,-3.125476598739624,6,5,319,10,female
-0.3315849006175995,4.444394588470459,6,6,319,10,female
3.219682455062866,7.033440589904785,6,7,319,10,female
66.72307586669922,-13.403007507324219,6,8,319,10,female
66.85089874267578,-13.596487998962402,6,9,319,10,female
-3.4740402698516846,-5.578608512878418,6,0,320,9,male
-1.3090105056762695,-8.960968971252441,6,1,320,9,male
-1.2515381574630737,-12.356973648071289,6,2,320,9,male
-1.2457280158996582,-12.557032585144043,6,3,320,9,male
-1.1249165534973145,-9.343412399291992,6,4,320,9,male
-3.0709376335144043,-6.079401969909668,6,5,320,9,male
-1.4589784145355225,-0.4833163917064667,6,6,320,9,male
2.2277309894561768,3.955111503601074,6,7,320,9,male
4.671583652496338,6.502903461456299,6,8,320,9,male
66.7625732421875,-13.124368667602539,6,9,320,9,male
-2.7885847091674805,-6.464007377624512,6,0,321,9,male
-1.2450597286224365,-9.700128555297852,6,1,321,9,male
-1.6800683736801147,-12.855149269104004,6,2,321,9,male
-1.2395350933074951,-11.886808395385742,6,3,321,9,male
-1.6926039457321167,-8.3333740234375,6,4,321,9,male
-3.302595615386963,-5.334681034088135,6,5,321,9,male
0.08132526278495789,1.9941927194595337,6,6,321,9,male
3.356546401977539,5.642288684844971,6,7,321,9,male
66.76728820800781,-13.123710632324219,6,8,321,9,male
66.9234848022461,-13.245450973510742,6,9,321,9,male
-7.853295803070068,-8.457782745361328,6,0,322,6,female
-8.432753562927246,-10.702225685119629,6,1,322,6,female
-9.013072967529297,-9.866570472717285,6,2,322,6,female
-8.094654083251953,-7.034994125366211,6,3,322,6,female
-7.237542629241943,-3.2990822792053223,6,4,322,6,female
-7.774104595184326,-3.082479953765869,6,5,322,6,female
-7.84827995300293,-2.8679215908050537,6,6,322,6,female
-7.765752792358398,-2.548489809036255,6,7,322,6,female
-7.701307773590088,-2.335486888885498,6,8,322,6,female
-7.791079521179199,-2.209973096847534,6,9,322,6,female
-7.576367378234863,-3.6157798767089844,6,0,323,11,female
-6.630712985992432,-9.132383346557617,6,1,323,11,female
-7.069521427154541,-11.855448722839355,6,2,323,11,female
-6.902283191680908,-11.359110832214355,6,3,323,11,female
-6.527160167694092,-8.313787460327148,6,4,323,11,female
-5.780340671539307,-4.743849754333496,6,5,323,11,female
-7.729310512542725,-3.0084736347198486,6,6,323,11,female
-7.719551086425781,-2.874931573867798,6,7,323,11,female
-7.743804931640625,-2.561628580093384,6,8,323,11,female
-7.686350345611572,-2.385354518890381,6,9,323,11,female
-7.777242183685303,-8.088601112365723,6,0,324,10,female
-8.395182609558105,-10.740945816040039,6,1,324,10,female
-8.37635326385498,-10.76960277557373,6,2,324,10,female
-7.873845100402832,-8.45736026763916,6,3,324,10,female
-6.892170429229736,-5.3370442390441895,6,4,324,10,female
-1.5539968013763428,2.855992078781128,6,5,324,10,female
2.166104316711426,6.160821914672852,6,6,324,10,female
4.6922383308410645,7.642510890960693,6,7,324,10,female
67.23084259033203,-13.043998718261719,6,8,324,10,female
66.71621704101562,-13.738329887390137,6,9,324,10,female
-7.529808044433594,-7.891684532165527,6,0,325,10,female
-8.227445602416992,-10.736210823059082,6,1,325,10,female
-8.358977317810059,-10.89329719543457,6,2,325,10,female
-8.093745231628418,-9.029044151306152,6,3,325,10,female
-7.414254188537598,-6.013690948486328,6,4,325,10,female
-5.237207412719727,-1.5400203466415405,6,5,325,10,female
0.6811598539352417,5.508514404296875,6,6,325,10,female
3.963144540786743,7.5598530769348145,6,7,325,10,female
66.89608001708984,-12.768646240234375,6,8,325,10,female
66.77705383300781,-13.248043060302734,6,9,325,10,female
-7.669671058654785,-3.467597723007202,6,0,326,11,female
-6.14387845993042,-7.495238304138184,6,1,326,11,female
-6.441042900085449,-10.356257438659668,6,2,326,11,female
-6.570736885070801,-11.444860458374023,6,3,326,11,female
-6.24278450012207,-9.201424598693848,6,4,326,11,female
-7.298376560211182,-3.8659942150115967,6,5,326,11,female
-7.719521999359131,-3.382601022720337,6,6,326,11,female
-7.754101276397705,-3.3275880813598633,6,7,326,11,female
-7.807506084442139,-3.187408924102783,6,8,326,11,female
-7.801331996917725,-2.9168059825897217,6,9,326,11,female
-7.776561737060547,-7.037270545959473,6,0,327,6,female
-8.983016967773438,-9.422844886779785,6,1,327,6,female
-8.99598217010498,-9.854154586791992,6,2,327,6,female
-8.089537620544434,-8.201032638549805,6,3,327,6,female
-7.332901954650879,-5.262368679046631,6,4,327,6,female
-1.4156897068023682,2.9617929458618164,6,5,327,6,female
1.8290598392486572,6.184785842895508,6,6,327,6,female
4.730781078338623,7.806721210479736,6,7,327,6,female
66.53839111328125,-13.331216812133789,6,8,327,6,female
67.3193588256836,-13.175703048706055,6,9,327,6,female
-7.689106464385986,-3.497065782546997,6,0,328,11,female
-7.5389933586120605,-3.6916863918304443,6,1,328,11,female
-6.380782604217529,-9.53311538696289,6,2,328,11,female
-6.756031036376953,-11.76854133605957,6,3,328,11,female
-6.592149257659912,-10.287302017211914,6,4,328,11,female
-6.277977466583252,-7.2068891525268555,6,5,328,11,female
-7.6769185066223145,-3.492201089859009,6,6,328,11,female
-7.731789588928223,-3.430171012878418,6,7,328,11,female
-7.7909836769104,-3.1586976051330566,6,8,328,11,female
-7.728307723999023,-2.6418344974517822,6,9,328,11,female
-7.7443528175354,-7.851414203643799,6,0,329,10,female
-8.5599365234375,-10.47214126586914,6,1,329,10,female
-8.486495018005371,-10.716039657592773,6,2,329,10,female
-7.9332990646362305,-8.549877166748047,6,3,329,10,female
-7.139930725097656,-5.551851272583008,6,4,329,10,female
-4.940035343170166,-1.116441011428833,6,5,329,10,female
1.3797690868377686,5.886218070983887,6,6,329,10,female
4.382171154022217,7.709835529327393,6,7,329,10,female
66.75413513183594,-13.050686836242676,6,8,329,10,female
67.33989715576172,-13.61730670928955,6,9,329,10,female
-7.961502552032471,-5.490179538726807,6,0,330,2,female
-9.812832832336426,-6.824760913848877,6,1,330,2,female
-10.128666877746582,-7.184910297393799,6,2,330,2,female
-9.722392082214355,-6.766793251037598,6,3,330,2,female
-7.114250659942627,-4.647594928741455,6,4,330,2,female
-7.715181350708008,-2.776214599609375,6,5,330,2,female
-7.75877571105957,-2.5276401042938232,6,6,330,2,female
-7.74752950668335,-2.3901333808898926,6,7,330,2,female
66.99713897705078,-13.356348037719727,6,8,330,2,female
67.41361236572266,-13.068989753723145,6,9,330,2,female
-9.247593879699707,-6.526695728302002,6,0,331,2,female
-10.063233375549316,-7.057037830352783,6,1,331,2,female
-9.8453369140625,-6.783940315246582,6,2,331,2,female
-8.01073932647705,-5.5766520500183105,6,3,331,2,female
-6.148199558258057,-2.0374412536621094,6,4,331,2,female
-7.747900485992432,-2.8162691593170166,6,5,331,2,female
-7.710710048675537,-2.4901537895202637,6,6,331,2,female
-7.79461669921875,-2.279853582382202,6,7,331,2,female
67.63426208496094,-13.659308433532715,6,8,331,2,female
66.49232482910156,-13.53758430480957,6,9,331,2,female
-6.815039157867432,-5.561476707458496,6,0,332,0,male
-7.9597578048706055,-8.957012176513672,6,1,332,0,male
-8.203927040100098,-10.88291072845459,6,2,332,0,male
-8.375662803649902,-9.238554954528809,6,3,332,0,male
-7.556247711181641,-6.083244323730469,6,4,332,0,male
-5.358526706695557,-1.4866657257080078,6,5,332,0,male
0.9855512976646423,5.770264625549316,6,6,332,0,male
4.1900739669799805,7.6479573249816895,6,7,332,0,male
67.02132415771484,-13.648040771484375,6,8,332,0,male
66.73733520507812,-13.72628116607666,6,9,332,0,male
-7.8309712409973145,-7.80640983581543,6,0,333,6,female
-8.746393203735352,-10.160024642944336,6,1,333,6,female
-9.332172393798828,-9.555991172790527,6,2,333,6,female
-8.272991180419922,-7.322986602783203,6,3,333,6,female
-6.779819011688232,-4.259234428405762,6,4,333,6,female
-0.8692710399627686,3.94366455078125,6,5,333,6,female
2.916991710662842,6.889613628387451,6,6,333,6,female
66.82283782958984,-13.311662673950195,6,7,333,6,female
66.93917083740234,-13.191147804260254,6,8,333,6,female
67.58395385742188,-13.548276901245117,6,9,333,6,female
-7.942591667175293,-10.889632225036621,6,0,334,3,female
-8.270660400390625,-10.303611755371094,6,1,334,3,female
-7.994547367095947,-7.219089508056641,6,2,334,3,female
-6.348345756530762,-3.4395499229431152,6,3,334,3,female
-0.5030628442764282,4.369141101837158,6,4,334,3,female
3.0884549617767334,7.064157009124756,6,5,334,3,female
66.75569915771484,-12.712773323059082,6,6,334,3,female
66.9387435913086,-13.599420547485352,6,7,334,3,female
66.9776382446289,-13.719670295715332,6,8,334,3,female
67.01248168945312,-13.337267875671387,6,9,334,3,female
-2.415120840072632,-6.390069961547852,6,0,335,7,male
-0.6839501857757568,-9.484061241149902,6,1,335,7,male
-0.13603191077709198,-11.238911628723145,6,2,335,7,male
-0.9292978048324585,-9.294926643371582,6,3,335,7,male
-2.9007344245910645,-6.066757678985596,6,4,335,7,male
-7.716806888580322,-3.1786675453186035,6,5,335,7,male
-7.626794338226318,-3.0778396129608154,6,6,335,7,male
-7.614457607269287,-2.8429384231567383,6,7,335,7,male
-7.573153972625732,-2.502971649169922,6,8,335,7,male
-7.552314281463623,-2.323237895965576,6,9,335,7,male
-2.882798194885254,-6.279913902282715,6,0,336,9,male
-1.285780906677246,-9.445199966430664,6,1,336,9,male
-1.579669713973999,-12.29019832611084,6,2,336,9,male
-1.676537036895752,-11.097853660583496,6,3,336,9,male
-2.3331358432769775,-7.997316360473633,6,4,336,9,male
-3.0945651531219482,-4.419530391693115,6,5,336,9,male
0.32155942916870117,2.1533772945404053,6,6,336,9,male
3.541015625,5.8699631690979,6,7,336,9,male
67.44937896728516,-12.77408218383789,6,8,336,9,male
66.9916000366211,-13.226317405700684,6,9,336,9,male
-9.817097663879395,-6.950953960418701,6,0,337,2,female
-10.475881576538086,-7.714215278625488,6,1,337,2,female
-9.991178512573242,-6.986771583557129,6,2,337,2,female
-7.865361213684082,-5.4094557762146,6,3,337,2,female
-1.3215807676315308,2.9552414417266846,6,4,337,2,female
2.238912343978882,6.2157816886901855,6,5,337,2,female
4.365923881530762,7.888215065002441,6,6,337,2,female
66.9395751953125,-13.6062593460083,6,7,337,2,female
67.020751953125,-13.407073974609375,6,8,337,2,female
66.70909118652344,-13.470033645629883,6,9,337,2,female
-1.9475077390670776,-7.604639053344727,6,0,338,9,male
-0.7571682929992676,-10.72901439666748,6,1,338,9,male
-0.6590045690536499,-12.937593460083008,6,2,338,9,male
-0.6448938250541687,-10.872106552124023,6,3,338,9,male
-1.7842282056808472,-7.788006782531738,6,4,338,9,male
-2.9240734577178955,-3.992579936981201,6,5,338,9,male
0.6503893733024597,2.2885124683380127,6,6,338,9,male
3.844186305999756,5.719301700592041,6,7,338,9,male
67.40168762207031,-13.088763236999512,6,8,338,9,male
67.34197998046875,-13.238053321838379,6,9,338,9,male
-3.5774412155151367,-9.655686378479004,6,0,339,1,male
-3.4385883808135986,-11.27105712890625,6,1,339,1,male
-3.33005428314209,-10.667622566223145,6,2,339,1,male
-3.294995069503784,-7.9067606925964355,6,3,339,1,male
-3.6804494857788086,-3.8802127838134766,6,4,339,1,male
0.28640222549438477,2.6844277381896973,6,5,339,1,male
3.444821834564209,6.321457386016846,6,6,339,1,male
66.85533905029297,-12.922401428222656,6,7,339,1,male
66.6124496459961,-13.216135025024414,6,8,339,1,male
67.03569793701172,-13.761037826538086,6,9,339,1,male
-3.1369118690490723,-8.378174781799316,6,0,340,1,male
-3.4161300659179688,-11.13082218170166,6,1,340,1,male
-3.423841953277588,-11.292627334594727,6,2,340,1,male
-3.555896759033203,-9.803521156311035,6,3,340,1,male
-4.266269207000732,-6.1357421875,6,4,340,1,male
-2.187544107437134,-0.5603114366531372,6,5,340,1,male
1.9024332761764526,4.107194423675537,6,6,340,1,male
4.653584003448486,6.593734264373779,6,7,340,1,male
66.87981414794922,-13.39456558227539,6,8,340,1,male
67.50660705566406,-13.656233787536621,6,9,340,1,male
-1.970868468284607,-7.279614448547363,6,0,341,8,male
-0.5975273847579956,-9.823335647583008,6,1,341,8,male
-0.48435524106025696,-10.489349365234375,6,2,341,8,male
-1.280261754989624,-8.569478034973145,6,3,341,8,male
-3.1083669662475586,-5.762133598327637,6,4,341,8,male
-6.832597732543945,-2.387545108795166,6,5,341,8,male
-7.182785987854004,-2.4030654430389404,6,6,341,8,male
-7.356241703033447,-2.3161211013793945,6,7,341,8,male
67.25330352783203,-12.745696067810059,6,8,341,8,male
66.77216339111328,-13.29775333404541,6,9,341,8,male
-7.71387243270874,-8.04588508605957,6,0,342,10,female
-8.382527351379395,-10.746787071228027,6,1,342,10,female
-8.423222541809082,-10.79970645904541,6,2,342,10,female
-7.965514183044434,-8.737489700317383,6,3,342,10,female
-7.108332633972168,-5.832457065582275,6,4,342,10,female
-4.937376499176025,-1.3692176342010498,6,5,342,10,female
1.0067169666290283,5.6490678787231445,6,6,342,10,female
4.342920780181885,7.585273742675781,6,7,342,10,female
66.51099395751953,-12.879838943481445,6,8,342,10,female
67.15187072753906,-13.344724655151367,6,9,342,10,female
-7.5162482261657715,-8.758071899414062,6,0,343,3,female
-8.00464153289795,-10.909095764160156,6,1,343,3,female
-8.222156524658203,-10.005335807800293,6,2,343,3,female
-7.662893295288086,-6.885257720947266,6,3,343,3,female
-7.70904541015625,-3.447981119155884,6,4,343,3,female
-7.8111748695373535,-3.3466076850891113,6,5,343,3,female
-7.808009147644043,-3.155599594116211,6,6,343,3,female
-7.763915061950684,-2.7867207527160645,6,7,343,3,female
-7.7392168045043945,-2.341320514678955,6,8,343,3,female
-7.693993091583252,-2.272022247314453,6,9,343,3,female
-3.3700456619262695,-7.592568874359131,6,0,344,1,male
-3.4666085243225098,-10.133681297302246,6,1,344,1,male
-3.519280433654785,-11.034669876098633,6,2,344,1,male
-3.988248825073242,-9.404487609863281,6,3,344,1,male
-4.682376861572266,-5.711213111877441,6,4,344,1,male
-1.1654932498931885,2.6589906215667725,6,5,344,1,male
2.8252925872802734,6.168482780456543,6,6,344,1,male
67.20279693603516,-13.20295238494873,6,7,344,1,male
66.75035858154297,-13.680453300476074,6,8,344,1,male
67.40483093261719,-13.260232925415039,6,9,344,1,male
-1.6223407983779907,-7.79124116897583,6,0,345,7,male
-0.4821029007434845,-10.744600296020508,6,1,345,7,male
-0.9051593542098999,-11.648324012756348,6,2,345,7,male
-1.3203045129776,-8.934192657470703,6,3,345,7,male
-2.9775960445404053,-5.927994251251221,6,4,345,7,male
-7.641756534576416,-2.9252519607543945,6,5,345,7,male
-7.559891700744629,-2.928553342819214,6,6,345,7,male
-7.490833282470703,-2.7178866863250732,6,7,345,7,male
-7.4731926918029785,-2.380148410797119,6,8,345,7,male
66.92910766601562,-12.4801025390625,6,9,345,7,male
-7.597906112670898,-7.693199634552002,6,0,346,10,female
-8.316638946533203,-10.604117393493652,6,1,346,10,female
-8.291292190551758,-10.911839485168457,6,2,346,10,female
-7.906497478485107,-8.622912406921387,6,3,346,10,female
-7.179233551025391,-5.432309627532959,6,4,346,10,female
-1.5319368839263916,2.912503242492676,6,5,346,10,female
-7.674917221069336,-2.5149099826812744,6,6,346,10,female
-7.6248860359191895,-2.283848524093628,6,7,346,10,female
-7.632526874542236,-2.3338611125946045,6,8,346,10,female
67.28643798828125,-13.061488151550293,6,9,346,10,female
-1.9631927013397217,-7.4725117683410645,6,0,347,8,male
-0.6274805068969727,-9.824254989624023,6,1,347,8,male
-0.5910771489143372,-10.668227195739746,6,2,347,8,male
-1.182968020439148,-8.597817420959473,6,3,347,8,male
-3.4354217052459717,-5.632614612579346,6,4,347,8,male
-1.372950553894043,2.7691948413848877,6,5,347,8,male
2.117185115814209,6.089583396911621,6,6,347,8,male
4.558924674987793,7.799809455871582,6,7,347,8,male
67.1240005493164,-13.889217376708984,6,8,347,8,male
67.55237579345703,-13.246725082397461,6,9,347,8,male
-2.650425910949707,-6.150505542755127,6,0,348,8,male
-0.7574825882911682,-9.391995429992676,6,1,348,8,male
-0.2613413333892822,-11.102418899536133,6,2,348,8,male
-1.010949730873108,-9.077116012573242,6,3,348,8,male
-2.8931455612182617,-6.126013278961182,6,4,348,8,male
-1.2276575565338135,-0.0042132302187383175,6,5,348,8,male
2.5180158615112305,4.680105209350586,6,6,348,8,male
4.933310508728027,6.503433704376221,6,7,348,8,male
67.28443145751953,-12.692241668701172,6,8,348,8,male
67.00270080566406,-13.82768726348877,6,9,348,8,male
-2.727872610092163,-6.159881591796875,6,0,349,8,male
-1.2994941473007202,-9.268387794494629,6,1,349,8,male
-1.7238105535507202,-11.303884506225586,6,2,349,8,male
-1.385975956916809,-9.255545616149902,6,3,349,8,male
-3.0250942707061768,-6.022739410400391,6,4,349,8,male
-7.636787414550781,-2.949197769165039,6,5,349,8,male
-7.589610576629639,-2.8754076957702637,6,6,349,8,male
-7.485043048858643,-2.5200846195220947,6,7,349,8,male
-7.483113765716553,-2.299248456954956,6,8,349,8,male
66.84089660644531,-13.107850074768066,6,9,349,8,male
-4.802492618560791,-5.760420799255371,7,0,350,0,male
-5.617559432983398,-9.553357124328613,7,1,350,0,male
-5.611879348754883,-11.46279525756836,7,2,350,0,male
-5.820560455322266,-11.615013122558594,7,3,350,0,male
-7.467410087585449,-11.036309242248535,7,4,350,0,male
-8.500015258789062,-9.268474578857422,7,5,350,0,male
-7.372061729431152,-7.223992824554443,7,6,350,0,male
-6.487196445465088,-4.331362247467041,7,7,350,0,male
-1.830371379852295,2.859196662902832,7,8,350,0,male
1.6547949314117432,5.99683952331543,7,9,350,0,male
-7.628197193145752,-7.605006217956543,7,0,351,10,female
-7.892642498016357,-10.415188789367676,7,1,351,10,female
-7.937050819396973,-11.29002857208252,7,2,351,10,female
-7.797093391418457,-11.212639808654785,7,3,351,10,female
-7.94321346282959,-10.93010425567627,7,4,351,10,female
-8.288328170776367,-10.151045799255371,7,5,351,10,female
-7.232157230377197,-8.090973854064941,7,6,351,10,female
-6.649437427520752,-5.240424633026123,7,7,351,10,female
-2.0853939056396484,2.4885244369506836,7,8,351,10,female
1.419932246208191,5.978916645050049,7,9,351,10,female
-7.701600074768066,-3.4899094104766846,7,0,352,11,female
-7.582996845245361,-3.7209596633911133,7,1,352,11,female
-6.462155342102051,-9.726739883422852,7,2,352,11,female
-6.803694248199463,-12.168405532836914,7,3,352,11,female
-6.5454816818237305,-12.439153671264648,7,4,352,11,female
-6.28986930847168,-12.28106689453125,7,5,352,11,female
-6.189419746398926,-11.853646278381348,7,6,352,11,female
-6.171715259552002,-10.483526229858398,7,7,352,11,female
-6.1016387939453125,-7.7963948249816895,7,8,352,11,female
-5.511208534240723,-4.8840107917785645,7,9,352,11,female
-3.3141729831695557,-7.737168312072754,7,0,353,1,male
-3.781207323074341,-10.41262149810791,7,1,353,1,male
-3.3421998023986816,-11.719625473022461,7,2,353,1,male
-3.106738805770874,-11.794647216796875,7,3,353,1,male
-2.7377917766571045,-11.192124366760254,7,4,353,1,male
-2.8998868465423584,-10.141566276550293,7,5,353,1,male
-3.0961077213287354,-8.768787384033203,7,6,353,1,male
-3.804502487182617,-6.563314914703369,7,7,353,1,male
-2.595245838165283,-1.253997802734375,7,8,353,1,male
1.3373284339904785,3.6846892833709717,7,9,353,1,male
-4.734864234924316,-5.665839195251465,7,0,354,0,male
-5.73242712020874,-9.46669864654541,7,1,354,0,male
-5.706751823425293,-11.531479835510254,7,2,354,0,male
-6.015420913696289,-11.885100364685059,7,3,354,0,male
-7.448815822601318,-11.59347152709961,7,4,354,0,male
-8.569906234741211,-9.944793701171875,7,5,354,0,male
-7.382238864898682,-7.816704273223877,7,6,354,0,male
-6.641428470611572,-4.781583309173584,7,7,354,0,male
-2.0069563388824463,2.6310806274414062,7,8,354,0,male
1.3732473850250244,5.845597743988037,7,9,354,0,male
-1.8707765340805054,-7.288880825042725,7,0,355,7,male
-0.24857869744300842,-10.56825065612793,7,1,355,7,male
1.0876245498657227,-12.82675838470459,7,2,355,7,male
0.7575099468231201,-12.75853443145752,7,3,355,7,male
0.24719247221946716,-12.04458999633789,7,4,355,7,male
-0.6509946584701538,-10.427851676940918,7,5,355,7,male
-2.037414312362671,-8.4176607131958,7,6,355,7,male
-2.6624667644500732,-5.742528438568115,7,7,355,7,male
-1.0325835943222046,0.09404068440198898,7,8,355,7,male
2.6935455799102783,4.473475933074951,7,9,355,7,male
-8.084463119506836,-5.707969665527344,7,0,356,2,female
-9.445087432861328,-7.235887050628662,7,1,356,2,female
-9.552868843078613,-7.8471150398254395,7,2,356,2,female
-9.607089042663574,-7.824877738952637,7,3,356,2,female
-9.5481538772583,-7.523885250091553,7,4,356,2,female
-9.176178932189941,-6.715622425079346,7,5,356,2,female
-7.844602108001709,-5.447288513183594,7,6,356,2,female
-5.631737232208252,-1.4481773376464844,7,7,356,2,female
0.6264207363128662,5.65492582321167,7,8,356,2,female
3.974435329437256,7.670929908752441,7,9,356,2,female
-4.6300764083862305,-5.906552314758301,7,0,357,0,male
-5.872471809387207,-9.551775932312012,7,1,357,0,male
-5.669288158416748,-11.148285865783691,7,2,357,0,male
-6.098883152008057,-11.262419700622559,7,3,357,0,male
-7.391808986663818,-10.575028419494629,7,4,357,0,male
-7.922852039337158,-8.838781356811523,7,5,357,0,male
-7.185227394104004,-6.568910598754883,7,6,357,0,male
-5.824766159057617,-2.9907867908477783,7,7,357,0,male
-0.5135800242424011,4.3028950691223145,7,8,357,0,male
3.076030969619751,6.955185890197754,7,9,357,0,male
-4.17527437210083,-5.839915752410889,7,0,358,1,male
-3.896089792251587,-9.931575775146484,7,1,358,1,male
-3.3892483711242676,-11.720181465148926,7,2,358,1,male
-3.1525015830993652,-11.960084915161133,7,3,358,1,male
-2.924785614013672,-11.39401912689209,7,4,358,1,male
-2.8568344116210938,-9.988136291503906,7,5,358,1,male
-3.016305923461914,-8.548081398010254,7,6,358,1,male
-3.8530642986297607,-6.120711803436279,7,7,358,1,male
-2.253668785095215,-0.71592777967453,7,8,358,1,male
1.7234668731689453,3.9794771671295166,7,9,358,1,male
-7.382728099822998,-8.494362831115723,7,0,359,6,female
-7.842475414276123,-10.254541397094727,7,1,359,6,female
-7.943836688995361,-10.379355430603027,7,2,359,6,female
-8.491776466369629,-10.605825424194336,7,3,359,6,female
-8.840786933898926,-10.076166152954102,7,4,359,6,female
-8.41028118133545,-8.806048393249512,7,5,359,6,female
-7.285402297973633,-6.4005584716796875,7,6,359,6,female
-5.610987663269043,-2.5737152099609375,7,7,359,6,female
-0.07000138610601425,4.671483516693115,7,8,359,6,female
3.5854361057281494,7.211036682128906,7,9,359,6,female
-2.570673704147339,-6.259176731109619,7,0,360,8,male
-0.6972741484642029,-9.414615631103516,7,1,360,8,male
-0.11130957305431366,-12.958588600158691,7,2,360,8,male
-0.24336722493171692,-13.070905685424805,7,3,360,8,male
-0.5332190990447998,-12.286678314208984,7,4,360,8,male
-1.4906871318817139,-9.664710998535156,7,5,360,8,male
-2.3500521183013916,-6.922921657562256,7,6,360,8,male
-2.211944818496704,-2.454376220703125,7,7,360,8,male
1.3548997640609741,2.7734317779541016,7,8,360,8,male
4.251283168792725,5.957367897033691,7,9,360,8,male
-3.1773393154144287,-7.911261558532715,7,0,361,1,male
-3.6621320247650146,-10.669008255004883,7,1,361,1,male
-3.316821336746216,-11.680717468261719,7,2,361,1,male
-3.1075873374938965,-11.60962200164795,7,3,361,1,male
-2.960582733154297,-10.671835899353027,7,4,361,1,male
-2.831486940383911,-9.731106758117676,7,5,361,1,male
-3.505767822265625,-7.84668493270874,7,6,361,1,male
-3.627887487411499,-3.7029082775115967,7,7,361,1,male
0.11792371422052383,2.6757748126983643,7,8,361,1,male
3.3438918590545654,5.632026672363281,7,9,361,1,male
-7.421057224273682,-7.810960292816162,7,0,362,10,female
-7.729964733123779,-10.60314655303955,7,1,362,10,female
-7.900315284729004,-11.435869216918945,7,2,362,10,female
-7.598562717437744,-11.414525985717773,7,3,362,10,female
-7.5793890953063965,-11.297085762023926,7,4,362,10,female
-7.634598255157471,-10.551640510559082,7,5,362,10,female
-6.921543121337891,-8.598241806030273,7,6,362,10,female
-6.6529130935668945,-6.510223388671875,7,7,362,10,female
-5.124115943908691,-2.500656843185425,7,8,362,10,female
0.23043179512023926,4.579160690307617,7,9,362,10,female
-7.799105644226074,-10.240606307983398,7,0,363,6,female
-7.772274494171143,-10.272587776184082,7,1,363,6,female
-7.754849910736084,-9.879989624023438,7,2,363,6,female
-7.882336616516113,-9.645329475402832,7,3,363,6,female
-7.284753322601318,-8.653487205505371,7,4,363,6,female
-6.710994720458984,-6.835058212280273,7,5,363,6,female
-5.458571910858154,-3.0764546394348145,7,6,363,6,female
-0.26011601090431213,4.111527442932129,7,7,363,6,female
3.2185122966766357,6.999068260192871,7,8,363,6,female
66.62212371826172,-12.949790000915527,7,9,363,6,female
-4.315494060516357,-5.9572248458862305,7,0,364,1,male
-3.962343454360962,-9.878915786743164,7,1,364,1,male
-3.660863161087036,-11.483942031860352,7,2,364,1,male
-3.2220277786254883,-11.869789123535156,7,3,364,1,male
-2.962893486022949,-11.44797134399414,7,4,364,1,male
-2.9289917945861816,-10.203361511230469,7,5,364,1,male
-3.148108959197998,-8.51102066040039,7,6,364,1,male
-3.9835128784179688,-6.008388042449951,7,7,364,1,male
-2.072894811630249,-0.37882283329963684,7,8,364,1,male
1.9099868535995483,4.270263195037842,7,9,364,1,male
-1.8294051885604858,-7.564603328704834,7,0,365,7,male
-0.48648831248283386,-10.419515609741211,7,1,365,7,male
1.0406783819198608,-12.579431533813477,7,2,365,7,male
0.7151114344596863,-12.434890747070312,7,3,365,7,male
0.0952405110001564,-10.66262149810791,7,4,365,7,male
-1.508800745010376,-9.576668739318848,7,5,365,7,male
-2.2563271522521973,-7.147550106048584,7,6,365,7,male
-2.626660108566284,-4.200201034545898,7,7,365,7,male
0.3545326292514801,1.9138250350952148,7,8,365,7,male
3.4542195796966553,5.372823238372803,7,9,365,7,male
-7.798936367034912,-3.339780569076538,7,0,366,11,female
-7.447626113891602,-3.84648060798645,7,1,366,11,female
-6.302001953125,-9.825056076049805,7,2,366,11,female
-6.301102638244629,-12.704253196716309,7,3,366,11,female
-6.365126132965088,-13.059332847595215,7,4,366,11,female
-6.528024196624756,-12.831233978271484,7,5,366,11,female
-6.75233268737793,-12.18256664276123,7,6,366,11,female
-6.376010894775391,-10.756722450256348,7,7,366,11,female
-6.316010475158691,-7.936887264251709,7,8,366,11,female
-5.544678211212158,-5.076231002807617,7,9,366,11,female
-1.6303980350494385,-8.067191123962402,7,0,367,9,male
-0.7442264556884766,-10.881698608398438,7,1,367,9,male
-0.5284543037414551,-12.986334800720215,7,2,367,9,male
-0.3413351774215698,-12.886631965637207,7,3,367,9,male
-0.32737109065055847,-12.810644149780273,7,4,367,9,male
-0.38409850001335144,-11.90847396850586,7,5,367,9,male
-1.4414552450180054,-9.426301956176758,7,6,367,9,male
-2.2314364910125732,-6.965623378753662,7,7,367,9,male
-2.1584556102752686,-2.50296950340271,7,8,367,9,male
1.329892635345459,2.6762888431549072,7,9,367,9,male
-7.67326021194458,-7.475082874298096,7,0,368,6,female
-8.016241073608398,-10.084575653076172,7,1,368,6,female
-8.187919616699219,-10.501580238342285,7,2,368,6,female
-8.761089324951172,-10.11642837524414,7,3,368,6,female
-9.339198112487793,-10.150403022766113,7,4,368,6,female
-9.025298118591309,-9.571187019348145,7,5,368,6,female
-8.019606590270996,-7.7470383644104,7,6,368,6,female
-6.713581562042236,-4.793853759765625,7,7,368,6,female
-1.8828039169311523,2.77204966545105,7,8,368,6,female
1.6262420415878296,6.107592582702637,7,9,368,6,female
-1.5735747814178467,-7.9037909507751465,7,0,369,7,male
-0.266808420419693,-10.711429595947266,7,1,369,7,male
1.0404945611953735,-12.684392929077148,7,2,369,7,male
0.4405790865421295,-11.772015571594238,7,3,369,7,male
0.04690444841980934,-10.610146522521973,7,4,369,7,male
-1.6845273971557617,-9.144091606140137,7,5,369,7,male
-2.166443109512329,-6.977870941162109,7,6,369,7,male
-2.343296527862549,-2.9732728004455566,7,7,369,7,male
1.0240508317947388,2.3694708347320557,7,8,369,7,male
3.9390647411346436,5.574784278869629,7,9,369,7,male
-4.755580425262451,-5.840773582458496,7,0,370,0,male
-4.907179832458496,-9.711472511291504,7,1,370,0,male
-4.965513229370117,-11.311673164367676,7,2,370,0,male
-5.085658550262451,-11.45644760131836,7,3,370,0,male
-7.197269916534424,-11.003301620483398,7,4,370,0,male
-8.611050605773926,-10.099736213684082,7,5,370,0,male
-7.865661144256592,-8.371659278869629,7,6,370,0,male
-7.072503089904785,-5.686606407165527,7,7,370,0,male
-4.905038356781006,-1.2900478839874268,7,8,370,0,male
0.9818753004074097,5.639326095581055,7,9,370,0,male
-7.5496625900268555,-2.935995578765869,7,0,371,7,male
-2.5003395080566406,-6.265688896179199,7,1,371,7,male
-0.5978682637214661,-9.71622085571289,7,2,371,7,male
0.9758912920951843,-12.773929595947266,7,3,371,7,male
0.8991723656654358,-13.119314193725586,7,4,371,7,male
0.4657200872898102,-12.011628150939941,7,5,371,7,male
-0.5959981083869934,-10.063227653503418,7,6,371,7,male
-2.141261577606201,-7.280278205871582,7,7,371,7,male
-2.6035377979278564,-4.045612812042236,7,8,371,7,male
0.6612694263458252,2.032151222229004,7,9,371,7,male
-1.4675315618515015,-8.660344123840332,7,0,372,9,male
-1.3832945823669434,-12.006156921386719,7,1,372,9,male
-1.0480655431747437,-13.205208778381348,7,2,372,9,male
-0.6566662788391113,-12.759310722351074,7,3,372,9,male
-0.7440160512924194,-12.708257675170898,7,4,372,9,male
-0.9545009136199951,-12.331229209899902,7,5,372,9,male
-1.344670057296753,-10.227434158325195,7,6,372,9,male
-2.2927613258361816,-7.621921539306641,7,7,372,9,male
-2.798931360244751,-4.5911784172058105,7,8,372,9,male
0.10337328165769577,1.616668939590454,7,9,372,9,male
-1.6084214448928833,-7.824953079223633,7,0,373,7,male
-0.1082753911614418,-10.886845588684082,7,1,373,7,male
1.0934326648712158,-12.91404914855957,7,2,373,7,male
0.7244334816932678,-12.672688484191895,7,3,373,7,male
0.04365142807364464,-10.538386344909668,7,4,373,7,male
-1.7932971715927124,-8.694663047790527,7,5,373,7,male
-2.365593671798706,-6.191428184509277,7,6,373,7,male
-1.535033106803894,-1.3504029512405396,7,7,373,7,male
2.1132569313049316,3.5094075202941895,7,8,373,7,male
4.869174003601074,6.322715759277344,7,9,373,7,male
-7.386828422546387,-7.883129119873047,7,0,374,10,female
-7.988791465759277,-10.806843757629395,7,1,374,10,female
-7.963775634765625,-11.396171569824219,7,2,374,10,female
-7.99452018737793,-11.45820426940918,7,3,374,10,female
-8.284772872924805,-11.199240684509277,7,4,374,10,female
-8.540327072143555,-9.820082664489746,7,5,374,10,female
-7.44244384765625,-7.210496425628662,7,6,374,10,female
-6.411890983581543,-4.013599395751953,7,7,374,10,female
-1.057881474494934,3.598525047302246,7,8,374,10,female
2.4912757873535156,6.475775241851807,7,9,374,10,female
-2.261723279953003,-6.561239719390869,7,0,375,8,male
-0.7415432929992676,-9.767400741577148,7,1,375,8,male
-0.3685029447078705,-12.719903945922852,7,2,375,8,male
-0.5113589763641357,-12.722926139831543,7,3,375,8,male
-0.9745554327964783,-12.399595260620117,7,4,375,8,male
-1.1761924028396606,-11.083504676818848,7,5,375,8,male
-2.0380663871765137,-8.881242752075195,7,6,375,8,male
-2.5336782932281494,-6.115932464599609,7,7,375,8,male
-1.4197969436645508,-0.6444489359855652,7,8,375,8,male
2.330519199371338,4.059909343719482,7,9,375,8,male
-8.358290672302246,-6.415713787078857,7,0,376,2,female
-9.512155532836914,-8.064325332641602,7,1,376,2,female
-9.649208068847656,-8.248699188232422,7,2,376,2,female
-9.59569263458252,-7.960895538330078,7,3,376,2,female
-9.467852592468262,-6.989986896514893,7,4,376,2,female
-8.108260154724121,-5.677212715148926,7,5,376,2,female
-5.9639434814453125,-2.0484330654144287,7,6,376,2,female
0.03322324901819229,5.171710968017578,7,7,376,2,female
3.396726608276367,7.508618354797363,7,8,376,2,female
67.57953643798828,-12.653630256652832,7,9,376,2,female
-2.7943177223205566,-6.844346046447754,7,0,377,9,male
-1.3658769130706787,-9.68025016784668,7,1,377,9,male
-1.4991519451141357,-12.493038177490234,7,2,377,9,male
-1.4269665479660034,-13.06985092163086,7,3,377,9,male
-1.4170595407485962,-12.988990783691406,7,4,377,9,male
-1.2195433378219604,-12.122381210327148,7,5,377,9,male
-1.6387832164764404,-9.543828964233398,7,6,377,9,male
-2.623746395111084,-6.851665496826172,7,7,377,9,male
-2.1857028007507324,-1.8443175554275513,7,8,377,9,male
1.5147532224655151,3.0748038291931152,7,9,377,9,male
-7.832273483276367,-10.120710372924805,7,0,378,6,female
-7.938359260559082,-10.501246452331543,7,1,378,6,female
-8.12603759765625,-10.35335922241211,7,2,378,6,female
-8.562164306640625,-10.21408462524414,7,3,378,6,female
-8.483622550964355,-9.452828407287598,7,4,378,6,female
-7.359865188598633,-7.107338905334473,7,5,378,6,female
-6.275338649749756,-3.908620834350586,7,6,378,6,female
-0.6810312271118164,3.9888710975646973,7,7,378,6,female
3.173776388168335,6.960460186004639,7,8,378,6,female
67.12934112548828,-13.458470344543457,7,9,378,6,female
-7.613437652587891,-3.6023526191711426,7,0,379,11,female
-6.217274188995361,-9.446800231933594,7,1,379,11,female
-5.996932029724121,-12.20608901977539,7,2,379,11,female
-5.884289741516113,-12.48116683959961,7,3,379,11,female
-5.669865608215332,-12.127939224243164,7,4,379,11,female
-5.886738300323486,-11.66146183013916,7,5,379,11,female
-6.1411004066467285,-10.226621627807617,7,6,379,11,female
-6.042046070098877,-7.664628505706787,7,7,379,11,female
-5.446250915527344,-4.868957996368408,7,8,379,11,female
-0.7682518362998962,3.002962350845337,7,9,379,11,female
-7.054563999176025,-8.33890438079834,7,0,380,3,female
-7.155900955200195,-10.774544715881348,7,1,380,3,female
-7.88422155380249,-11.300910949707031,7,2,380,3,female
-8.075572967529297,-11.315800666809082,7,3,380,3,female
-8.448091506958008,-10.875658988952637,7,4,380,3,female
-8.294402122497559,-9.514782905578613,7,5,380,3,female
-7.137028694152832,-7.347498416900635,7,6,380,3,female
-6.35860538482666,-4.398857593536377,7,7,380,3,female
-1.6763384342193604,2.9635143280029297,7,8,380,3,female
1.7572457790374756,6.110194683074951,7,9,380,3,female
-1.5517220497131348,-8.443029403686523,7,0,381,9,male
-1.1230125427246094,-11.704761505126953,7,1,381,9,male
-0.9085936546325684,-13.17898178100586,7,2,381,9,male
-0.33808985352516174,-12.979413032531738,7,3,381,9,male
-0.1597854048013687,-12.79910659790039,7,4,381,9,male
-0.15966752171516418,-12.400429725646973,7,5,381,9,male
-0.9135106801986694,-10.310287475585938,7,6,381,9,male
-2.1412312984466553,-7.767570495605469,7,7,381,9,male
-2.900590181350708,-4.681919097900391,7,8,381,9,male
0.1340004950761795,1.765353798866272,7,9,381,9,male
-1.6609731912612915,-8.207038879394531,7,0,382,9,male
-1.1824983358383179,-11.281970024108887,7,1,382,9,male
-1.121924638748169,-13.225354194641113,7,2,382,9,male
-1.1391594409942627,-13.27763557434082,7,3,382,9,male
-1.1165155172348022,-12.950679779052734,7,4,382,9,male
-1.1560758352279663,-11.337834358215332,7,5,382,9,male
-1.9011164903640747,-9.1696195602417,7,6,382,9,male
-2.693911075592041,-6.376885414123535,7,7,382,9,male
-1.6661369800567627,-1.052169680595398,7,8,382,9,male
2.005000352859497,3.549142599105835,7,9,382,9,male
-7.598605155944824,-7.412247180938721,7,0,383,10,female
-7.929380416870117,-10.292543411254883,7,1,383,10,female
-8.024803161621094,-11.26008415222168,7,2,383,10,female
-8.045005798339844,-11.34740924835205,7,3,383,10,female
-8.229679107666016,-11.236772537231445,7,4,383,10,female
-8.501955032348633,-10.231240272521973,7,5,383,10,female
-7.466179370880127,-8.369614601135254,7,6,383,10,female
-6.907427787780762,-5.755649089813232,7,7,383,10,female
-5.002242565155029,-1.5345983505249023,7,8,383,10,female
0.7847716808319092,5.322781562805176,7,9,383,10,female
-7.699955463409424,-3.4061639308929443,7,0,384,11,female
-6.140698432922363,-7.289007186889648,7,1,384,11,female
-6.881746292114258,-10.643828392028809,7,2,384,11,female
-6.363272666931152,-12.613883972167969,7,3,384,11,female
-6.378727912902832,-12.441877365112305,7,4,384,11,female
-6.131914138793945,-11.554954528808594,7,5,384,11,female
-6.206937789916992,-11.0888090133667,7,6,384,11,female
-6.13900899887085,-10.025741577148438,7,7,384,11,female
-6.038595199584961,-7.469001293182373,7,8,384,11,female
-5.298704624176025,-4.203282833099365,7,9,384,11,female
-6.267847537994385,-9.6112060546875,7,0,385,3,female
-6.870019912719727,-10.920967102050781,7,1,385,3,female
-7.877719402313232,-11.450797080993652,7,2,385,3,female
-9.052035331726074,-11.119811058044434,7,3,385,3,female
-8.978487968444824,-9.87319278717041,7,4,385,3,female
-7.612751007080078,-7.953003883361816,7,5,385,3,female
-6.932199001312256,-5.421944618225098,7,6,385,3,female
-4.873619079589844,-1.507668137550354,7,7,385,3,female
0.9574747681617737,5.439349174499512,7,8,385,3,female
4.176441669464111,7.261937141418457,7,9,385,3,female
-2.064889669418335,-6.961904525756836,7,0,386,8,male
-0.37733155488967896,-10.144186973571777,7,1,386,8,male
0.4104381501674652,-12.462601661682129,7,2,386,8,male
0.3257947266101837,-12.684954643249512,7,3,386,8,male
0.2622024714946747,-12.36263370513916,7,4,386,8,male
-0.2590903043746948,-10.3941068649292,7,5,386,8,male
-2.0546610355377197,-7.872596740722656,7,6,386,8,male
-2.783177137374878,-4.396908760070801,7,7,386,8,male
0.3457309305667877,1.8064266443252563,7,8,386,8,male
3.500579595565796,5.423576831817627,7,9,386,8,male
-6.1530842781066895,-4.608052730560303,7,0,387,10,female
-7.460031509399414,-7.922841548919678,7,1,387,10,female
-7.853255748748779,-10.450384140014648,7,2,387,10,female
-7.946777820587158,-11.273323059082031,7,3,387,10,female
-7.954530239105225,-11.302983283996582,7,4,387,10,female
-8.211224555969238,-11.23714828491211,7,5,387,10,female
-8.485584259033203,-10.177861213684082,7,6,387,10,female
-7.34210729598999,-8.122958183288574,7,7,387,10,female
-6.585671901702881,-4.966597557067871,7,8,387,10,female
-1.8329203128814697,2.775682210922241,7,9,387,10,female
-8.354212760925293,-6.894451141357422,7,0,388,2,female
-9.423766136169434,-8.638721466064453,7,1,388,2,female
-8.851423263549805,-9.72807788848877,7,2,388,2,female
-9.022516250610352,-9.67723274230957,7,3,388,2,female
-9.36304759979248,-8.60367202758789,7,4,388,2,female
-9.280771255493164,-6.691921710968018,7,5,388,2,female
-7.774735927581787,-5.3821024894714355,7,6,388,2,female
-5.483903408050537,-1.3121341466903687,7,7,388,2,female
1.093237042427063,5.892557621002197,7,8,388,2,female
4.081919193267822,7.806753635406494,7,9,388,2,female
-2.116942882537842,-6.7785539627075195,7,0,389,8,male
-0.4409756064414978,-10.023755073547363,7,1,389,8,male
0.02082616649568081,-12.972588539123535,7,2,389,8,male
-0.15330885350704193,-12.950852394104004,7,3,389,8,male
-0.3733852207660675,-12.56768798828125,7,4,389,8,male
-0.8221454620361328,-10.662433624267578,7,5,389,8,male
-2.0293381214141846,-8.198702812194824,7,6,389,8,male
-2.967404365539551,-5.017665386199951,7,7,389,8,male
0.09931911528110504,1.7535115480422974,7,8,389,8,male
3.502418041229248,5.4575886726379395,7,9,389,8,male
-2.624143123626709,-6.2671942710876465,7,0,390,8,male
-0.8145212531089783,-9.582024574279785,7,1,390,8,male
-0.43948790431022644,-12.858604431152344,7,2,390,8,male
-0.3221155107021332,-12.8504056930542,7,3,390,8,male
-0.7294788360595703,-12.460922241210938,7,4,390,8,male
-1.1033614873886108,-10.561001777648926,7,5,390,8,male
-2.2477407455444336,-8.036359786987305,7,6,390,8,male
-2.9018020629882812,-4.797163486480713,7,7,390,8,male
0.18271414935588837,1.7803699970245361,7,8,390,8,male
3.29972243309021,5.406881809234619,7,9,390,8,male
-3.168811082839966,-5.72153902053833,7,0,391,7,male
-1.2764825820922852,-8.228595733642578,7,1,391,7,male
0.04481333866715431,-11.218476295471191,7,2,391,7,male
1.0322985649108887,-12.808985710144043,7,3,391,7,male
0.6222959756851196,-12.421636581420898,7,4,391,7,male
0.1156148836016655,-11.037315368652344,7,5,391,7,male
-1.4157119989395142,-9.618112564086914,7,6,391,7,male
-2.31388783454895,-7.275145530700684,7,7,391,7,male
-2.658780813217163,-4.275874137878418,7,8,391,7,male
0.2428797036409378,1.6812721490859985,7,9,391,7,male
-5.329579830169678,-5.327013969421387,7,0,392,0,male
-6.340853691101074,-8.89579963684082,7,1,392,0,male
-6.44585657119751,-11.0388822555542,7,2,392,0,male
-5.889834403991699,-11.451446533203125,7,3,392,0,male
-6.863131046295166,-11.267402648925781,7,4,392,0,male
-8.534890174865723,-10.038392066955566,7,5,392,0,male
-7.620508193969727,-8.210699081420898,7,6,392,0,male
-6.9690728187561035,-5.674851894378662,7,7,392,0,male
-4.919050693511963,-1.4263004064559937,7,8,392,0,male
0.9741215109825134,5.430637359619141,7,9,392,0,male
-7.6494646072387695,-7.272815704345703,7,0,393,10,female
-7.878300666809082,-10.124340057373047,7,1,393,10,female
-7.947293281555176,-11.057808876037598,7,2,393,10,female
-8.109648704528809,-11.31531047821045,7,3,393,10,female
-8.284790992736816,-11.297025680541992,7,4,393,10,female
-8.58494758605957,-10.347760200500488,7,5,393,10,female
-7.402217388153076,-8.333052635192871,7,6,393,10,female
-6.710671424865723,-5.462582111358643,7,7,393,10,female
-4.803825378417969,-1.222569465637207,7,8,393,10,female
1.352942943572998,5.850330352783203,7,9,393,10,female
-3.1052825450897217,-8.25366497039795,7,0,394,1,male
-3.6409857273101807,-11.116996765136719,7,1,394,1,male
-3.1919665336608887,-11.853848457336426,7,2,394,1,male
-3.0447378158569336,-11.5758695602417,7,3,394,1,male
-2.9813380241394043,-10.385411262512207,7,4,394,1,male
-2.9855666160583496,-8.967562675476074,7,5,394,1,male
-3.7750823497772217,-6.571387767791748,7,6,394,1,male
-2.5053484439849854,-1.2032806873321533,7,7,394,1,male
1.3830492496490479,3.607018232345581,7,8,394,1,male
4.3565673828125,6.332940101623535,7,9,394,1,male
-7.63848876953125,-3.5610578060150146,7,0,395,11,female
-6.29486608505249,-8.078476905822754,7,1,395,11,female
-6.619888782501221,-11.33277416229248,7,2,395,11,female
-6.342925548553467,-12.724010467529297,7,3,395,11,female
-6.118319511413574,-12.615702629089355,7,4,395,11,female
-5.928171634674072,-12.296975135803223,7,5,395,11,female
-5.975122451782227,-11.8075532913208,7,6,395,11,female
-6.123471736907959,-10.273378372192383,7,7,395,11,female
-6.037661075592041,-7.567958831787109,7,8,395,11,female
-5.427248477935791,-4.552344799041748,7,9,395,11,female
-1.6679692268371582,-7.963603973388672,7,0,396,9,male
-0.8488401770591736,-11.00920295715332,7,1,396,9,male
-0.7117565274238586,-13.142318725585938,7,2,396,9,male
-0.5415424704551697,-13.147738456726074,7,3,396,9,male
-0.506802499294281,-13.10269546508789,7,4,396,9,male
-0.5926758050918579,-12.605606079101562,7,5,396,9,male
-1.2229833602905273,-10.7640380859375,7,6,396,9,male
-2.2116217613220215,-8.539711952209473,7,7,396,9,male
-2.9324660301208496,-6.045246601104736,7,8,396,9,male
-1.589606523513794,-0.8662771582603455,7,9,396,9,male
-7.480772018432617,-7.804032325744629,7,0,397,10,female
-7.9256510734558105,-10.589903831481934,7,1,397,10,female
-8.007425308227539,-11.33252239227295,7,2,397,10,female
-8.052637100219727,-11.405983924865723,7,3,397,10,female
-8.234819412231445,-11.276448249816895,7,4,397,10,female
-8.591700553894043,-10.331242561340332,7,5,397,10,female
-7.337434768676758,-8.367828369140625,7,6,397,10,female
-6.760928153991699,-5.465158939361572,7,7,397,10,female
-4.8096923828125,-1.3195520639419556,7,8,397,10,female
1.1871470212936401,5.698981761932373,7,9,397,10,female
-7.2353515625,-8.818659782409668,7,0,398,3,female
-7.412432670593262,-10.405903816223145,7,1,398,3,female
-7.803771018981934,-10.862070083618164,7,2,398,3,female
-8.47727108001709,-11.131936073303223,7,3,398,3,female
-8.757952690124512,-10.28679084777832,7,4,398,3,female
-8.285151481628418,-8.907422065734863,7,5,398,3,female
-7.2307281494140625,-6.835647106170654,7,6,398,3,female
-6.115845680236816,-3.521740198135376,7,7,398,3,female
-0.8765037655830383,3.558077096939087,7,8,398,3,female
2.5152394771575928,6.36616325378418,7,9,398,3,female
-3.032352924346924,-7.936254978179932,7,0,399,1,male
-3.956339120864868,-10.361905097961426,7,1,399,1,male
-3.503571033477783,-11.475240707397461,7,2,399,1,male
-3.1206398010253906,-11.44703483581543,7,3,399,1,male
-3.0013723373413086,-10.202028274536133,7,4,399,1,male
-3.094430446624756,-8.648897171020508,7,5,399,1,male
-3.9463083744049072,-6.1102681159973145,7,6,399,1,male
-2.320272207260132,-0.7320106029510498,7,7,399,1,male
1.6983424425125122,4.0374321937561035,7,8,399,1,male
4.417076110839844,6.424392223358154,7,9,399,1,male
-0.5566811561584473,-11.747830390930176,8,0,400,9,male
-0.475148469209671,-13.032822608947754,8,1,400,9,male
-0.3715243935585022,-12.570663452148438,8,2,400,9,male
-0.9625734686851501,-10.151213645935059,8,3,400,9,male
-2.1150641441345215,-7.475317001342773,8,4,400,9,male
-2.8175759315490723,-3.8025949001312256,8,5,400,9,male
0.5578420162200928,2.2259018421173096,8,6,400,9,male
3.9551334381103516,5.790614604949951,8,7,400,9,male
66.6380386352539,-12.912431716918945,8,8,400,9,male
67.11961364746094,-13.61660385131836,8,9,400,9,male
-0.14424386620521545,-10.988668441772461,8,0,401,7,male
0.8887220621109009,-13.267609596252441,8,1,401,7,male
0.6158155798912048,-12.677594184875488,8,2,401,7,male
-0.05078637972474098,-10.472587585449219,8,3,401,7,male
-1.824933648109436,-8.62831974029541,8,4,401,7,male
-2.324026107788086,-6.307276248931885,8,5,401,7,male
-1.7426468133926392,-1.7567719221115112,8,6,401,7,male
1.662839651107788,2.956326961517334,8,7,401,7,male
4.409712314605713,5.909612655639648,8,8,401,7,male
67.05250549316406,-12.70702075958252,8,9,401,7,male
-6.9437785148620605,-10.615150451660156,8,0,402,0,male
-7.100582122802734,-11.087706565856934,8,1,402,0,male
-8.482429504394531,-9.648643493652344,8,2,402,0,male
-7.418734073638916,-6.956573009490967,8,3,402,0,male
-6.1139116287231445,-3.3488004207611084,8,4,402,0,male
-0.6433055996894836,4.163043975830078,8,5,402,0,male
3.1256303787231445,7.0604777336120605,8,6,402,0,male
66.88189697265625,-13.528855323791504,8,7,402,0,male
66.68685913085938,-13.300621032714844,8,8,402,0,male
67.33325958251953,-13.379826545715332,8,9,402,0,male
-6.65313196182251,-10.72243595123291,8,0,403,0,male
-6.6343865394592285,-11.569296836853027,8,1,403,0,male
-7.698216915130615,-10.395195007324219,8,2,403,0,male
-6.991971969604492,-7.64492654800415,8,3,403,0,male
-6.164648056030273,-4.129422187805176,8,4,403,0,male
-0.8399523496627808,3.609341859817505,8,5,403,0,male
2.8464865684509277,6.642828464508057,8,6,403,0,male
67.16171264648438,-13.588862419128418,8,7,403,0,male
66.5155029296875,-13.564831733703613,8,8,403,0,male
67.07296752929688,-13.806023597717285,8,9,403,0,male
-7.006258487701416,-10.501082420349121,8,0,404,3,female
-6.651132106781006,-11.536321640014648,8,1,404,3,female
-6.710484504699707,-11.521413803100586,8,2,404,3,female
-6.307401657104492,-8.653227806091309,8,3,404,3,female
-5.3357157707214355,-5.569243431091309,8,4,404,3,female
-1.200586199760437,2.741773843765259,8,5,404,3,female
2.16949725151062,5.949748992919922,8,6,404,3,female
4.813589572906494,7.5957255363464355,8,7,404,3,female
67.09230041503906,-13.114867210388184,8,8,404,3,female
66.69229888916016,-13.44832992553711,8,9,404,3,female
-0.6531041860580444,-11.585002899169922,8,0,405,9,male
-0.3388643264770508,-13.011887550354004,8,1,405,9,male
-0.3167658746242523,-13.013890266418457,8,2,405,9,male
-0.5861028432846069,-11.533869743347168,8,3,405,9,male
-1.4402527809143066,-8.482182502746582,8,4,405,9,male
-3.031373977661133,-5.7057342529296875,8,5,405,9,male
-0.7804833054542542,0.6789602637290955,8,6,405,9,male
2.6163361072540283,4.714207172393799,8,7,405,9,male
4.88530158996582,6.585932731628418,8,8,405,9,male
67.1882553100586,-13.743043899536133,8,9,405,9,male
-0.012215099297463894,-11.092863082885742,8,0,406,7,male
0.9510817527770996,-13.13164234161377,8,1,406,7,male
0.4078925848007202,-12.22378921508789,8,2,406,7,male
-0.7226176261901855,-9.956615447998047,8,3,406,7,male
-2.1652987003326416,-7.072581768035889,8,4,406,7,male
-2.3522307872772217,-2.9804394245147705,8,5,406,7,male
1.0431945323944092,2.400895357131958,8,6,406,7,male
3.9792392253875732,5.664823055267334,8,7,406,7,male
67.42510223388672,-13.494065284729004,8,8,406,7,male
67.05729675292969,-13.075028419494629,8,9,406,7,male
-3.4595413208007812,-10.973437309265137,8,0,407,1,male
-3.406334400177002,-11.195877075195312,8,1,407,1,male
-3.2937426567077637,-9.765613555908203,8,2,407,1,male
-3.8044209480285645,-6.738190174102783,8,3,407,1,male
-2.8167123794555664,-1.4742488861083984,8,4,407,1,male
1.3695964813232422,3.606705665588379,8,5,407,1,male
4.182209014892578,6.287927150726318,8,6,407,1,male
66.8598403930664,-12.798877716064453,8,7,407,1,male
67.38819122314453,-13.1990385055542,8,8,407,1,male
67.18266296386719,-13.653437614440918,8,9,407,1,male
-6.844810962677002,-10.783592224121094,8,0,408,0,male
-7.007046699523926,-11.31838321685791,8,1,408,0,male
-8.40113353729248,-9.639877319335938,8,2,408,0,male
-7.513877868652344,-6.822919845581055,8,3,408,0,male
-6.00309944152832,-2.994378089904785,8,4,408,0,male
-0.39567145705223083,4.460513114929199,8,5,408,0,male
3.3675777912139893,7.103305816650391,8,6,408,0,male
66.78296661376953,-13.26571273803711,8,7,408,0,male
67.20030975341797,-13.338471412658691,8,8,408,0,male
67.09893798828125,-13.647122383117676,8,9,408,0,male
-9.734338760375977,-8.568913459777832,8,0,409,2,female
-9.905765533447266,-8.906904220581055,8,1,409,2,female
-8.953721046447754,-8.472821235656738,8,2,409,2,female
-8.055094718933105,-6.030381679534912,8,3,409,2,female
-5.746203899383545,-1.9240723848342896,8,4,409,2,female
0.1845705211162567,5.128028392791748,8,5,409,2,female
3.631859540939331,7.372098922729492,8,6,409,2,female
67.07825469970703,-13.257140159606934,8,7,409,2,female
67.3329849243164,-13.332566261291504,8,8,409,2,female
67.28697967529297,-13.265192985534668,8,9,409,2,female
-6.839844226837158,-10.684556007385254,8,0,410,3,female
-6.732524871826172,-11.138690948486328,8,1,410,3,female
-6.979804515838623,-10.621316909790039,8,2,410,3,female
-6.598912715911865,-8.41146469116211,8,3,410,3,female
-5.704172134399414,-5.733688831329346,8,4,410,3,female
-4.6913347244262695,-1.43315851688385,8,5,410,3,female
1.0903162956237793,5.530468463897705,8,6,410,3,female
3.997023344039917,7.691949844360352,8,7,410,3,female
66.91087341308594,-12.50625228881836,8,8,410,3,female
67.4915542602539,-13.662418365478516,8,9,410,3,female
-3.359260320663452,-11.531912803649902,8,0,411,1,male
-3.1519978046417236,-11.89745044708252,8,1,411,1,male
-3.1793694496154785,-10.350580215454102,8,2,411,1,male
-3.291626453399658,-7.758044242858887,8,3,411,1,male
-3.52297043800354,-3.3735435009002686,8,4,411,1,male
0.427484929561615,2.839857578277588,8,5,411,1,male
3.595191240310669,5.95948600769043,8,6,411,1,male
67.26244354248047,-13.498567581176758,8,7,411,1,male
66.64234924316406,-13.366193771362305,8,8,411,1,male
67.0311508178711,-13.33297348022461,8,9,411,1,male
-6.248102188110352,-12.054167747497559,8,0,412,11,female
-5.991064071655273,-12.596375465393066,8,1,412,11,female
-6.2328996658325195,-10.489269256591797,8,2,412,11,female
-5.624366760253906,-7.261938095092773,8,3,412,11,female
-5.213236331939697,-3.0302679538726807,8,4,412,11,female
-7.110048294067383,-2.5352623462677,8,5,412,11,female
-6.760171890258789,-2.3752596378326416,8,6,412,11,female
-6.834617614746094,-2.370110511779785,8,7,412,11,female
-7.063080787658691,-2.3264260292053223,8,8,412,11,female
67.20155334472656,-12.403840065002441,8,9,412,11,female
-6.74968147277832,-10.742913246154785,8,0,413,0,male
-6.7709455490112305,-11.863926887512207,8,1,413,0,male
-7.857726573944092,-10.593648910522461,8,2,413,0,male
-7.236510753631592,-7.9036030769348145,8,3,413,0,male
-6.3398003578186035,-4.203509330749512,8,4,413,0,male
-0.9572151303291321,3.6015422344207764,8,5,413,0,male
2.8723127841949463,6.637816905975342,8,6,413,0,male
67.16020965576172,-12.73736572265625,8,7,413,0,male
67.35120391845703,-13.732400894165039,8,8,413,0,male
67.46328735351562,-13.626594543457031,8,9,413,0,male
-7.065643310546875,-10.708829879760742,8,0,414,0,male
-7.496370792388916,-11.099084854125977,8,1,414,0,male
-8.591185569763184,-9.416354179382324,8,2,414,0,male
-7.723575115203857,-6.605051517486572,8,3,414,0,male
-6.044153690338135,-2.7932627201080322,8,4,414,0,male
-0.3264830410480499,4.701529502868652,8,5,414,0,male
3.2485599517822266,7.126335620880127,8,6,414,0,male
67.11080169677734,-13.862444877624512,8,7,414,0,male
67.27055358886719,-13.63077449798584,8,8,414,0,male
67.03196716308594,-13.290542602539062,8,9,414,0,male
-6.299756050109863,-11.725848197937012,8,0,415,11,female
-5.8993635177612305,-12.541504859924316,8,1,415,11,female
-5.964909553527832,-11.437870025634766,8,2,415,11,female
-5.877727031707764,-8.178291320800781,8,3,415,11,female
-5.334621906280518,-5.363595485687256,8,4,415,11,female
-1.450468897819519,2.867100954055786,8,5,415,11,female
1.7848682403564453,6.070220470428467,8,6,415,11,female
4.487974166870117,7.787173271179199,8,7,415,11,female
66.49716186523438,-13.453153610229492,8,8,415,11,female
67.3563461303711,-13.110361099243164,8,9,415,11,female
-9.659852027893066,-9.164654731750488,8,0,416,2,female
-9.855255126953125,-9.441376686096191,8,1,416,2,female
-9.120718002319336,-8.892807006835938,8,2,416,2,female
-7.956358432769775,-6.201663494110107,8,3,416,2,female
-5.984437942504883,-2.3118348121643066,8,4,416,2,female
-0.06904564052820206,5.016091346740723,8,5,416,2,female
3.4638988971710205,7.339052677154541,8,6,416,2,female
67.24928283691406,-13.642012596130371,8,7,416,2,female
66.98516082763672,-13.699193000793457,8,8,416,2,female
66.79676055908203,-13.699702262878418,8,9,416,2,female
-6.844245433807373,-10.755388259887695,8,0,417,3,female
-6.782248020172119,-11.613940238952637,8,1,417,3,female
-7.168401718139648,-10.997123718261719,8,2,417,3,female
-6.775229454040527,-8.16000747680664,8,3,417,3,female
-5.747990608215332,-4.736934185028076,8,4,417,3,female
-0.8360524773597717,3.1888253688812256,8,5,417,3,female
2.758065700531006,6.365596294403076,8,6,417,3,female
66.83198547363281,-12.363227844238281,8,7,417,3,female
67.41841888427734,-13.39194393157959,8,8,417,3,female
66.7618637084961,-13.556825637817383,8,9,417,3,female
-3.496105194091797,-11.340815544128418,8,0,418,1,male
-3.1402180194854736,-12.068941116333008,8,1,418,1,male
-3.3939595222473145,-11.211928367614746,8,2,418,1,male
-3.4643874168395996,-8.49127197265625,8,3,418,1,male
-4.578758239746094,-5.265537738800049,8,4,418,1,male
-0.36677825450897217,2.093275785446167,8,5,418,1,male
3.146250009536743,5.601638317108154,8,6,418,1,male
5.10532283782959,7.315155982971191,8,7,418,1,male
67.15877532958984,-13.189523696899414,8,8,418,1,male
67.40757751464844,-13.298698425292969,8,9,418,1,male
0.07325884699821472,-11.163578987121582,8,0,419,7,male
0.8890354037284851,-13.106315612792969,8,1,419,7,male
0.4881082773208618,-12.652076721191406,8,2,419,7,male
-0.013529346324503422,-10.500702857971191,8,3,419,7,male
-1.8845932483673096,-8.459273338317871,8,4,419,7,male
-2.7388978004455566,-5.559502601623535,8,5,419,7,male
-0.874535322189331,0.40163126587867737,8,6,419,7,male
2.7000792026519775,4.600949764251709,8,7,419,7,male
4.831953048706055,6.911667823791504,8,8,419,7,male
66.62232971191406,-12.518145561218262,8,9,419,7,male
-3.171926736831665,-11.687799453735352,8,0,420,1,male
-2.8623147010803223,-12.149685859680176,8,1,420,1,male
-2.614929437637329,-10.867047309875488,8,2,420,1,male
-2.931253433227539,-7.857073783874512,8,3,420,1,male
-3.150355815887451,-4.150782585144043,8,4,420,1,male
0.350754976272583,2.3216686248779297,8,5,420,1,male
3.81489896774292,5.763545036315918,8,6,420,1,male
67.08992767333984,-12.777873039245605,8,7,420,1,male
67.50886535644531,-13.342267036437988,8,8,420,1,male
67.14067840576172,-13.664850234985352,8,9,420,1,male
-1.1962511539459229,2.57733416557312,8,0,421,11,female
-5.013962268829346,-5.760194778442383,8,1,421,11,female
-5.90083646774292,-9.82031536102295,8,2,421,11,female
-5.915891170501709,-12.542783737182617,8,3,421,11,female
-5.8106770515441895,-12.829774856567383,8,4,421,11,female
-5.799855709075928,-11.67069149017334,8,5,421,11,female
-5.902772426605225,-8.642496109008789,8,6,421,11,female
-5.372066020965576,-5.5911545753479,8,7,421,11,female
-4.529844284057617,-1.5001962184906006,8,8,421,11,female
1.2263789176940918,5.444516181945801,8,9,421,11,female
-7.704528331756592,-11.023207664489746,8,0,422,6,female
-7.906890869140625,-11.588125228881836,8,1,422,6,female
-8.501016616821289,-10.246149063110352,8,2,422,6,female
-7.445474624633789,-7.885700702667236,8,3,422,6,female
-6.568856716156006,-4.791269779205322,8,4,422,6,female
-1.5288463830947876,2.9985969066619873,8,5,422,6,female
1.926013708114624,6.153375625610352,8,6,422,6,female
4.654012203216553,7.690894603729248,8,7,422,6,female
67.15169525146484,-13.43106460571289,8,8,422,6,female
66.81736755371094,-13.885823249816895,8,9,422,6,female
-3.460796356201172,-11.258487701416016,8,0,423,1,male
-3.3578145503997803,-11.488783836364746,8,1,423,1,male
-3.300050973892212,-10.262803077697754,8,2,423,1,male
-3.4350640773773193,-7.675293922424316,8,3,423,1,male
-3.616373062133789,-3.2071666717529297,8,4,423,1,male
0.5386693477630615,2.9466395378112793,8,5,423,1,male
3.807446241378784,6.044094085693359,8,6,423,1,male
66.6312255859375,-13.37799072265625,8,7,423,1,male
67.2866439819336,-13.079225540161133,8,8,423,1,male
67.37921142578125,-13.182948112487793,8,9,423,1,male
-0.177230104804039,-11.928146362304688,8,0,424,9,male
0.07551797479391098,-13.067521095275879,8,1,424,9,male
-0.005516832694411278,-12.449758529663086,8,2,424,9,male
-0.7485101819038391,-10.098893165588379,8,3,424,9,male
-2.0570931434631348,-7.530369281768799,8,4,424,9,male
-2.838707447052002,-3.9130966663360596,8,5,424,9,male
0.5496392250061035,2.1669387817382812,8,6,424,9,male
3.90120530128479,5.685941219329834,8,7,424,9,male
67.6845474243164,-13.186470985412598,8,8,424,9,male
67.2555160522461,-13.305642127990723,8,9,424,9,male
-0.5492751002311707,-11.635762214660645,8,0,425,9,male
-0.28181225061416626,-12.91373348236084,8,1,425,9,male
-0.3146984279155731,-11.752184867858887,8,2,425,9,male
-1.2721962928771973,-8.81357479095459,8,3,425,9,male
-2.877246856689453,-6.135129451751709,8,4,425,9,male
-1.3520543575286865,-0.34529823064804077,8,5,425,9,male
2.435443639755249,4.2152228355407715,8,6,425,9,male
4.904060363769531,6.683112144470215,8,7,425,9,male
66.93804168701172,-13.579910278320312,8,8,425,9,male
67.08688354492188,-13.861607551574707,8,9,425,9,male
-3.396846294403076,-10.967951774597168,8,0,426,1,male
-3.381363868713379,-11.293608665466309,8,1,426,1,male
-3.305985927581787,-9.985243797302246,8,2,426,1,male
-3.3001809120178223,-7.140280723571777,8,3,426,1,male
-2.948922634124756,-1.960561990737915,8,4,426,1,male
1.1840585470199585,3.4391274452209473,8,5,426,1,male
3.517695426940918,6.987757682800293,8,6,426,1,male
67.7019271850586,-12.644112586975098,8,7,426,1,male
66.8985366821289,-13.84022331237793,8,8,426,1,male
67.1694564819336,-13.518800735473633,8,9,426,1,male
-0.4924854040145874,-11.78270435333252,8,0,427,9,male
-0.5950782299041748,-12.968973159790039,8,1,427,9,male
-0.9520564079284668,-12.5350980758667,8,2,427,9,male
-1.2649810314178467,-10.471602439880371,8,3,427,9,male
-2.271641969680786,-7.777632713317871,8,4,427,9,male
-3.0240795612335205,-4.400228500366211,8,5,427,9,male
0.2007407248020172,1.8750160932540894,8,6,427,9,male
3.3838586807250977,5.611820697784424,8,7,427,9,male
67.12837982177734,-12.840924263000488,8,8,427,9,male
67.25872039794922,-13.314371109008789,8,9,427,9,male
-5.926842212677002,-11.769878387451172,8,0,428,11,female
-5.895918846130371,-12.830138206481934,8,1,428,11,female
-5.8303751945495605,-11.950628280639648,8,2,428,11,female
-5.931328773498535,-8.759415626525879,8,3,428,11,female
-5.221175193786621,-5.680197238922119,8,4,428,11,female
-4.5501837730407715,-1.3795679807662964,8,5,428,11,female
1.1981890201568604,5.6020965576171875,8,6,428,11,female
4.150511264801025,7.671507835388184,8,7,428,11,female
66.67142486572266,-13.7896089553833,8,8,428,11,female
66.70122528076172,-13.729909896850586,8,9,428,11,female
-9.737918853759766,-8.624134063720703,8,0,429,2,female
-9.896503448486328,-8.849405288696289,8,1,429,2,female
-8.787979125976562,-7.904466152191162,8,2,429,2,female
-7.9851861000061035,-5.615459442138672,8,3,429,2,female
-5.5796589851379395,-1.5509856939315796,8,4,429,2,female
0.6654677987098694,5.656388759613037,8,5,429,2,female
4.067738056182861,7.777273178100586,8,6,429,2,female
66.69820404052734,-13.671486854553223,8,7,429,2,female
67.4386978149414,-13.081727981567383,8,8,429,2,female
66.83233642578125,-13.594805717468262,8,9,429,2,female
-6.794337272644043,-10.656516075134277,8,0,430,0,male
-6.980612754821777,-11.541183471679688,8,1,430,0,male
-8.362737655639648,-10.349187850952148,8,2,430,0,male
-7.6619954109191895,-7.64636754989624,8,3,430,0,male
-6.437872409820557,-4.064624786376953,8,4,430,0,male
-0.9580808877944946,3.801703453063965,8,5,430,0,male
2.7414448261260986,6.668679237365723,8,6,430,0,male
66.55488586425781,-13.67441463470459,8,7,430,0,male
66.97498321533203,-13.851938247680664,8,8,430,0,male
66.51792907714844,-13.418889999389648,8,9,430,0,male
-0.8689593076705933,-9.145766258239746,8,0,431,8,male
0.16836436092853546,-12.130911827087402,8,1,431,8,male
-0.11703891307115555,-11.848934173583984,8,2,431,8,male
-1.2551952600479126,-8.689693450927734,8,3,431,8,male
-3.072685956954956,-5.471989154815674,8,4,431,8,male
-0.32110342383384705,1.4539282321929932,8,5,431,8,male
2.92283296585083,5.793205738067627,8,6,431,8,male
4.626405239105225,7.587517738342285,8,7,431,8,male
66.88778686523438,-12.975655555725098,8,8,431,8,male
67.49468994140625,-13.455987930297852,8,9,431,8,male
-0.7499135136604309,-11.71219253540039,8,0,432,9,male
-0.538001298904419,-13.033554077148438,8,1,432,9,male
-0.5211116075515747,-12.896239280700684,8,2,432,9,male
-0.8244584798812866,-10.96517562866211,8,3,432,9,male
-1.586793303489685,-8.13221549987793,8,4,432,9,male
-3.242780923843384,-5.330682277679443,8,5,432,9,male
-0.17692960798740387,1.6873297691345215,8,6,432,9,male
3.0732975006103516,5.289401531219482,8,7,432,9,male
5.186233043670654,6.706157207489014,8,8,432,9,male
66.68317413330078,-13.68105697631836,8,9,432,9,male
-0.25621670484542847,-10.540885925292969,8,0,433,7,male
0.9896592497825623,-13.014507293701172,8,1,433,7,male
0.6255069971084595,-12.691012382507324,8,2,433,7,male
-0.6103248000144958,-10.08349609375,8,3,433,7,male
-2.0735044479370117,-7.272787570953369,8,4,433,7,male
-2.6373536586761475,-3.5517380237579346,8,5,433,7,male
0.7722086310386658,2.308429002761841,8,6,433,7,male
4.001152992248535,5.779330253601074,8,7,433,7,male
66.42892456054688,-13.483976364135742,8,8,433,7,male
67.50950622558594,-13.125301361083984,8,9,433,7,male
-7.4992594718933105,-10.359319686889648,8,0,434,6,female
-7.629718780517578,-10.959437370300293,8,1,434,6,female
-7.616882801055908,-10.391326904296875,8,2,434,6,female
-7.259347438812256,-7.6468400955200195,8,3,434,6,female
-5.929314613342285,-4.575573921203613,8,4,434,6,female
-1.0154566764831543,3.22247052192688,8,5,434,6,female
2.7007110118865967,6.484405517578125,8,6,434,6,female
66.6501693725586,-12.034695625305176,8,7,434,6,female
67.0428237915039,-13.836200714111328,8,8,434,6,female
66.68342590332031,-13.497476577758789,8,9,434,6,female
-7.542288303375244,-10.89263916015625,8,0,435,10,female
-7.658009052276611,-11.655128479003906,8,1,435,10,female
-7.74615478515625,-10.865854263305664,8,2,435,10,female
-7.198565483093262,-8.254926681518555,8,3,435,10,female
-6.5070576667785645,-5.27432107925415,8,4,435,10,female
-1.7253321409225464,2.6606998443603516,8,5,435,10,female
1.5009760856628418,5.8637261390686035,8,6,435,10,female
4.400252819061279,7.557103633880615,8,7,435,10,female
67.20133209228516,-13.74362850189209,8,8,435,10,female
67.52595520019531,-13.225732803344727,8,9,435,10,female
-1.0009069442749023,-9.123467445373535,8,0,436,8,male
0.25634855031967163,-12.040797233581543,8,1,436,8,male
0.1628102958202362,-11.901266098022461,8,2,436,8,male
-1.257442831993103,-8.91557502746582,8,3,436,8,male
-2.791501522064209,-5.970612049102783,8,4,436,8,male
-0.7016879916191101,0.7311345934867859,8,5,436,8,male
2.8787426948547363,4.821892738342285,8,6,436,8,male
5.157958507537842,6.854823589324951,8,7,436,8,male
67.38502502441406,-13.878030776977539,8,8,436,8,male
67.42794799804688,-13.530427932739258,8,9,436,8,male
-6.890762805938721,-10.494950294494629,8,0,437,3,female
-6.860095500946045,-10.865278244018555,8,1,437,3,female
-6.904088497161865,-10.539278030395508,8,2,437,3,female
-6.417438983917236,-7.914370536804199,8,3,437,3,female
-5.629823684692383,-5.170271396636963,8,4,437,3,female
-1.4047863483428955,2.886152744293213,8,5,437,3,female
1.8248611688613892,5.986582279205322,8,6,437,3,female
4.65537691116333,7.579337120056152,8,7,437,3,female
66.55535125732422,-13.162359237670898,8,8,437,3,female
67.02059936523438,-13.492196083068848,8,9,437,3,female
-6.2579827308654785,-11.777900695800781,8,0,438,11,female
-6.072421073913574,-13.02559757232666,8,1,438,11,female
-5.914836406707764,-12.258403778076172,8,2,438,11,female
-6.061553478240967,-9.039548873901367,8,3,438,11,female
-5.013906955718994,-5.91230583190918,8,4,438,11,female
-6.370706081390381,-2.2051453590393066,8,5,438,11,female
-6.742069721221924,-2.286247968673706,8,6,438,11,female
-6.767453193664551,-2.3231048583984375,8,7,438,11,female
-6.795661449432373,-2.263638734817505,8,8,438,11,female
67.19808197021484,-12.523818969726562,8,9,438,11,female
-0.2976681590080261,-10.415384292602539,8,0,439,7,male
0.9447059631347656,-13.128683090209961,8,1,439,7,male
0.6711322665214539,-12.92652416229248,8,2,439,7,male
-0.250100702047348,-10.388895034790039,8,3,439,7,male
-2.1122074127197266,-8.026416778564453,8,4,439,7,male
-2.8739006519317627,-4.626584529876709,8,5,439,7,male
0.24904558062553406,1.8152186870574951,8,6,439,7,male
3.4025638103485107,5.350208282470703,8,7,439,7,male
66.93247985839844,-12.893537521362305,8,8,439,7,male
66.43663024902344,-13.509124755859375,8,9,439,7,male
-6.746646881103516,-11.084283828735352,8,0,440,0,male
-6.911063194274902,-11.481630325317383,8,1,440,0,male
-8.373983383178711,-9.762653350830078,8,2,440,0,male
-7.463583946228027,-6.6951446533203125,8,3,440,0,male
-6.038296699523926,-3.1364965438842773,8,4,440,0,male
-0.5912144780158997,4.277175426483154,8,5,440,0,male
3.1753666400909424,7.01235294342041,8,6,440,0,male
66.54759216308594,-12.273120880126953,8,7,440,0,male
67.22028350830078,-13.756366729736328,8,8,440,0,male
66.95033264160156,-13.573243141174316,8,9,440,0,male
-9.767480850219727,-9.098764419555664,8,0,441,2,female
-10.134505271911621,-8.805923461914062,8,1,441,2,female
-9.213326454162598,-8.31368350982666,8,2,441,2,female
-8.121922492980957,-5.7895612716674805,8,3,441,2,female
-5.8722357749938965,-1.9305421113967896,8,4,441,2,female
0.20287682116031647,5.344460487365723,8,5,441,2,female
3.562682628631592,7.623294830322266,8,6,441,2,female
66.47259521484375,-13.35766315460205,8,7,441,2,female
66.93460845947266,-13.37308406829834,8,8,441,2,female
67.2426528930664,-13.649028778076172,8,9,441,2,female
0.18756406009197235,-11.32803726196289,8,0,442,7,male
0.880359411239624,-13.013303756713867,8,1,442,7,male
0.41373395919799805,-12.50168228149414,8,2,442,7,male
-0.9651699662208557,-10.210734367370605,8,3,442,7,male
-2.2380971908569336,-7.739081859588623,8,4,442,7,male
-2.9502251148223877,-4.164882659912109,8,5,442,7,male
0.34770286083221436,2.0082883834838867,8,6,442,7,male
3.5897059440612793,5.727447986602783,8,7,442,7,male
66.79483795166016,-13.030938148498535,8,8,442,7,male
67.41038513183594,-13.508493423461914,8,9,442,7,male
-6.803412914276123,-10.658573150634766,8,0,443,0,male
-6.778688907623291,-11.398027420043945,8,1,443,0,male
-8.27926254272461,-10.213567733764648,8,2,443,0,male
-7.270379066467285,-7.355114936828613,8,3,443,0,male
-6.247340202331543,-3.894869327545166,8,4,443,0,male
-0.8252255916595459,3.7717394828796387,8,5,443,0,male
2.8641176223754883,6.661331653594971,8,6,443,0,male
67.39415740966797,-12.583907127380371,8,7,443,0,male
66.94904327392578,-13.440443992614746,8,8,443,0,male
67.10541534423828,-13.803502082824707,8,9,443,0,male
-3.457235097885132,-11.163445472717285,8,0,444,1,male
-3.4188458919525146,-11.346631050109863,8,1,444,1,male
-3.303907871246338,-10.262572288513184,8,2,444,1,male
-3.3614275455474854,-7.789462089538574,8,3,444,1,male
-3.692577838897705,-3.45396089553833,8,4,444,1,male
0.329994261264801,2.778747081756592,8,5,444,1,male
3.645829200744629,6.06247091293335,8,6,444,1,male
67.58134460449219,-13.59070873260498,8,7,444,1,male
67.46060180664062,-13.827736854553223,8,8,444,1,male
66.70421600341797,-13.287910461425781,8,9,444,1,male
-9.679352760314941,-8.683991432189941,8,0,445,2,female
-9.926897048950195,-9.060481071472168,8,1,445,2,female
-9.236614227294922,-8.783010482788086,8,2,445,2,female
-8.131291389465332,-6.173867702484131,8,3,445,2,female
-5.989750862121582,-2.419706106185913,8,4,445,2,female
-0.11761250346899033,4.962835311889648,8,5,445,2,female
3.375291585922241,7.260421276092529,8,6,445,2,female
67.3072509765625,-13.81017780303955,8,7,445,2,female
66.53173828125,-13.51085090637207,8,8,445,2,female
67.20014190673828,-13.480493545532227,8,9,445,2,female
-0.8696240782737732,-11.672691345214844,8,0,446,9,male
-0.9282605051994324,-12.980192184448242,8,1,446,9,male
-0.9517925977706909,-12.512789726257324,8,2,446,9,male
-1.1389362812042236,-10.404691696166992,8,3,446,9,male
-2.264688491821289,-7.759182453155518,8,4,446,9,male
-2.9443960189819336,-4.141658782958984,8,5,446,9,male
0.3382902443408966,1.9830703735351562,8,6,446,9,male
3.746600389480591,5.5821428298950195,8,7,446,9,male
67.02162170410156,-12.943182945251465,8,8,446,9,male
66.5556640625,-13.634387969970703,8,9,446,9,male
-5.975536823272705,-12.055496215820312,8,0,447,11,female
-5.853014945983887,-12.857820510864258,8,1,447,11,female
-5.64964485168457,-12.075630187988281,8,2,447,11,female
-3.221778631210327,-9.61207389831543,8,3,447,11,female
-3.5425679683685303,-7.297695159912109,8,4,447,11,female
-3.983886957168579,-2.9427027702331543,8,5,447,11,female
0.4647943079471588,3.1043343544006348,8,6,447,11,female
3.6504056453704834,6.140684127807617,8,7,447,11,female
66.70845794677734,-13.501282691955566,8,8,447,11,female
67.58425903320312,-13.318326950073242,8,9,447,11,female
-7.713394641876221,-10.982073783874512,8,0,448,10,female
-7.583872318267822,-11.8018159866333,8,1,448,10,female
-7.444572925567627,-11.349841117858887,8,2,448,10,female
-6.998555660247803,-8.440679550170898,8,3,448,10,female
-6.223479747772217,-5.943713665008545,8,4,448,10,female
-4.883631706237793,-1.3963061571121216,8,5,448,10,female
0.9080352187156677,5.570530891418457,8,6,448,10,female
4.0471601486206055,7.45415735244751,8,7,448,10,female
66.6591796875,-12.771963119506836,8,8,448,10,female
67.29818725585938,-13.705634117126465,8,9,448,10,female
-6.928036689758301,-10.753643035888672,8,0,449,0,male
-7.078464984893799,-11.354108810424805,8,1,449,0,male
-8.452544212341309,-9.7787446975708,8,2,449,0,male
-7.325253486633301,-6.93192195892334,8,3,449,0,male
-6.033791542053223,-3.307218074798584,8,4,449,0,male
-0.5414451956748962,4.21781587600708,8,5,449,0,male
3.07666015625,6.97719669342041,8,6,449,0,male
67.12554931640625,-13.47765064239502,8,7,449,0,male
67.45618438720703,-13.322229385375977,8,8,449,0,male
67.42036437988281,-13.527129173278809,8,9,449,0,male
0.2993740737438202,-11.175625801086426,9,0,450,7,male
1.0830963850021362,-12.825457572937012,9,1,450,7,male
0.9459419250488281,-12.726090431213379,9,2,450,7,male
0.41253846883773804,-12.315454483032227,9,3,450,7,male
-1.1077566146850586,-11.409734725952148,9,4,450,7,male
-2.2071218490600586,-9.69800853729248,9,5,450,7,male
-3.2974836826324463,-7.699845314025879,9,6,450,7,male
-3.493248701095581,-3.385392427444458,9,7,450,7,male
0.3669886887073517,2.8067033290863037,9,8,450,7,male
3.612787961959839,5.875077724456787,9,9,450,7,male
-7.006393909454346,-12.23952579498291,9,0,451,10,female
-6.811100482940674,-12.863860130310059,9,1,451,10,female
-6.527209758758545,-12.383230209350586,9,2,451,10,female
-6.122171878814697,-11.246767044067383,9,3,451,10,female
-6.067968368530273,-9.166657447814941,9,4,451,10,female
-6.119462966918945,-6.698679447174072,9,5,451,10,female
-4.94687032699585,-2.83687686920166,9,6,451,10,female
0.25496214628219604,4.1854047775268555,9,7,451,10,female
3.8350720405578613,6.8649091720581055,9,8,451,10,female
66.98719787597656,-12.940814018249512,9,9,451,10,female
-5.8819475173950195,-12.476652145385742,9,0,452,11,female
-5.933649063110352,-13.008527755737305,9,1,452,11,female
-5.774893283843994,-12.65095043182373,9,2,452,11,female
-5.978736877441406,-11.732032775878906,9,3,452,11,female
-6.221390247344971,-10.36806583404541,9,4,452,11,female
-6.077261447906494,-7.732435703277588,9,5,452,11,female
-5.452940464019775,-4.973455429077148,9,6,452,11,female
-0.8653086423873901,2.7331602573394775,9,7,452,11,female
2.479205369949341,5.5564422607421875,9,8,452,11,female
4.921165466308594,6.973039150238037,9,9,452,11,female
-8.925350189208984,-9.089076042175293,9,0,453,2,female
-9.344159126281738,-9.326557159423828,9,1,453,2,female
-9.089420318603516,-8.148275375366211,9,2,453,2,female
-8.729582786560059,-7.719038963317871,9,3,453,2,female
-6.913168907165527,-8.37413215637207,9,4,453,2,female
-6.007828712463379,-7.862207412719727,9,5,453,2,female
-5.938600063323975,-6.88074254989624,9,6,453,2,female
-5.168202877044678,-4.858822345733643,9,7,453,2,female
-1.0052553415298462,2.1268415451049805,9,8,453,2,female
2.0420477390289307,4.767946243286133,9,9,453,2,female
-5.504127502441406,-11.336134910583496,9,0,454,0,male
-5.53439998626709,-11.90786075592041,9,1,454,0,male
-4.875337600708008,-10.98106575012207,9,2,454,0,male
-5.436123371124268,-10.271220207214355,9,3,454,0,male
-6.313713073730469,-9.631677627563477,9,4,454,0,male
-6.976729393005371,-8.543074607849121,9,5,454,0,male
-7.041370868682861,-6.554165363311768,9,6,454,0,male
-6.012437343597412,-3.362321138381958,9,7,454,0,male
-1.0849883556365967,3.648231029510498,9,8,454,0,male
2.2012650966644287,6.32847261428833,9,9,454,0,male
-9.38363265991211,-9.15349292755127,9,0,455,2,female
-9.597702026367188,-9.04481315612793,9,1,455,2,female
-9.183276176452637,-8.431530952453613,9,2,455,2,female
-7.726191997528076,-9.161803245544434,9,3,455,2,female
-6.261764049530029,-9.196488380432129,9,4,455,2,female
-6.084404468536377,-8.69367504119873,9,5,455,2,female
-5.945598602294922,-7.283159255981445,9,6,455,2,female
-5.17919397354126,-4.845123291015625,9,7,455,2,female
-0.8043089509010315,2.359074354171753,9,8,455,2,female
2.2931816577911377,5.119215965270996,9,9,455,2,female
-0.20361271500587463,-10.31201171875,9,0,456,8,male
0.6933984756469727,-12.716562271118164,9,1,456,8,male
0.8579508662223816,-12.844584465026855,9,2,456,8,male
0.37225380539894104,-11.515835762023926,9,3,456,8,male
-1.4331748485565186,-9.42604923248291,9,4,456,8,male
-2.164651870727539,-6.922875881195068,9,5,456,8,male
-2.2344377040863037,-2.789055109024048,9,6,456,8,male
1.1215797662734985,2.4493045806884766,9,7,456,8,male
3.9907939434051514,5.631027698516846,9,8,456,8,male
67.03801727294922,-13.149410247802734,9,9,456,8,male
-0.0547347217798233,-11.836432456970215,9,0,457,9,male
0.7595507502555847,-13.346795082092285,9,1,457,9,male
0.8292623162269592,-13.255359649658203,9,2,457,9,male
0.32856711745262146,-11.802363395690918,9,3,457,9,male
-0.25409895181655884,-10.279470443725586,9,4,457,9,male
-1.8512110710144043,-8.517155647277832,9,5,457,9,male
-2.334044933319092,-6.259943008422852,9,6,457,9,male
-1.6297324895858765,-1.4945149421691895,9,7,457,9,male
1.9679516553878784,3.259167194366455,9,8,457,9,male
4.662442684173584,6.000007152557373,9,9,457,9,male
-7.097691059112549,-10.639864921569824,9,0,458,6,female
-7.110077857971191,-10.726296424865723,9,1,458,6,female
-6.797646522521973,-10.552188873291016,9,2,458,6,female
-6.247308731079102,-10.209660530090332,9,3,458,6,female
-6.168704986572266,-9.225000381469727,9,4,458,6,female
-5.982104301452637,-7.488583087921143,9,5,458,6,female
-5.271609306335449,-4.963979721069336,9,6,458,6,female
-0.8877577185630798,2.372951030731201,9,7,458,6,female
2.3073618412017822,5.2245259284973145,9,8,458,6,female
4.717208385467529,6.8431596755981445,9,9,458,6,female
-0.10348948836326599,-10.330538749694824,9,0,459,8,male
0.5531349182128906,-12.396198272705078,9,1,459,8,male
0.6598622798919678,-12.241320610046387,9,2,459,8,male
-0.1224437728524208,-10.401749610900879,9,3,459,8,male
-1.8910324573516846,-8.5763521194458,9,4,459,8,male
-2.446803569793701,-6.069486618041992,9,5,459,8,male
-1.5304861068725586,-1.2861206531524658,9,6,459,8,male
2.07259202003479,3.4769840240478516,9,7,459,8,male
4.627021789550781,6.1887526512146,9,8,459,8,male
67.1240234375,-12.675996780395508,9,9,459,8,male
0.08377666771411896,-12.04851245880127,9,0,460,9,male
0.7307853102684021,-13.334253311157227,9,1,460,9,male
0.826192319393158,-13.304512023925781,9,2,460,9,male
0.3224644064903259,-11.799298286437988,9,3,460,9,male
-0.47256138920783997,-10.274969100952148,9,4,460,9,male
-1.898307204246521,-8.603853225708008,9,5,460,9,male
-2.37467098236084,-6.273110389709473,9,6,460,9,male
-1.8112139701843262,-1.8418071269989014,9,7,460,9,male
1.611454725265503,2.8896596431732178,9,8,460,9,male
4.399486064910889,5.95452880859375,9,9,460,9,male
-7.077688217163086,-11.881942749023438,9,0,461,10,female
-6.725815773010254,-12.658326148986816,9,1,461,10,female
-6.519113540649414,-12.381826400756836,9,2,461,10,female
-6.266506195068359,-11.405479431152344,9,3,461,10,female
-6.135377407073975,-10.119839668273926,9,4,461,10,female
-6.15638542175293,-7.602683067321777,9,5,461,10,female
-5.387474060058594,-4.237409591674805,9,6,461,10,female
-0.5557138919830322,3.4287960529327393,9,7,461,10,female
3.2513113021850586,6.553523540496826,9,8,461,10,female
66.5973129272461,-13.703733444213867,9,9,461,10,female
-2.1150777339935303,-11.126683235168457,9,0,462,1,male
-2.570827007293701,-12.367950439453125,9,1,462,1,male
-3.017639636993408,-11.995879173278809,9,2,462,1,male
-3.262166738510132,-11.383857727050781,9,3,462,1,male
-3.112454891204834,-9.796358108520508,9,4,462,1,male
-3.4261457920074463,-7.678463935852051,9,5,462,1,male
-3.5324039459228516,-3.4570975303649902,9,6,462,1,male
0.2685001492500305,2.804638624191284,9,7,462,1,male
3.345099449157715,5.881555080413818,9,8,462,1,male
67.15070343017578,-12.23933219909668,9,9,462,1,male
0.14789502322673798,-11.917739868164062,9,0,463,9,male
0.8727060556411743,-13.349385261535645,9,1,463,9,male
0.993999183177948,-13.003369331359863,9,2,463,9,male
0.47088661789894104,-11.844863891601562,9,3,463,9,male
-0.14110207557678223,-10.332240104675293,9,4,463,9,male
-1.8488987684249878,-8.513688087463379,9,5,463,9,male
-2.403848886489868,-6.159903049468994,9,6,463,9,male
-1.5690181255340576,-1.3428077697753906,9,7,463,9,male
2.008429765701294,3.3042092323303223,9,8,463,9,male
4.66888952255249,6.052894115447998,9,9,463,9,male
-5.6631293296813965,-12.257308006286621,9,0,464,11,female
-5.754567623138428,-12.933258056640625,9,1,464,11,female
-5.726335525512695,-12.5924072265625,9,2,464,11,female
-6.007615566253662,-11.6892671585083,9,3,464,11,female
-6.15065860748291,-10.914031028747559,9,4,464,11,female
-6.3337249755859375,-8.952463150024414,9,5,464,11,female
-6.232938289642334,-6.763782024383545,9,6,464,11,female
-5.063788890838623,-2.720939874649048,9,7,464,11,female
0.29890525341033936,4.511221885681152,9,8,464,11,female
3.734297513961792,7.052313327789307,9,9,464,11,female
-6.045344829559326,-12.467121124267578,9,0,465,11,female
-6.114339351654053,-13.056594848632812,9,1,465,11,female
-6.063162803649902,-12.396209716796875,9,2,465,11,female
-6.159565448760986,-10.650850296020508,9,3,465,11,female
-6.191503047943115,-7.924191951751709,9,4,465,11,female
-5.917200088500977,-4.814427375793457,9,5,465,11,female
-1.7189598083496094,2.927372694015503,9,6,465,11,female
1.8165628910064697,6.151648044586182,9,7,465,11,female
4.539912223815918,7.514001846313477,9,8,465,11,female
66.71308898925781,-12.683653831481934,9,9,465,11,female
-8.710859298706055,-9.319382667541504,9,0,466,2,female
-9.167753219604492,-8.968194961547852,9,1,466,2,female
-8.877482414245605,-8.238990783691406,9,2,466,2,female
-7.535989761352539,-8.713363647460938,9,3,466,2,female
-6.639177322387695,-8.65323543548584,9,4,466,2,female
-6.15399169921875,-8.536273002624512,9,5,466,2,female
-5.949497222900391,-7.522581577301025,9,6,466,2,female
-5.733885288238525,-6.352168560028076,9,7,466,2,female
-4.596440315246582,-2.3630144596099854,9,8,466,2,female
0.3647572100162506,3.9894535541534424,9,9,466,2,female
-8.830244064331055,-9.027684211730957,9,0,467,2,female
-9.460165977478027,-9.170056343078613,9,1,467,2,female
-9.284346580505371,-8.037918090820312,9,2,467,2,female
-8.822669982910156,-7.632237434387207,9,3,467,2,female
-7.204361438751221,-8.550016403198242,9,4,467,2,female
-6.405050277709961,-8.380271911621094,9,5,467,2,female
-5.918680191040039,-7.368940353393555,9,6,467,2,female
-5.371964454650879,-5.188857078552246,9,7,467,2,female
-1.2384698390960693,1.9535731077194214,9,8,467,2,female
1.5287718772888184,4.837111949920654,9,9,467,2,female
-0.20408260822296143,-10.245944023132324,9,0,468,8,male
0.8291105628013611,-12.4472017288208,9,1,468,8,male
0.7718229293823242,-12.460785865783691,9,2,468,8,male
0.12902358174324036,-10.744675636291504,9,3,468,8,male
-1.5781346559524536,-9.297039031982422,9,4,468,8,male
-2.1769776344299316,-7.035236358642578,9,5,468,8,male
-2.3646080493927,-3.1434905529022217,9,6,468,8,male
0.8532578349113464,2.25498104095459,9,7,468,8,male
3.9750261306762695,5.5982279777526855,9,8,468,8,male
67.04918670654297,-12.711709022521973,9,9,468,8,male
-7.313412189483643,-11.805174827575684,9,0,469,10,female
-7.006645679473877,-12.388450622558594,9,1,469,10,female
-6.814238548278809,-12.065958976745605,9,2,469,10,female
-6.328699111938477,-11.282861709594727,9,3,469,10,female
-6.146114349365234,-9.923882484436035,9,4,469,10,female
-5.988327980041504,-7.362754821777344,9,5,469,10,female
-5.229772090911865,-3.837796926498413,9,6,469,10,female
-0.20311854779720306,3.514247179031372,9,7,469,10,female
3.3841702938079834,6.367574691772461,9,8,469,10,female
66.75714874267578,-13.139957427978516,9,9,469,10,female
-9.255849838256836,-9.472209930419922,9,0,470,2,female
-9.688568115234375,-9.587592124938965,9,1,470,2,female
-9.356428146362305,-8.33006763458252,9,2,470,2,female
-8.795053482055664,-7.902841091156006,9,3,470,2,female
-6.9409284591674805,-8.579829216003418,9,4,470,2,female
-6.1763596534729,-8.579318046569824,9,5,470,2,female
-5.9042067527771,-7.41891622543335,9,6,470,2,female
-5.143483638763428,-5.220968723297119,9,7,470,2,female
-2.3675649166107178,-0.6229457855224609,9,8,470,2,female
1.5903929471969604,3.874868869781494,9,9,470,2,female
-5.951483726501465,-12.321600914001465,9,0,471,11,female
-5.970693588256836,-12.878044128417969,9,1,471,11,female
-5.810667991638184,-12.362924575805664,9,2,471,11,female
-6.069896697998047,-11.36298656463623,9,3,471,11,female
-6.271223068237305,-10.740705490112305,9,4,471,11,female
-6.598470687866211,-8.899876594543457,9,5,471,11,female
-6.291672229766846,-6.829559326171875,9,6,471,11,female
-5.100403308868408,-2.9709928035736084,9,7,471,11,female
0.12884163856506348,4.146271228790283,9,8,471,11,female
3.532818078994751,6.818924903869629,9,9,471,11,female
0.008244365453720093,-10.430198669433594,9,0,472,8,male
0.6878523230552673,-12.422039031982422,9,1,472,8,male
0.6096792817115784,-12.24227523803711,9,2,472,8,male
0.03174207732081413,-10.401799201965332,9,3,472,8,male
-1.8517099618911743,-8.69623851776123,9,4,472,8,male
-2.3552591800689697,-6.204568862915039,9,5,472,8,male
-1.6119487285614014,-1.45486319065094,9,6,472,8,male
1.9648845195770264,3.3160810470581055,9,7,472,8,male
4.512961387634277,6.084556579589844,9,8,472,8,male
66.37055206298828,-13.378785133361816,9,9,472,8,male
-5.658593654632568,-12.299930572509766,9,0,473,11,female
-5.894338607788086,-12.944601058959961,9,1,473,11,female
-5.680562496185303,-12.732888221740723,9,2,473,11,female
-5.804520130157471,-12.096528053283691,9,3,473,11,female
-6.150991439819336,-11.225117683410645,9,4,473,11,female
-6.44851541519165,-9.232154846191406,9,5,473,11,female
-6.300534248352051,-6.952593803405762,9,6,473,11,female
-5.209240436553955,-3.1252496242523193,9,7,473,11,female
-0.13412761688232422,3.9742631912231445,9,8,473,11,female
3.4594504833221436,6.837296485900879,9,9,473,11,female
-1.9983354806900024,-11.094327926635742,9,0,474,1,male
-1.9156793355941772,-12.824851036071777,9,1,474,1,male
-2.8448917865753174,-12.114283561706543,9,2,474,1,male
-3.001363754272461,-11.54300594329834,9,3,474,1,male
-3.1606690883636475,-10.439055442810059,9,4,474,1,male
-3.124089002609253,-8.575221061706543,9,5,474,1,male
-4.055662631988525,-6.033219814300537,9,6,474,1,male
-2.0331575870513916,-0.326473593711853,9,7,474,1,male
2.0815560817718506,4.345190525054932,9,8,474,1,male
4.659607887268066,6.482649326324463,9,9,474,1,male
0.2695109248161316,-11.091776847839355,9,0,475,7,male
0.904659628868103,-12.933481216430664,9,1,475,7,male
0.962928295135498,-13.07407283782959,9,2,475,7,male
0.7773197293281555,-12.914525032043457,9,3,475,7,male
-0.27205270528793335,-12.283881187438965,9,4,475,7,male
-1.5565069913864136,-10.552233695983887,9,5,475,7,male
-2.810824155807495,-8.453662872314453,9,6,475,7,male
-3.842697858810425,-6.050102233886719,9,7,475,7,male
-2.042415142059326,-0.37271690368652344,9,8,475,7,male
1.9648654460906982,4.27991247177124,9,9,475,7,male
-5.817258358001709,-12.151225090026855,9,0,476,11,female
-5.784300804138184,-12.715901374816895,9,1,476,11,female
-5.666399002075195,-12.335723876953125,9,2,476,11,female
-5.942142963409424,-11.779897689819336,9,3,476,11,female
-6.212372303009033,-10.871341705322266,9,4,476,11,female
-6.609073162078857,-8.89484691619873,9,5,476,11,female
-6.480254173278809,-6.827785491943359,9,6,476,11,female
-5.1737589836120605,-3.0343308448791504,9,7,476,11,female
-0.008078936487436295,4.000604629516602,9,8,476,11,female
3.4493513107299805,6.6869964599609375,9,9,476,11,female
0.24676154553890228,-11.073019981384277,9,0,477,7,male
0.8538228273391724,-12.905372619628906,9,1,477,7,male
1.0162009000778198,-12.966262817382812,9,2,477,7,male
0.6710132956504822,-12.58887004852295,9,3,477,7,male
-0.7897347807884216,-11.508766174316406,9,4,477,7,male
-1.7417025566101074,-9.892552375793457,9,5,477,7,male
-2.612635612487793,-7.518664360046387,9,6,477,7,male
-2.9458630084991455,-4.188571453094482,9,7,477,7,male
0.03277422860264778,1.7378352880477905,9,8,477,7,male
3.0934464931488037,5.068628311157227,9,9,477,7,male
-3.1871023178100586,-10.518172264099121,9,0,478,0,male
-4.364180088043213,-11.286673545837402,9,1,478,0,male
-4.552491188049316,-10.784770011901855,9,2,478,0,male
-5.072625637054443,-10.158940315246582,9,3,478,0,male
-6.6387810707092285,-9.495190620422363,9,4,478,0,male
-7.30930757522583,-8.461307525634766,9,5,478,0,male
-7.305680274963379,-6.419077396392822,9,6,478,0,male
-6.011818885803223,-3.2290256023406982,9,7,478,0,male
-0.8699947595596313,3.889894485473633,9,8,478,0,male
2.4705841541290283,6.4918437004089355,9,9,478,0,male
-7.315640449523926,-10.887038230895996,9,0,479,6,female
-7.519449710845947,-11.254581451416016,9,1,479,6,female
-7.143913269042969,-10.895334243774414,9,2,479,6,female
-6.2325825691223145,-10.331696510314941,9,3,479,6,female
-6.147415637969971,-9.817034721374512,9,4,479,6,female
-5.941173553466797,-7.625967979431152,9,5,479,6,female
-5.308424472808838,-5.147062301635742,9,6,479,6,female
-1.082534909248352,2.112631320953369,9,7,479,6,female
2.007436990737915,5.062580585479736,9,8,479,6,female
4.605565071105957,6.824337959289551,9,9,479,6,female
-5.716099739074707,-12.50505256652832,9,0,480,11,female
-5.836498737335205,-12.908797264099121,9,1,480,11,female
-5.724871635437012,-12.462153434753418,9,2,480,11,female
-5.920083522796631,-11.778255462646484,9,3,480,11,female
-6.137957572937012,-10.327665328979492,9,4,480,11,female
-6.118915557861328,-7.7450079917907715,9,5,480,11,female
-5.390894412994385,-4.638796329498291,9,6,480,11,female
-0.5830099582672119,3.2111475467681885,9,7,480,11,female
3.17641544342041,6.7732439041137695,9,8,480,11,female
66.45445251464844,-11.99563980102539,9,9,480,11,female
-2.036952257156372,-11.338278770446777,9,0,481,1,male
-2.3524482250213623,-12.563891410827637,9,1,481,1,male
-2.8907711505889893,-12.02973747253418,9,2,481,1,male
-2.8958852291107178,-11.511323928833008,9,3,481,1,male
-3.054885149002075,-10.304023742675781,9,4,481,1,male
-3.1118907928466797,-8.6294527053833,9,5,481,1,male
-3.9155726432800293,-6.16105318069458,9,6,481,1,male
-2.2001819610595703,-0.5797300338745117,9,7,481,1,male
1.8151663541793823,4.076725482940674,9,8,481,1,male
4.645643711090088,6.480180263519287,9,9,481,1,male
-0.11027361452579498,-12.018308639526367,9,0,482,9,male
0.6853711605072021,-13.300697326660156,9,1,482,9,male
0.8237767815589905,-13.33865737915039,9,2,482,9,male
0.6108144521713257,-12.335179328918457,9,3,482,9,male
0.04063070937991142,-10.511554718017578,9,4,482,9,male
-1.8398371934890747,-8.625713348388672,9,5,482,9,male
-2.1333110332489014,-6.65767765045166,9,6,482,9,male
-1.8980512619018555,-2.0571866035461426,9,7,482,9,male
1.4883545637130737,2.7681775093078613,9,8,482,9,male
4.238970756530762,5.861627101898193,9,9,482,9,male
-3.3186442852020264,-10.360870361328125,9,0,483,0,male
-4.205054759979248,-11.140009880065918,9,1,483,0,male
-4.666726112365723,-10.6357421875,9,2,483,0,male
-5.711197853088379,-9.861762046813965,9,3,483,0,male
-6.768906593322754,-8.728009223937988,9,4,483,0,male
-6.687131881713867,-7.121495723724365,9,5,483,0,male
-6.287654399871826,-4.152871131896973,9,6,483,0,male
-1.645096778869629,3.0946784019470215,9,7,483,0,male
1.794702410697937,6.138859748840332,9,8,483,0,male
4.549726963043213,7.445832252502441,9,9,483,0,male
-2.306460380554199,-10.784736633300781,9,0,484,1,male
-2.730053186416626,-11.849361419677734,9,1,484,1,male
-3.0657565593719482,-11.813098907470703,9,2,484,1,male
-3.4001457691192627,-11.330130577087402,9,3,484,1,male
-3.2247860431671143,-10.210441589355469,9,4,484,1,male
-3.130553960800171,-8.469325065612793,9,5,484,1,male
-3.8765902519226074,-6.228724002838135,9,6,484,1,male
-2.4242165088653564,-0.951280951499939,9,7,484,1,male
1.4588408470153809,3.753478527069092,9,8,484,1,male
4.21738338470459,6.261211395263672,9,9,484,1,male
-9.106709480285645,-9.173717498779297,9,0,485,2,female
-9.510856628417969,-9.276674270629883,9,1,485,2,female
-9.272067070007324,-8.20134162902832,9,2,485,2,female
-8.744440078735352,-7.702483177185059,9,3,485,2,female
-6.902855396270752,-8.473325729370117,9,4,485,2,female
-6.1437249183654785,-7.996612071990967,9,5,485,2,female
-5.978348255157471,-6.919077396392822,9,6,485,2,female
-5.226902008056641,-4.760451316833496,9,7,485,2,female
-0.9956410527229309,2.165407657623291,9,8,485,2,female
2.0874147415161133,5.0433502197265625,9,9,485,2,female
-2.495360851287842,-11.437429428100586,9,0,486,1,male
-2.8084137439727783,-12.072702407836914,9,1,486,1,male
-2.9362411499023438,-11.758209228515625,9,2,486,1,male
-2.9434285163879395,-10.507506370544434,9,3,486,1,male
-2.9974541664123535,-8.679594993591309,9,4,486,1,male
-3.88850474357605,-6.363874912261963,9,5,486,1,male
-2.4188120365142822,-0.9286445379257202,9,6,486,1,male
1.5075771808624268,3.811281204223633,9,7,486,1,male
4.366588592529297,6.416884899139404,9,8,486,1,male
66.70240783691406,-12.36185073852539,9,9,486,1,male
-6.198868751525879,-12.449402809143066,9,0,487,11,female
-6.010167121887207,-12.971245765686035,9,1,487,11,female
-5.860264301300049,-11.994820594787598,9,2,487,11,female
-5.909232139587402,-8.944355010986328,9,3,487,11,female
-5.232219696044922,-5.7291741371154785,9,4,487,11,female
-4.482975006103516,-1.2588703632354736,9,5,487,11,female
1.506131649017334,5.458365440368652,9,6,487,11,female
4.782729625701904,7.018983364105225,9,7,487,11,female
67.51811981201172,-12.63941764831543,9,8,487,11,female
66.76780700683594,-13.215646743774414,9,9,487,11,female
-4.743992805480957,-11.2145414352417,9,0,488,3,female
-4.502377033233643,-11.150665283203125,9,1,488,3,female
-3.327317714691162,-10.605507850646973,9,2,488,3,female
-2.9207870960235596,-9.988116264343262,9,3,488,3,female
-3.071298837661743,-8.847249031066895,9,4,488,3,female
-3.5260682106018066,-6.949505805969238,9,5,488,3,female
-2.688627004623413,-1.9316904544830322,9,6,488,3,female
0.744665265083313,2.92399525642395,9,7,488,3,female
3.647883176803589,5.788787364959717,9,8,488,3,female
66.90626525878906,-12.539684295654297,9,9,488,3,female
-3.047905206680298,-10.359430313110352,9,0,489,0,male
-3.6479151248931885,-11.271679878234863,9,1,489,0,male
-4.388608455657959,-10.838265419006348,9,2,489,0,male
-4.598793983459473,-10.394728660583496,9,3,489,0,male
-5.800747394561768,-9.54771614074707,9,4,489,0,male
-6.623714923858643,-8.891401290893555,9,5,489,0,male
-6.820012092590332,-7.380614757537842,9,6,489,0,male
-6.416578769683838,-4.42015266418457,9,7,489,0,male
-1.7554203271865845,2.900754451751709,9,8,489,0,male
1.6721076965332031,6.066739082336426,9,9,489,0,male
-7.156609058380127,-10.675925254821777,9,0,490,6,female
-7.266556739807129,-10.781500816345215,9,1,490,6,female
-6.88755989074707,-10.568706512451172,9,2,490,6,female
-6.202098846435547,-10.098164558410645,9,3,490,6,female
-6.15971565246582,-8.966123580932617,9,4,490,6,female
-6.001401424407959,-7.2683491706848145,9,5,490,6,female
-5.308948993682861,-4.652924060821533,9,6,490,6,female
-0.6922352910041809,2.5662810802459717,9,7,490,6,female
2.5705206394195557,5.392621994018555,9,8,490,6,female
4.8701395988464355,6.903628349304199,9,9,490,6,female
0.3294315040111542,-11.408039093017578,9,0,491,7,male
1.1897330284118652,-12.839935302734375,9,1,491,7,male
1.1196188926696777,-12.673395156860352,9,2,491,7,male
0.3093161880970001,-11.241374015808105,9,3,491,7,male
-0.23805393278598785,-10.33703899383545,9,4,491,7,male
-1.9501858949661255,-9.099220275878906,9,5,491,7,male
-2.5734262466430664,-7.018049240112305,9,6,491,7,male
-2.4010589122772217,-2.5182483196258545,9,7,491,7,male
1.0162322521209717,2.749246120452881,9,8,491,7,male
3.920489549636841,5.751492977142334,9,9,491,7,male
-7.178438663482666,-10.885832786560059,9,0,492,6,female
-7.273591041564941,-11.063573837280273,9,1,492,6,female
-6.634249210357666,-10.834192276000977,9,2,492,6,female
-6.176520824432373,-10.33541488647461,9,3,492,6,female
-6.1070075035095215,-8.853004455566406,9,4,492,6,female
-6.019979000091553,-6.792669773101807,9,5,492,6,female
-4.884504795074463,-2.9487223625183105,9,6,492,6,female
0.3501173257827759,4.005063533782959,9,7,492,6,female
3.7538323402404785,6.594341278076172,9,8,492,6,female
67.65522766113281,-13.44894027709961,9,9,492,6,female
-4.814164638519287,-10.78067398071289,9,0,493,3,female
-4.600356101989746,-11.143198013305664,9,1,493,3,female
-3.493664026260376,-10.60227108001709,9,2,493,3,female
-2.938830614089966,-9.567863464355469,9,3,493,3,female
-3.422267198562622,-7.77927827835083,9,4,493,3,female
-3.627331018447876,-3.743669271469116,9,5,493,3,female
0.18109452724456787,2.715040445327759,9,6,493,3,female
3.4069230556488037,5.815554618835449,9,7,493,3,female
66.37303161621094,-12.668253898620605,9,8,493,3,female
66.89024353027344,-13.769290924072266,9,9,493,3,female
-0.15601050853729248,-11.895245552062988,9,0,494,9,male
0.5630180239677429,-13.33850383758545,9,1,494,9,male
0.8923352360725403,-13.315704345703125,9,2,494,9,male
0.5742612481117249,-12.414642333984375,9,3,494,9,male
0.02394300140440464,-10.509571075439453,9,4,494,9,male
-1.879143476486206,-8.497048377990723,9,5,494,9,male
-2.564638376235962,-5.9765400886535645,9,6,494,9,male
-1.3706737756729126,-0.9017988443374634,9,7,494,9,male
2.2633938789367676,3.7725677490234375,9,8,494,9,male
4.768972873687744,6.250442981719971,9,9,494,9,male
0.28598830103874207,-11.618288040161133,9,0,495,7,male
1.0652718544006348,-13.06834888458252,9,1,495,7,male
1.1515823602676392,-12.777621269226074,9,2,495,7,male
0.4131043553352356,-11.549568176269531,9,3,495,7,male
0.08716323971748352,-10.578822135925293,9,4,495,7,male
-0.8593584895133972,-10.06395435333252,9,5,495,7,male
-1.9822765588760376,-8.459692001342773,9,6,495,7,male
-2.5151524543762207,-5.993197917938232,9,7,495,7,male
-1.3570090532302856,-0.658531129360199,9,8,495,7,male
2.3588900566101074,3.9797894954681396,9,9,495,7,male
-0.6170156002044678,-11.881535530090332,9,0,496,9,male
-0.7232052683830261,-13.45602798461914,9,1,496,9,male
0.5870095491409302,-13.391239166259766,9,2,496,9,male
0.4781532883644104,-12.206812858581543,9,3,496,9,male
-0.023640550673007965,-10.375957489013672,9,4,496,9,male
-1.900670051574707,-8.446170806884766,9,5,496,9,male
-2.5828592777252197,-5.906398773193359,9,6,496,9,male
-1.3292888402938843,-0.6765860319137573,9,7,496,9,male
2.418633460998535,4.041285514831543,9,8,496,9,male
4.795086860656738,6.624862194061279,9,9,496,9,male
-9.043947219848633,-9.501033782958984,9,0,497,2,female
-9.73610782623291,-10.086026191711426,9,1,497,2,female
-9.429420471191406,-8.669217109680176,9,2,497,2,female
-8.979061126708984,-8.122925758361816,9,3,497,2,female
-7.356631755828857,-8.861233711242676,9,4,497,2,female
-6.390798091888428,-8.864625930786133,9,5,497,2,female
-6.134304046630859,-8.555253982543945,9,6,497,2,female
-5.923555374145508,-7.042957782745361,9,7,497,2,female
-5.239008903503418,-4.696674346923828,9,8,497,2,female
-0.8111817836761475,2.3281633853912354,9,9,497,2,female
-7.36627197265625,-11.738676071166992,9,0,498,10,female
-7.041270732879639,-12.42518138885498,9,1,498,10,female
-6.92864465713501,-12.200847625732422,9,2,498,10,female
-6.4740424156188965,-11.563081741333008,9,3,498,10,female
-6.068666934967041,-10.2322359085083,9,4,498,10,female
-6.047192573547363,-7.639376640319824,9,5,498,10,female
-5.365229606628418,-4.403200626373291,9,6,498,10,female
-0.481696754693985,3.290550470352173,9,7,498,10,female
3.1188411712646484,6.497729778289795,9,8,498,10,female
67.52706909179688,-13.233211517333984,9,9,498,10,female
-3.2222626209259033,-10.536971092224121,9,0,499,0,male
-4.046932220458984,-11.293663024902344,9,1,499,0,male
-4.483268737792969,-10.849617004394531,9,2,499,0,male
-4.94699239730835,-10.39984130859375,9,3,499,0,male
-6.655270099639893,-10.101707458496094,9,4,499,0,male
-7.073973178863525,-8.80482292175293,9,5,499,0,male
-7.108755588531494,-7.192058563232422,9,6,499,0,male
-6.296579360961914,-4.1002936363220215,9,7,499,0,male
-1.3784000873565674,3.289607048034668,9,8,499,0,male
1.9140349626541138,6.142122745513916,9,9,499,0,male
